"publication_id","ai_subfield"
"W2907492528","computer vision"
"W2907492528","graph neural networks"
"W2970971581","General AI"
"W2954996726","computer vision"
"W2914721378","graph neural networks"
"W2965857891","graph neural networks"
"W3177828909","General AI"
"W3080253043","graph neural networks"
"W2899457523","graph neural networks"
"W2936503027","General AI"
"W2912213068","federated learning"
"W3096561213","graph neural networks"
"W3169450514","graph neural networks"
"W1710476689","generative ai"
"W1710476689","reinforcement learning"
"W2948246283","graph neural networks"
"W4225405705","graph neural networks"
"W2751318774","General AI"
"W2912361013","computer vision"
"W3034552520","computer vision"
"W3034552520","transformer architecture"
"W2998496395","graph neural networks"
"W3024961463","graph neural networks"
"W2958089299","explainable ai"
"W2958089299","natural language processing"
"W4315977496","graph neural networks"
"W3116637551","graph neural networks"
"W3186179742","General AI"
"W2980576170","General AI"
"W4288039037","General AI"
"W2919358988","General AI"
"W2963849010","General AI"
"W3081203761","graph neural networks"
"W3079760979","General AI"
"W2981207549","reinforcement learning"
"W3174022889","graph neural networks"
"W4382987554","General AI"
"W3096831136","generative ai"
"W2912636151","graph neural networks"
"W2943605315","graph neural networks"
"W3039448353","computer vision"
"W4205539948","General AI"
"W2970119293","explainable ai"
"W2970119293","graph neural networks"
"W3022643593","General AI"
"W2910096450","General AI"
"W2963911286","graph neural networks"
"W2950865323","General AI"
"W4366988472","General AI"
"W2942231644","General AI"
"W2988916019","computer vision"
"W2923537029","General AI"
"W3100777112","computer vision"
"W3012562343","graph neural networks"
"W2926701059","General AI"
"W2955338161","General AI"
"W3043426275","General AI"
"W3178835722","graph neural networks"
"W2992584342","General AI"
"W3122391591","General AI"
"W3035739162","graph neural networks"
"W3011667710","natural language processing"
"W2962883549","General AI"
"W3138479716","generative ai"
"W3138479716","graph neural networks"
"W3093410479","General AI"
"W3011742849","General AI"
"W2968923792","General AI"
"W3188579603","graph neural networks"
"W4282940054","General AI"
"W2942454403","computer vision"
"W2942454403","neural architecture search"
"W2566079294","General AI"
"W2765424254","General AI"
"W3034560014","General AI"
"W3172365935","General AI"
"W2950697450","graph neural networks"
"W2963178695","General AI"
"W2954503794","explainable ai"
"W2973119841","General AI"
"W3040266635","General AI"
"W3182546273","General AI"
"W4312092243","General AI"
"W3034329572","graph neural networks"
"W3105081694","computer vision"
"W2910705748","explainable ai"
"W3023371261","computer vision"
"W3001768830","General AI"
"W4290876096","computer vision"
"W4290876096","graph neural networks"
"W3156313549","General AI"
"W2969996838","generative ai"
"W2969996838","graph neural networks"
"W3177781640","General AI"
"W2964971928","graph neural networks"
"W4388936714","graph neural networks"
"W3036016037","graph neural networks"
"W3036016037","natural language processing"
"W2967663220","General AI"
"W3045164669","graph neural networks"
"W3176923149","natural language processing"
"W2942858056","General AI"
"W4212835176","graph neural networks"
"W3035733952","graph neural networks"
"W2964303497","General AI"
"W4210725851","General AI"
"W3024560045","graph neural networks"
"W3024560045","neural architecture search"
"W3094793347","General AI"
"W3111499798","graph neural networks"
"W3011149445","General AI"
"W2892880750","graph neural networks"
"W3013998503","generative ai"
"W3035035250","General AI"
"W2996451395","graph neural networks"
"W3201870057","General AI"
"W2964231206","General AI"
"W3013529009","computer vision"
"W2930926105","federated learning"
"W3124474911","explainable ai"
"W3124474911","graph neural networks"
"W3033928040","General AI"
"W2963518130","General AI"
"W2935726879","computer vision"
"W2935726879","graph neural networks"
"W4247155454","generative ai"
"W3000120900","computer vision"
"W3000120900","explainable ai"
"W3005335661","General AI"
"W2942091739","General AI"
"W2951626319","graph neural networks"
"W4285076853","generative ai"
"W4285076853","graph neural networks"
"W3190794503","graph neural networks"
"W3008967825","General AI"
"W3172710079","graph neural networks"
"W2997261254","graph neural networks"
"W3109365969","General AI"
"W2979417040","General AI"
"W2971598376","computer vision"
"W2971598376","graph neural networks"
"W2949767632","General AI"
"W3014339000","graph neural networks"
"W3037032032","General AI"
"W3175971420","graph neural networks"
"W2930003055","General AI"
"W3132653939","General AI"
"W3035545045","graph neural networks"
"W3084223432","General AI"
"W3015616869","graph neural networks"
"W4311273571","General AI"
"W4312703862","graph neural networks"
"W3011403448","explainable ai"
"W3137125108","explainable ai"
"W3090999459","graph neural networks"
"W3014596384","General AI"
"W2995098893","General AI"
"W2978195003","General AI"
"W3155966371","natural language processing"
"W2971544482","General AI"
"W2962814013","General AI"
"W3012561096","General AI"
"W3097904695","General AI"
"W3101981467","General AI"
"W3167334189","graph neural networks"
"W3132280960","computer vision"
"W3127167602","computer vision"
"W3188522200","graph neural networks"
"W3203908308","graph neural networks"
"W3203908308","transformer architecture"
"W3108823960","explainable ai"
"W3108823960","graph neural networks"
"W3134509497","graph neural networks"
"W2944599236","computer vision"
"W3048630347","General AI"
"W4385878593","natural language processing"
"W4385878593","transformer architecture"
"W2987391422","graph neural networks"
"W2987391422","transformer architecture"
"W3004493409","General AI"
"W2936573766","computer vision"
"W2936573766","natural language processing"
"W2943959761","graph neural networks"
"W3212941463","General AI"
"W2963415211","graph neural networks"
"W3181472047","General AI"
"W3011594683","generative ai"
"W3011594683","natural language processing"
"W2995942064","computer vision"
"W2940726923","General AI"
"W3130631955","computer vision"
"W3130631955","graph neural networks"
"W4313678819","natural language processing"
"W4313678819","transformer architecture"
"W4401567681","graph neural networks"
"W3202428668","General AI"
"W3080292067","graph neural networks"
"W3208773001","graph neural networks"
"W3093800735","graph neural networks"
"W3033892090","graph neural networks"
"W4382202833","graph neural networks"
"W4382202833","transformer architecture"
"W3042856524","graph neural networks"
"W4285024875","graph neural networks"
"W4285024875","reinforcement learning"
"W3004368638","General AI"
"W3093821457","generative ai"
"W4323314209","graph neural networks"
"W2991507433","General AI"
"W2908162093","General AI"
"W2931364255","General AI"
"W2972418846","General AI"
"W3207452968","computer vision"
"W3207452968","graph neural networks"
"W2996604169","graph neural networks"
"W2990621239","General AI"
"W2977373448","General AI"
"W2905604475","General AI"
"W4303426745","graph neural networks"
"W3035011799","graph neural networks"
"W3035568641","graph neural networks"
"W3035568641","natural language processing"
"W3193062375","graph neural networks"
"W2963555845","graph neural networks"
"W4281686206","federated learning"
"W4281686206","graph neural networks"
"W2988055229","General AI"
"W4386047745","General AI"
"W3047863327","General AI"
"W3042609801","General AI"
"W2947134462","General AI"
"W2792946961","natural language processing"
"W2792946961","quantum ml"
"W3044960932","computer vision"
"W3044960932","generative ai"
"W2997461192","graph neural networks"
"W3021402147","graph neural networks"
"W2945526235","General AI"
"W2920166258","General AI"
"W3008626511","General AI"
"W3035664258","graph neural networks"
"W2947735999","General AI"
"W2969912247","General AI"
"W4386740800","General AI"
"W2919193235","General AI"
"W4226492624","General AI"
"W2954932437","General AI"
"W2949924544","General AI"
"W3022945404","graph neural networks"
"W2980472839","graph neural networks"
"W3105774298","graph neural networks"
"W2912412749","General AI"
"W4328008037","graph neural networks"
"W3199263016","generative ai"
"W4283315029","graph neural networks"
"W3094550259","computer vision"
"W3094550259","natural language processing"
"W4395669330","General AI"
"W3048631361","General AI"
"W4394857110","General AI"
"W2962843949","explainable ai"
"W3006087551","computer vision"
"W4320733708","General AI"
"W3117178429","graph neural networks"
"W4309908854","General AI"
"W3155886566","graph neural networks"
"W2898302581","General AI"
"W4383218913","General AI"
"W3088611441","General AI"
"W3088578860","graph neural networks"
"W3081261125","General AI"
"W4400988476","General AI"
"W4312090823","General AI"
"W4384154918","natural language processing"
"W4384154918","transformer architecture"
"W4205995027","General AI"
"W2970183009","graph neural networks"
"W2970183009","natural language processing"
"W2923418412","General AI"
"W3045213745","graph neural networks"
"W3048731797","General AI"
"W3098316772","General AI"
"W3006436762","General AI"
"W3036851434","natural language processing"
"W4296032638","General AI"
"W3116239416","graph neural networks"
"W3035431334","graph neural networks"
"W2984844508","General AI"
"W3154435685","General AI"
"W3183572711","graph neural networks"
"W3217748719","General AI"
"W3082436677","graph neural networks"
"W2978927732","graph neural networks"
"W3126138172","graph neural networks"
"W3174686248","graph neural networks"
"W3137147200","General AI"
"W3160381762","graph neural networks"
"W4387379065","generative ai"
"W4378619666","General AI"
"W2970726356","graph neural networks"
"W3217045679","graph neural networks"
"W1698155719","General AI"
"W2914836620","computer vision"
"W2914836620","generative ai"
"W2996510345","General AI"
"W2934843808","explainable ai"
"W2981679558","General AI"
"W3127690492","graph neural networks"
"W3098546160","General AI"
"W2949095042","General AI"
"W3173955760","graph neural networks"
"W3214371729","General AI"
"W3047109430","General AI"
"W3120227884","graph neural networks"
"W3095521706","graph neural networks"
"W3133909080","General AI"
"W4205091644","graph neural networks"
"W2912185124","General AI"
"W3013160799","General AI"
"W3014372673","General AI"
"W3092026988","General AI"
"W3009563704","General AI"
"W2921613140","General AI"
"W3089252064","General AI"
"W4367310920","natural language processing"
"W4367310920","transformer architecture"
"W3020687048","General AI"
"W3082076610","General AI"
"W4311361333","computer vision"
"W4285818445","graph neural networks"
"W2924911266","computer vision"
"W3109834426","General AI"
"W4214598159","computer vision"
"W4214598159","graph neural networks"
"W2996899616","graph neural networks"
"W2993491036","General AI"
"W3022140654","General AI"
"W3047434002","General AI"
"W2902480423","computer vision"
"W4210253752","General AI"
"W3128766876","graph neural networks"
"W3128766876","reinforcement learning"
"W2977368063","General AI"
"W3167575787","generative ai"
"W3167575787","graph neural networks"
"W2963020121","computer vision"
"W3164846705","explainable ai"
"W4401785934","General AI"
"W2995983896","graph neural networks"
"W3048967681","graph neural networks"
"W3019464069","General AI"
"W3086579950","General AI"
"W2919491917","computer vision"
"W2919491917","natural language processing"
"W3176707157","General AI"
"W2929803724","generative ai"
"W2967357336","computer vision"
"W3091862797","graph neural networks"
"W2809216727","computer vision"
"W2809216727","explainable ai"
"W3074741277","General AI"
"W3182763642","graph neural networks"
"W3090363550","General AI"
"W3090789587","computer vision"
"W3090789587","graph neural networks"
"W3020975691","General AI"
"W3036458852","General AI"
"W2970323499","graph neural networks"
"W2970323499","natural language processing"
"W3109340983","General AI"
"W3128384299","General AI"
"W3198628780","graph neural networks"
"W3038342492","graph neural networks"
"W4366091323","neural architecture search"
"W3107324520","General AI"
"W4367173722","General AI"
"W3211830369","graph neural networks"
"W3121831259","General AI"
"W3184858604","General AI"
"W3176181793","graph neural networks"
"W2945594226","General AI"
"W4307847583","graph neural networks"
"W2982441053","computer vision"
"W2982441053","natural language processing"
"W3036985664","General AI"
"W2916238263","computer vision"
"W3113873473","General AI"
"W2966555834","General AI"
"W2945146780","General AI"
"W3017229010","General AI"
"W3001275383","General AI"
"W2953773016","General AI"
"W3124957586","generative ai"
"W4224990248","General AI"
"W2922234936","generative ai"
"W2922234936","natural language processing"
"W3148181069","General AI"
"W4389132751","generative ai"
"W3207200417","General AI"
"W3093718041","General AI"
"W2996806689","General AI"
"W2968734407","graph neural networks"
"W2968734407","transformer architecture"
"W3092363736","General AI"
"W4211154867","General AI"
"W2964194231","General AI"
"W4223962547","computer vision"
"W4224048112","General AI"
"W3089258356","graph neural networks"
"W3003795821","graph neural networks"
"W4206693420","General AI"
"W4221150253","computer vision"
"W4221150253","graph neural networks"
"W3030878622","General AI"
"W3041968715","General AI"
"W2977973695","graph neural networks"
"W4283077289","explainable ai"
"W4307486628","General AI"
"W3156940584","graph neural networks"
"W3179240416","General AI"
"W3025370095","General AI"
"W3001481174","General AI"
"W4200312990","graph neural networks"
"W2980013009","graph neural networks"
"W2990346675","General AI"
"W3217103056","graph neural networks"
"W2977797911","federated learning"
"W4312281374","graph neural networks"
"W2955251621","graph neural networks"
"W2917767525","explainable ai"
"W4251751280","General AI"
"W3173128495","federated learning"
"W2955202322","General AI"
"W2976720228","General AI"
"W2929612105","quantum ml"
"W2986515219","graph neural networks"
"W2986515219","transformer architecture"
"W3199999289","computer vision"
"W3199999289","graph neural networks"
"W3111221273","General AI"
"W3007157104","natural language processing"
"W3014725478","General AI"
"W3032628389","General AI"
"W3007935259","General AI"
"W3017193407","General AI"
"W3015487859","General AI"
"W3035253074","computer vision"
"W3010757542","General AI"
"W3153200540","General AI"
"W2921123283","reinforcement learning"
"W2991911032","General AI"
"W3216623900","computer vision"
"W3011430986","computer vision"
"W4206060008","explainable ai"
"W3033777149","General AI"
"W3127425528","General AI"
"W3080221164","General AI"
"W4294351233","General AI"
"W2970862273","graph neural networks"
"W3097693500","natural language processing"
"W2955088691","General AI"
"W3034739212","graph neural networks"
"W2911290743","computer vision"
"W2963946985","computer vision"
"W4287093414","General AI"
"W3159953606","graph neural networks"
"W2990283237","computer vision"
"W4366377753","graph neural networks"
"W4309862248","computer vision"
"W4309862248","graph neural networks"
"W4376528501","General AI"
"W3132522414","federated learning"
"W3132522414","graph neural networks"
"W3126625348","graph neural networks"
"W4385342469","computer vision"
"W4385342469","natural language processing"
"W3005187920","graph neural networks"
"W3017246359","computer vision"
"W2963131120","computer vision"
"W3043941844","General AI"
"W3192744758","General AI"
"W2897202622","General AI"
"W3200759624","General AI"
"W3040231701","computer vision"
"W2979750740","computer vision"
"W2924260403","General AI"
"W3035700103","General AI"
"W2910707576","General AI"
"W2931743911","computer vision"
"W2931858311","General AI"
"W3215430231","graph neural networks"
"W3192421672","graph neural networks"
"W3192421672","transformer architecture"
"W3164573547","General AI"
"W3010779281","General AI"
"W2946721323","graph neural networks"
"W3021094251","generative ai"
"W3126876258","graph neural networks"
"W4220863497","General AI"
"W3002705197","computer vision"
"W4383560187","General AI"
"W3035839386","General AI"
"W2940487144","General AI"
"W3001554227","computer vision"
"W4385464598","General AI"
"W4306871314","General AI"
"W3180959755","General AI"
"W4206713037","General AI"
"W2900153411","transformer architecture"
"W4210541032","computer vision"
"W4210541032","graph neural networks"
"W3092128289","computer vision"
"W2996028791","neural architecture search"
"W3091468319","General AI"
"W2949642792","General AI"
"W3000291311","General AI"
"W3214714397","graph neural networks"
"W3195820203","General AI"
"W3019119825","General AI"
"W3093002101","graph neural networks"
"W3171973514","General AI"
"W2942193471","General AI"
"W2928560789","computer vision"
"W3142870706","computer vision"
"W4396669628","generative ai"
"W4292289324","General AI"
"W4385363975","General AI"
"W3178367256","graph neural networks"
"W3026072590","General AI"
"W3178328486","graph neural networks"
"W4288720745","graph neural networks"
"W3201829457","computer vision"
"W3201829457","graph neural networks"
"W2960630842","generative ai"
"W3013772641","generative ai"
"W4318570691","General AI"
"W2950361482","General AI"
"W4367046771","graph neural networks"
"W4312702896","graph neural networks"
"W3136979370","computer vision"
"W3047846843","graph neural networks"
"W2985630280","General AI"
"W2980446414","General AI"
"W3164107346","graph neural networks"
"W3164772195","computer vision"
"W3164772195","graph neural networks"
"W3006782564","General AI"
"W4206265152","graph neural networks"
"W3016522735","General AI"
"W3110791298","computer vision"
"W3110791298","graph neural networks"
"W4285803722","graph neural networks"
"W4285803722","transformer architecture"
"W4323848232","natural language processing"
"W4323848232","transformer architecture"
"W2980540750","graph neural networks"
"W2980540750","transformer architecture"
"W2963509914","computer vision"
"W2972006294","computer vision"
"W2968558338","General AI"
"W2987861506","computer vision"
"W2981296841","General AI"
"W3214309058","graph neural networks"
"W2906386705","computer vision"
"W3017343831","General AI"
"W2944548960","General AI"
"W3184580818","graph neural networks"
"W2945594170","graph neural networks"
"W3110356609","natural language processing"
"W3110356609","transformer architecture"
"W4389885061","computer vision"
"W4389885061","generative ai"
"W3200354549","graph neural networks"
"W3174146526","graph neural networks"
"W4315648146","General AI"
"W2922705140","General AI"
"W4313462484","General AI"
"W3040299034","General AI"
"W2899788782","General AI"
"W3118642024","computer vision"
"W3118642024","graph neural networks"
"W4313576662","General AI"
"W3112288498","General AI"
"W3011186445","General AI"
"W3090323843","General AI"
"W2997422821","General AI"
"W3162418282","computer vision"
"W3162418282","transformer architecture"
"W3020496054","computer vision"
"W3005937161","General AI"
"W4220721362","graph neural networks"
"W2974878544","General AI"
"W3180450071","General AI"
"W4360949780","General AI"
"W3037880470","General AI"
"W3152560880","graph neural networks"
"W3033097971","computer vision"
"W2907255073","General AI"
"W4323536358","natural language processing"
"W4323536358","transformer architecture"
"W2996141621","General AI"
"W4380685454","General AI"
"W3101712992","computer vision"
"W3169024950","computer vision"
"W3169024950","graph neural networks"
"W2993809815","General AI"
"W3203932036","federated learning"
"W4280545892","graph neural networks"
"W4308052494","graph neural networks"
"W3124414187","General AI"
"W4393855718","General AI"
"W2995914187","graph neural networks"
"W2999494042","computer vision"
"W3003110834","General AI"
"W2989691494","General AI"
"W3199772305","General AI"
"W2988293491","General AI"
"W2945551948","General AI"
"W3095319910","natural language processing"
"W3095319910","transformer architecture"
"W3159526010","General AI"
"W3092618035","graph neural networks"
"W3092618035","reinforcement learning"
"W4400217631","General AI"
"W3094675384","General AI"
"W3124978547","General AI"
"W3012846134","graph neural networks"
"W3012846134","reinforcement learning"
"W3011055781","General AI"
"W4360864690","General AI"
"W3004016611","computer vision"
"W2962984603","General AI"
"W2885030880","General AI"
"W3175234951","graph neural networks"
"W3088428904","computer vision"
"W3015014633","General AI"
"W4312935532","graph neural networks"
"W2944345944","General AI"
"W4372330430","graph neural networks"
"W2895491352","General AI"
"W2973032093","General AI"
"W2904005001","General AI"
"W2963855133","computer vision"
"W4281728047","computer vision"
"W4281728047","natural language processing"
"W3034698100","General AI"
"W4320915618","graph neural networks"
"W3192448376","graph neural networks"
"W3119527628","General AI"
"W2972246420","General AI"
"W3127228978","graph neural networks"
"W3139727712","General AI"
"W2979040987","generative ai"
"W2970610508","General AI"
"W3134146960","General AI"
"W4283800658","graph neural networks"
"W2962879438","General AI"
"W3209882608","graph neural networks"
"W3041502010","General AI"
"W4280617006","graph neural networks"
"W3207160263","General AI"
"W3131917094","General AI"
"W4319083788","reinforcement learning"
"W2993158195","General AI"
"W3157699413","General AI"
"W4319304408","natural language processing"
"W4319304408","transformer architecture"
"W3036619032","graph neural networks"
"W3038559317","General AI"
"W4285293538","graph neural networks"
"W2952142982","generative ai"
"W2950863887","computer vision"
"W2999804519","General AI"
"W2953521532","General AI"
"W2979279941","generative ai"
"W2965341826","General AI"
"W2961638199","computer vision"
"W3034090344","graph neural networks"
"W3046296398","General AI"
"W4309609199","graph neural networks"
"W4309609199","natural language processing"
"W2945964866","General AI"
"W4390970201","generative ai"
"W4390970201","reinforcement learning"
"W3038955483","General AI"
"W4255466918","General AI"
"W4200170471","General AI"
"W4230775373","generative ai"
"W3027201985","General AI"
"W3047729951","General AI"
"W3016146955","General AI"
"W2766005220","General AI"
"W4295854586","explainable ai"
"W4200635484","graph neural networks"
"W3116274835","General AI"
"W3081258743","generative ai"
"W3015977534","explainable ai"
"W2989552938","General AI"
"W2917193084","General AI"
"W3209912268","General AI"
"W3089334509","General AI"
"W3096831017","General AI"
"W3113447514","computer vision"
"W3113447514","generative ai"
"W2954849019","General AI"
"W3142712062","General AI"
"W2969117470","General AI"
"W4312204616","General AI"
"W4386253020","General AI"
"W4385766743","explainable ai"
"W4296438114","graph neural networks"
"W4320486502","graph neural networks"
"W3031331881","graph neural networks"
"W2981644170","General AI"
"W4205773061","natural language processing"
"W4205773061","transformer architecture"
"W3003618396","computer vision"
"W3003618396","natural language processing"
"W4389739628","explainable ai"
"W4280549083","General AI"
"W3112699941","graph neural networks"
"W3027983943","General AI"
"W4205167309","graph neural networks"
"W3144812654","graph neural networks"
"W3144812654","neural architecture search"
"W3193638860","General AI"
"W2970154784","computer vision"
"W4311897638","graph neural networks"
"W2907716704","computer vision"
"W2917901091","computer vision"
"W3014278717","General AI"
"W4312950730","computer vision"
"W4312950730","transformer architecture"
"W4391221083","General AI"
"W3001525167","computer vision"
"W3172620719","graph neural networks"
"W2939071985","General AI"
"W2908155528","General AI"
"W2955986556","generative ai"
"W2970080722","General AI"
"W3008872739","General AI"
"W2892077605","General AI"
"W3012481664","General AI"
"W2990026901","computer vision"
"W2912516940","General AI"
"W3121931845","General AI"
"W2997403460","graph neural networks"
"W3104302219","graph neural networks"
"W4206103951","General AI"
"W3088383832","General AI"
"W2955613755","General AI"
"W2947707259","computer vision"
"W2947707259","explainable ai"
"W2915292867","General AI"
"W4392664198","computer vision"
"W2957311447","General AI"
"W3158818505","computer vision"
"W3163493952","graph neural networks"
"W4306317752","graph neural networks"
"W3028931246","General AI"
"W2969309273","explainable ai"
"W2928542791","General AI"
"W2988589399","General AI"
"W4226058932","explainable ai"
"W4226058932","graph neural networks"
"W3165692101","General AI"
"W4213235856","graph neural networks"
"W4389359039","General AI"
"W3135013702","graph neural networks"
"W2960994981","General AI"
"W3191490876","graph neural networks"
"W2980856918","General AI"
"W4391661565","federated learning"
"W4391661565","graph neural networks"
"W2981458781","General AI"
"W2964121960","General AI"
"W2966720510","graph neural networks"
"W4389437528","natural language processing"
"W4389437528","transformer architecture"
"W3010488723","General AI"
"W2967550017","General AI"
"W3122007073","General AI"
"W3126814579","General AI"
"W3010655531","computer vision"
"W3010655531","generative ai"
"W3167586364","graph neural networks"
"W3167586364","reinforcement learning"
"W2980030301","computer vision"
"W3035142875","General AI"
"W2973049920","General AI"
"W4214940715","computer vision"
"W4295788744","General AI"
"W3179436811","graph neural networks"
"W3112170415","General AI"
"W3024644820","General AI"
"W2927135077","General AI"
"W2944779716","General AI"
"W3166943242","General AI"
"W4322732093","graph neural networks"
"W3172787012","computer vision"
"W3172787012","graph neural networks"
"W2997806454","General AI"
"W3101230421","General AI"
"W3000983008","General AI"
"W2917580301","General AI"
"W4297325261","General AI"
"W3173225380","graph neural networks"
"W3102511045","General AI"
"W3213123713","graph neural networks"
"W2947123069","neural architecture search"
"W3024912007","General AI"
"W2990955039","General AI"
"W4282828305","General AI"
"W2935339072","General AI"
"W4311843323","General AI"
"W3163849331","General AI"
"W4214575762","computer vision"
"W3037891846","General AI"
"W2912052494","General AI"
"W2988716771","General AI"
"W2961079966","computer vision"
"W4210683801","computer vision"
"W3006630858","General AI"
"W3004925702","computer vision"
"W2969468266","General AI"
"W3091948139","General AI"
"W3173078903","General AI"
"W3216383863","General AI"
"W3174048174","graph neural networks"
"W4386723917","neural architecture search"
"W3080510905","graph neural networks"
"W3185377372","computer vision"
"W4391615642","natural language processing"
"W2976269899","General AI"
"W4390506881","General AI"
"W4383913712","natural language processing"
"W4383913712","transformer architecture"
"W3149631275","computer vision"
"W4386380023","General AI"
"W2963682501","computer vision"
"W2995109209","explainable ai"
"W3123899295","General AI"
"W4235275829","General AI"
"W2997777902","General AI"
"W2884775584","General AI"
"W4322627364","computer vision"
"W4322627364","graph neural networks"
"W3163885127","computer vision"
"W3184400519","General AI"
"W3092027164","graph neural networks"
"W3171764584","graph neural networks"
"W4387350610","General AI"
"W2955951197","General AI"
"W3111813289","computer vision"
"W3111813289","graph neural networks"
"W2969077220","General AI"
"W3217355560","graph neural networks"
"W2908883246","generative ai"
"W3013732669","computer vision"
"W3013732669","graph neural networks"
"W3006389498","General AI"
"W2981899103","computer vision"
"W2939020224","General AI"
"W3197013386","General AI"
"W4309637232","explainable ai"
"W3024894285","General AI"
"W4312325284","General AI"
"W2908735595","General AI"
"W2923370583","General AI"
"W4210538803","General AI"
"W3208881055","graph neural networks"
"W3014924729","General AI"
"W3005147719","General AI"
"W3084741591","computer vision"
"W3195848388","General AI"
"W2921019731","General AI"
"W3183119561","General AI"
"W3027764902","General AI"
"W2989293933","General AI"
"W4380739447","generative ai"
"W4380739447","graph neural networks"
"W3118571930","computer vision"
"W4400135851","explainable ai"
"W2965660219","General AI"
"W3016716625","General AI"
"W3175039957","graph neural networks"
"W2982482221","General AI"
"W4323313312","computer vision"
"W3043238520","General AI"
"W4297347671","generative ai"
"W3130265534","General AI"
"W3011845528","General AI"
"W4381542525","graph neural networks"
"W3008533347","General AI"
"W3176189116","computer vision"
"W3176189116","graph neural networks"
"W4288391568","General AI"
"W2996550193","General AI"
"W2921533983","General AI"
"W3084798277","computer vision"
"W3104674222","General AI"
"W2919338369","General AI"
"W2904694042","General AI"
"W3034943799","graph neural networks"
"W2965127303","computer vision"
"W4286587182","General AI"
"W3014834477","General AI"
"W4287670594","graph neural networks"
"W2999399991","General AI"
"W3189795580","generative ai"
"W3189795580","graph neural networks"
"W2973268792","General AI"
"W3043790937","graph neural networks"
"W3210856765","graph neural networks"
"W4365144700","graph neural networks"
"W4365144700","transformer architecture"
"W4366086722","General AI"
"W3121633856","General AI"
"W2913446864","General AI"
"W3206568895","graph neural networks"
"W3211740276","General AI"
"W4386587871","graph neural networks"
"W3128290931","General AI"
"W2915232829","computer vision"
"W4292084264","federated learning"
"W3086290195","General AI"
"W3025637241","General AI"
"W2963813662","General AI"
"W4225332951","General AI"
"W2964005248","General AI"
"W2982127434","computer vision"
"W4221140049","graph neural networks"
"W4220672374","General AI"
"W4200624794","General AI"
"W3087969957","General AI"
"W2964266063","computer vision"
"W4243046127","General AI"
"W2984353870","General AI"
"W3126284633","computer vision"
"W2907891676","General AI"
"W3007703012","General AI"
"W3093186795","General AI"
"W2582996697","computer vision"
"W4377968189","generative ai"
"W4377968189","graph neural networks"
"W2993464084","General AI"
"W2927613875","General AI"
"W3009692632","General AI"
"W2943626891","General AI"
"W3195639294","graph neural networks"
"W4380730209","natural language processing"
"W4380730209","transformer architecture"
"W3207981989","explainable ai"
"W3207981989","graph neural networks"
"W3010442991","computer vision"
"W3185256938","General AI"
"W3125584267","General AI"
"W184758014","General AI"
"W4313527987","General AI"
"W4226141415","graph neural networks"
"W3196410189","computer vision"
"W3196410189","graph neural networks"
"W4365504037","General AI"
"W2937037822","General AI"
"W3023402959","General AI"
"W3082757774","General AI"
"W2941382599","General AI"
"W2981983525","computer vision"
"W3021503072","General AI"
"W2953359159","graph neural networks"
"W3015581086","computer vision"
"W3015581086","generative ai"
"W2998535576","General AI"
"W2970413753","natural language processing"
"W3111126165","General AI"
"W2972588473","General AI"
"W3160455160","General AI"
"W2998045710","federated learning"
"W4285730848","graph neural networks"
"W3048079539","generative ai"
"W2974084046","General AI"
"W2976581604","computer vision"
"W4206138072","graph neural networks"
"W4226313662","General AI"
"W4226135409","graph neural networks"
"W3213938648","graph neural networks"
"W3213938648","natural language processing"
"W2989857225","General AI"
"W4360995249","General AI"
"W2985894198","generative ai"
"W3152626252","graph neural networks"
"W3043159233","General AI"
"W4313378981","graph neural networks"
"W3011570378","natural language processing"
"W3174908416","graph neural networks"
"W2980444207","General AI"
"W4290877635","graph neural networks"
"W2963123914","General AI"
"W4223891748","General AI"
"W3034944009","General AI"
"W4229369233","General AI"
"W3036646401","graph neural networks"
"W3011560410","General AI"
"W4294310652","graph neural networks"
"W3043040891","General AI"
"W3167041328","General AI"
"W3022125597","General AI"
"W4280602833","graph neural networks"
"W3138089704","graph neural networks"
"W4228997948","General AI"
"W2901995873","General AI"
"W4206338051","computer vision"
"W2952924633","General AI"
"W4403853345","computer vision"
"W4212988627","graph neural networks"
"W4281294379","General AI"
"W2942523020","explainable ai"
"W4386729081","General AI"
"W2922512717","General AI"
"W2941638142","natural language processing"
"W2944605902","General AI"
"W2963752132","General AI"
"W4318586239","General AI"
"W2944643572","General AI"
"W2948864380","General AI"
"W3152594952","General AI"
"W3014689923","General AI"
"W3048964647","graph neural networks"
"W3048964647","transformer architecture"
"W4384787880","graph neural networks"
"W4382202967","graph neural networks"
"W4362704894","General AI"
"W3041085747","graph neural networks"
"W3047021033","General AI"
"W3115726903","graph neural networks"
"W2979481854","computer vision"
"W2979481854","graph neural networks"
"W2938260698","computer vision"
"W3026717820","General AI"
"W3015487562","General AI"
"W3017157646","General AI"
"W4206973253","General AI"
"W3008071995","General AI"
"W3093695087","graph neural networks"
"W3176349206","graph neural networks"
"W3154257404","General AI"
"W2994958466","computer vision"
"W2954936648","General AI"
"W2963568316","computer vision"
"W2963568316","generative ai"
"W2914274640","General AI"
"W2962965968","graph neural networks"
"W3169534597","generative ai"
"W3169534597","graph neural networks"
"W3129446376","General AI"
"W4318484896","natural language processing"
"W3144087169","graph neural networks"
"W3205964505","graph neural networks"
"W4389049946","General AI"
"W3020930839","General AI"
"W3087827179","General AI"
"W3012833893","graph neural networks"
"W2962777873","General AI"
"W3119860599","General AI"
"W4293023278","graph neural networks"
"W4211206835","graph neural networks"
"W2972214324","computer vision"
"W3017451406","General AI"
"W3047245470","General AI"
"W2966153025","computer vision"
"W3011762972","General AI"
"W3113471983","General AI"
"W3006837908","General AI"
"W3198576039","computer vision"
"W4224319742","graph neural networks"
"W3047499479","General AI"
"W3012334084","computer vision"
"W4327518740","natural language processing"
"W4327518740","transformer architecture"
"W3016540417","General AI"
"W2997177758","General AI"
"W2950834660","General AI"
"W3177435843","computer vision"
"W4319062614","General AI"
"W4210547400","graph neural networks"
"W3028772300","graph neural networks"
"W4375929162","graph neural networks"
"W4388915005","General AI"
"W2766291668","graph neural networks"
"W3002669799","General AI"
"W4305013893","graph neural networks"
"W2964915865","graph neural networks"
"W3017881119","General AI"
"W3200896515","General AI"
"W3015001695","natural language processing"
"W3134873999","graph neural networks"
"W2973682480","neural architecture search"
"W2914209001","General AI"
"W3040617750","General AI"
"W3081799531","General AI"
"W3193630181","General AI"
"W2946016983","General AI"
"W3120934607","General AI"
"W3106717751","computer vision"
"W3043303465","General AI"
"W3022530152","General AI"
"W2962698540","General AI"
"W2995742898","quantum ml"
"W3127355490","General AI"
"W2948661249","computer vision"
"W2997513934","graph neural networks"
"W3197097128","generative ai"
"W3049338919","General AI"
"W4390711247","General AI"
"W4205287544","graph neural networks"
"W4366826269","General AI"
"W2963420686","computer vision"
"W3164338400","General AI"
"W3105441222","graph neural networks"
"W2998057994","graph neural networks"
"W3039503982","generative ai"
"W3039503982","natural language processing"
"W2949836779","General AI"
"W4315783205","graph neural networks"
"W4393034172","graph neural networks"
"W2920947047","General AI"
"W2956281901","General AI"
"W4297252253","General AI"
"W3207988956","General AI"
"W4214821456","General AI"
"W4293785387","graph neural networks"
"W2999301586","graph neural networks"
"W4392915167","generative ai"
"W4388962306","General AI"
"W3036991312","computer vision"
"W4390969131","graph neural networks"
"W3085537935","explainable ai"
"W2963820222","General AI"
"W3001319889","computer vision"
"W3138683983","General AI"
"W2885828982","General AI"
"W4229376924","General AI"
"W2942157335","General AI"
"W3012664577","graph neural networks"
"W3007803772","explainable ai"
"W2908578648","computer vision"
"W2969945043","General AI"
"W3012871709","graph neural networks"
"W3012871709","transformer architecture"
"W2916257687","computer vision"
"W4322095660","computer vision"
"W4322095660","graph neural networks"
"W3044091938","computer vision"
"W2999146029","General AI"
"W4327518725","General AI"
"W4367055932","General AI"
"W2808979145","quantum ml"
"W4285142610","graph neural networks"
"W3091933103","graph neural networks"
"W3132695675","graph neural networks"
"W3033463646","General AI"
"W3049280464","General AI"
"W3196503391","General AI"
"W3016568881","General AI"
"W4300982014","General AI"
"W3016266335","General AI"
"W3159817879","graph neural networks"
"W4291786841","General AI"
"W3108597174","General AI"
"W2937002248","General AI"
"W2944500953","computer vision"
"W2944500953","graph neural networks"
"W2909191390","General AI"
"W3133294546","General AI"
"W2950738594","General AI"
"W4390229867","General AI"
"W4226165565","computer vision"
"W3037322243","General AI"
"W4309490745","General AI"
"W3216273815","generative ai"
"W3216273815","graph neural networks"
"W3168768653","General AI"
"W4211080900","General AI"
"W4226318431","General AI"
"W3172744943","General AI"
"W4389299837","General AI"
"W3170068709","graph neural networks"
"W3127113723","graph neural networks"
"W4308916695","graph neural networks"
"W3155208531","graph neural networks"
"W3092478145","General AI"
"W2968135754","computer vision"
"W3022246191","graph neural networks"
"W3214839373","General AI"
"W2960280836","General AI"
"W4319790168","General AI"
"W2968511602","General AI"
"W4320525814","computer vision"
"W3160467094","General AI"
"W3187403570","computer vision"
"W3187403570","graph neural networks"
"W3165750456","federated learning"
"W2969615692","General AI"
"W3088347726","General AI"
"W4388333441","General AI"
"W3135243128","General AI"
"W3005778784","General AI"
"W4224309172","explainable ai"
"W4224309172","graph neural networks"
"W2912398505","computer vision"
"W3080083111","graph neural networks"
"W4361019934","generative ai"
"W4282006100","General AI"
"W3172882582","General AI"
"W2964362517","General AI"
"W2811120218","General AI"
"W3034175346","computer vision"
"W3132985895","General AI"
"W3022112205","computer vision"
"W3198381997","General AI"
"W3080594820","General AI"
"W2912727434","graph neural networks"
"W4224007003","graph neural networks"
"W3123893801","graph neural networks"
"W3082366755","computer vision"
"W4226117435","graph neural networks"
"W4284898480","General AI"
"W3169350676","graph neural networks"
"W3114654929","graph neural networks"
"W4220788456","graph neural networks"
"W4289821985","graph neural networks"
"W4413478458","General AI"
"W3215235441","General AI"
"W4391811626","General AI"
"W3193425446","computer vision"
"W3087775916","graph neural networks"
"W3031288689","computer vision"
"W4363650848","General AI"
"W2911424749","computer vision"
"W3130423852","computer vision"
"W3014493065","computer vision"
"W3118391463","General AI"
"W3119195445","General AI"
"W4282926996","graph neural networks"
"W3135748828","generative ai"
"W3135748828","graph neural networks"
"W4210759888","computer vision"
"W4226030949","graph neural networks"
"W2886485362","General AI"
"W3118836895","General AI"
"W4214835294","General AI"
"W3165876013","General AI"
"W2944114041","General AI"
"W4220926968","generative ai"
"W4221155126","graph neural networks"
"W3178528592","General AI"
"W2934730619","computer vision"
"W2907760128","General AI"
"W3010455538","General AI"
"W3154818219","graph neural networks"
"W3004277316","General AI"
"W4402197694","General AI"
"W2970474218","graph neural networks"
"W2886802770","General AI"
"W3155159764","General AI"
"W2910222073","General AI"
"W3185095713","General AI"
"W3040351441","General AI"
"W2996139122","computer vision"
"W4211232841","graph neural networks"
"W4213422824","graph neural networks"
"W4213422824","natural language processing"
"W3004483087","General AI"
"W3128553165","natural language processing"
"W3031635948","General AI"
"W3083992516","explainable ai"
"W4402567033","General AI"
"W4385764404","graph neural networks"
"W3034385753","General AI"
"W3040745576","graph neural networks"
"W4307804863","General AI"
"W4311584330","graph neural networks"
"W3184886727","General AI"
"W2986457312","General AI"
"W4212890525","graph neural networks"
"W4225992487","graph neural networks"
"W3034288498","graph neural networks"
"W2915594101","General AI"
"W3103865021","General AI"
"W4362722657","natural language processing"
"W4362722657","transformer architecture"
"W4293702644","graph neural networks"
"W2799040448","federated learning"
"W4379054888","natural language processing"
"W4379054888","transformer architecture"
"W3212755948","General AI"
"W3168771234","General AI"
"W2997915791","graph neural networks"
"W3142698583","generative ai"
"W3139058665","computer vision"
"W2963240573","General AI"
"W2924281192","General AI"
"W3111875263","explainable ai"
"W4367298578","explainable ai"
"W2948499084","General AI"
"W3135089279","General AI"
"W2949062675","transformer architecture"
"W3133543405","explainable ai"
"W3047629609","General AI"
"W3117805350","computer vision"
"W3117805350","graph neural networks"
"W4213178041","General AI"
"W2904449562","computer vision"
"W2904449562","graph neural networks"
"W3083863102","General AI"
"W4225397209","computer vision"
"W4225397209","graph neural networks"
"W3209973822","graph neural networks"
"W3043037022","generative ai"
"W3179330384","General AI"
"W3145990216","graph neural networks"
"W3145990216","transformer architecture"
"W3022935508","natural language processing"
"W4285207637","graph neural networks"
"W4385483925","graph neural networks"
"W4312581984","graph neural networks"
"W3107223180","graph neural networks"
"W3007100994","General AI"
"W4396766974","General AI"
"W4367626474","generative ai"
"W4367626474","graph neural networks"
"W2984618279","General AI"
"W4303696687","General AI"
"W2945790622","neural architecture search"
"W4388281482","General AI"
"W2954197146","explainable ai"
"W3014805132","General AI"
"W3200630953","neural architecture search"
"W4318150241","graph neural networks"
"W4213284112","General AI"
"W4311511747","computer vision"
"W4311511747","graph neural networks"
"W2964082513","General AI"
"W4312702461","explainable ai"
"W4307127952","General AI"
"W4323923320","graph neural networks"
"W4321004126","generative ai"
"W4321004126","graph neural networks"
"W4220752914","General AI"
"W2954377489","General AI"
"W2963432517","General AI"
"W2974531988","computer vision"
"W2974531988","generative ai"
"W3101272433","computer vision"
"W4392773210","General AI"
"W3200673624","General AI"
"W4206046353","General AI"
"W3087893815","General AI"
"W2990198263","General AI"
"W2910166370","General AI"
"W3167963175","General AI"
"W2971076825","General AI"
"W4232035231","General AI"
"W4382239247","graph neural networks"
"W3093862905","graph neural networks"
"W3033032209","General AI"
"W2921364842","General AI"
"W3036446966","General AI"
"W3093031973","General AI"
"W3124534840","General AI"
"W3135083987","General AI"
"W4224273041","graph neural networks"
"W4206433680","graph neural networks"
"W4386285839","General AI"
"W2963081547","computer vision"
"W3199651421","General AI"
"W3004577623","General AI"
"W4380345016","General AI"
"W4294691140","explainable ai"
"W4205281625","graph neural networks"
"W3018495986","explainable ai"
"W3018495986","graph neural networks"
"W4283814689","federated learning"
"W4283814689","graph neural networks"
"W3197982391","General AI"
"W3002188287","General AI"
"W2995106228","General AI"
"W3210210990","neural architecture search"
"W3184930951","General AI"
"W3021941048","computer vision"
"W2942047515","General AI"
"W4206627303","General AI"
"W2944016032","General AI"
"W3143855017","General AI"
"W4221151978","General AI"
"W4224014209","natural language processing"
"W3200650376","graph neural networks"
"W4200613005","General AI"
"W3113616921","General AI"
"W2992947267","General AI"
"W3210034512","graph neural networks"
"W3005743304","General AI"
"W2971012611","General AI"
"W2950374603","General AI"
"W3040786507","generative ai"
"W2982594452","generative ai"
"W4302425308","General AI"
"W3031818154","computer vision"
"W3085052658","federated learning"
"W3164440025","General AI"
"W2921736909","computer vision"
"W2914218087","General AI"
"W3002992380","General AI"
"W2915004230","General AI"
"W4226087736","graph neural networks"
"W3018104257","General AI"
"W3130421533","graph neural networks"
"W3016094225","General AI"
"W3013008552","General AI"
"W3121453273","explainable ai"
"W2940908842","computer vision"
"W2940908842","natural language processing"
"W2998119008","computer vision"
"W2907352650","General AI"
"W3005273529","computer vision"
"W2936522960","General AI"
"W2939354476","generative ai"
"W3180838358","graph neural networks"
"W3035250394","explainable ai"
"W3124806699","graph neural networks"
"W3144825495","computer vision"
"W4205549623","computer vision"
"W3129034719","General AI"
"W2951494616","natural language processing"
"W4205659634","graph neural networks"
"W4205659634","natural language processing"
"W2966149470","General AI"
"W3016480885","computer vision"
"W3074222438","General AI"
"W3189854358","graph neural networks"
"W4312968147","General AI"
"W3094568574","General AI"
"W4386990869","graph neural networks"
"W4381609771","graph neural networks"
"W2989693433","computer vision"
"W3105640742","General AI"
"W3035016091","computer vision"
"W2938736450","General AI"
"W3102090163","computer vision"
"W4210271404","General AI"
"W3131504710","natural language processing"
"W3193353490","General AI"
"W2908498346","General AI"
"W3193429343","graph neural networks"
"W4294031701","graph neural networks"
"W3158216587","computer vision"
"W3012391191","General AI"
"W3134840015","General AI"
"W2967688728","General AI"
"W3174385379","computer vision"
"W3081191522","graph neural networks"
"W3004895274","computer vision"
"W3005641041","computer vision"
"W3110686510","General AI"
"W3216786106","General AI"
"W2921763762","General AI"
"W4285157251","graph neural networks"
"W2973869284","General AI"
"W3016987575","computer vision"
"W2913246999","computer vision"
"W4385278310","General AI"
"W3136070377","computer vision"
"W4387250121","graph neural networks"
"W3123191313","General AI"
"W3008118574","General AI"
"W2997106510","General AI"
"W3207596659","General AI"
"W4387682130","General AI"
"W3037640242","General AI"
"W3161851957","graph neural networks"
"W3125983160","General AI"
"W4398243924","General AI"
"W3174724159","graph neural networks"
"W3185283549","General AI"
"W2964772981","General AI"
"W2943505205","General AI"
"W4378470061","General AI"
"W2974263490","General AI"
"W3012412627","General AI"
"W4312251513","explainable ai"
"W3082712634","General AI"
"W4282025839","General AI"
"W4281861579","graph neural networks"
"W2912108486","General AI"
"W3140753276","federated learning"
"W3160768652","quantum ml"
"W3126393581","General AI"
"W4389888198","General AI"
"W3125997628","explainable ai"
"W3092843175","General AI"
"W3140510786","General AI"
"W3014289208","General AI"
"W3128808440","graph neural networks"
"W2796910131","computer vision"
"W2796910131","generative ai"
"W2973537858","General AI"
"W3122333722","General AI"
"W3118109004","General AI"
"W3208954537","General AI"
"W3041906494","generative ai"
"W4224308360","General AI"
"W4294811288","graph neural networks"
"W3046496872","General AI"
"W2934625602","computer vision"
"W4297093142","General AI"
"W2961396908","federated learning"
"W3131457744","explainable ai"
"W3134304825","graph neural networks"
"W2962182608","computer vision"
"W3102961490","General AI"
"W3187009719","graph neural networks"
"W4378716419","graph neural networks"
"W2954482899","General AI"
"W4221081366","General AI"
"W2966038277","General AI"
"W3009080359","General AI"
"W3038988173","computer vision"
"W4226418765","natural language processing"
"W3046399757","General AI"
"W3008419421","General AI"
"W2979922932","computer vision"
"W3121216533","General AI"
"W3193314306","General AI"
"W3122347867","computer vision"
"W3122347867","explainable ai"
"W3013466528","computer vision"
"W3013466528","generative ai"
"W2948930564","General AI"
"W3111142877","computer vision"
"W3131571875","General AI"
"W2941352015","General AI"
"W4315880904","General AI"
"W3094316170","General AI"
"W3026094172","General AI"
"W3007912973","graph neural networks"
"W4213206766","General AI"
"W3004917840","General AI"
"W2911410812","computer vision"
"W2911410812","natural language processing"
"W4390221451","General AI"
"W3087601224","computer vision"
"W2920311927","computer vision"
"W2911341021","General AI"
"W2947898397","General AI"
"W2973184394","reinforcement learning"
"W4392478183","generative ai"
"W4207038069","General AI"
"W2910380368","neural architecture search"
"W3112787034","computer vision"
"W3112787034","natural language processing"
"W2968446587","General AI"
"W3207627539","General AI"
"W3109916301","General AI"
"W3108671495","General AI"
"W3019283372","General AI"
"W4313646859","General AI"
"W4383468961","graph neural networks"
"W3035338169","General AI"
"W2908052439","computer vision"
"W4282593046","General AI"
"W3089230449","General AI"
"W2993514765","explainable ai"
"W3209161810","graph neural networks"
"W3158520854","graph neural networks"
"W4382632527","graph neural networks"
"W4382632527","transformer architecture"
"W3087217556","General AI"
"W4210923993","General AI"
"W2896827527","General AI"
"W3117801652","graph neural networks"
"W3019461574","General AI"
"W3094019951","General AI"
"W3020776760","General AI"
"W2966086598","General AI"
"W3194250276","General AI"
"W4226218349","graph neural networks"
"W3002325577","computer vision"
"W2995495466","computer vision"
"W2951696288","General AI"
"W3033382446","General AI"
"W3192224792","General AI"
"W4295760561","computer vision"
"W4295760561","graph neural networks"
"W4281889493","General AI"
"W2930669685","General AI"
"W3129469040","computer vision"
"W2915969651","General AI"
"W2922220370","General AI"
"W4385383529","General AI"
"W3195199539","General AI"
"W2996008180","General AI"
"W3014370958","General AI"
"W4295413191","General AI"
"W3113650415","graph neural networks"
"W4225000412","General AI"
"W3030419021","General AI"
"W4312743281","General AI"
"W3090643686","General AI"
"W4321479797","transformer architecture"
"W2912386632","General AI"
"W2914907363","generative ai"
"W2946996332","generative ai"
"W2946996332","neural architecture search"
"W3088726196","General AI"
"W4323066547","graph neural networks"
"W3205971195","computer vision"
"W3205971195","natural language processing"
"W3202393140","General AI"
"W3209809080","General AI"
"W4307244002","computer vision"
"W4307244002","graph neural networks"
"W3081599307","computer vision"
"W2996448308","General AI"
"W4392233280","General AI"
"W4206512547","General AI"
"W3139885963","General AI"
"W2963282966","General AI"
"W3003663164","General AI"
"W3007283957","General AI"
"W3095791468","General AI"
"W3208430676","graph neural networks"
"W3000754666","generative ai"
"W3212433341","General AI"
"W3147262955","General AI"
"W3137169772","generative ai"
"W4386029034","computer vision"
"W4386029034","graph neural networks"
"W3023775155","General AI"
"W3127829048","graph neural networks"
"W3109907338","graph neural networks"
"W3001869580","General AI"
"W3173360689","General AI"
"W3017872050","General AI"
"W3143009190","General AI"
"W4383959108","natural language processing"
"W4383959108","transformer architecture"
"W3035490780","General AI"
"W4282827695","graph neural networks"
"W3206937279","graph neural networks"
"W4376058544","General AI"
"W2921972904","General AI"
"W2952767732","computer vision"
"W3129844933","generative ai"
"W3042445013","computer vision"
"W3094111018","General AI"
"W2886374543","General AI"
"W2988047746","computer vision"
"W4393159807","graph neural networks"
"W3031794591","computer vision"
"W4319865391","graph neural networks"
"W4381332452","natural language processing"
"W4381332452","transformer architecture"
"W3023079706","explainable ai"
"W3198511427","graph neural networks"
"W4212859008","General AI"
"W2956342231","computer vision"
"W3007083472","General AI"
"W2946099214","General AI"
"W2972189363","generative ai"
"W2989860017","General AI"
"W2917855746","General AI"
"W4210313485","graph neural networks"
"W4205247958","graph neural networks"
"W3017309755","computer vision"
"W3175123126","graph neural networks"
"W3015428699","General AI"
"W3083272131","graph neural networks"
"W2956805085","General AI"
"W2994678679","transformer architecture"
"W2986670104","General AI"
"W4304588537","graph neural networks"
"W3134300684","General AI"
"W3040286619","reinforcement learning"
"W3002873949","General AI"
"W3200351420","General AI"
"W3041809298","General AI"
"W4200440018","General AI"
"W2971940059","General AI"
"W2965448364","General AI"
"W2990278906","generative ai"
"W3155259453","General AI"
"W3162826256","General AI"
"W3124926562","General AI"
"W4319440851","General AI"
"W3033193681","computer vision"
"W3010993481","generative ai"
"W4294042945","General AI"
"W4226338178","General AI"
"W3121130912","graph neural networks"
"W3018661145","General AI"
"W3149485574","graph neural networks"
"W3149485574","reinforcement learning"
"W2995609771","General AI"
"W4382630561","General AI"
"W2972153210","General AI"
"W2919897868","natural language processing"
"W4378714768","General AI"
"W3014079666","General AI"
"W3187293469","generative ai"
"W3135351475","General AI"
"W4283526860","General AI"
"W3095716988","graph neural networks"
"W4200204081","General AI"
"W3134111219","General AI"
"W3176231977","General AI"
"W3213077079","General AI"
"W2993219936","computer vision"
"W3205731400","graph neural networks"
"W3205731400","transformer architecture"
"W4298144215","General AI"
"W4285603628","federated learning"
"W4285603628","graph neural networks"
"W3200303296","General AI"
"W2961912654","General AI"
"W3080512189","graph neural networks"
"W2964926209","transformer architecture"
"W2952162556","General AI"
"W2970724283","General AI"
"W3123176014","General AI"
"W3122846486","graph neural networks"
"W3122846486","reinforcement learning"
"W3010924259","General AI"
"W3135371071","explainable ai"
"W4296704829","graph neural networks"
"W3166975282","graph neural networks"
"W3080816325","General AI"
"W3082665562","computer vision"
"W3082665562","generative ai"
"W3082448434","computer vision"
"W3082448434","graph neural networks"
"W3004981459","General AI"
"W2999021868","General AI"
"W3089022684","graph neural networks"
"W3089022684","reinforcement learning"
"W3045613009","graph neural networks"
"W4385738522","General AI"
"W4321504196","natural language processing"
"W4321504196","transformer architecture"
"W4293246336","General AI"
"W3200780444","General AI"
"W3174517569","graph neural networks"
"W3174517569","natural language processing"
"W3200863928","General AI"
"W2914465168","natural language processing"
"W2914465168","transformer architecture"
"W3086140339","General AI"
"W2949960465","General AI"
"W4316037472","graph neural networks"
"W3015289839","General AI"
"W2982252459","General AI"
"W3080203535","graph neural networks"
"W4396506525","graph neural networks"
"W3103420222","General AI"
"W3194056411","General AI"
"W4400261301","graph neural networks"
"W4400261301","natural language processing"
"W4403619946","explainable ai"
"W4321485347","graph neural networks"
"W4321485347","natural language processing"
"W2964252002","computer vision"
"W4312708943","natural language processing"
"W3020454825","General AI"
"W2987485128","General AI"
"W2962790412","General AI"
"W3090433062","General AI"
"W4285161977","graph neural networks"
"W4293731327","General AI"
"W3092284106","General AI"
"W2955811276","General AI"
"W2912561277","General AI"
"W4381804394","General AI"
"W2973710071","computer vision"
"W2943162041","General AI"
"W2927831250","General AI"
"W3049760802","graph neural networks"
"W3097579542","General AI"
"W2940895343","General AI"
"W2976792973","General AI"
"W2937816906","General AI"
"W4283818432","graph neural networks"
"W3012909962","computer vision"
"W3089265909","computer vision"
"W3013633552","General AI"
"W2900182564","General AI"
"W3044073403","General AI"
"W2914383481","General AI"
"W3088949994","General AI"
"W3207559276","General AI"
"W4226023758","natural language processing"
"W3011156941","computer vision"
"W3105821597","General AI"
"W3129762955","General AI"
"W4366986563","General AI"
"W3165439041","graph neural networks"
"W3165483060","General AI"
"W3037405958","General AI"
"W4280505635","General AI"
"W3011363941","explainable ai"
"W4318825001","General AI"
"W3181487680","General AI"
"W3151387141","computer vision"
"W4396721167","General AI"
"W4285606919","reinforcement learning"
"W4306830375","graph neural networks"
"W3110031974","General AI"
"W2955819484","General AI"
"W4282974753","General AI"
"W2940962285","General AI"
"W3099892132","General AI"
"W2986154667","computer vision"
"W3199215188","General AI"
"W4280641199","graph neural networks"
"W2913201307","General AI"
"W3168055587","General AI"
"W2969944904","computer vision"
"W4285291849","graph neural networks"
"W3163936961","General AI"
"W4226114467","General AI"
"W4312588618","General AI"
"W2908623803","computer vision"
"W3005664961","General AI"
"W3113090643","graph neural networks"
"W4220974656","General AI"
"W3016493309","General AI"
"W3088898206","General AI"
"W2919868916","General AI"
"W2971964864","General AI"
"W2952832141","General AI"
"W3016099278","General AI"
"W4313423934","graph neural networks"
"W3199647575","General AI"
"W2914321566","computer vision"
"W4312000342","General AI"
"W3010665394","computer vision"
"W3118349318","generative ai"
"W4320002750","graph neural networks"
"W3123890950","General AI"
"W3125103848","General AI"
"W3127710218","General AI"
"W4367047070","graph neural networks"
"W3200705513","computer vision"
"W3200705513","graph neural networks"
"W3087277009","computer vision"
"W3032108578","General AI"
"W3010437674","generative ai"
"W2914361849","General AI"
"W3008241461","computer vision"
"W3017093935","computer vision"
"W3017093935","natural language processing"
"W3016163744","computer vision"
"W3178330258","graph neural networks"
"W3004984378","computer vision"
"W4226315612","General AI"
"W3014308466","General AI"
"W2911455822","computer vision"
"W2911455822","natural language processing"
"W3036688711","computer vision"
"W3166257724","graph neural networks"
"W4211219865","General AI"
"W2997799485","graph neural networks"
"W4386541762","General AI"
"W3034749137","computer vision"
"W3034749137","graph neural networks"
"W3137773357","General AI"
"W3005097670","computer vision"
"W3162612648","generative ai"
"W3160733272","General AI"
"W4386497355","General AI"
"W2990385600","graph neural networks"
"W3204998033","graph neural networks"
"W3117732367","General AI"
"W4284709982","General AI"
"W3035216280","General AI"
"W3121188342","General AI"
"W3167960955","General AI"
"W4389131658","graph neural networks"
"W4389131658","transformer architecture"
"W3043484350","General AI"
"W3145017754","General AI"
"W4302028668","computer vision"
"W3004061291","General AI"
"W2986218094","General AI"
"W4390670395","General AI"
"W4286488966","General AI"
"W2963590654","General AI"
"W3045801508","General AI"
"W4386587901","graph neural networks"
"W2624816748","General AI"
"W2956449284","General AI"
"W2912346386","computer vision"
"W2912346386","generative ai"
"W2955535572","General AI"
"W3087870633","General AI"
"W3038003980","generative ai"
"W2963723202","reinforcement learning"
"W2969325194","computer vision"
"W2969325194","generative ai"
"W4220847015","General AI"
"W2977540023","computer vision"
"W2977540023","natural language processing"
"W3065974826","computer vision"
"W3127701890","graph neural networks"
"W3127701890","transformer architecture"
"W3204130547","General AI"
"W3048477139","computer vision"
"W3048477139","graph neural networks"
"W4200553326","General AI"
"W3112616759","graph neural networks"
"W2980441098","General AI"
"W3008026851","General AI"
"W3136799519","computer vision"
"W2921485464","General AI"
"W3000394811","General AI"
"W2979443898","General AI"
"W2913237197","computer vision"
"W4306317025","graph neural networks"
"W4283211170","graph neural networks"
"W3026477862","General AI"
"W3013935691","General AI"
"W3207456925","General AI"
"W4361028617","natural language processing"
"W4361028617","transformer architecture"
"W3131648425","explainable ai"
"W3131648425","graph neural networks"
"W2986934761","General AI"
"W4306761071","General AI"
"W3104561293","computer vision"
"W2999362542","explainable ai"
"W4286218307","computer vision"
"W4283731290","natural language processing"
"W2969933026","General AI"
"W2998367975","graph neural networks"
"W2998367975","reinforcement learning"
"W3102750118","General AI"
"W2913651970","General AI"
"W3047327247","General AI"
"W2971544778","computer vision"
"W2971544778","federated learning"
"W2968094316","computer vision"
"W3025093231","General AI"
"W4292133488","computer vision"
"W4292133488","explainable ai"
"W4288777480","graph neural networks"
"W4288777480","neural architecture search"
"W3126329527","quantum ml"
"W2947412763","General AI"
"W4385576721","General AI"
"W3159028135","General AI"
"W4283264067","General AI"
"W2904666994","General AI"
"W3047833863","computer vision"
"W2925404235","General AI"
"W4319348251","General AI"
"W2908875379","General AI"
"W3181518724","graph neural networks"
"W4390509775","General AI"
"W3127927415","graph neural networks"
"W4206782395","graph neural networks"
"W2953053221","General AI"
"W2962444989","General AI"
"W2968293285","General AI"
"W3027870121","General AI"
"W2946322287","General AI"
"W4282831800","computer vision"
"W2964205597","General AI"
"W3134427152","General AI"
"W3159562783","generative ai"
"W4303579256","General AI"
"W3039300052","computer vision"
"W3039300052","explainable ai"
"W4317659206","generative ai"
"W3035414587","computer vision"
"W3034465384","General AI"
"W3194416978","General AI"
"W4220982217","General AI"
"W3049204557","General AI"
"W2994667816","generative ai"
"W2888317899","reinforcement learning"
"W4392240076","explainable ai"
"W3185456481","General AI"
"W4285166740","General AI"
"W4321608130","graph neural networks"
"W4376602823","General AI"
"W3098905200","General AI"
"W3001319253","General AI"
"W3204631755","General AI"
"W3015637290","General AI"
"W2888519878","General AI"
"W2990725379","General AI"
"W2920611841","computer vision"
"W4385732850","General AI"
"W2940802411","explainable ai"
"W2990954032","General AI"
"W3027542479","computer vision"
"W3005445327","General AI"
"W3095615238","General AI"
"W3030055324","General AI"
"W2968784654","General AI"
"W4405264897","graph neural networks"
"W3126813436","General AI"
"W3176850665","graph neural networks"
"W2947658250","General AI"
"W2943162653","General AI"
"W2942882625","computer vision"
"W3164403436","General AI"
"W2946771678","computer vision"
"W3042541362","computer vision"
"W4388103056","natural language processing"
"W4388103056","transformer architecture"
"W3104073206","General AI"
"W3123649662","General AI"
"W4383752013","graph neural networks"
"W4383752013","reinforcement learning"
"W3022885394","General AI"
"W3177802711","General AI"
"W2965860133","General AI"
"W4382239899","graph neural networks"
"W3113225429","graph neural networks"
"W3156321386","neural architecture search"
"W2917286209","General AI"
"W3042379185","General AI"
"W3112881537","General AI"
"W2985913519","General AI"
"W3006156918","natural language processing"
"W2985886590","computer vision"
"W3147001383","computer vision"
"W3147001383","natural language processing"
"W2972468666","computer vision"
"W3171541559","General AI"
"W2909327627","computer vision"
"W3007970939","General AI"
"W2919733445","computer vision"
"W3212132479","General AI"
"W3016847450","General AI"
"W3186514175","General AI"
"W2996836954","computer vision"
"W2963066159","graph neural networks"
"W3014245704","General AI"
"W3128476715","General AI"
"W2915149867","computer vision"
"W2994392280","General AI"
"W4310603653","General AI"
"W2972546487","General AI"
"W4313484972","General AI"
"W2988347076","General AI"
"W3000367805","computer vision"
"W3139306118","graph neural networks"
"W3024862066","General AI"
"W4385423139","General AI"
"W3036091573","General AI"
"W4376868034","General AI"
"W2923693308","General AI"
"W4220889533","generative ai"
"W3028499805","General AI"
"W2966362896","explainable ai"
"W3042426630","General AI"
"W3168967568","General AI"
"W4387405990","graph neural networks"
"W2919929668","generative ai"
"W2919929668","natural language processing"
"W3034457099","graph neural networks"
"W3144635834","explainable ai"
"W2899651173","General AI"
"W3164032021","General AI"
"W3034971973","computer vision"
"W3043133474","General AI"
"W3163895120","General AI"
"W4210242534","General AI"
"W4221001776","General AI"
"W2996691366","General AI"
"W4289865985","computer vision"
"W3086207594","graph neural networks"
"W2980801934","General AI"
"W4224319012","graph neural networks"
"W4382883431","General AI"
"W3022493227","computer vision"
"W4220731687","computer vision"
"W2907379776","General AI"
"W3085804088","computer vision"
"W4318570637","General AI"
"W3128301555","General AI"
"W3006210340","General AI"
"W3172135703","General AI"
"W2981977644","computer vision"
"W4379878854","natural language processing"
"W4379878854","transformer architecture"
"W2947151330","General AI"
"W4366188816","General AI"
"W3004220063","General AI"
"W3197417533","General AI"
"W3212135906","natural language processing"
"W4207051106","General AI"
"W2938113616","General AI"
"W4320712931","General AI"
"W2970357141","computer vision"
"W3007223525","General AI"
"W3129906305","generative ai"
"W3214264009","General AI"
"W2961429249","computer vision"
"W4360811013","General AI"
"W3152851547","computer vision"
"W2977117446","General AI"
"W2919910909","General AI"
"W2979650665","General AI"
"W3164439356","General AI"
"W2963748066","computer vision"
"W4229002315","General AI"
"W4387163553","General AI"
"W3094605956","generative ai"
"W3214401192","computer vision"
"W2799041689","General AI"
"W2996580859","General AI"
"W3156994078","graph neural networks"
"W2954499361","General AI"
"W2959526377","natural language processing"
"W3088257970","computer vision"
"W4308467154","General AI"
"W3201163885","General AI"
"W3042432496","General AI"
"W3024516740","General AI"
"W3047045277","General AI"
"W4306836169","graph neural networks"
"W3162881616","graph neural networks"
"W3092639985","General AI"
"W4390646484","General AI"
"W3006450303","computer vision"
"W2981898874","graph neural networks"
"W2931011950","General AI"
"W4381511236","General AI"
"W4396219753","General AI"
"W3213173707","General AI"
"W2914331134","computer vision"
"W2971017576","General AI"
"W2912623183","General AI"
"W3039236647","General AI"
"W3092631889","General AI"
"W3135148600","General AI"
"W3177348518","graph neural networks"
"W3174220540","General AI"
"W3016478929","General AI"
"W2922660557","computer vision"
"W4296993760","General AI"
"W3194647138","General AI"
"W3204369957","General AI"
"W4324057834","computer vision"
"W2928007866","General AI"
"W4385938203","graph neural networks"
"W4360831816","graph neural networks"
"W4382240023","graph neural networks"
"W3012591061","generative ai"
"W2922278676","computer vision"
"W3118968349","General AI"
"W4376612800","General AI"
"W3016286841","General AI"
"W3032158497","General AI"
"W2945027804","General AI"
"W2887976372","computer vision"
"W4226244379","General AI"
"W4291018439","General AI"
"W3161494350","General AI"
"W4245524709","computer vision"
"W4296780664","graph neural networks"
"W2981446616","General AI"
"W2914776782","computer vision"
"W4220820301","General AI"
"W3119755129","graph neural networks"
"W2936891363","General AI"
"W4316339986","General AI"
"W3036122989","General AI"
"W4317938178","computer vision"
"W2996450643","generative ai"
"W2996450643","graph neural networks"
"W4285742293","graph neural networks"
"W3119383401","General AI"
"W3213611010","General AI"
"W3009017856","General AI"
"W2970235396","graph neural networks"
"W3131444756","graph neural networks"
"W2963350032","General AI"
"W4376288669","General AI"
"W3012427268","generative ai"
"W3036436580","General AI"
"W2984025449","computer vision"
"W2981985696","computer vision"
"W2981985696","neural architecture search"
"W3125433491","General AI"
"W4322619914","General AI"
"W4213283694","General AI"
"W3138776401","General AI"
"W4289792861","General AI"
"W4293428666","computer vision"
"W3025996032","computer vision"
"W4390398374","General AI"
"W4285110335","General AI"
"W3008193677","General AI"
"W3129998940","graph neural networks"
"W3024360037","General AI"
"W3097777922","transformer architecture"
"W3108981297","General AI"
"W3013277995","General AI"
"W3194422450","General AI"
"W3009955364","computer vision"
"W3009955364","natural language processing"
"W4285606578","graph neural networks"
"W4307993301","computer vision"
"W4307993301","graph neural networks"
"W3214872094","graph neural networks"
"W4220795638","General AI"
"W3098363382","natural language processing"
"W3037607219","computer vision"
"W3037607219","quantum ml"
"W3138102940","generative ai"
"W3001215021","General AI"
"W3035447285","General AI"
"W2972326188","generative ai"
"W3041706899","General AI"
"W2990187711","computer vision"
"W4245384076","computer vision"
"W4386918931","General AI"
"W3007974554","federated learning"
"W3007974554","graph neural networks"
"W2914272072","computer vision"
"W3157103153","General AI"
"W4388333366","natural language processing"
"W4388333366","transformer architecture"
"W3088638817","General AI"
"W4308119165","General AI"
"W2927692314","General AI"
"W2921453769","computer vision"
"W2914483840","General AI"
"W3165574415","General AI"
"W3156576211","General AI"
"W4280534973","General AI"
"W3010952285","General AI"
"W3008574431","General AI"
"W2912302853","computer vision"
"W3013837254","General AI"
"W2942829333","computer vision"
"W2798890825","General AI"
"W3157342888","graph neural networks"
"W3148451833","General AI"
"W2972178360","General AI"
"W3196743383","General AI"
"W3025283958","General AI"
"W3143945924","generative ai"
"W3045580189","General AI"
"W3048879311","General AI"
"W2914568698","General AI"
"W2966218717","General AI"
"W3200377484","graph neural networks"
"W3177385106","graph neural networks"
"W4207017358","General AI"
"W3205538317","graph neural networks"
"W4384827671","General AI"
"W2914002162","General AI"
"W2993751684","computer vision"
"W2978378060","General AI"
"W3115008346","General AI"
"W2928318647","computer vision"
"W3015081725","General AI"
"W2985580374","General AI"
"W3115745466","General AI"
"W4387373263","General AI"
"W2998913931","graph neural networks"
"W2922174720","General AI"
"W3209128423","graph neural networks"
"W2914836117","General AI"
"W2920270483","General AI"
"W3104903508","General AI"
"W2922268266","computer vision"
"W3035558131","computer vision"
"W4380877164","General AI"
"W4376633190","General AI"
"W3092728304","General AI"
"W3039513141","computer vision"
"W2973569693","General AI"
"W4220839569","General AI"
"W3176353699","General AI"
"W3139657805","General AI"
"W4225995462","General AI"
"W2955134049","General AI"
"W3112589586","graph neural networks"
"W2936185297","generative ai"
"W3123303846","General AI"
"W4384129427","computer vision"
"W4303045583","General AI"
"W4224947643","graph neural networks"
"W3013960650","General AI"
"W3161224560","General AI"
"W3015284486","computer vision"
"W4392447866","generative ai"
"W3138204148","General AI"
"W3211614808","graph neural networks"
"W3211614808","natural language processing"
"W2927592310","computer vision"
"W3004838521","General AI"
"W3002137088","computer vision"
"W3002137088","transformer architecture"
"W2980226421","computer vision"
"W4285815555","computer vision"
"W3212613829","graph neural networks"
"W3212613829","natural language processing"
"W3006585575","General AI"
"W3089283090","General AI"
"W4395676247","graph neural networks"
"W2922733622","General AI"
"W3197435135","General AI"
"W3123639435","General AI"
"W4315767347","graph neural networks"
"W3156286751","federated learning"
"W3156286751","quantum ml"
"W2919841204","computer vision"
"W3189076644","graph neural networks"
"W3153882264","General AI"
"W3189898989","computer vision"
"W3189898989","graph neural networks"
"W4401692204","computer vision"
"W4401692204","graph neural networks"
"W4327600513","General AI"
"W3006187295","General AI"
"W4386347795","natural language processing"
"W4386347795","transformer architecture"
"W4214483364","graph neural networks"
"W4214483364","reinforcement learning"
"W2918223775","graph neural networks"
"W2923002376","General AI"
"W3133180923","graph neural networks"
"W2998639137","General AI"
"W4226067429","General AI"
"W3023856540","General AI"
"W4312236423","General AI"
"W2964881778","federated learning"
"W4360995349","General AI"
"W3175542430","generative ai"
"W4387258831","General AI"
"W3156302073","graph neural networks"
"W3156302073","neural architecture search"
"W3128585438","General AI"
"W2918084323","General AI"
"W4283749268","General AI"
"W3209047669","General AI"
"W4226244456","General AI"
"W2963908722","computer vision"
"W2986668407","General AI"
"W3111112601","General AI"
"W3030231317","General AI"
"W2972778598","General AI"
"W4281381643","generative ai"
"W4281381643","graph neural networks"
"W4366228214","generative ai"
"W2937484199","computer vision"
"W3003794402","generative ai"
"W4307540205","General AI"
"W2913330314","General AI"
"W4224937953","General AI"
"W2914108393","General AI"
"W2981840673","computer vision"
"W2981840673","natural language processing"
"W2921708219","General AI"
"W3173822881","General AI"
"W4365790371","General AI"
"W3114314572","General AI"
"W3025501158","computer vision"
"W3133901049","General AI"
"W3037480398","General AI"
"W4385567578","graph neural networks"
"W3035101080","computer vision"
"W3155284954","computer vision"
"W3155284954","natural language processing"
"W4392013171","General AI"
"W3173197060","General AI"
"W4285222884","graph neural networks"
"W4285222884","neural architecture search"
"W3192731655","computer vision"
"W3192731655","transformer architecture"
"W4380368491","graph neural networks"
"W4283163653","General AI"
"W2999863666","General AI"
"W2920016582","computer vision"
"W4221148143","graph neural networks"
"W4221148143","transformer architecture"
"W4224309748","graph neural networks"
"W4293026115","graph neural networks"
"W2918239264","computer vision"
"W2918239264","explainable ai"
"W3157984529","graph neural networks"
"W3171958173","graph neural networks"
"W3011664876","natural language processing"
"W3136945043","General AI"
"W4321480048","General AI"
"W3086301808","General AI"
"W2997308257","General AI"
"W3082411326","computer vision"
"W3082411326","generative ai"
"W4321506460","generative ai"
"W4389765784","General AI"
"W3037414627","computer vision"
"W3037414627","transformer architecture"
"W4323362845","General AI"
"W3137596107","General AI"
"W4390659172","graph neural networks"
"W2970904865","computer vision"
"W3014635233","General AI"
"W4290607622","General AI"
"W4389237989","General AI"
"W2912267671","General AI"
"W3135775894","General AI"
"W2921406441","computer vision"
"W3098755434","computer vision"
"W3046518446","federated learning"
"W3134843574","General AI"
"W4385751491","graph neural networks"
"W3013515824","computer vision"
"W3159295432","General AI"
"W4362699082","computer vision"
"W2918854598","computer vision"
"W2998524378","General AI"
"W4309737115","General AI"
"W4214913711","explainable ai"
"W4214913711","graph neural networks"
"W2920433906","General AI"
"W3134163647","neural architecture search"
"W3156959225","General AI"
"W4315641685","General AI"
"W2948527806","General AI"
"W3214112664","General AI"
"W2998184481","natural language processing"
"W2983831037","computer vision"
"W4281260434","graph neural networks"
"W3160021293","General AI"
"W2999869395","General AI"
"W3139159537","graph neural networks"
"W3022229613","generative ai"
"W3022229613","natural language processing"
"W3106887093","natural language processing"
"W3106887093","quantum ml"
"W3028075990","General AI"
"W2939053413","General AI"
"W4293527381","computer vision"
"W2997515054","General AI"
"W2945554622","General AI"
"W3214973351","natural language processing"
"W4225090121","graph neural networks"
"W2921388451","General AI"
"W3007550778","General AI"
"W3047611261","computer vision"
"W2964166963","neural architecture search"
"W3048959396","General AI"
"W4386494539","graph neural networks"
"W4313639719","graph neural networks"
"W4313639719","reinforcement learning"
"W3098708496","graph neural networks"
"W4205964412","General AI"
"W4296349030","General AI"
"W4303712284","General AI"
"W3005548505","General AI"
"W4285600332","graph neural networks"
"W4390583258","General AI"
"W3108914020","General AI"
"W3107312747","General AI"
"W2956423933","General AI"
"W2969713210","General AI"
"W2968830447","General AI"
"W2909737018","General AI"
"W3080422828","graph neural networks"
"W3213192039","computer vision"
"W3042945059","General AI"
"W3207969687","explainable ai"
"W3207969687","generative ai"
"W3027721908","General AI"
"W3015600294","General AI"
"W3091379954","General AI"
"W2966622305","General AI"
"W2979699288","General AI"
"W4221033272","graph neural networks"
"W3047327820","federated learning"
"W3138215796","graph neural networks"
"W2947209427","graph neural networks"
"W4313880353","General AI"
"W3213116167","graph neural networks"
"W3175597370","graph neural networks"
"W3102040318","General AI"
"W3003174479","General AI"
"W3035830381","General AI"
"W3190664711","graph neural networks"
"W3201153983","General AI"
"W2982936646","General AI"
"W2964167195","General AI"
"W2893892260","General AI"
"W3008291029","General AI"
"W2925142108","neural architecture search"
"W3198534342","graph neural networks"
"W3038476345","computer vision"
"W4210897777","computer vision"
"W4309502656","General AI"
"W3204467494","General AI"
"W4214836316","General AI"
"W3093861859","General AI"
"W4205561506","General AI"
"W2982358567","General AI"
"W2915945464","General AI"
"W3082001659","General AI"
"W4391721457","graph neural networks"
"W2971405760","General AI"
"W2965109930","General AI"
"W2986013765","General AI"
"W2982041622","General AI"
"W3208940117","generative ai"
"W4328096783","General AI"
"W2914969288","General AI"
"W3092149785","General AI"
"W4286009331","graph neural networks"
"W3014256346","General AI"
"W4303710087","General AI"
"W3033209670","General AI"
"W3034722190","graph neural networks"
"W3034722190","reinforcement learning"
"W2920805549","General AI"
"W3043661245","General AI"
"W2980272550","General AI"
"W3024903722","computer vision"
"W4221070022","graph neural networks"
"W4205832669","General AI"
"W4389751995","graph neural networks"
"W3196073975","graph neural networks"
"W2964603799","General AI"
"W4220785415","explainable ai"
"W3014733006","General AI"
"W3035108607","General AI"
"W4309009981","General AI"
"W3217139884","General AI"
"W3034297393","General AI"
"W4327681325","natural language processing"
"W4327681325","transformer architecture"
"W2991907795","General AI"
"W3137091226","General AI"
"W3137611682","General AI"
"W4213262259","General AI"
"W3003452346","General AI"
"W3018321396","General AI"
"W2968857122","computer vision"
"W3212385273","graph neural networks"
"W3031609778","graph neural networks"
"W3135685413","General AI"
"W4200147990","neural architecture search"
"W4312127970","graph neural networks"
"W3025177399","computer vision"
"W3165860937","General AI"
"W3119568095","General AI"
"W4312706139","federated learning"
"W3108847889","graph neural networks"
"W3157999218","General AI"
"W3105429705","General AI"
"W2935079508","computer vision"
"W4229336522","generative ai"
"W4229336522","graph neural networks"
"W2971162686","General AI"
"W3164987805","General AI"
"W3168465506","General AI"
"W4391968719","General AI"
"W2965058023","General AI"
"W2990995058","General AI"
"W3027431742","General AI"
"W2749772809","General AI"
"W2947736356","General AI"
"W3196871682","General AI"
"W3035616549","General AI"
"W3039422455","General AI"
"W3090277172","General AI"
"W3108111691","computer vision"
"W4318684505","graph neural networks"
"W4226108798","explainable ai"
"W4386003845","General AI"
"W3043327973","computer vision"
"W4320015823","federated learning"
"W4320015823","graph neural networks"
"W4220706376","reinforcement learning"
"W2957905354","General AI"
"W4321436564","natural language processing"
"W4321436564","transformer architecture"
"W4206346145","General AI"
"W3197040406","General AI"
"W3048297990","General AI"
"W2995786632","General AI"
"W3128497535","graph neural networks"
"W2971096721","General AI"
"W2981246174","General AI"
"W4312790010","General AI"
"W2916820451","computer vision"
"W4318540750","explainable ai"
"W4318540750","graph neural networks"
"W3024173558","explainable ai"
"W3091277511","General AI"
"W3081716527","explainable ai"
"W3081716527","generative ai"
"W2916245928","General AI"
"W2940216078","General AI"
"W4242037245","General AI"
"W2953473428","General AI"
"W2964646020","computer vision"
"W2998499403","General AI"
"W3216882927","General AI"
"W2954070528","graph neural networks"
"W3122269520","General AI"
"W3015448029","computer vision"
"W3047412441","graph neural networks"
"W2997514790","graph neural networks"
"W3035738233","General AI"
"W4315786100","General AI"
"W2963474852","General AI"
"W3211639647","explainable ai"
"W2981586399","General AI"
"W2977381217","General AI"
"W3021613070","General AI"
"W4229012946","General AI"
"W4285272621","graph neural networks"
"W2966450377","General AI"
"W2917896152","General AI"
"W2954123905","computer vision"
"W3036878841","General AI"
"W4401356519","graph neural networks"
"W4296420817","computer vision"
"W4388242026","graph neural networks"
"W3012417314","General AI"
"W4385453555","General AI"
"W2977666392","computer vision"
"W4360840406","natural language processing"
"W4360840406","transformer architecture"
"W2908783980","General AI"
"W4387409844","General AI"
"W4283811973","General AI"
"W3000307855","General AI"
"W2947177749","computer vision"
"W2947177749","generative ai"
"W4319831789","natural language processing"
"W4319831789","transformer architecture"
"W3195911184","General AI"
"W4284670866","computer vision"
"W4284670866","transformer architecture"
"W4400599071","General AI"
"W4380785532","graph neural networks"
"W3127977275","General AI"
"W2938809977","General AI"
"W4210761929","General AI"
"W3090128601","General AI"
"W2945989246","computer vision"
"W3007969083","computer vision"
"W3007969083","generative ai"
"W3095093830","computer vision"
"W2974551902","General AI"
"W4282971146","General AI"
"W2944042628","General AI"
"W3158324689","General AI"
"W3005630930","General AI"
"W2972243934","General AI"
"W3041983853","General AI"
"W3038044676","General AI"
"W3016244765","General AI"
"W2973449430","General AI"
"W4200042293","graph neural networks"
"W4281488040","General AI"
"W3095983064","General AI"
"W3011970623","computer vision"
"W2996722594","computer vision"
"W3209586559","computer vision"
"W2939031376","General AI"
"W3004984396","graph neural networks"
"W3004984396","natural language processing"
"W3215560629","graph neural networks"
"W3215560629","natural language processing"
"W3135792540","graph neural networks"
"W4308488364","General AI"
"W2902078856","computer vision"
"W3196353935","General AI"
"W4289533998","graph neural networks"
"W2920964209","computer vision"
"W2920964209","graph neural networks"
"W2766761849","General AI"
"W3110377484","generative ai"
"W3157605985","General AI"
"W3194841521","General AI"
"W4229082241","graph neural networks"
"W4229082241","transformer architecture"
"W3108274592","General AI"
"W3029036868","computer vision"
"W2967638906","General AI"
"W4312570848","graph neural networks"
"W3016399951","natural language processing"
"W3081407997","General AI"
"W4226546757","General AI"
"W3138337643","graph neural networks"
"W4213445806","graph neural networks"
"W4213445806","natural language processing"
"W4387815597","General AI"
"W3034855613","General AI"
"W2938308298","General AI"
"W3173865241","generative ai"
"W3006682208","General AI"
"W4290876516","graph neural networks"
"W2912457762","General AI"
"W2910165844","General AI"
"W3035119815","generative ai"
"W3035119815","natural language processing"
"W2921947583","computer vision"
"W4394918443","General AI"
"W3161944108","graph neural networks"
"W4230092254","computer vision"
"W2974089311","General AI"
"W4293261951","generative ai"
"W4293261951","natural language processing"
"W4396774040","General AI"
"W3003486042","quantum ml"
"W2995683363","computer vision"
"W4291511624","General AI"
"W4315708854","graph neural networks"
"W4281781430","generative ai"
"W4281781430","graph neural networks"
"W4389259745","General AI"
"W4304688778","General AI"
"W3029176123","General AI"
"W2965625921","General AI"
"W3012755169","computer vision"
"W3114591654","computer vision"
"W3140120701","General AI"
"W4210312870","General AI"
"W3034618665","graph neural networks"
"W2982822400","General AI"
"W4396723396","graph neural networks"
"W3009515248","General AI"
"W3005641848","General AI"
"W3158362813","graph neural networks"
"W3003137894","General AI"
"W3184654054","computer vision"
"W2972970334","computer vision"
"W3154650405","computer vision"
"W3000681136","General AI"
"W4308413782","General AI"
"W3040855861","General AI"
"W3000369451","General AI"
"W4389495241","graph neural networks"
"W3045742910","General AI"
"W3019193937","General AI"
"W2995409103","General AI"
"W4290945572","graph neural networks"
"W3088063380","General AI"
"W2913204420","General AI"
"W2991713810","General AI"
"W3044837284","General AI"
"W4318975427","General AI"
"W2960854905","General AI"
"W4226088469","explainable ai"
"W4226088469","graph neural networks"
"W2929565236","General AI"
"W2987656958","General AI"
"W3189940786","General AI"
"W4283156058","General AI"
"W3110512320","General AI"
"W3049508719","General AI"
"W2968422580","graph neural networks"
"W3168740456","General AI"
"W4394884079","General AI"
"W3000469142","General AI"
"W3089673203","General AI"
"W4388851105","computer vision"
"W3000627240","computer vision"
"W4206046745","graph neural networks"
"W4206046745","natural language processing"
"W3011281789","General AI"
"W4390807037","General AI"
"W4321504597","computer vision"
"W4293581802","graph neural networks"
"W3032218674","General AI"
"W4285071988","General AI"
"W4294982537","graph neural networks"
"W4310386991","General AI"
"W2981502071","computer vision"
"W3180986738","graph neural networks"
"W2955739827","generative ai"
"W3006030984","General AI"
"W2916452242","computer vision"
"W2997421965","transformer architecture"
"W4210248601","computer vision"
"W3028393291","computer vision"
"W2909984890","computer vision"
"W3094245237","General AI"
"W4294688230","graph neural networks"
"W3206742358","generative ai"
"W3134997278","General AI"
"W4221053610","General AI"
"W2912322140","General AI"
"W3035434890","General AI"
"W4281829192","General AI"
"W3199209374","General AI"
"W3033172120","General AI"
"W3177314351","General AI"
"W2931331224","computer vision"
"W2970959587","General AI"
"W3025050498","General AI"
"W3014605657","graph neural networks"
"W3014605657","natural language processing"
"W3213330817","General AI"
"W3186118520","General AI"
"W3163893137","generative ai"
"W3031914912","General AI"
"W2935748854","General AI"
"W3192807145","General AI"
"W2935090763","General AI"
"W2979957913","computer vision"
"W4313213566","General AI"
"W4309471863","General AI"
"W2953332970","natural language processing"
"W3082837871","General AI"
"W3021654819","federated learning"
"W4388870365","General AI"
"W3035926446","General AI"
"W2994028939","General AI"
"W3203356073","General AI"
"W4284962373","generative ai"
"W4313200296","graph neural networks"
"W4221029921","graph neural networks"
"W3127206578","neural architecture search"
"W2936718694","computer vision"
"W2936718694","generative ai"
"W3035046117","General AI"
"W2962736999","General AI"
"W3199205423","General AI"
"W4200610765","computer vision"
"W4200610765","graph neural networks"
"W4386727162","computer vision"
"W3198971962","graph neural networks"
"W3165665091","computer vision"
"W3165665091","graph neural networks"
"W3039545596","General AI"
"W3011974631","General AI"
"W2981116508","General AI"
"W2954507261","General AI"
"W3018262553","General AI"
"W3003874400","graph neural networks"
"W4385755820","computer vision"
"W4318559680","General AI"
"W2929968583","computer vision"
"W2950072808","computer vision"
"W3027501833","explainable ai"
"W3194176103","General AI"
"W3216922697","General AI"
"W3137245688","General AI"
"W2966533690","General AI"
"W2949257317","computer vision"
"W4398243663","General AI"
"W4292157886","General AI"
"W3094459042","General AI"
"W2932524182","General AI"
"W2969340476","computer vision"
"W2965446359","explainable ai"
"W2998997213","General AI"
"W2969072345","General AI"
"W3093469966","General AI"
"W3134738404","computer vision"
"W3134738404","graph neural networks"
"W2992137891","graph neural networks"
"W2971211885","General AI"
"W2967497108","computer vision"
"W3088785240","generative ai"
"W2984488829","graph neural networks"
"W4205192056","generative ai"
"W4205192056","natural language processing"
"W4291002587","General AI"
"W4285006516","General AI"
"W2964268190","General AI"
"W3185153723","General AI"
"W4224324201","graph neural networks"
"W3129738317","General AI"
"W4312521712","federated learning"
"W4312521712","graph neural networks"
"W3145208339","General AI"
"W2974781999","General AI"
"W3207760869","generative ai"
"W2946048316","computer vision"
"W3084521418","computer vision"
"W3021214012","General AI"
"W2992665713","General AI"
"W4307844701","graph neural networks"
"W2912023992","General AI"
"W2949980035","General AI"
"W4311248875","General AI"
"W3029168934","natural language processing"
"W3037121381","General AI"
"W2943270518","computer vision"
"W3017142502","computer vision"
"W4391943312","General AI"
"W3119948327","General AI"
"W2944604179","General AI"
"W3040894825","General AI"
"W3048669449","General AI"
"W2940261095","computer vision"
"W4402988539","natural language processing"
"W2955553380","General AI"
"W4225394315","generative ai"
"W4317776703","General AI"
"W3041038332","natural language processing"
"W4322762903","graph neural networks"
"W3110015110","computer vision"
"W3110015110","generative ai"
"W3016632787","federated learning"
"W2913845322","General AI"
"W4400948754","General AI"
"W4313837217","General AI"
"W2955306557","computer vision"
"W3173068042","computer vision"
"W3016786410","General AI"
"W3155184874","federated learning"
"W3211148265","computer vision"
"W3211148265","quantum ml"
"W4226283934","graph neural networks"
"W4317536051","graph neural networks"
"W3201087642","graph neural networks"
"W2999721377","General AI"
"W3090491025","General AI"
"W3019262619","graph neural networks"
"W3198679646","reinforcement learning"
"W4283023357","General AI"
"W3042689945","General AI"
"W2910830939","General AI"
"W4377291971","General AI"
"W4287367114","General AI"
"W3162886737","General AI"
"W3185374659","generative ai"
"W3185374659","graph neural networks"
"W3123930234","General AI"
"W4367175039","natural language processing"
"W4367175039","transformer architecture"
"W3007221758","General AI"
"W2964390258","graph neural networks"
"W2950250245","General AI"
"W3200358847","computer vision"
"W3161325351","General AI"
"W2949955266","General AI"
"W3130994100","General AI"
"W2952817546","General AI"
"W2946596023","General AI"
"W4224236647","generative ai"
"W4224236647","graph neural networks"
"W2953193031","computer vision"
"W3155397358","General AI"
"W3009216045","computer vision"
"W3013685828","General AI"
"W3008109267","General AI"
"W2963602521","General AI"
"W2991138092","explainable ai"
"W3208099188","General AI"
"W4281847108","graph neural networks"
"W2913214568","General AI"
"W2946302218","General AI"
"W2969688067","General AI"
"W4387415062","graph neural networks"
"W3132698319","General AI"
"W2971778960","General AI"
"W3110217478","graph neural networks"
"W4283328482","graph neural networks"
"W3095372661","General AI"
"W3029385555","computer vision"
"W2904832339","graph neural networks"
"W2918598256","computer vision"
"W4309506674","General AI"
"W2961130995","General AI"
"W3014788674","neural architecture search"
"W2977601947","General AI"
"W2951458873","General AI"
"W4362627411","graph neural networks"
"W2998578058","General AI"
"W2955205099","graph neural networks"
"W2955205099","transformer architecture"
"W3197908690","General AI"
"W3160464195","natural language processing"
"W2945622688","computer vision"
"W2980513133","General AI"
"W3136366794","General AI"
"W3093991637","General AI"
"W3196012972","graph neural networks"
"W3092848027","General AI"
"W4221059529","General AI"
"W3007927169","generative ai"
"W2954731382","General AI"
"W2914940847","General AI"
"W2943723147","computer vision"
"W3196330507","General AI"
"W2962975009","General AI"
"W3008479721","General AI"
"W3039232647","explainable ai"
"W3003689553","computer vision"
"W3003689553","neural architecture search"
"W2998696623","General AI"
"W4394582003","generative ai"
"W4385439174","reinforcement learning"
"W3117699358","General AI"
"W4200195738","generative ai"
"W3015869497","General AI"
"W3031648794","General AI"
"W2980149757","computer vision"
"W3011178854","General AI"
"W3138861928","General AI"
"W4252617674","General AI"
"W4391243055","quantum ml"
"W4281624973","graph neural networks"
"W3152949549","graph neural networks"
"W2939880928","computer vision"
"W2797356168","General AI"
"W3174311899","General AI"
"W3013557734","General AI"
"W4385319720","natural language processing"
"W4385319720","transformer architecture"
"W2903803738","General AI"
"W4400037660","computer vision"
"W4389831224","General AI"
"W3080515170","General AI"
"W4291793058","General AI"
"W4313591402","graph neural networks"
"W2911835721","General AI"
"W4206945061","General AI"
"W3199723057","graph neural networks"
"W4210860478","graph neural networks"
"W3045200674","graph neural networks"
"W3014380129","computer vision"
"W4213164841","graph neural networks"
"W2967729586","natural language processing"
"W3034390803","explainable ai"
"W3159104979","General AI"
"W3108118145","General AI"
"W4206241865","computer vision"
"W4206241865","graph neural networks"
"W3171412022","graph neural networks"
"W3159590571","computer vision"
"W4319455582","General AI"
"W2965846681","General AI"
"W4388834713","General AI"
"W3105472188","General AI"
"W3047806505","computer vision"
"W3015520332","computer vision"
"W4251361495","General AI"
"W4226119281","graph neural networks"
"W2975154836","General AI"
"W4225746601","General AI"
"W2989630530","generative ai"
"W4220877954","General AI"
"W3210002453","General AI"
"W2911053187","computer vision"
"W2911053187","neural architecture search"
"W3169517138","generative ai"
"W2945583287","General AI"
"W4280572290","computer vision"
"W4280572290","graph neural networks"
"W4281678391","computer vision"
"W3165163721","General AI"
"W4223611486","General AI"
"W2969545244","computer vision"
"W4281625651","General AI"
"W4313598843","graph neural networks"
"W2976945603","graph neural networks"
"W4392894919","generative ai"
"W4392894919","natural language processing"
"W4315697727","General AI"
"W2970266365","General AI"
"W3194282450","computer vision"
"W3104061658","computer vision"
"W2951639995","General AI"
"W3186197713","explainable ai"
"W4200045082","General AI"
"W4404301906","graph neural networks"
"W4309830359","graph neural networks"
"W2807764398","General AI"
"W2976282159","computer vision"
"W3191934798","General AI"
"W4311080353","graph neural networks"
"W3007066689","generative ai"
"W3114833554","generative ai"
"W2962701877","computer vision"
"W2911282375","computer vision"
"W4385562708","graph neural networks"
"W4283268983","explainable ai"
"W2900296094","General AI"
"W4206550328","generative ai"
"W2963101290","General AI"
"W2997478959","graph neural networks"
"W2911396267","General AI"
"W4403658469","explainable ai"
"W4317910584","natural language processing"
"W4317910584","transformer architecture"
"W4319754774","General AI"
"W2982648802","graph neural networks"
"W2913608349","federated learning"
"W3162672535","General AI"
"W3003067960","computer vision"
"W4221107766","graph neural networks"
"W2810195925","General AI"
"W4383092673","General AI"
"W3134315323","graph neural networks"
"W3212604410","transformer architecture"
"W3043278179","General AI"
"W2947047078","computer vision"
"W2998014518","General AI"
"W3089381104","General AI"
"W2944309093","General AI"
"W4381805319","General AI"
"W4296569566","graph neural networks"
"W3043990051","graph neural networks"
"W2992359756","General AI"
"W3129166671","generative ai"
"W3129166671","graph neural networks"
"W4296341479","General AI"
"W2998340595","General AI"
"W4387968049","graph neural networks"
"W4313650676","explainable ai"
"W2967766509","General AI"
"W3035986928","General AI"
"W2941799245","natural language processing"
"W4294489618","General AI"
"W3022163878","General AI"
"W3137609883","General AI"
"W3014859219","computer vision"
"W3004942926","General AI"
"W3168693657","General AI"
"W4225739994","natural language processing"
"W2962737505","General AI"
"W3001039722","General AI"
"W2971892976","General AI"
"W2963200533","General AI"
"W4310059354","General AI"
"W3168231499","General AI"
"W3134615919","General AI"
"W2903650079","General AI"
"W4285247025","General AI"
"W3044592640","General AI"
"W3121452223","General AI"
"W2979434725","General AI"
"W2981272655","General AI"
"W2965097915","General AI"
"W3157966460","General AI"
"W3018342886","General AI"
"W3182158470","federated learning"
"W2981992989","General AI"
"W4311372995","natural language processing"
"W3020257619","generative ai"
"W2979404457","General AI"
"W4313332248","General AI"
"W4321377319","explainable ai"
"W3113150236","General AI"
"W4392611940","computer vision"
"W4366780972","generative ai"
"W3188776388","General AI"
"W3048064159","computer vision"
"W3034283122","General AI"
"W3038699438","General AI"
"W4280623858","General AI"
"W3133752603","General AI"
"W3102889971","computer vision"
"W2884164956","General AI"
"W4280521970","General AI"
"W3010923682","computer vision"
"W2988203096","generative ai"
"W4293199323","graph neural networks"
"W4315928370","graph neural networks"
"W3096451393","General AI"
"W2987501367","General AI"
"W3127020663","General AI"
"W2980454061","General AI"
"W3202920624","General AI"
"W3047314667","General AI"
"W4312728416","graph neural networks"
"W3198148990","explainable ai"
"W3035366542","General AI"
"W3010852232","federated learning"
"W3010852232","generative ai"
"W3093190107","General AI"
"W2980852587","General AI"
"W4313598884","graph neural networks"
"W4200206556","General AI"
"W3087245954","General AI"
"W2979478843","General AI"
"W3171849353","explainable ai"
"W3117528324","graph neural networks"
"W2970332685","computer vision"
"W2945957599","computer vision"
"W2973673960","computer vision"
"W3043870366","General AI"
"W3081464307","neural architecture search"
"W2999183762","General AI"
"W3157477640","General AI"
"W3021511960","General AI"
"W4312923835","computer vision"
"W4205796731","General AI"
"W3005260862","General AI"
"W4381309178","General AI"
"W4392754729","generative ai"
"W2996234473","computer vision"
"W3089968098","General AI"
"W4290943435","graph neural networks"
"W2983807332","General AI"
"W3209850868","General AI"
"W2958537367","computer vision"
"W3098557217","General AI"
"W2909953525","General AI"
"W4295755385","computer vision"
"W3013795354","General AI"
"W4382932798","General AI"
"W3110147505","generative ai"
"W3086755561","computer vision"
"W2967468707","General AI"
"W3088687225","General AI"
"W3207648312","General AI"
"W4400098547","General AI"
"W2951279763","General AI"
"W4372311383","General AI"
"W3193266809","General AI"
"W4220677561","computer vision"
"W4214951654","computer vision"
"W4214951654","natural language processing"
"W3138883064","General AI"
"W4299293190","General AI"
"W3033182043","General AI"
"W4226327328","natural language processing"
"W4226327328","transformer architecture"
"W4283835473","General AI"
"W3117906366","General AI"
"W4385273640","graph neural networks"
"W3195585048","General AI"
"W3140377724","General AI"
"W4317743691","General AI"
"W2948346016","computer vision"
"W4224318518","explainable ai"
"W3049675384","General AI"
"W3004765419","General AI"
"W4285138331","graph neural networks"
"W4235892290","General AI"
"W3045628539","computer vision"
"W4296746241","graph neural networks"
"W3093086118","General AI"
"W4293154704","explainable ai"
"W3157639148","graph neural networks"
"W3016421455","General AI"
"W4206966126","General AI"
"W3097734923","General AI"
"W3009764464","computer vision"
"W2939289155","neural architecture search"
"W3120093105","General AI"
"W3015351929","General AI"
"W3197052056","General AI"
"W3036033449","General AI"
"W2788484525","General AI"
"W4283393307","General AI"
"W2986975783","General AI"
"W2981598692","General AI"
"W3026381557","computer vision"
"W2971524931","computer vision"
"W3037482866","General AI"
"W4241886362","General AI"
"W4282821489","graph neural networks"
"W4296338020","graph neural networks"
"W2943053834","General AI"
"W2537619949","General AI"
"W4390692039","computer vision"
"W3022243115","General AI"
"W3021827168","computer vision"
"W4280488363","General AI"
"W2934123712","computer vision"
"W3003395231","General AI"
"W3162001942","graph neural networks"
"W2969376125","General AI"
"W3094390815","graph neural networks"
"W3046975334","General AI"
"W3097933861","General AI"
"W3008233702","General AI"
"W4391098453","General AI"
"W3192495768","General AI"
"W4392452942","General AI"
"W4286432986","explainable ai"
"W4390671307","General AI"
"W2985576648","graph neural networks"
"W3113229535","General AI"
"W3167324598","General AI"
"W3135642867","General AI"
"W3180632644","computer vision"
"W3180632644","transformer architecture"
"W3146944767","natural language processing"
"W2996106349","General AI"
"W4319338650","graph neural networks"
"W4319338650","neural architecture search"
"W4309321702","computer vision"
"W3217138267","General AI"
"W3135872251","General AI"
"W2913838929","General AI"
"W4380786758","generative ai"
"W4380786758","graph neural networks"
"W3111295039","General AI"
"W4213199992","General AI"
"W4390075187","graph neural networks"
"W2946712695","General AI"
"W3037618930","General AI"
"W3012934857","generative ai"
"W2942443328","General AI"
"W3025045095","General AI"
"W3174585210","General AI"
"W4296746025","General AI"
"W3012651379","General AI"
"W2968809615","General AI"
"W3007523155","General AI"
"W3187604511","General AI"
"W3006730468","General AI"
"W3016719260","computer vision"
"W2983010557","graph neural networks"
"W4210356871","graph neural networks"
"W3153315752","General AI"
"W2987173766","General AI"
"W2946589087","computer vision"
"W3118299025","General AI"
"W2915159483","computer vision"
"W2941806810","neural architecture search"
"W2927739223","General AI"
"W3173365306","graph neural networks"
"W4313597799","General AI"
"W4378528083","General AI"
"W3010821291","General AI"
"W3046549628","General AI"
"W4306317696","graph neural networks"
"W3192084854","graph neural networks"
"W4211178993","computer vision"
"W3000239480","General AI"
"W3181131554","computer vision"
"W3181131554","natural language processing"
"W4390837884","General AI"
"W3025204993","General AI"
"W4200096115","computer vision"
"W2964287450","General AI"
"W2970929262","graph neural networks"
"W3200286571","computer vision"
"W2939191944","General AI"
"W4380303551","graph neural networks"
"W4200505254","explainable ai"
"W2914106530","General AI"
"W4200136078","General AI"
"W4391312451","General AI"
"W2999446243","computer vision"
"W4313886477","General AI"
"W2915725179","General AI"
"W4403649501","General AI"
"W4321499901","natural language processing"
"W4321499901","transformer architecture"
"W2995733224","graph neural networks"
"W3193056147","graph neural networks"
"W3106616149","graph neural networks"
"W3021329907","General AI"
"W3080295236","General AI"
"W3043813914","computer vision"
"W3017209650","General AI"
"W4308897973","General AI"
"W2940867124","General AI"
"W4318718170","General AI"
"W3122236046","General AI"
"W3095632750","generative ai"
"W4319990461","federated learning"
"W4319990461","graph neural networks"
"W2956261360","General AI"
"W4313591247","General AI"
"W4288057716","graph neural networks"
"W2958682939","General AI"
"W2963973018","computer vision"
"W3132028354","graph neural networks"
"W3000301330","General AI"
"W3143398491","General AI"
"W3116184205","computer vision"
"W2938719104","computer vision"
"W2999930990","General AI"
"W3189432583","graph neural networks"
"W3033455154","generative ai"
"W2986984881","computer vision"
"W4393308843","natural language processing"
"W4393308843","transformer architecture"
"W3160258528","General AI"
"W4225302766","General AI"
"W3002768791","General AI"
"W4283313119","General AI"
"W3015903302","computer vision"
"W3204622772","graph neural networks"
"W4309009637","explainable ai"
"W4309009637","graph neural networks"
"W2913977338","transformer architecture"
"W2910443141","General AI"
"W3004079980","General AI"
"W2998508940","computer vision"
"W4311008334","graph neural networks"
"W3009338239","General AI"
"W3161263649","generative ai"
"W4399054302","General AI"
"W2966011162","computer vision"
"W2983811903","General AI"
"W3013163434","General AI"
"W2909962776","General AI"
"W2962946486","computer vision"
"W2962946486","graph neural networks"
"W3215484246","General AI"
"W2990856437","generative ai"
"W2921710869","computer vision"
"W4390979934","General AI"
"W3081707209","General AI"
"W3122806818","General AI"
"W4288438259","graph neural networks"
"W2963589681","computer vision"
"W3168798228","General AI"
"W3213226375","natural language processing"
"W4205527732","General AI"
"W3120255685","General AI"
"W3193836989","General AI"
"W3081066422","General AI"
"W4220662349","General AI"
"W3098620325","General AI"
"W4286209802","General AI"
"W3201952397","computer vision"
"W3201952397","explainable ai"
"W3034024180","computer vision"
"W3025313534","General AI"
"W4225328503","graph neural networks"
"W4214881823","General AI"
"W4214600173","General AI"
"W2926295867","reinforcement learning"
"W4389113368","General AI"
"W2974658886","General AI"
"W4282916733","General AI"
"W3187966659","graph neural networks"
"W3175578024","General AI"
"W3007690081","General AI"
"W4389445778","General AI"
"W2909481502","computer vision"
"W2909481502","generative ai"
"W3044352330","General AI"
"W3030508559","General AI"
"W3085364681","General AI"
"W3005526854","generative ai"
"W3035433808","computer vision"
"W4404788945","General AI"
"W4200224444","General AI"
"W3020597450","graph neural networks"
"W3015101934","computer vision"
"W4220898392","General AI"
"W3081229243","General AI"
"W3209416355","General AI"
"W3028544364","General AI"
"W4283825488","General AI"
"W2946313203","computer vision"
"W3081748421","General AI"
"W4378942422","graph neural networks"
"W4303645465","General AI"
"W2937350470","computer vision"
"W4390171501","General AI"
"W3048084597","graph neural networks"
"W3089831155","General AI"
"W3033382214","General AI"
"W3027288733","General AI"
"W3082499117","General AI"
"W2609880332","computer vision"
"W3084979415","General AI"
"W3201854521","explainable ai"
"W3028252789","generative ai"
"W3016187692","computer vision"
"W2955518678","computer vision"
"W3121678941","General AI"
"W3207084381","computer vision"
"W2990879514","General AI"
"W4293218370","General AI"
"W3045625006","computer vision"
"W2998262898","quantum ml"
"W4319302797","General AI"
"W4388562675","graph neural networks"
"W4386076442","graph neural networks"
"W2997613820","General AI"
"W3164419424","General AI"
"W2944848758","General AI"
"W2946916415","General AI"
"W3207872601","generative ai"
"W4386405611","General AI"
"W2924913851","General AI"
"W3210249909","graph neural networks"
"W3215127363","computer vision"
"W2954674884","General AI"
"W4313591758","General AI"
"W2970584612","General AI"
"W4366086142","explainable ai"
"W4385218718","computer vision"
"W3171146512","General AI"
"W2997298686","General AI"
"W3025953162","General AI"
"W2997809778","computer vision"
"W4306317259","graph neural networks"
"W4229006505","General AI"
"W2996730279","General AI"
"W2996654865","General AI"
"W3083756345","computer vision"
"W3137333070","General AI"
"W4380358573","General AI"
"W3096695019","General AI"
"W3094105990","explainable ai"
"W3001859009","computer vision"
"W3001859009","graph neural networks"
"W4220862791","graph neural networks"
"W2965580012","General AI"
"W4390190093","computer vision"
"W4390190093","graph neural networks"
"W3210910782","graph neural networks"
"W3035520955","graph neural networks"
"W4386450219","General AI"
"W3128819993","General AI"
"W3120992226","computer vision"
"W3001128645","General AI"
"W3047250172","General AI"
"W4200236940","General AI"
"W3137188301","computer vision"
"W3137188301","graph neural networks"
"W4225114726","General AI"
"W3049375016","computer vision"
"W3027975282","General AI"
"W2999127310","General AI"
"W4315474421","graph neural networks"
"W4315474421","reinforcement learning"
"W4289821776","graph neural networks"
"W4229015798","General AI"
"W2972160171","General AI"
"W4224063048","General AI"
"W4306317244","graph neural networks"
"W3153206160","graph neural networks"
"W3126247501","computer vision"
"W3126247501","reinforcement learning"
"W3128157164","General AI"
"W2996015584","General AI"
"W2948676181","computer vision"
"W3025080732","General AI"
"W2963294168","computer vision"
"W4386871420","graph neural networks"
"W4205382418","General AI"
"W4310118256","General AI"
"W2923129012","General AI"
"W3029848232","neural architecture search"
"W3186028383","General AI"
"W3047607512","General AI"
"W3026568256","General AI"
"W2970132321","General AI"
"W2924182888","General AI"
"W3042616902","General AI"
"W3161287041","General AI"
"W3007945801","General AI"
"W3082999445","General AI"
"W3006165800","General AI"
"W3080406710","computer vision"
"W4290944486","graph neural networks"
"W4225378553","General AI"
"W4403494582","graph neural networks"
"W3166619165","graph neural networks"
"W3118234491","computer vision"
"W3000769608","General AI"
"W3103689700","General AI"
"W3110169070","General AI"
"W2955219525","neural architecture search"
"W4220726206","General AI"
"W3041245212","explainable ai"
"W2994987245","General AI"
"W4312705522","computer vision"
"W4379057711","General AI"
"W3037879526","General AI"
"W2992716901","General AI"
"W2974726644","General AI"
"W2954372680","General AI"
"W4393007161","General AI"
"W2915811296","General AI"
"W3007642752","General AI"
"W3158498525","graph neural networks"
"W4205201623","natural language processing"
"W3196093339","General AI"
"W4308351818","General AI"
"W3158906645","graph neural networks"
"W2963319203","General AI"
"W3015858546","computer vision"
"W4387949708","General AI"
"W3047312460","General AI"
"W4318571163","General AI"
"W2940425080","General AI"
"W3167057282","General AI"
"W3170268576","graph neural networks"
"W3138634112","computer vision"
"W4206333838","General AI"
"W4367311040","computer vision"
"W4367311040","graph neural networks"
"W4223643457","General AI"
"W3134269260","computer vision"
"W2994111940","computer vision"
"W2994111940","federated learning"
"W3015636663","federated learning"
"W2997192890","General AI"
"W3155418065","General AI"
"W3082603384","General AI"
"W2947764583","natural language processing"
"W2954826798","computer vision"
"W4307244323","computer vision"
"W4379416244","natural language processing"
"W4379416244","transformer architecture"
"W2965565691","computer vision"
"W2997353220","General AI"
"W3026607820","General AI"
"W2987499710","computer vision"
"W3041990891","General AI"
"W2997541400","computer vision"
"W3093681468","explainable ai"
"W4315750576","graph neural networks"
"W3182706339","General AI"
"W2972658439","General AI"
"W3030374887","General AI"
"W3003933818","General AI"
"W3190382256","General AI"
"W2981072058","computer vision"
"W3197429751","General AI"
"W3138769367","General AI"
"W4292738040","graph neural networks"
"W4387950352","natural language processing"
"W4387950352","transformer architecture"
"W3131584643","General AI"
"W3107538751","General AI"
"W3097291122","computer vision"
"W4321093998","quantum ml"
"W2991261860","General AI"
"W4377020544","General AI"
"W3089780760","General AI"
"W4205126801","graph neural networks"
"W4385348479","General AI"
"W4246948871","generative ai"
"W3161731903","explainable ai"
"W3133814806","General AI"
"W3194600507","General AI"
"W3034390843","generative ai"
"W3030829226","quantum ml"
"W3087070249","General AI"
"W3173506890","computer vision"
"W4210870577","graph neural networks"
"W4285390635","quantum ml"
"W3214393594","General AI"
"W4313826410","General AI"
"W4283032119","generative ai"
"W2983123278","General AI"
"W3189825284","graph neural networks"
"W3105843050","General AI"
"W4383553153","General AI"
"W3092422480","computer vision"
"W4206538949","computer vision"
"W3038342299","General AI"
"W2999209878","computer vision"
"W3093382133","General AI"
"W3005417975","generative ai"
"W3143658565","General AI"
"W2981408784","computer vision"
"W2997457044","General AI"
"W4390591490","graph neural networks"
"W3046135843","General AI"
"W4210997151","General AI"
"W2903139904","computer vision"
"W4220711076","General AI"
"W2945306488","General AI"
"W3209597191","explainable ai"
"W3209597191","graph neural networks"
"W3124761574","explainable ai"
"W4365513113","General AI"
"W3008078642","generative ai"
"W2968488180","General AI"
"W2977861455","General AI"
"W3108010663","General AI"
"W4281710609","General AI"
"W2944797722","General AI"
"W3022599378","General AI"
"W4294643517","General AI"
"W2925145055","General AI"
"W4281693361","General AI"
"W2982215737","General AI"
"W3158456479","generative ai"
"W4281884876","graph neural networks"
"W3035397262","graph neural networks"
"W4292958735","General AI"
"W3208403094","graph neural networks"
"W2982255332","General AI"
"W4294068674","federated learning"
"W4294068674","graph neural networks"
"W2997043451","General AI"
"W4391514872","General AI"
"W3021359670","generative ai"
"W4392024605","graph neural networks"
"W3014468003","General AI"
"W3046206109","General AI"
"W2945576057","computer vision"
"W4393157120","graph neural networks"
"W2991791649","General AI"
"W4312220016","General AI"
"W3148433189","General AI"
"W2923554444","General AI"
"W3016598598","computer vision"
"W3217476834","General AI"
"W3012113073","computer vision"
"W3203511368","graph neural networks"
"W2997156230","graph neural networks"
"W3041874307","generative ai"
"W4205144643","General AI"
"W3033154929","computer vision"
"W2963539531","General AI"
"W3145098975","computer vision"
"W4387440840","graph neural networks"
"W3084233918","General AI"
"W3023069697","General AI"
"W3192223999","General AI"
"W4392564168","explainable ai"
"W4392564168","graph neural networks"
"W3154941836","General AI"
"W4389479350","computer vision"
"W3190284897","General AI"
"W3175301415","graph neural networks"
"W3175301415","natural language processing"
"W2966057938","General AI"
"W4405429544","graph neural networks"
"W3109256480","General AI"
"W3152894225","General AI"
"W4328133444","General AI"
"W3031948080","computer vision"
"W3178603264","General AI"
"W2988396473","computer vision"
"W4205143667","graph neural networks"
"W2911922741","General AI"
"W4224299147","General AI"
"W2910081881","General AI"
"W3093225483","General AI"
"W2971689172","General AI"
"W2890650850","computer vision"
"W4313889327","graph neural networks"
"W4327606279","General AI"
"W4353065333","graph neural networks"
"W3155214469","General AI"
"W2945742768","General AI"
"W2946073460","General AI"
"W3213384164","General AI"
"W3129758652","General AI"
"W2975104894","General AI"
"W4210513286","computer vision"
"W4210513286","graph neural networks"
"W2986545685","General AI"
"W4225498598","General AI"
"W2966311710","General AI"
"W3212883348","computer vision"
"W2968729886","computer vision"
"W4285800514","computer vision"
"W2947431583","computer vision"
"W4282041110","General AI"
"W3193024002","computer vision"
"W4283170759","explainable ai"
"W4283170759","generative ai"
"W3199585733","explainable ai"
"W2912783011","General AI"
"W4283704460","General AI"
"W3183517106","General AI"
"W2915229515","computer vision"
"W4214898695","General AI"
"W3129125493","computer vision"
"W3129125493","natural language processing"
"W3131454842","generative ai"
"W2989226760","General AI"
"W2948863695","General AI"
"W2952297896","General AI"
"W3107416342","General AI"
"W2949076167","computer vision"
"W3011179515","General AI"
"W3093786597","General AI"
"W4386526807","General AI"
"W3135319307","computer vision"
"W3108426037","computer vision"
"W2963456618","computer vision"
"W2963456618","graph neural networks"
"W4366492495","graph neural networks"
"W3185010272","computer vision"
"W2982471955","General AI"
"W4321608455","graph neural networks"
"W2963650911","General AI"
"W4308125644","General AI"
"W4306153509","computer vision"
"W4280535922","General AI"
"W4381597277","General AI"
"W4224253948","General AI"
"W3003602108","computer vision"
"W3003602108","natural language processing"
"W4366588310","General AI"
"W4220732246","computer vision"
"W3197700565","graph neural networks"
"W3142349132","General AI"
"W3122860865","General AI"
"W4213445612","graph neural networks"
"W4382728368","General AI"
"W4391578789","graph neural networks"
"W4391578789","natural language processing"
"W2898365215","generative ai"
"W3200297442","General AI"
"W4283396522","General AI"
"W2960600329","computer vision"
"W2960600329","graph neural networks"
"W2944347353","General AI"
"W2943412658","computer vision"
"W4379879981","General AI"
"W4220940003","graph neural networks"
"W4287849792","graph neural networks"
"W2997128522","graph neural networks"
"W2971829992","General AI"
"W2963610452","General AI"
"W2997929983","General AI"
"W4391361874","General AI"
"W4210884831","computer vision"
"W4296184066","General AI"
"W4383683017","General AI"
"W3096775062","General AI"
"W2978986055","computer vision"
"W2946751363","General AI"
"W3173675787","General AI"
"W3133814152","federated learning"
"W4380874786","General AI"
"W4283837671","graph neural networks"
"W3091246668","General AI"
"W3000638052","computer vision"
"W3024582231","computer vision"
"W4321787619","General AI"
"W3176363435","computer vision"
"W3121890237","General AI"
"W4211112186","General AI"
"W2979566992","General AI"
"W2935705121","transformer architecture"
"W3194350088","graph neural networks"
"W4390814788","General AI"
"W2998526951","computer vision"
"W2998526951","generative ai"
"W3209107739","quantum ml"
"W3137930360","General AI"
"W3135698256","General AI"
"W4324135704","General AI"
"W3043602140","General AI"
"W2946268280","General AI"
"W3201352919","quantum ml"
"W4312053649","graph neural networks"
"W3199840735","General AI"
"W3000314771","General AI"
"W4394998532","General AI"
"W4312645761","graph neural networks"
"W3184144688","explainable ai"
"W2982647308","General AI"
"W4365813938","graph neural networks"
"W3095217282","General AI"
"W4283321413","General AI"
"W2923997689","computer vision"
"W4387144847","natural language processing"
"W4387144847","transformer architecture"
"W3192705825","graph neural networks"
"W4386130430","natural language processing"
"W4396735366","graph neural networks"
"W2982612860","General AI"
"W4308642595","graph neural networks"
"W4312791778","General AI"
"W2927513003","General AI"
"W3165758739","General AI"
"W3011484919","computer vision"
"W3007610789","General AI"
"W3134526034","computer vision"
"W3093956264","General AI"
"W4392523490","graph neural networks"
"W3167683307","General AI"
"W4200563989","General AI"
"W3084430883","computer vision"
"W2950920612","generative ai"
"W3190454392","graph neural networks"
"W4386309371","General AI"
"W3200588771","General AI"
"W4293919465","General AI"
"W3213228850","graph neural networks"
"W3025325835","General AI"
"W2967033144","General AI"
"W2963485691","computer vision"
"W4386390931","natural language processing"
"W4386390931","transformer architecture"
"W2947133760","General AI"
"W3015515533","federated learning"
"W2954797882","generative ai"
"W4308916273","graph neural networks"
"W2982605177","General AI"
"W2975932043","computer vision"
"W3018881931","General AI"
"W3126875673","computer vision"
"W3184140944","General AI"
"W4285687678","General AI"
"W3043286448","computer vision"
"W3127698769","General AI"
"W3092175256","General AI"
"W2985564712","General AI"
"W2963318081","federated learning"
"W3198507020","General AI"
"W2955991060","General AI"
"W3033994814","General AI"
"W4362733507","graph neural networks"
"W3208020934","General AI"
"W3019909811","computer vision"
"W2969984724","General AI"
"W3025729836","computer vision"
"W2973003726","computer vision"
"W2995727660","General AI"
"W3037226706","General AI"
"W3008084213","General AI"
"W2982499393","federated learning"
"W2793843524","General AI"
"W3106580412","computer vision"
"W3203901993","General AI"
"W2996717109","General AI"
"W3012038738","General AI"
"W4225405007","General AI"
"W3108146280","General AI"
"W4281644335","General AI"
"W3112949451","General AI"
"W3041897167","General AI"
"W3034527519","General AI"
"W3157910549","computer vision"
"W4383876504","General AI"
"W4389105052","graph neural networks"
"W3099564155","computer vision"
"W3126855403","General AI"
"W3211971560","General AI"
"W4306394625","General AI"
"W3047072392","General AI"
"W2973660294","General AI"
"W3138985726","General AI"
"W3027458137","graph neural networks"
"W4295101746","General AI"
"W3168763766","General AI"
"W3135674174","computer vision"
"W3135674174","graph neural networks"
"W3035821888","General AI"
"W2916528205","natural language processing"
"W2916528205","transformer architecture"
"W3112490813","General AI"
"W4382239632","graph neural networks"
"W4226319939","federated learning"
"W3209237089","quantum ml"
"W3042493930","General AI"
"W3090602117","General AI"
"W4388797016","computer vision"
"W2922703796","computer vision"
"W2959623824","generative ai"
"W3211774129","graph neural networks"
"W3127883350","generative ai"
"W3184842396","General AI"
"W3081636821","General AI"
"W4379930959","graph neural networks"
"W2907475719","General AI"
"W4214575608","General AI"
"W3048374358","computer vision"
"W3009152417","General AI"
"W3091369929","General AI"
"W2803439868","General AI"
"W3183660758","General AI"
"W3126999983","General AI"
"W3093446992","General AI"
"W3005416549","explainable ai"
"W3038744550","General AI"
"W4282049157","federated learning"
"W4309082440","General AI"
"W2920959147","General AI"
"W2911005554","computer vision"
"W2946711149","General AI"
"W4207066074","General AI"
"W4385878916","General AI"
"W3037029995","General AI"
"W2979896295","General AI"
"W2999884014","General AI"
"W3192676711","General AI"
"W3207838049","General AI"
"W4390944785","General AI"
"W4281936363","General AI"
"W3003650457","General AI"
"W4389217871","graph neural networks"
"W4400141044","General AI"
"W3138340468","General AI"
"W3165398545","General AI"
"W4285391446","General AI"
"W2947900296","General AI"
"W4387397415","generative ai"
"W3155638005","natural language processing"
"W2942635952","General AI"
"W4207064822","generative ai"
"W4402322935","graph neural networks"
"W4200315833","computer vision"
"W4200315833","graph neural networks"
"W3211108032","General AI"
"W3118983571","General AI"
"W3092524006","generative ai"
"W4212889502","General AI"
"W4224994116","General AI"
"W3195446119","natural language processing"
"W3024166850","General AI"
"W3014972541","General AI"
"W3016000170","federated learning"
"W2985220169","General AI"
"W2975358916","General AI"
"W3165274928","General AI"
"W4220761593","General AI"
"W3026147772","General AI"
"W3169236624","graph neural networks"
"W2950901200","graph neural networks"
"W3110670596","General AI"
"W3049517558","computer vision"
"W3049517558","graph neural networks"
"W4393003002","General AI"
"W2981513382","computer vision"
"W4320486670","General AI"
"W4380988459","generative ai"
"W3206617323","graph neural networks"
"W4387813290","General AI"
"W3136821358","graph neural networks"
"W2963447020","General AI"
"W2994753452","computer vision"
"W4318812505","federated learning"
"W4318812505","graph neural networks"
"W3171617125","General AI"
"W2971983564","computer vision"
"W2954910491","computer vision"
"W2954910491","natural language processing"
"W2999135937","computer vision"
"W2945210856","computer vision"
"W3155332028","graph neural networks"
"W2995631322","General AI"
"W3178184718","General AI"
"W3031105282","General AI"
"W2939169979","General AI"
"W4382992448","natural language processing"
"W3016902347","General AI"
"W2962200422","General AI"
"W4304890581","generative ai"
"W2999942426","explainable ai"
"W622740825","General AI"
"W3110754121","General AI"
"W3136328726","General AI"
"W3010300896","computer vision"
"W2910355480","General AI"
"W4292858715","computer vision"
"W2942199805","General AI"
"W4317392725","generative ai"
"W4320015750","General AI"
"W2996851481","natural language processing"
"W2996851481","transformer architecture"
"W4321598508","General AI"
"W2556096037","reinforcement learning"
"W4378085082","General AI"
"W4282575352","General AI"
"W4381198929","graph neural networks"
"W4283218921","General AI"
"W2971807556","General AI"
"W3047381720","graph neural networks"
"W2958514452","General AI"
"W3127713043","General AI"
"W3090580769","General AI"
"W2951136539","General AI"
"W2974740838","General AI"
"W4381165959","computer vision"
"W2989683650","General AI"
"W3193262748","General AI"
"W4225164744","graph neural networks"
"W2972108820","General AI"
"W4311364090","explainable ai"
"W2985869506","General AI"
"W4281396648","graph neural networks"
"W2990956831","General AI"
"W4367048490","General AI"
"W3191820337","computer vision"
"W2995383697","General AI"
"W2909560691","computer vision"
"W2966008650","computer vision"
"W3104801438","graph neural networks"
"W4386991629","General AI"
"W3176315233","General AI"
"W3112401911","General AI"
"W2989940015","computer vision"
"W3092489168","General AI"
"W2945968413","computer vision"
"W2913612309","General AI"
"W2956993163","computer vision"
"W4225552947","General AI"
"W3042679019","General AI"
"W2977063526","General AI"
"W4380372868","generative ai"
"W4380372868","graph neural networks"
"W3036722537","transformer architecture"
"W4206614401","graph neural networks"
"W3158933877","General AI"
"W2970737019","transformer architecture"
"W2960791616","General AI"
"W3023594394","General AI"
"W4389607940","General AI"
"W3019576236","General AI"
"W3131680944","computer vision"
"W3006326483","General AI"
"W3024811418","General AI"
"W2947704004","computer vision"
"W2935849356","computer vision"
"W4225850527","General AI"
"W4296990694","General AI"
"W4294168434","General AI"
"W4212942200","General AI"
"W2971418534","General AI"
"W3016260976","computer vision"
"W3112614053","General AI"
"W2912723748","natural language processing"
"W4367146937","General AI"
"W2947802941","generative ai"
"W2945284524","General AI"
"W4389011046","General AI"
"W4283645865","General AI"
"W2921808728","General AI"
"W3001424931","General AI"
"W4282016200","General AI"
"W3201889640","graph neural networks"
"W4366415372","generative ai"
"W2995189065","General AI"
"W4285242883","General AI"
"W3120795858","computer vision"
"W3012222963","General AI"
"W2908804667","computer vision"
"W3011576596","graph neural networks"
"W3045606376","General AI"
"W2979323854","General AI"
"W4385584909","General AI"
"W4319993048","General AI"
"W3166434018","General AI"
"W3172343801","generative ai"
"W3195888405","graph neural networks"
"W3195888405","natural language processing"
"W2948266581","General AI"
"W4312637554","computer vision"
"W3199025503","General AI"
"W4214630692","graph neural networks"
"W2968699891","General AI"
"W4225412216","General AI"
"W4366003071","General AI"
"W4285084816","General AI"
"W4293079011","General AI"
"W3021030633","General AI"
"W4282038114","General AI"
"W2941288225","General AI"
"W2964504795","computer vision"
"W3172204415","General AI"
"W3185898267","graph neural networks"
"W2998860914","General AI"
"W4210480843","General AI"
"W2936111010","computer vision"
"W3087122056","computer vision"
"W2981035911","General AI"
"W3048190546","graph neural networks"
"W3021829213","General AI"
"W3180629942","generative ai"
"W3011646287","General AI"
"W4360879314","graph neural networks"
"W3185043298","computer vision"
"W3096092761","graph neural networks"
"W3020045953","computer vision"
"W3197032092","graph neural networks"
"W2965904675","General AI"
"W4221125739","explainable ai"
"W3047489882","computer vision"
"W3188071779","General AI"
"W3032266608","General AI"
"W3198798629","graph neural networks"
"W4386532294","General AI"
"W3078357177","General AI"
"W4226449636","General AI"
"W4293004928","General AI"
"W2956355137","computer vision"
"W2956355137","federated learning"
"W2967686751","computer vision"
"W4214539404","General AI"
"W3000167727","computer vision"
"W4281679852","computer vision"
"W3147562045","graph neural networks"
"W3130727496","General AI"
"W4378472893","General AI"
"W2916919706","computer vision"
"W3122023070","General AI"
"W2912224254","General AI"
"W4288460555","computer vision"
"W3085814690","General AI"
"W4315630749","graph neural networks"
"W3036901136","General AI"
"W3015083507","generative ai"
"W2996834926","General AI"
"W4289654500","General AI"
"W3167599226","graph neural networks"
"W4399857583","General AI"
"W4321214536","General AI"
"W3047291564","General AI"
"W3049223401","generative ai"
"W3171438403","computer vision"
"W3171438403","transformer architecture"
"W3009386672","General AI"
"W3164633309","General AI"
"W3118184529","generative ai"
"W3088490277","computer vision"
"W4285813144","graph neural networks"
"W2912650418","General AI"
"W4281560842","graph neural networks"
"W3199810662","General AI"
"W2979847810","General AI"
"W2950890616","computer vision"
"W2950890616","graph neural networks"
"W3006448130","General AI"
"W2988799679","General AI"
"W3126085817","General AI"
"W2910892140","General AI"
"W3182645882","computer vision"
"W3182645882","generative ai"
"W4280569779","General AI"
"W4313524971","General AI"
"W2982638646","General AI"
"W3000255543","computer vision"
"W3160331490","General AI"
"W4303712215","General AI"
"W4390667445","General AI"
"W4214850595","General AI"
"W4319866562","transformer architecture"
"W4308749892","graph neural networks"
"W4224313467","generative ai"
"W4381249713","General AI"
"W4220755962","General AI"
"W4400525788","graph neural networks"
"W4400525788","transformer architecture"
"W3020990101","General AI"
"W2913034365","General AI"
"W2952609044","computer vision"
"W4220950588","graph neural networks"
"W2997300544","natural language processing"
"W3052356208","computer vision"
"W3099027680","General AI"
"W4389393309","General AI"
"W4220882633","General AI"
"W2914064754","computer vision"
"W2970765526","General AI"
"W3080996596","General AI"
"W4309791287","graph neural networks"
"W4210296429","General AI"
"W3132585771","General AI"
"W2913664580","computer vision"
"W2913664580","explainable ai"
"W2936230587","General AI"
"W3158459113","generative ai"
"W3011702117","generative ai"
"W4360604758","graph neural networks"
"W2981864880","General AI"
"W3088196840","General AI"
"W4280493956","graph neural networks"
"W3123326053","computer vision"
"W3098227311","graph neural networks"
"W3020885311","reinforcement learning"
"W2963446989","General AI"
"W4206952613","graph neural networks"
"W3129144742","General AI"
"W3004343334","General AI"
"W3128189270","General AI"
"W4220683755","General AI"
"W2980578413","General AI"
"W3204699439","General AI"
"W2889833989","graph neural networks"
"W3011178959","General AI"
"W2970550816","General AI"
"W2917928566","computer vision"
"W4391291188","graph neural networks"
"W4391291188","natural language processing"
"W3002242183","General AI"
"W3003385079","General AI"
"W4378188762","reinforcement learning"
"W2944559085","computer vision"
"W3048718967","General AI"
"W3035797136","General AI"
"W3136138984","General AI"
"W2999658315","General AI"
"W4220918884","General AI"
"W2921682280","computer vision"
"W2988364570","General AI"
"W3093282046","General AI"
"W3161935901","natural language processing"
"W3131250579","General AI"
"W4281264698","graph neural networks"
"W4285222038","General AI"
"W2980818518","General AI"
"W3133338006","General AI"
"W3159151987","General AI"
"W4385754666","General AI"
"W3173195087","General AI"
"W3158827491","General AI"
"W4292409483","General AI"
"W4324046518","natural language processing"
"W4324046518","transformer architecture"
"W2990495437","General AI"
"W2971407654","General AI"
"W3082944873","General AI"
"W3001466087","General AI"
"W4385212690","General AI"
"W3015161080","General AI"
"W4382292469","computer vision"
"W2981941315","computer vision"
"W4385302210","graph neural networks"
"W3215630567","General AI"
"W4388551749","General AI"
"W3185008998","General AI"
"W3005130785","General AI"
"W3183706855","computer vision"
"W4308616064","General AI"
"W2944872342","General AI"
"W4403647476","General AI"
"W3126637267","General AI"
"W4403731508","graph neural networks"
"W3000662942","General AI"
"W3114429882","General AI"
"W3123800621","General AI"
"W3171590892","General AI"
"W3108286940","graph neural networks"
"W2982097438","General AI"
"W3000404031","General AI"
"W4321615196","General AI"
"W3041467169","General AI"
"W2920938544","General AI"
"W3162220519","General AI"
"W4401726555","natural language processing"
"W3209876175","graph neural networks"
"W3100801413","explainable ai"
"W2968611394","explainable ai"
"W2978259066","computer vision"
"W2978259066","natural language processing"
"W3016525206","General AI"
"W3148471254","General AI"
"W4399777548","General AI"
"W2995375411","General AI"
"W3017361427","computer vision"
"W2920218276","General AI"
"W3151166291","General AI"
"W3092760678","General AI"
"W4213359283","graph neural networks"
"W3207056905","graph neural networks"
"W2923336951","computer vision"
"W3044651858","General AI"
"W4389104738","computer vision"
"W4367047312","graph neural networks"
"W4367047312","neural architecture search"
"W2993645768","General AI"
"W2996568036","General AI"
"W3213927281","graph neural networks"
"W2899492512","computer vision"
"W2944721402","computer vision"
"W3103753913","General AI"
"W3016962737","General AI"
"W4238725051","General AI"
"W2946474601","General AI"
"W4395475706","graph neural networks"
"W2989704899","General AI"
"W4381989074","General AI"
"W2973424371","computer vision"
"W3211647702","General AI"
"W4389956230","General AI"
"W3023659252","General AI"
"W2921022558","computer vision"
"W2951009204","General AI"
"W4283076536","graph neural networks"
"W3005632081","computer vision"
"W3138785418","General AI"
"W3159790736","General AI"
"W2950965506","computer vision"
"W4379799312","natural language processing"
"W4379799312","transformer architecture"
"W2944364052","General AI"
"W3172873108","General AI"
"W3019898597","General AI"
"W4323041949","generative ai"
"W3099222358","General AI"
"W4225616042","graph neural networks"
"W3006863545","General AI"
"W3199475877","General AI"
"W2592124696","computer vision"
"W2955092811","General AI"
"W3028589594","generative ai"
"W3028589594","transformer architecture"
"W2958837267","General AI"
"W3015038817","computer vision"
"W3170485195","General AI"
"W3109060525","explainable ai"
"W4309604980","General AI"
"W3189420168","General AI"
"W4229442974","General AI"
"W2959065917","General AI"
"W2917049430","natural language processing"
"W2917049430","transformer architecture"
"W2996813151","generative ai"
"W4295183046","General AI"
"W4283645969","General AI"
"W3006645913","General AI"
"W4221038044","General AI"
"W2735139999","General AI"
"W3200997335","computer vision"
"W3200997335","graph neural networks"
"W3109676774","General AI"
"W3127131334","computer vision"
"W3200538762","explainable ai"
"W3200538762","graph neural networks"
"W2971055251","neural architecture search"
"W4391181727","computer vision"
"W2937711216","General AI"
"W3166769082","General AI"
"W4386766950","graph neural networks"
"W3008606616","General AI"
"W2910464045","General AI"
"W4220941542","General AI"
"W4302425293","graph neural networks"
"W3138407803","natural language processing"
"W3138407803","transformer architecture"
"W3011147100","General AI"
"W3006937734","General AI"
"W3175078562","graph neural networks"
"W4309604682","graph neural networks"
"W3094019383","General AI"
"W4389510386","explainable ai"
"W3121420932","computer vision"
"W3121420932","generative ai"
"W2914742901","General AI"
"W3153673236","graph neural networks"
"W4283751222","graph neural networks"
"W4200634471","General AI"
"W4309079827","General AI"
"W2990306706","General AI"
"W3036616390","computer vision"
"W4393080860","General AI"
"W3200288111","General AI"
"W3093434218","computer vision"
"W4399344159","General AI"
"W3133002925","General AI"
"W4281682624","computer vision"
"W2985928856","General AI"
"W3216463631","General AI"
"W3023836073","General AI"
"W3113989068","General AI"
"W2984543640","General AI"
"W3090277242","computer vision"
"W3110648702","General AI"
"W4383108317","graph neural networks"
"W4220918305","General AI"
"W3100402156","General AI"
"W2335728318","computer vision"
"W3034574989","computer vision"
"W4385329900","General AI"
"W4322616751","General AI"
"W2972445383","General AI"
"W4385567920","graph neural networks"
"W2969842883","General AI"
"W3133592812","General AI"
"W2955412401","General AI"
"W3007780968","General AI"
"W2978540646","General AI"
"W2954894921","General AI"
"W3133356497","General AI"
"W3093098684","computer vision"
"W4390033855","General AI"
"W315586105","General AI"
"W3037042751","General AI"
"W3096215947","General AI"
"W4386510429","General AI"
"W4389977793","graph neural networks"
"W3134492315","General AI"
"W4295007572","General AI"
"W3164032799","generative ai"
"W3164032799","quantum ml"
"W2960048287","explainable ai"
"W3049587623","generative ai"
"W3198168376","General AI"
"W3002322803","General AI"
"W3098834448","General AI"
"W3215285253","General AI"
"W3183310970","General AI"
"W3207754311","General AI"
"W4283022999","General AI"
"W4399518864","General AI"
"W3092771185","General AI"
"W2920741983","General AI"
"W4290875366","graph neural networks"
"W2962680212","General AI"
"W2970226357","computer vision"
"W3042011474","computer vision"
"W4390919221","General AI"
"W3185030651","General AI"
"W4401410618","computer vision"
"W4401410618","generative ai"
"W4385317987","General AI"
"W2971989283","General AI"
"W3002882006","General AI"
"W3005369330","General AI"
"W2936379053","General AI"
"W4213417473","General AI"
"W3206500648","graph neural networks"
"W2979181137","General AI"
"W2915006163","General AI"
"W2998957378","General AI"
"W4292263718","graph neural networks"
"W3093961233","computer vision"
"W4327550249","natural language processing"
"W3165104692","General AI"
"W2981937790","General AI"
"W2973098646","computer vision"
"W3192723416","General AI"
"W3206899080","computer vision"
"W3004360475","General AI"
"W3012501605","federated learning"
"W3022960093","General AI"
"W2999759831","General AI"
"W4380152694","General AI"
"W4309389066","General AI"
"W4281887347","generative ai"
"W4306168412","graph neural networks"
"W4301367111","General AI"
"W3212294759","General AI"
"W4210634901","computer vision"
"W4210634901","generative ai"
"W4319068978","graph neural networks"
"W3147329173","General AI"
"W4361275072","General AI"
"W3095028680","General AI"
"W3198310432","General AI"
"W3129576108","General AI"
"W3177392932","General AI"
"W3164508079","graph neural networks"
"W3120180752","graph neural networks"
"W3120180752","natural language processing"
"W2969408089","generative ai"
"W4281567159","General AI"
"W4312958657","graph neural networks"
"W4210465915","computer vision"
"W4210465915","transformer architecture"
"W3035485822","computer vision"
"W4308160156","General AI"
"W4312847977","General AI"
"W3043553083","General AI"
"W4379057025","General AI"
"W2943376168","General AI"
"W3034239841","General AI"
"W3085875475","General AI"
"W4224939843","graph neural networks"
"W4224939843","natural language processing"
"W3013244916","General AI"
"W3095591236","graph neural networks"
"W3112688517","generative ai"
"W4281907710","General AI"
"W3022851742","computer vision"
"W2981217223","General AI"
"W4362677501","computer vision"
"W4362677501","graph neural networks"
"W2973546771","General AI"
"W3121689374","General AI"
"W2957982397","General AI"
"W2823613278","General AI"
"W4285291722","General AI"
"W4282961270","General AI"
"W3011785450","General AI"
"W4392544739","natural language processing"
"W4392544739","transformer architecture"
"W4213250410","computer vision"
"W3087736720","General AI"
"W4206295043","graph neural networks"
"W4296129581","graph neural networks"
"W4323565799","General AI"
"W3000872675","General AI"
"W3174416962","General AI"
"W2941613753","General AI"
"W4281857745","computer vision"
"W3138628917","General AI"
"W2988595016","General AI"
"W3148523720","General AI"
"W4321378818","General AI"
"W4328028653","graph neural networks"
"W3180969989","explainable ai"
"W3176986619","General AI"
"W4306317295","graph neural networks"
"W3029014910","General AI"
"W3103820571","General AI"
"W3126165211","General AI"
"W4388288440","General AI"
"W2954683258","General AI"
"W3157143019","General AI"
"W3000376375","General AI"
"W4220822444","General AI"
"W4224260004","graph neural networks"
"W3098093879","computer vision"
"W2945435617","General AI"
"W3024801014","generative ai"
"W4390617904","graph neural networks"
"W4324116556","graph neural networks"
"W3011349791","General AI"
"W3173393692","explainable ai"
"W3158774913","computer vision"
"W3014301887","General AI"
"W3047163080","General AI"
"W3013401329","computer vision"
"W3183729542","explainable ai"
"W3041926054","General AI"
"W4221155263","federated learning"
"W4221155263","graph neural networks"
"W4360595502","graph neural networks"
"W3098020164","General AI"
"W3152731513","General AI"
"W3096798174","generative ai"
"W2970293506","General AI"
"W3162147375","graph neural networks"
"W2996140569","General AI"
"W3209575695","General AI"
"W3198317271","General AI"
"W4213237138","computer vision"
"W4389775256","graph neural networks"
"W4225993917","graph neural networks"
"W3109162452","generative ai"
"W2925480424","computer vision"
"W4312050602","neural architecture search"
"W3132282445","computer vision"
"W4321616858","General AI"
"W4316506819","generative ai"
"W3096847612","General AI"
"W4386038394","graph neural networks"
"W4318484724","General AI"
"W2907922133","General AI"
"W2988602110","General AI"
"W2921827007","computer vision"
"W4367046963","graph neural networks"
"W3200617211","General AI"
"W3004715243","federated learning"
"W3017378934","General AI"
"W4392796680","General AI"
"W3092612392","General AI"
"W2946798032","General AI"
"W3189515467","General AI"
"W3101867861","computer vision"
"W2922005503","General AI"
"W4376851389","graph neural networks"
"W3115383201","General AI"
"W2915817060","computer vision"
"W4312307693","explainable ai"
"W4312307693","graph neural networks"
"W2982197252","General AI"
"W4206005985","natural language processing"
"W3189347266","General AI"
"W3042614271","General AI"
"W3176097699","generative ai"
"W3004413500","General AI"
"W3014995369","General AI"
"W2980495984","General AI"
"W4320040080","generative ai"
"W3083901094","General AI"
"W3005165084","generative ai"
"W2969849947","explainable ai"
"W3034222740","computer vision"
"W4200569302","General AI"
"W3025775630","General AI"
"W4392314180","General AI"
"W3095669050","General AI"
"W3213694590","General AI"
"W2913797286","computer vision"
"W2921706503","General AI"
"W4376226279","transformer architecture"
"W4292259045","explainable ai"
"W4360612449","graph neural networks"
"W4214493122","General AI"
"W3185353899","natural language processing"
"W3135141542","General AI"
"W4396661817","General AI"
"W4285004868","General AI"
"W4381888453","graph neural networks"
"W3165581183","General AI"
"W3140330522","computer vision"
"W3140330522","generative ai"
"W3037641445","computer vision"
"W3036554922","General AI"
"W4223475929","General AI"
"W4210247145","transformer architecture"
"W2901464108","computer vision"
"W3039204554","General AI"
"W3099272543","General AI"
"W2941249574","General AI"
"W4379473621","General AI"
"W3107551345","graph neural networks"
"W3159506165","natural language processing"
"W3038175773","General AI"
"W2960369238","General AI"
"W3042926029","General AI"
"W2980187890","General AI"
"W3035188745","generative ai"
"W2994402765","General AI"
"W4280496611","General AI"
"W2994403349","General AI"
"W3067356005","General AI"
"W4387453630","natural language processing"
"W4387453630","transformer architecture"
"W4211006900","graph neural networks"
"W3092150212","computer vision"
"W3039216919","computer vision"
"W4226108318","explainable ai"
"W2967473922","computer vision"
"W2978628464","General AI"
"W2947903144","generative ai"
"W2947903144","natural language processing"
"W4312126605","General AI"
"W3001433048","computer vision"
"W3001433048","generative ai"
"W3125340956","General AI"
"W4321485252","graph neural networks"
"W3201850274","General AI"
"W4379875932","graph neural networks"
"W4321596574","General AI"
"W4324082034","General AI"
"W4200013359","General AI"
"W3206674745","General AI"
"W3036165397","computer vision"
"W2999511788","General AI"
"W3109960748","General AI"
"W4224229986","General AI"
"W3014903893","General AI"
"W4214571778","General AI"
"W3089728758","General AI"
"W3121116873","General AI"
"W3119049870","computer vision"
"W2957350396","computer vision"
"W2982143932","General AI"
"W4401857649","graph neural networks"
"W3045429925","General AI"
"W2970903767","graph neural networks"
"W4211066654","computer vision"
"W2970958999","computer vision"
"W3118794207","computer vision"
"W3080371803","graph neural networks"
"W4224276389","General AI"
"W3195190691","graph neural networks"
"W3095567580","General AI"
"W2997683045","General AI"
"W3082005054","General AI"
"W2932915765","computer vision"
"W3126367810","General AI"
"W2916119524","computer vision"
"W2966398653","General AI"
"W2979927758","explainable ai"
"W2933912245","General AI"
"W3082340096","General AI"
"W3019290593","General AI"
"W4309435060","General AI"
"W2924564326","General AI"
"W3003362255","General AI"
"W3015806114","General AI"
"W3126910707","graph neural networks"
"W3011204221","General AI"
"W2942239200","General AI"
"W2904813135","General AI"
"W3015568951","General AI"
"W4386918758","General AI"
"W3117572899","generative ai"
"W3014660692","General AI"
"W3045270098","General AI"
"W4283077296","General AI"
"W3192179502","generative ai"
"W4296200271","graph neural networks"
"W3037345525","General AI"
"W3034344052","computer vision"
"W3036364291","General AI"
"W4319601240","General AI"
"W4403656816","General AI"
"W2966689772","General AI"
"W3180273110","General AI"
"W2914001277","General AI"
"W4385311368","General AI"
"W2994716258","computer vision"
"W3157903123","computer vision"
"W3034864980","generative ai"
"W4367627676","General AI"
"W3013222570","General AI"
"W3046236234","computer vision"
"W3193454423","General AI"
"W4223586001","General AI"
"W2752851182","General AI"
"W4381545889","General AI"
"W2914272101","General AI"
"W4293145842","General AI"
"W3144558234","General AI"
"W3036630077","General AI"
"W3010812223","General AI"
"W2908092214","computer vision"
"W2908092214","natural language processing"
"W4302013308","graph neural networks"
"W2966986394","General AI"
"W2997851848","General AI"
"W4387140887","General AI"
"W3131352164","computer vision"
"W2935946658","General AI"
"W3037593164","General AI"
"W4400391108","General AI"
"W3214526888","graph neural networks"
"W2901313308","General AI"
"W4324257317","General AI"
"W3197696342","General AI"
"W3006044405","computer vision"
"W2917435428","computer vision"
"W2994842153","General AI"
"W3046206337","computer vision"
"W3157722643","neural architecture search"
"W3091633490","General AI"
"W2960468583","General AI"
"W4360602741","General AI"
"W3121274017","General AI"
"W2978429020","neural architecture search"
"W2948589645","natural language processing"
"W3014792551","reinforcement learning"
"W2954286821","General AI"
"W3091241368","General AI"
"W3179713855","computer vision"
"W2965481252","computer vision"
"W3128871194","computer vision"
"W3034005492","computer vision"
"W3006047400","General AI"
"W4214700231","General AI"
"W4307561204","General AI"
"W3043542545","generative ai"
"W4200555195","computer vision"
"W3134831088","computer vision"
"W3134831088","neural architecture search"
"W4295539901","General AI"
"W3196769534","General AI"
"W3094297360","computer vision"
"W2914665148","General AI"
"W4210818739","General AI"
"W2946774101","General AI"
"W3174208514","General AI"
"W3018302085","General AI"
"W4324065518","computer vision"
"W4324065518","natural language processing"
"W2941521434","General AI"
"W4280516220","generative ai"
"W4389150147","General AI"
"W4386762622","explainable ai"
"W4388838077","graph neural networks"
"W4214703929","General AI"
"W2624786321","General AI"
"W3186745756","General AI"
"W3118061136","computer vision"
"W4403647694","General AI"
"W3001058810","computer vision"
"W4403658130","General AI"
"W2991533556","General AI"
"W2955502047","General AI"
"W4362591703","General AI"
"W4206647748","General AI"
"W2967881340","computer vision"
"W3197632104","General AI"
"W4281855644","General AI"
"W3213048767","graph neural networks"
"W3124478039","General AI"
"W3006715270","General AI"
"W3016807694","General AI"
"W3204732847","General AI"
"W3114160010","graph neural networks"
"W3114160010","transformer architecture"
"W3033156234","natural language processing"
"W2980664556","computer vision"
"W4220879402","General AI"
"W3042865117","General AI"
"W2963002078","General AI"
"W2908624219","computer vision"
"W4213064785","graph neural networks"
"W4393223859","graph neural networks"
"W3024917158","General AI"
"W4281657597","General AI"
"W2984059576","General AI"
"W3189818995","General AI"
"W2845688424","General AI"
"W3173885468","General AI"
"W4200440573","General AI"
"W2983729222","General AI"
"W3036063661","generative ai"
"W3126870425","computer vision"
"W3044129898","General AI"
"W4210367992","General AI"
"W4391167754","computer vision"
"W3070830899","computer vision"
"W4210337926","General AI"
"W4386714740","General AI"
"W3194478349","computer vision"
"W3162073532","graph neural networks"
"W2999899230","General AI"
"W3021124964","General AI"
"W4213072767","natural language processing"
"W4213072767","transformer architecture"
"W3121927947","General AI"
"W3109772564","General AI"
"W2921877691","computer vision"
"W4206101301","General AI"
"W3037765194","General AI"
"W3186261494","computer vision"
"W4381327855","explainable ai"
"W3209469313","General AI"
"W3182236906","computer vision"
"W3003675036","General AI"
"W3094171951","General AI"
"W2596378825","federated learning"
"W3165033489","generative ai"
"W3081864937","General AI"
"W4294833989","General AI"
"W2947851192","General AI"
"W3211191632","General AI"
"W4205546079","computer vision"
"W3185689123","computer vision"
"W3086380653","General AI"
"W4295066201","General AI"
"W2942834645","General AI"
"W3095399468","General AI"
"W3106128618","General AI"
"W3098270842","General AI"
"W2999124437","General AI"
"W2999515666","General AI"
"W4327772895","graph neural networks"
"W4327772895","natural language processing"
"W2922329508","General AI"
"W3000470572","General AI"
"W3011731757","General AI"
"W2913547438","General AI"
"W4303627783","General AI"
"W3201332036","graph neural networks"
"W2921015455","General AI"
"W2912442864","General AI"
"W2917303411","General AI"
"W2986812080","General AI"
"W3021338900","graph neural networks"
"W3198247281","explainable ai"
"W3045546070","computer vision"
"W3036934147","computer vision"
"W3102456404","computer vision"
"W4394804224","natural language processing"
"W4391645416","graph neural networks"
"W2987103472","General AI"
"W4293004949","General AI"
"W4304761908","General AI"
"W3196731055","General AI"
"W3201938571","General AI"
"W2949271011","explainable ai"
"W3009888228","computer vision"
"W4308333983","computer vision"
"W3022596706","General AI"
"W3046417006","General AI"
"W4225729075","graph neural networks"
"W3025017204","generative ai"
"W3119341740","General AI"
"W2956074973","General AI"
"W4378084879","General AI"
"W3048958604","General AI"
"W2912755644","General AI"
"W4210793970","computer vision"
"W3001021123","computer vision"
"W4321480062","graph neural networks"
"W4378418657","General AI"
"W3208302614","explainable ai"
"W3162209674","General AI"
"W4285472592","General AI"
"W4210363348","General AI"
"W3138595103","computer vision"
"W4382239191","graph neural networks"
"W4378695905","General AI"
"W4324020772","General AI"
"W3015199127","General AI"
"W3204751889","General AI"
"W3201052417","graph neural networks"
"W3116025876","General AI"
"W3035741257","computer vision"
"W3162538709","General AI"
"W2907047316","General AI"
"W2916797267","General AI"
"W4319316266","generative ai"
"W3153903265","General AI"
"W3049546269","computer vision"
"W3154575637","General AI"
"W2980109286","General AI"
"W4315701357","General AI"
"W4312588616","General AI"
"W3190219082","explainable ai"
"W3182999054","generative ai"
"W3025576489","General AI"
"W3167380600","General AI"
"W4200037840","General AI"
"W3040438665","natural language processing"
"W3207448776","graph neural networks"
"W2969704006","computer vision"
"W3034093793","General AI"
"W2994949492","General AI"
"W2974597585","computer vision"
"W4391816773","graph neural networks"
"W2982319484","General AI"
"W3012911890","General AI"
"W2914311543","computer vision"
"W4292348086","General AI"
"W3082946543","computer vision"
"W3083789190","General AI"
"W4310088459","graph neural networks"
"W3025742428","graph neural networks"
"W4306832857","General AI"
"W3035644810","computer vision"
"W3155519576","graph neural networks"
"W4213441557","computer vision"
"W2972401187","graph neural networks"
"W4283212640","General AI"
"W4293382414","generative ai"
"W3025404316","computer vision"
"W2980471687","General AI"
"W2990443604","computer vision"
"W3137648904","graph neural networks"
"W3113291402","General AI"
"W4285114951","graph neural networks"
"W4285114951","reinforcement learning"
"W2943347371","General AI"
"W4309468414","generative ai"
"W2962511854","General AI"
"W4307844776","graph neural networks"
"W4200325641","General AI"
"W4284711554","General AI"
"W3011593776","General AI"
"W4391547284","generative ai"
"W4391547284","graph neural networks"
"W4321375535","General AI"
"W2972223935","General AI"
"W3161008321","General AI"
"W3075559820","General AI"
"W3128028857","computer vision"
"W2910362756","General AI"
"W4285262293","computer vision"
"W4224314734","generative ai"
"W2976295171","General AI"
"W4385568361","graph neural networks"
"W3003966848","General AI"
"W3015948701","General AI"
"W2959995783","General AI"
"W4372060667","General AI"
"W2914363692","natural language processing"
"W2984645840","computer vision"
"W3130490277","General AI"
"W3086844398","General AI"
"W3092589772","General AI"
"W4224237294","computer vision"
"W4224237294","natural language processing"
"W3107704721","General AI"
"W3175924829","reinforcement learning"
"W2994408221","General AI"
"W4206656376","computer vision"
"W4281708431","General AI"
"W2916207943","General AI"
"W2947615913","General AI"
"W3000626837","computer vision"
"W4226229891","computer vision"
"W4226229891","natural language processing"
"W3198872584","General AI"
"W3148765418","General AI"
"W3217060442","computer vision"
"W3004042885","General AI"
"W3037299379","General AI"
"W3192660112","computer vision"
"W3192660112","graph neural networks"
"W2913594191","General AI"
"W2952736579","General AI"
"W4403004898","graph neural networks"
"W4389118479","General AI"
"W3213218849","natural language processing"
"W4387490461","General AI"
"W2971003495","General AI"
"W3163856144","computer vision"
"W3056908629","General AI"
"W4400513275","graph neural networks"
"W4392293571","General AI"
"W4323362877","General AI"
"W3037097818","General AI"
"W2939569248","reinforcement learning"
"W3207749172","General AI"
"W4206283862","General AI"
"W3103657385","computer vision"
"W3134639409","computer vision"
"W3175901146","generative ai"
"W4205171481","General AI"
"W2923504698","computer vision"
"W4205745492","General AI"
"W2991722393","General AI"
"W3001909141","General AI"
"W4360980343","General AI"
"W4390223162","General AI"
"W3001465270","General AI"
"W2913918840","General AI"
"W3081397212","computer vision"
"W2924230649","neural architecture search"
"W4400976116","graph neural networks"
"W3158433122","computer vision"
"W3158433122","graph neural networks"
"W3126635901","computer vision"
"W4368276354","graph neural networks"
"W3036926093","computer vision"
"W3157682111","General AI"
"W3032423120","General AI"
"W3012449740","General AI"
"W3014339138","generative ai"
"W3206461806","General AI"
"W3157493933","generative ai"
"W2969295985","computer vision"
"W3088798822","computer vision"
"W3088798822","neural architecture search"
"W2939984132","General AI"
"W3120418020","General AI"
"W4367046943","explainable ai"
"W4367046943","graph neural networks"
"W3009238340","computer vision"
"W4323314501","natural language processing"
"W4323314501","transformer architecture"
"W3037088790","computer vision"
"W4285506347","General AI"
"W3088875842","General AI"
"W2982172486","General AI"
"W4295117965","General AI"
"W4381987793","General AI"
"W4367309662","explainable ai"
"W2946260418","computer vision"
"W3111662681","computer vision"
"W3212362219","generative ai"
"W3004932743","General AI"
"W3204564844","General AI"
"W2968911939","General AI"
"W3110719949","General AI"
"W4220916976","General AI"
"W3021083477","General AI"
"W3006558083","General AI"
"W2954698171","General AI"
"W2963285625","computer vision"
"W3197613652","General AI"
"W3015494591","graph neural networks"
"W3031557067","General AI"
"W4384787750","General AI"
"W3028070348","General AI"
"W3135533134","computer vision"
"W4307820782","General AI"
"W3103134014","neural architecture search"
"W4293126226","General AI"
"W2988966271","General AI"
"W3132626268","General AI"
"W2985938182","General AI"
"W3003482733","General AI"
"W3092574271","generative ai"
"W3092574271","graph neural networks"
"W2972577225","graph neural networks"
"W3006005668","computer vision"
"W4294325784","General AI"
"W4296060337","General AI"
"W4372267520","graph neural networks"
"W4220931217","General AI"
"W2990467641","General AI"
"W3048529935","General AI"
"W3111851281","generative ai"
"W3120119699","General AI"
"W2809619574","General AI"
"W3137532457","General AI"
"W3121550679","General AI"
"W4367173429","generative ai"
"W3144883044","computer vision"
"W4297792514","explainable ai"
"W3006176871","General AI"
"W2978354175","neural architecture search"
"W2966209250","General AI"
"W3135588948","General AI"
"W3201352722","General AI"
"W3092844945","quantum ml"
"W3033733989","General AI"
"W2916789854","General AI"
"W3006126258","computer vision"
"W2908872770","computer vision"
"W3194062250","graph neural networks"
"W3047515143","General AI"
"W4312272363","generative ai"
"W4312272363","graph neural networks"
"W2981513490","General AI"
"W2955103784","natural language processing"
"W4200030036","generative ai"
"W3165183789","computer vision"
"W2978981352","computer vision"
"W3042107226","General AI"
"W3100946043","computer vision"
"W2970433196","General AI"
"W4288610071","General AI"
"W2948796520","General AI"
"W2926822960","General AI"
"W4384156431","General AI"
"W4313392050","General AI"
"W3004714507","computer vision"
"W3004714507","generative ai"
"W3080971596","General AI"
"W3184917621","General AI"
"W4402916011","graph neural networks"
"W4402916011","reinforcement learning"
"W3025628315","General AI"
"W3090982581","General AI"
"W2979042524","General AI"
"W4367850403","General AI"
"W4394771184","explainable ai"
"W4394771184","generative ai"
"W4297094638","natural language processing"
"W4308197356","graph neural networks"
"W4212968553","General AI"
"W2962821278","General AI"
"W3100710793","General AI"
"W2911805825","computer vision"
"W4309569390","General AI"
"W4311790957","explainable ai"
"W4306406844","generative ai"
"W3119655479","computer vision"
"W3119655479","natural language processing"
"W4297330269","General AI"
"W4312331995","graph neural networks"
"W2914877211","computer vision"
"W2914877211","generative ai"
"W2973043695","General AI"
"W2900669374","General AI"
"W3158399077","graph neural networks"
"W4400591407","General AI"
"W4379382625","explainable ai"
"W3117359250","graph neural networks"
"W3117359250","natural language processing"
"W2974922121","General AI"
"W2923546398","General AI"
"W4384562149","natural language processing"
"W4384562149","transformer architecture"
"W2921384086","computer vision"
"W2995524811","General AI"
"W2974209074","General AI"
"W3175127495","computer vision"
"W3024044210","computer vision"
"W2946573451","federated learning"
"W4402742409","generative ai"
"W4402742409","graph neural networks"
"W3021175879","computer vision"
"W3021175879","natural language processing"
"W3136077883","computer vision"
"W3191197587","General AI"
"W3126983570","General AI"
"W4387609230","General AI"
"W2991435551","General AI"
"W3011149747","General AI"
"W2950022236","General AI"
"W2966889353","General AI"
"W2945600159","General AI"
"W3017374003","General AI"
"W3090661556","General AI"
"W4304806921","General AI"
"W2967692750","General AI"
"W2909139008","General AI"
"W3035702670","General AI"
"W4283817086","graph neural networks"
"W2913930293","General AI"
"W3036059328","General AI"
"W2998618511","General AI"
"W3092022274","computer vision"
"W3126238986","General AI"
"W3089555015","General AI"
"W4389891534","General AI"
"W3033945399","General AI"
"W2909309670","General AI"
"W4321770538","graph neural networks"
"W4321770538","transformer architecture"
"W3139198151","generative ai"
"W2884563238","generative ai"
"W4207001442","computer vision"
"W2979354191","General AI"
"W3020440546","General AI"
"W3158773785","General AI"
"W3041348006","General AI"
"W3136758818","graph neural networks"
"W2914618626","computer vision"
"W3045184637","General AI"
"W3013857270","generative ai"
"W4363675531","General AI"
"W2967960129","General AI"
"W4283212732","graph neural networks"
"W2963870605","computer vision"
"W3161570989","General AI"
"W2979582097","General AI"
"W4206950245","generative ai"
"W4206950245","natural language processing"
"W3161806688","General AI"
"W3110113487","computer vision"
"W3082330840","computer vision"
"W2996046196","General AI"
"W3049459827","General AI"
"W3035295279","General AI"
"W4200371263","General AI"
"W4205136287","generative ai"
"W4319316943","graph neural networks"
"W2968770299","General AI"
"W2972414385","General AI"
"W4294343772","General AI"
"W2990571969","computer vision"
"W4381661752","computer vision"
"W4381661752","explainable ai"
"W3172756519","General AI"
"W4200036493","General AI"
"W2963016155","General AI"
"W4364378283","computer vision"
"W4281689849","graph neural networks"
"W3019130148","General AI"
"W4225149909","graph neural networks"
"W4308773871","computer vision"
"W3039618620","computer vision"
"W2990795246","General AI"
"W2920535269","General AI"
"W4379229760","computer vision"
"W4379229760","transformer architecture"
"W2945170981","General AI"
"W2885054548","computer vision"
"W2885054548","neural architecture search"
"W3003475284","computer vision"
"W3183992926","General AI"
"W3179750604","General AI"
"W3145608311","graph neural networks"
"W2891523768","General AI"
"W4388651637","General AI"
"W4361860392","graph neural networks"
"W3021912188","General AI"
"W2955374087","General AI"
"W4281608336","General AI"
"W2995368577","General AI"
"W4399039792","General AI"
"W3006761813","General AI"
"W3107892667","General AI"
"W2909731695","General AI"
"W3202092538","graph neural networks"
"W3185030868","computer vision"
"W3032004606","General AI"
"W4382656787","graph neural networks"
"W4298164033","computer vision"
"W3004630645","General AI"
"W3158254415","General AI"
"W3019964656","General AI"
"W3013120195","General AI"
"W2963739526","General AI"
"W4400520334","General AI"
"W4297538900","General AI"
"W3095523211","General AI"
"W3007205676","natural language processing"
"W3004664793","computer vision"
"W3108458441","graph neural networks"
"W4226371412","General AI"
"W2980702392","General AI"
"W4388274259","General AI"
"W3036726364","General AI"
"W2969291417","General AI"
"W4313203522","computer vision"
"W3182667035","General AI"
"W2941475335","General AI"
"W4376983366","quantum ml"
"W4281736085","General AI"
"W3049226960","General AI"
"W2984339599","General AI"
"W4390563863","graph neural networks"
"W4285495910","General AI"
"W4312121136","graph neural networks"
"W4285732958","General AI"
"W3185884061","General AI"
"W3015392399","General AI"
"W3128770393","General AI"
"W4220886040","federated learning"
"W3131673466","General AI"
"W3007685425","General AI"
"W3198755449","General AI"
"W4298119348","General AI"
"W2913871063","General AI"
"W3022121429","General AI"
"W2998342770","computer vision"
"W2998342770","natural language processing"
"W4212963785","General AI"
"W4283369104","generative ai"
"W3035251314","General AI"
"W3016556330","General AI"
"W2911969890","computer vision"
"W2911969890","generative ai"
"W3163806860","computer vision"
"W3163806860","graph neural networks"
"W4220708330","General AI"
"W2945339512","neural architecture search"
"W3045887218","General AI"
"W2979356785","computer vision"
"W4206865894","graph neural networks"
"W4385812099","General AI"
"W4303195676","General AI"
"W4200218394","General AI"
"W3023884480","graph neural networks"
"W3000415744","computer vision"
"W4220987924","General AI"
"W4367668513","General AI"
"W4310348270","General AI"
"W3027678042","General AI"
"W3088943773","General AI"
"W3099647611","General AI"
"W4220883868","natural language processing"
"W2980736665","General AI"
"W2996102538","computer vision"
"W3125547824","computer vision"
"W3208453297","General AI"
"W2948097639","computer vision"
"W2982284503","computer vision"
"W2978005227","General AI"
"W3008038401","generative ai"
"W3080222718","General AI"
"W2951248977","General AI"
"W4221129230","General AI"
"W3194210786","graph neural networks"
"W2948499658","General AI"
"W3119636101","quantum ml"
"W3087344810","General AI"
"W3083185154","generative ai"
"W4393160226","graph neural networks"
"W4210607727","graph neural networks"
"W4210607727","neural architecture search"
"W4293065291","graph neural networks"
"W4382240086","graph neural networks"
"W4281657088","General AI"
"W2976778558","computer vision"
"W4387848946","graph neural networks"
"W4391951331","computer vision"
"W4391951331","quantum ml"
"W3120091839","computer vision"
"W3158436765","General AI"
"W3030515889","computer vision"
"W2981427782","General AI"
"W3126725132","computer vision"
"W3088218313","graph neural networks"
"W3182319652","computer vision"
"W4396830720","graph neural networks"
"W2949831026","General AI"
"W3139279894","General AI"
"W2953049129","General AI"
"W2974147161","General AI"
"W2996043563","General AI"
"W4389633671","graph neural networks"
"W4285079099","General AI"
"W3008128620","General AI"
"W4224234142","General AI"
"W4387812373","General AI"
"W3216492741","computer vision"
"W2785885194","General AI"
"W3048074835","computer vision"
"W4297091060","explainable ai"
"W4386587925","General AI"
"W4212793324","graph neural networks"
"W2966531722","General AI"
"W3004151245","General AI"
"W2987077916","General AI"
"W4391035240","General AI"
"W3133508302","General AI"
"W4387057147","General AI"
"W3047083963","computer vision"
"W3022483099","General AI"
"W4286257279","General AI"
"W4313477435","graph neural networks"
"W2998647565","General AI"
"W4206410242","General AI"
"W2993313740","General AI"
"W4210675531","General AI"
"W3204879380","graph neural networks"
"W3140314916","General AI"
"W3145891727","General AI"
"W4391097432","General AI"
"W4283068826","General AI"
"W4221078237","explainable ai"
"W2991257032","computer vision"
"W2922140331","General AI"
"W3197715237","General AI"
"W2959400106","General AI"
"W2944558521","computer vision"
"W2944558521","natural language processing"
"W4229065849","General AI"
"W3125760442","General AI"
"W4296784693","General AI"
"W3204438512","General AI"
"W3041133507","General AI"
"W2974289453","General AI"
"W4280633888","General AI"
"W4283661164","graph neural networks"
"W3093392786","General AI"
"W3046440806","General AI"
"W3201282075","General AI"
"W2978639826","General AI"
"W3002916757","computer vision"
"W3212953023","computer vision"
"W3212953023","graph neural networks"
"W4319312238","General AI"
"W2921271497","computer vision"
"W4394997664","General AI"
"W4205175531","computer vision"
"W4205175531","natural language processing"
"W4308987459","General AI"
"W4205698889","General AI"
"W3170012751","generative ai"
"W2968235760","generative ai"
"W4224861596","graph neural networks"
"W4389445797","generative ai"
"W3093074257","generative ai"
"W4390395337","computer vision"
"W4214530112","General AI"
"W3208432307","graph neural networks"
"W3208432307","reinforcement learning"
"W3102719046","General AI"
"W3186054896","General AI"
"W4391241488","neural architecture search"
"W3048737617","General AI"
"W3007729836","General AI"
"W4312050893","General AI"
"W4289544551","natural language processing"
"W4280640024","graph neural networks"
"W3168079933","General AI"
"W2907834603","General AI"
"W4225751948","graph neural networks"
"W2971761068","General AI"
"W2924338030","General AI"
"W2953094064","General AI"
"W3041381162","computer vision"
"W3199522073","General AI"
"W3125892908","graph neural networks"
"W2974980309","generative ai"
"W2975003464","General AI"
"W4293689835","General AI"
"W4308236033","graph neural networks"
"W3021040136","General AI"
"W2976482555","General AI"
"W4283814751","generative ai"
"W4283814751","graph neural networks"
"W2772549578","computer vision"
"W2772549578","quantum ml"
"W3091859828","General AI"
"W3182125260","General AI"
"W2968940383","General AI"
"W3006607755","General AI"
"W4389827858","General AI"
"W4291415503","General AI"
"W2942788712","General AI"
"W2903922928","generative ai"
"W3194329279","General AI"
"W2998652672","graph neural networks"
"W3005940509","General AI"
"W4205365435","computer vision"
"W4205365435","transformer architecture"
"W2971661634","General AI"
"W4200431568","graph neural networks"
"W4244102418","General AI"
"W2980653736","General AI"
"W4306902080","computer vision"
"W2934814541","computer vision"
"W4207012543","General AI"
"W2887286578","General AI"
"W4232560971","General AI"
"W2978430085","General AI"
"W2953321375","General AI"
"W4285191586","computer vision"
"W3036696276","General AI"
"W4304480612","computer vision"
"W4304480612","graph neural networks"
"W4368617336","natural language processing"
"W4400895424","General AI"
"W4321480019","graph neural networks"
"W2913030342","computer vision"
"W2998004632","General AI"
"W2966615870","General AI"
"W3134210339","federated learning"
"W4229458598","General AI"
"W3119620992","General AI"
"W3199816640","graph neural networks"
"W4390188199","graph neural networks"
"W2963668841","General AI"
"W2913362834","computer vision"
"W2952493603","General AI"
"W4313525046","General AI"
"W4386645116","General AI"
"W4365503676","General AI"
"W4292230752","General AI"
"W2945461009","computer vision"
"W4297380497","graph neural networks"
"W2937381238","General AI"
"W3156028762","graph neural networks"
"W3183011410","computer vision"
"W3214286852","General AI"
"W4297545295","General AI"
"W3115744997","General AI"
"W3121563664","General AI"
"W2955472583","General AI"
"W3023067252","General AI"
"W4210606018","General AI"
"W4382239927","graph neural networks"
"W4391436883","graph neural networks"
"W3199747482","General AI"
"W2946617578","General AI"
"W3123405717","General AI"
"W3126819335","General AI"
"W4391896776","generative ai"
"W4391896776","graph neural networks"
"W2995516697","General AI"
"W4390738897","explainable ai"
"W2980379975","General AI"
"W2913539075","General AI"
"W2997876070","General AI"
"W4308391678","computer vision"
"W3118625182","General AI"
"W3008849576","General AI"
"W3202196203","General AI"
"W3027782394","General AI"
"W4386318781","natural language processing"
"W4386318781","transformer architecture"
"W4311823874","graph neural networks"
"W2981860227","General AI"
"W3178444448","graph neural networks"
"W3046812802","neural architecture search"
"W2806077230","computer vision"
"W3011571399","General AI"
"W4387334953","generative ai"
"W4387334953","graph neural networks"
"W3002565078","General AI"
"W4281762445","computer vision"
"W3185180031","General AI"
"W3169666998","graph neural networks"
"W2897042519","General AI"
"W3080113688","General AI"
"W2974952570","computer vision"
"W4316658374","General AI"
"W4403654323","natural language processing"
"W4403654323","transformer architecture"
"W4287815536","graph neural networks"
"W4287815536","transformer architecture"
"W4223423981","General AI"
"W2932752459","reinforcement learning"
"W3026235644","explainable ai"
"W4385953071","natural language processing"
"W4385953071","transformer architecture"
"W2996262564","General AI"
"W2942896733","General AI"
"W3210997334","computer vision"
"W3046340167","General AI"
"W3214959368","General AI"
"W4282005439","General AI"
"W3193052805","General AI"
"W3045956845","General AI"
"W3207043172","General AI"
"W3028852563","General AI"
"W3005407459","computer vision"
"W4393220349","federated learning"
"W4393220349","graph neural networks"
"W4386702872","General AI"
"W3009022437","General AI"
"W4317795320","General AI"
"W4321769603","General AI"
"W2976103643","General AI"
"W4392903991","graph neural networks"
"W4210490809","General AI"
"W3186684121","General AI"
"W3122338430","General AI"
"W4313427720","General AI"
"W2919091563","General AI"
"W3198276338","General AI"
"W3007264146","General AI"
"W2964406534","General AI"
"W3081716925","General AI"
"W3175511223","graph neural networks"
"W4285165731","graph neural networks"
"W3127160352","graph neural networks"
"W4205423118","generative ai"
"W4281619620","computer vision"
"W4380534756","General AI"
"W4206636637","General AI"
"W3023384820","computer vision"
"W4318473739","General AI"
"W3013708524","graph neural networks"
"W4375928445","General AI"
"W4403659651","natural language processing"
"W4403659651","transformer architecture"
"W3011200270","computer vision"
"W4296831186","General AI"
"W3033650189","General AI"
"W2944796900","General AI"
"W2909545524","General AI"
"W2948382308","General AI"
"W2979506454","General AI"
"W2919011095","General AI"
"W4205843231","General AI"
"W4313573052","General AI"
"W2974159646","General AI"
"W3099051506","graph neural networks"
"W3045610411","General AI"
"W3133941285","General AI"
"W3128989612","General AI"
"W3146977894","computer vision"
"W3045389454","General AI"
"W3110074784","computer vision"
"W4293243546","graph neural networks"
"W4200041533","computer vision"
"W4285140161","General AI"
"W3026916395","General AI"
"W3134103293","General AI"
"W2980414158","General AI"
"W2992843409","computer vision"
"W3214021220","graph neural networks"
"W4386601203","computer vision"
"W4386601203","explainable ai"
"W3038819247","General AI"
"W3202796611","General AI"
"W3018821700","General AI"
"W2981493332","computer vision"
"W3111570720","computer vision"
"W3111570720","explainable ai"
"W3126236051","computer vision"
"W3012496101","General AI"
"W4283728412","graph neural networks"
"W4285264774","General AI"
"W2918828872","General AI"
"W4386316616","graph neural networks"
"W4386316616","neural architecture search"
"W4387584778","generative ai"
"W3092255774","explainable ai"
"W2979653841","General AI"
"W2996815539","General AI"
"W3133537878","graph neural networks"
"W4311974999","General AI"
"W3042197823","General AI"
"W3014001067","General AI"
"W3004327178","General AI"
"W4316022134","graph neural networks"
"W4224247404","General AI"
"W4310709743","General AI"
"W3140418716","General AI"
"W3133470659","General AI"
"W3162274021","General AI"
"W2955775727","General AI"
"W3035826609","General AI"
"W2964206522","generative ai"
"W2959133507","General AI"
"W2996601350","generative ai"
"W4393156463","graph neural networks"
"W3208733127","General AI"
"W3179017304","computer vision"
"W3007075806","General AI"
"W4200173872","General AI"
"W3081234923","General AI"
"W3037702162","General AI"
"W3159814022","General AI"
"W3162430225","General AI"
"W3015460073","General AI"
"W3000144657","General AI"
"W2797186212","General AI"
"W3198266985","General AI"
"W2921401402","computer vision"
"W3100431970","computer vision"
"W2995931774","General AI"
"W4205761787","General AI"
"W3177778205","computer vision"
"W4302336251","General AI"
"W2965326702","General AI"
"W3046372357","General AI"
"W3042981023","General AI"
"W2964602598","General AI"
"W3003651866","General AI"
"W3035467254","computer vision"
"W2906236663","General AI"
"W3174676742","General AI"
"W3036703963","General AI"
"W2912530595","General AI"
"W3004659153","General AI"
"W2915621743","General AI"
"W3119505952","General AI"
"W3176116059","General AI"
"W4366422633","computer vision"
"W3113116348","computer vision"
"W3045259134","General AI"
"W3119109946","computer vision"
"W4220933909","General AI"
"W3044162788","General AI"
"W4385188297","natural language processing"
"W3216996162","graph neural networks"
"W4391776064","General AI"
"W3027051205","computer vision"
"W3012041993","General AI"
"W3010584812","General AI"
"W4320004386","General AI"
"W3107065464","General AI"
"W3015788359","computer vision"
"W2996411845","computer vision"
"W2942211779","computer vision"
"W3089897803","graph neural networks"
"W3195195195","graph neural networks"
"W3134660377","computer vision"
"W4387165236","General AI"
"W3046843528","computer vision"
"W3165081806","General AI"
"W2997514191","General AI"
"W4385637124","graph neural networks"
"W3042340386","General AI"
"W4327597030","General AI"
"W3171526124","computer vision"
"W3211742690","General AI"
"W3202054227","computer vision"
"W3126288553","General AI"
"W4320016039","General AI"
"W4200345185","General AI"
"W3048074762","generative ai"
"W4290878493","graph neural networks"
"W4385661227","General AI"
"W4387805937","graph neural networks"
"W2990689232","computer vision"
"W4392732989","natural language processing"
"W4392732989","transformer architecture"
"W3205973429","graph neural networks"
"W3169512507","computer vision"
"W4220837296","computer vision"
"W4313018492","graph neural networks"
"W3017413859","graph neural networks"
"W4229449358","General AI"
"W4385835130","General AI"
"W4225011412","General AI"
"W4381436268","explainable ai"
"W4381436268","generative ai"
"W4313588323","General AI"
"W3124590480","General AI"
"W2936479764","computer vision"
"W3205860677","federated learning"
"W3205860677","graph neural networks"
"W3019196002","General AI"
"W3087991416","General AI"
"W3210744571","General AI"
"W3023922173","computer vision"
"W3109465731","General AI"
"W3040232122","computer vision"
"W4378782647","explainable ai"
"W4378782647","graph neural networks"
"W4386930238","General AI"
"W4392507206","graph neural networks"
"W3010063904","General AI"
"W4382630739","General AI"
"W3122183613","General AI"
"W3011106738","General AI"
"W4225778021","graph neural networks"
"W3108582022","computer vision"
"W2899303573","General AI"
"W4214574368","General AI"
"W3120036043","General AI"
"W3040922689","reinforcement learning"
"W3174884678","graph neural networks"
"W3025029677","federated learning"
"W2982872774","General AI"
"W3155899199","General AI"
"W2928842143","General AI"
"W4283592988","General AI"
"W4285606442","graph neural networks"
"W3106225991","General AI"
"W3013382035","General AI"
"W4319316768","General AI"
"W4287147252","General AI"
"W3203057282","computer vision"
"W2954086440","General AI"
"W2965277555","computer vision"
"W3194947106","graph neural networks"
"W4226344588","graph neural networks"
"W2990284936","General AI"
"W3085046840","General AI"
"W3009411039","computer vision"
"W4384156899","computer vision"
"W3018760760","computer vision"
"W2974827766","computer vision"
"W4205499468","General AI"
"W3105613063","General AI"
"W4294415037","computer vision"
"W2974437627","computer vision"
"W2974437627","natural language processing"
"W3083021344","General AI"
"W4214713171","computer vision"
"W4292559955","graph neural networks"
"W4390826350","computer vision"
"W4392767952","General AI"
"W2986710144","computer vision"
"W2891828758","computer vision"
"W4379117246","graph neural networks"
"W2964980777","computer vision"
"W4289336404","General AI"
"W4295789133","graph neural networks"
"W3008993296","computer vision"
"W3008993296","generative ai"
"W3213721154","General AI"
"W2943099062","computer vision"
"W2987392587","General AI"
"W2908993293","computer vision"
"W3199607358","General AI"
"W3191493850","General AI"
"W3187417346","General AI"
"W2990552222","General AI"
"W4220850924","General AI"
"W4324116446","General AI"
"W4384501967","General AI"
"W3193625712","graph neural networks"
"W3092215607","computer vision"
"W2998304476","computer vision"
"W4379230545","generative ai"
"W4214812787","General AI"
"W2900758626","General AI"
"W4200362342","General AI"
"W3160327853","General AI"
"W4384929783","General AI"
"W2997437197","General AI"
"W3040593397","computer vision"
"W2989695963","computer vision"
"W2989695963","transformer architecture"
"W4288780798","General AI"
"W4304183900","General AI"
"W4383553990","graph neural networks"
"W3097673055","computer vision"
"W3097673055","natural language processing"
"W2962956675","General AI"
"W2971075653","computer vision"
"W3118424533","General AI"
"W3095173472","computer vision"
"W3095173472","transformer architecture"
"W3214567845","General AI"
"W2990083057","General AI"
"W2943528195","General AI"
"W2964532885","General AI"
"W3005378446","computer vision"
"W3090140268","computer vision"
"W3212533323","General AI"
"W2911464154","General AI"
"W4386818352","General AI"
"W2908621325","General AI"
"W3032021129","General AI"
"W3023858750","General AI"
"W4200348706","General AI"
"W3171394698","General AI"
"W3020128160","generative ai"
"W4383301639","General AI"
"W4283744078","General AI"
"W2946839276","explainable ai"
"W2973586775","neural architecture search"
"W3035015856","General AI"
"W3106539141","graph neural networks"
"W3112535338","General AI"
"W4226546282","General AI"
"W3192087497","General AI"
"W3181161645","computer vision"
"W3026804883","computer vision"
"W3026804883","natural language processing"
"W2963907999","General AI"
"W4394998407","graph neural networks"
"W4285217780","transformer architecture"
"W3088224397","generative ai"
"W4282942883","graph neural networks"
"W4224059758","General AI"
"W2954124071","federated learning"
"W4285326675","graph neural networks"
"W4224291389","computer vision"
"W4378550658","natural language processing"
"W4378550658","transformer architecture"
"W2997163251","transformer architecture"
"W3163634295","General AI"
"W4403530914","General AI"
"W4312425624","federated learning"
"W4312425624","graph neural networks"
"W3156786002","computer vision"
"W2955169411","General AI"
"W3167128359","General AI"
"W3137064251","General AI"
"W2992989584","General AI"
"W3003905048","computer vision"
"W4220825043","graph neural networks"
"W4385356417","computer vision"
"W3005061589","General AI"
"W4387306661","General AI"
"W3114083731","General AI"
"W2971666515","General AI"
"W3020922019","General AI"
"W3196655189","General AI"
"W4211198594","General AI"
"W4224049216","General AI"
"W4385659001","General AI"
"W4307562876","General AI"
"W2929705482","General AI"
"W3081430061","General AI"
"W2949870694","General AI"
"W4396571445","graph neural networks"
"W3200388227","General AI"
"W2923844663","computer vision"
"W2949355451","General AI"
"W3024478970","General AI"
"W4366149852","generative ai"
"W4366149852","graph neural networks"
"W3192526842","generative ai"
"W4210434817","General AI"
"W2942307437","General AI"
"W3115740094","graph neural networks"
"W2974087477","General AI"
"W4206454612","General AI"
"W3004173949","General AI"
"W4287105931","General AI"
"W4210763612","General AI"
"W4317796310","General AI"
"W2942777796","General AI"
"W3120929420","computer vision"
"W4290927915","graph neural networks"
"W2972460946","computer vision"
"W3080155531","General AI"
"W4213079790","computer vision"
"W4213079790","generative ai"
"W2976669726","General AI"
"W3217401178","General AI"
"W4389445914","natural language processing"
"W4389445914","neural architecture search"
"W3043950946","federated learning"
"W2967187896","General AI"
"W4210482483","General AI"
"W3042567248","General AI"
"W4320059742","graph neural networks"
"W3185780518","General AI"
"W4313327939","General AI"
"W3127493072","General AI"
"W3103298250","General AI"
"W2970821029","transformer architecture"
"W3148119887","General AI"
"W4388188339","explainable ai"
"W3003667836","General AI"
"W4206642525","General AI"
"W2996608372","General AI"
"W3130172878","General AI"
"W3159579291","General AI"
"W2979306089","computer vision"
"W3097476496","General AI"
"W4226408629","General AI"
"W2913093499","General AI"
"W2941891803","General AI"
"W3005949594","General AI"
"W4385758501","graph neural networks"
"W2922479519","computer vision"
"W3195373382","General AI"
"W3108675989","General AI"
"W2949497754","General AI"
"W3030030520","General AI"
"W3195475698","computer vision"
"W3046803548","General AI"
"W4386529373","natural language processing"
"W4386529373","transformer architecture"
"W4282960636","General AI"
"W3130689885","General AI"
"W3176494267","General AI"
"W3162862084","General AI"
"W4379056866","explainable ai"
"W4200580899","General AI"
"W3123021847","General AI"
"W3033330873","General AI"
"W4307861851","General AI"
"W4387408023","General AI"
"W3034033080","computer vision"
"W3024183470","graph neural networks"
"W4288074424","General AI"
"W3165496502","generative ai"
"W2947469701","General AI"
"W2968805317","computer vision"
"W3064374686","General AI"
"W3010677011","computer vision"
"W3118861991","General AI"
"W4224297054","General AI"
"W4394065206","General AI"
"W4281993476","natural language processing"
"W3006908005","generative ai"
"W3191766264","General AI"
"W2959716986","General AI"
"W3089563032","General AI"
"W2962879957","General AI"
"W3138655689","General AI"
"W3213692590","General AI"
"W3196647917","General AI"
"W3116896278","General AI"
"W2991464628","General AI"
"W3034300825","General AI"
"W4353090637","computer vision"
"W3111874539","computer vision"
"W2997553427","General AI"
"W4281922231","General AI"
"W2917996064","federated learning"
"W4400620621","General AI"
"W3003922491","General AI"
"W4283214123","graph neural networks"
"W3184237284","General AI"
"W3208127274","General AI"
"W3090947704","generative ai"
"W3100090196","General AI"
"W4287119647","graph neural networks"
"W3112129582","General AI"
"W2988952749","computer vision"
"W3017794714","General AI"
"W2926419149","General AI"
"W3157428506","General AI"
"W3021575660","General AI"
"W4394927283","neural architecture search"
"W3113757834","General AI"
"W4214920101","generative ai"
"W4214920101","graph neural networks"
"W2948919246","computer vision"
"W3096759520","General AI"
"W3183475563","General AI"
"W4367046831","graph neural networks"
"W2962455611","General AI"
"W2929318754","General AI"
"W3036700357","General AI"
"W4317433347","General AI"
"W3016486740","General AI"
"W2982389494","General AI"
"W4400737507","General AI"
"W3172244198","computer vision"
"W2949569332","General AI"
"W3010973981","General AI"
"W2892094491","General AI"
"W4296794220","General AI"
"W3025806813","General AI"
"W4386777182","General AI"
"W3005759882","General AI"
"W3000422124","neural architecture search"
"W3116218254","General AI"
"W3021246020","General AI"
"W4312938817","generative ai"
"W4312938817","graph neural networks"
"W4281480000","General AI"
"W3132276786","General AI"
"W3033849798","General AI"
"W4379229276","General AI"
"W4391033617","generative ai"
"W3049917942","General AI"
"W2908412011","General AI"
"W4289792391","General AI"
"W3153380589","General AI"
"W2906865296","General AI"
"W3197213531","generative ai"
"W3019168338","General AI"
"W2919839278","General AI"
"W4391160762","General AI"
"W2972156365","General AI"
"W2978226903","generative ai"
"W4313574600","General AI"
"W3007611478","natural language processing"
"W4377711218","natural language processing"
"W4377711218","transformer architecture"
"W2942094298","federated learning"
"W4281772828","General AI"
"W3104004606","General AI"
"W4243796195","General AI"
"W4386699817","General AI"
"W4386362747","graph neural networks"
"W4386362747","transformer architecture"
"W3161877384","graph neural networks"
"W2907688358","General AI"
"W4212774244","General AI"
"W3128119818","computer vision"
"W2945195890","General AI"
"W3093008122","computer vision"
"W3175475299","General AI"
"W3127194607","General AI"
"W2967240347","General AI"
"W3199707364","General AI"
"W3176469059","computer vision"
"W3042090478","computer vision"
"W2911436281","General AI"
"W4391610180","General AI"
"W3190897386","computer vision"
"W4316253891","General AI"
"W2900620189","General AI"
"W3182313452","General AI"
"W3131268456","General AI"
"W4229023302","General AI"
"W2918471352","computer vision"
"W4200160233","General AI"
"W3073623721","General AI"
"W2944090748","computer vision"
"W3017331659","General AI"
"W4205323638","General AI"
"W4210406706","General AI"
"W4389050995","General AI"
"W2915122375","generative ai"
"W3214662938","computer vision"
"W3214662938","explainable ai"
"W2980209480","generative ai"
"W2935876239","General AI"
"W3003437478","computer vision"
"W3041266228","computer vision"
"W2982145123","computer vision"
"W4385636399","graph neural networks"
"W3028476056","generative ai"
"W4285799063","General AI"
"W3208322257","graph neural networks"
"W3208322257","reinforcement learning"
"W3161071537","General AI"
"W3214275744","General AI"
"W3012309884","General AI"
"W2904141086","General AI"
"W4361285825","General AI"
"W2953277565","General AI"
"W3001272657","General AI"
"W3197271163","General AI"
"W2991074454","computer vision"
"W2992930668","computer vision"
"W4221107018","computer vision"
"W3166059025","graph neural networks"
"W4394625686","computer vision"
"W4394625686","graph neural networks"
"W3169786763","computer vision"
"W3118010610","General AI"
"W4213060692","General AI"
"W4381988468","General AI"
"W2983440318","General AI"
"W3012349226","General AI"
"W2963246438","General AI"
"W4321377565","computer vision"
"W4366774874","General AI"
"W3083527560","General AI"
"W3008264426","General AI"
"W3093509097","General AI"
"W2948427854","computer vision"
"W3034124732","computer vision"
"W3199500316","explainable ai"
"W2921907837","General AI"
"W3042672025","General AI"
"W2918981486","reinforcement learning"
"W4385565748","graph neural networks"
"W3198439226","General AI"
"W4210702181","General AI"
"W2970145156","General AI"
"W2955832930","General AI"
"W3105750503","General AI"
"W2979348177","computer vision"
"W2981380462","General AI"
"W3088615466","General AI"
"W2918499589","computer vision"
"W3088255189","General AI"
"W3188262657","General AI"
"W3204734758","General AI"
"W4214677181","neural architecture search"
"W3008569902","General AI"
"W2922002199","General AI"
"W2963168174","computer vision"
"W2996318164","computer vision"
"W2949942603","computer vision"
"W2949942603","generative ai"
"W4312191068","General AI"
"W2921143934","General AI"
"W3204691786","graph neural networks"
"W3170020805","General AI"
"W3120327154","General AI"
"W3153858161","graph neural networks"
"W4384641232","graph neural networks"
"W3009017987","computer vision"
"W2999439947","General AI"
"W3011491737","General AI"
"W4399728115","computer vision"
"W3118769665","General AI"
"W4319601582","General AI"
"W3121735688","General AI"
"W3011807858","computer vision"
"W4312493300","graph neural networks"
"W2940376342","computer vision"
"W2916323829","generative ai"
"W4293770138","General AI"
"W4226142707","General AI"
"W3045699803","General AI"
"W2903991757","computer vision"
"W3031478966","computer vision"
"W4387930961","graph neural networks"
"W3128282133","General AI"
"W2910835070","General AI"
"W4282926446","General AI"
"W4292329901","graph neural networks"
"W4225006216","General AI"
"W3038262683","explainable ai"
"W4390841724","General AI"
"W4366090634","General AI"
"W4255998495","General AI"
"W2949185485","General AI"
"W2964673274","computer vision"
"W2964673274","natural language processing"
"W3210739237","General AI"
"W4281937758","General AI"
"W2909862814","General AI"
"W3127074460","computer vision"
"W3207351808","General AI"
"W2909340128","General AI"
"W3100128679","General AI"
"W2945963590","General AI"
"W3006594177","computer vision"
"W2943909972","computer vision"
"W2950651031","General AI"
"W4212940818","General AI"
"W3160036209","General AI"
"W3004874934","General AI"
"W4312957933","General AI"
"W3195489344","General AI"
"W3105117414","General AI"
"W4386136032","natural language processing"
"W4386136032","transformer architecture"
"W2963076808","computer vision"
"W3013974198","General AI"
"W4400334922","General AI"
"W2946888790","computer vision"
"W3012176190","General AI"
"W3093156908","General AI"
"W3195387025","General AI"
"W3134784623","General AI"
"W4285413758","generative ai"
"W4285413758","graph neural networks"
"W2943220429","General AI"
"W4367297262","General AI"
"W2998528009","graph neural networks"
"W3015535799","federated learning"
"W3046192825","computer vision"
"W4321844043","reinforcement learning"
"W4382658124","graph neural networks"
"W3003555941","General AI"
"W3033886298","explainable ai"
"W3033886298","graph neural networks"
"W4389625454","graph neural networks"
"W4283692816","explainable ai"
"W4317772700","General AI"
"W2941915890","General AI"
"W4214522446","generative ai"
"W3031399045","General AI"
"W3201150168","graph neural networks"
"W4401036688","General AI"
"W3115724051","General AI"
"W3089140114","transformer architecture"
"W3085806799","General AI"
"W2960836233","General AI"
"W4384472141","General AI"
"W2982353227","General AI"
"W4383481598","graph neural networks"
"W3012096460","General AI"
"W3083248912","computer vision"
"W4390969196","graph neural networks"
"W3002152246","General AI"
"W2940368890","General AI"
"W2913320283","General AI"
"W3101485419","General AI"
"W2883602772","General AI"
"W4308540792","explainable ai"
"W3036918913","computer vision"
"W2992308087","computer vision"
"W3152977626","General AI"
"W3016239245","graph neural networks"
"W2990660750","computer vision"
"W4200432712","graph neural networks"
"W4200432712","neural architecture search"
"W3199291562","General AI"
"W2796421769","General AI"
"W3011249019","generative ai"
"W3206633879","General AI"
"W3212161586","graph neural networks"
"W3212161586","reinforcement learning"
"W3174658031","General AI"
"W3041971333","computer vision"
"W4214923045","General AI"
"W3042046988","generative ai"
"W2922048308","natural language processing"
"W3093454916","General AI"
"W2947267495","General AI"
"W3110928794","generative ai"
"W3033013607","General AI"
"W4283815286","transformer architecture"
"W2919859337","computer vision"
"W3015432327","General AI"
"W3165995277","General AI"
"W4224314625","General AI"
"W4391759599","General AI"
"W4368356123","graph neural networks"
"W4286373861","graph neural networks"
"W3015572666","generative ai"
"W4220850595","General AI"
"W3125013357","General AI"
"W4388406898","General AI"
"W3127930610","explainable ai"
"W2970686841","General AI"
"W2929084559","General AI"
"W3105525146","General AI"
"W3135620065","natural language processing"
"W4294811472","federated learning"
"W4205784232","General AI"
"W3049131298","computer vision"
"W2963300950","General AI"
"W3023173618","General AI"
"W4282942408","computer vision"
"W4282942408","graph neural networks"
"W3119595909","General AI"
"W3005144047","General AI"
"W2945616044","computer vision"
"W2972700011","General AI"
"W4281696066","General AI"
"W3161588687","General AI"
"W4221124047","computer vision"
"W4283465129","General AI"
"W3195963910","General AI"
"W3130226006","computer vision"
"W3130226006","generative ai"
"W3198911825","computer vision"
"W3012398293","General AI"
"W3186997021","generative ai"
"W3186997021","natural language processing"
"W3037844834","General AI"
"W4283368285","natural language processing"
"W3000742547","General AI"
"W3153854677","General AI"
"W4206428177","General AI"
"W3005188734","generative ai"
"W3081030752","General AI"
"W4367319981","General AI"
"W3045041747","General AI"
"W3089838435","General AI"
"W4386160754","General AI"
"W4399290669","generative ai"
"W4399290669","natural language processing"
"W4385829972","graph neural networks"
"W3130194449","General AI"
"W3139012405","General AI"
"W4362665647","General AI"
"W4210729464","General AI"
"W3047884290","General AI"
"W3130038922","General AI"
"W2947606239","General AI"
"W3093633048","General AI"
"W4393252719","natural language processing"
"W4393252719","transformer architecture"
"W4377692699","natural language processing"
"W4377692699","transformer architecture"
"W3207732087","generative ai"
"W2972227710","computer vision"
"W2990818770","computer vision"
"W4286829109","General AI"
"W3042088791","computer vision"
"W3195562463","General AI"
"W3005457696","computer vision"
"W3113215878","General AI"
"W3094937636","General AI"
"W3013064625","General AI"
"W3160244858","General AI"
"W4281747382","General AI"
"W3196304395","General AI"
"W4385320121","General AI"
"W2887019724","General AI"
"W3080266874","computer vision"
"W3187483004","graph neural networks"
"W2982645003","General AI"
"W2888313207","General AI"
"W2976184969","General AI"
"W2945051190","General AI"
"W3012079496","General AI"
"W2979357336","General AI"
"W3193754890","General AI"
"W3005219125","generative ai"
"W2919816947","General AI"
"W4321786597","natural language processing"
"W4321786597","transformer architecture"
"W3044454104","General AI"
"W3090615956","neural architecture search"
"W3045825034","General AI"
"W3037565425","General AI"
"W4320063337","General AI"
"W4393170771","explainable ai"
"W4386246120","natural language processing"
"W4386246120","transformer architecture"
"W4206755733","graph neural networks"
"W2978858971","General AI"
"W3119528261","General AI"
"W4386791410","General AI"
"W3142457648","General AI"
"W4225568512","graph neural networks"
"W4221021152","General AI"
"W2939181282","General AI"
"W2798720628","federated learning"
"W4210379867","General AI"
"W4304161220","General AI"
"W3199488820","General AI"
"W3095852388","General AI"
"W3022043513","computer vision"
"W2970757764","computer vision"
"W2970757764","graph neural networks"
"W2948461581","computer vision"
"W3036149562","General AI"
"W3014676873","General AI"
"W3048545344","computer vision"
"W4395670480","graph neural networks"
"W4395670480","neural architecture search"
"W3100431408","graph neural networks"
"W4395676281","General AI"
"W3033387047","computer vision"
"W4311537573","General AI"
"W3172242543","General AI"
"W2946566846","computer vision"
"W4394580929","General AI"
"W3207276325","General AI"
"W4220969689","General AI"
"W3049633943","General AI"
"W2943201207","General AI"
"W3166902960","General AI"
"W2916105049","General AI"
"W4385648028","General AI"
"W2991439194","General AI"
"W4280510627","computer vision"
"W4280510627","graph neural networks"
"W3171594106","General AI"
"W4382873860","General AI"
"W2999300566","General AI"
"W4200473452","General AI"
"W3048427347","General AI"
"W4224320982","graph neural networks"
"W3080588469","General AI"
"W3008876591","General AI"
"W4310836146","General AI"
"W4385151982","graph neural networks"
"W4392405811","explainable ai"
"W3006418295","computer vision"
"W3090154305","natural language processing"
"W3186467883","General AI"
"W4210451751","General AI"
"W3094390838","General AI"
"W3217031479","General AI"
"W4205452084","graph neural networks"
"W3119836372","computer vision"
"W3166592993","generative ai"
"W3166592993","graph neural networks"
"W2992312320","computer vision"
"W3005940936","computer vision"
"W3153771145","General AI"
"W3012155760","General AI"
"W4225659306","computer vision"
"W4367146727","graph neural networks"
"W3092962781","General AI"
"W3021789920","General AI"
"W2924509255","General AI"
"W2922105745","computer vision"
"W3181755904","computer vision"
"W3132277775","General AI"
"W4396578638","General AI"
"W3012598084","General AI"
"W3038702313","General AI"
"W4323797442","General AI"
"W4212993683","General AI"
"W3028504508","computer vision"
"W4296044817","graph neural networks"
"W3013958775","computer vision"
"W3013958775","graph neural networks"
"W3115003633","graph neural networks"
"W2944313727","computer vision"
"W3046986344","graph neural networks"
"W3006805607","computer vision"
"W4401992148","General AI"
"W4283786398","computer vision"
"W4283021596","computer vision"
"W3015527879","General AI"
"W3215623190","General AI"
"W2967982146","General AI"
"W3098252703","computer vision"
"W2915382319","General AI"
"W4383817745","generative ai"
"W4383817745","natural language processing"
"W4381163968","graph neural networks"
"W4385270159","graph neural networks"
"W3208239477","computer vision"
"W3011679186","computer vision"
"W2995620485","computer vision"
"W3169987391","General AI"
"W3015106848","computer vision"
"W4313650698","General AI"
"W4205203504","General AI"
"W4394824429","graph neural networks"
"W4394824429","transformer architecture"
"W4386525386","General AI"
"W3008618223","computer vision"
"W3008618223","natural language processing"
"W2956897601","computer vision"
"W4221124727","General AI"
"W4312129619","General AI"
"W4312969325","General AI"
"W3172545452","General AI"
"W3174400490","General AI"
"W3195378094","General AI"
"W4220998111","graph neural networks"
"W3011854025","generative ai"
"W3011854025","natural language processing"
"W4213059002","General AI"
"W3016895690","General AI"
"W3037743169","explainable ai"
"W2963399829","General AI"
"W4382310450","General AI"
"W4327713021","quantum ml"
"W4229049869","General AI"
"W4308292292","explainable ai"
"W3007318395","General AI"
"W2914314600","computer vision"
"W4353057854","General AI"
"W4389439905","General AI"
"W3082179801","General AI"
"W4362698897","generative ai"
"W3022827444","computer vision"
"W2998401283","General AI"
"W3135970545","General AI"
"W3194107456","General AI"
"W2969699559","General AI"
"W3044492802","computer vision"
"W4283794051","graph neural networks"
"W3038964916","General AI"
"W4378174417","graph neural networks"
"W3018022596","General AI"
"W3106651141","computer vision"
"W3015767938","General AI"
"W3171183426","General AI"
"W3100962952","General AI"
"W4225419551","natural language processing"
"W3130825363","General AI"
"W3000965188","explainable ai"
"W4386735666","natural language processing"
"W3199625624","General AI"
"W2981736926","General AI"
"W4367183886","General AI"
"W3134611473","General AI"
"W4205951982","natural language processing"
"W4206686640","General AI"
"W3126336475","computer vision"
"W4360615678","General AI"
"W4293795496","General AI"
"W4323020850","graph neural networks"
"W2982471419","General AI"
"W3191936115","General AI"
"W4382173516","generative ai"
"W2900710900","computer vision"
"W3172444062","General AI"
"W4303986301","General AI"
"W2899116309","General AI"
"W3090831210","General AI"
"W4366990766","General AI"
"W2922476837","General AI"
"W3040552910","General AI"
"W2987212315","General AI"
"W4381328689","graph neural networks"
"W3010725820","computer vision"
"W3042792180","General AI"
"W3199618438","General AI"
"W3087747512","generative ai"
"W4313411123","General AI"
"W3115612815","General AI"
"W2947616598","computer vision"
"W3006857012","General AI"
"W3171364527","computer vision"
"W3108642877","General AI"
"W4307021774","General AI"
"W4387490268","graph neural networks"
"W2957430216","General AI"
"W3158096381","General AI"
"W4293511125","General AI"
"W4401569678","General AI"
"W2965344373","computer vision"
"W4294755849","General AI"
"W2913189099","computer vision"
"W2912354537","computer vision"
"W4304185523","computer vision"
"W3209092234","General AI"
"W4383499521","graph neural networks"
"W3151856854","General AI"
"W2992824173","General AI"
"W3165340137","General AI"
"W4380369812","General AI"
"W3010710435","General AI"
"W3119237119","General AI"
"W3110261028","General AI"
"W3171888358","General AI"
"W4380369663","General AI"
"W3181940694","General AI"
"W3043486047","General AI"
"W2939853793","neural architecture search"
"W3036201112","computer vision"
"W4296777868","General AI"
"W4280610215","General AI"
"W3024118039","General AI"
"W2962867198","General AI"
"W4402488350","graph neural networks"
"W3158307528","General AI"
"W3210828003","graph neural networks"
"W3210828003","natural language processing"
"W3136873430","General AI"
"W4285122835","General AI"
"W2909680570","General AI"
"W3109675364","General AI"
"W2915430650","General AI"
"W2968600287","General AI"
"W4212928315","General AI"
"W3033580259","General AI"
"W2963111219","computer vision"
"W3102564198","General AI"
"W3205805054","graph neural networks"
"W3048584318","General AI"
"W4395957340","graph neural networks"
"W3131379101","General AI"
"W4377038136","General AI"
"W3205451405","General AI"
"W2985653130","General AI"
"W3163452505","General AI"
"W3021510704","reinforcement learning"
"W3196362788","General AI"
"W2953495237","General AI"
"W3034815177","computer vision"
"W2980623771","General AI"
"W2938144699","computer vision"
"W3049499902","General AI"
"W2965875348","computer vision"
"W2965881028","General AI"
"W3157721836","computer vision"
"W2987952249","General AI"
"W3130804472","General AI"
"W4220902634","generative ai"
"W4220902634","natural language processing"
"W3135297126","General AI"
"W2999416926","computer vision"
"W3014339631","computer vision"
"W3014339631","graph neural networks"
"W4385568427","graph neural networks"
"W3128456605","General AI"
"W2998895100","General AI"
"W4386098991","natural language processing"
"W4386098991","transformer architecture"
"W3005674604","computer vision"
"W4293009162","computer vision"
"W3096943439","General AI"
"W4220863748","General AI"
"W3176574153","computer vision"
"W3132828246","graph neural networks"
"W3035785571","General AI"
"W4376871536","General AI"
"W3175539961","graph neural networks"
"W3016590323","computer vision"
"W4312940140","graph neural networks"
"W3107346677","General AI"
"W4386387831","General AI"
"W4313444849","General AI"
"W4283764803","General AI"
"W4386768706","graph neural networks"
"W3113283709","computer vision"
"W3015913963","General AI"
"W3131866082","General AI"
"W2998829516","explainable ai"
"W3033154016","General AI"
"W3040938591","General AI"
"W2956265248","General AI"
"W2982108874","General AI"
"W2971657464","General AI"
"W4306969352","generative ai"
"W4210917430","General AI"
"W3008594856","General AI"
"W2969178187","General AI"
"W3217580385","General AI"
"W3136354122","General AI"
"W4226303442","graph neural networks"
"W4318966368","General AI"
"W3194366730","General AI"
"W4394933439","General AI"
"W4388937805","natural language processing"
"W2931471748","General AI"
"W2972747336","General AI"
"W4379386976","computer vision"
"W4387297831","explainable ai"
"W4387297831","generative ai"
"W3030970797","computer vision"
"W3030970797","natural language processing"
"W3000661126","General AI"
"W2913712311","computer vision"
"W3093981769","General AI"
"W3123384867","General AI"
"W4210530467","General AI"
"W4281646939","General AI"
"W4391221901","graph neural networks"
"W2911420178","computer vision"
"W3094681328","generative ai"
"W2966213627","General AI"
"W2976911668","General AI"
"W4221111998","computer vision"
"W3083017137","General AI"
"W4319294071","General AI"
"W2946844474","General AI"
"W3001760905","General AI"
"W4226128225","General AI"
"W3216447180","graph neural networks"
"W2974285835","General AI"
"W4285987580","explainable ai"
"W3117786276","computer vision"
"W3117786276","quantum ml"
"W4211249255","General AI"
"W4312440280","General AI"
"W4321015480","explainable ai"
"W4318914588","computer vision"
"W3163323251","computer vision"
"W3163323251","natural language processing"
"W3133557031","General AI"
"W3037215700","computer vision"
"W3013299216","General AI"
"W3195446130","General AI"
"W4392986561","natural language processing"
"W3197995211","General AI"
"W4313215872","General AI"
"W3080114912","General AI"
"W3093838722","General AI"
"W4317900619","generative ai"
"W3036241636","General AI"
"W4400957436","General AI"
"W2997052735","computer vision"
"W2990550398","computer vision"
"W3156642753","graph neural networks"
"W4388240299","graph neural networks"
"W4390841343","computer vision"
"W4378469471","natural language processing"
"W4378469471","transformer architecture"
"W3011757677","General AI"
"W4387204736","General AI"
"W2884129013","computer vision"
"W2884129013","generative ai"
"W4310802579","graph neural networks"
"W3003525670","computer vision"
"W3148576306","computer vision"
"W3148576306","natural language processing"
"W2937228458","General AI"
"W2920442506","General AI"
"W4313574560","General AI"
"W2980609871","computer vision"
"W4291278258","General AI"
"W2980218791","General AI"
"W2900986313","General AI"
"W3183592089","General AI"
"W3080997787","graph neural networks"
"W3080997787","natural language processing"
"W3215575541","General AI"
"W4226043457","graph neural networks"
"W4285250231","General AI"
"W4293282468","General AI"
"W2914150517","General AI"
"W4315434793","generative ai"
"W4315434793","graph neural networks"
"W4281699564","graph neural networks"
"W4281789008","graph neural networks"
"W4281789008","reinforcement learning"
"W3131386442","General AI"
"W3027530687","computer vision"
"W4293062722","General AI"
"W4285168489","federated learning"
"W4388728212","graph neural networks"
"W3119041287","General AI"
"W3011075401","General AI"
"W3119781401","computer vision"
"W2990597424","General AI"
"W4306755867","General AI"
"W2936859456","General AI"
"W4225743392","General AI"
"W4390075963","General AI"
"W3037682562","General AI"
"W2999089077","natural language processing"
"W4394894203","graph neural networks"
"W4383738655","General AI"
"W3160906590","General AI"
"W2965300934","computer vision"
"W4392394652","General AI"
"W2949754230","computer vision"
"W2921069656","computer vision"
"W3094092585","graph neural networks"
"W3216886058","computer vision"
"W3216886058","graph neural networks"
"W4210614090","General AI"
"W2981344804","computer vision"
"W4283746642","graph neural networks"
"W2908763778","computer vision"
"W4214928160","computer vision"
"W3188155461","computer vision"
"W3042314988","General AI"
"W4200431721","General AI"
"W4283028368","explainable ai"
"W4389519350","graph neural networks"
"W3134444039","General AI"
"W3032942478","explainable ai"
"W3032942478","graph neural networks"
"W4226328072","explainable ai"
"W2919254004","computer vision"
"W2974046511","General AI"
"W3090529350","General AI"
"W3014215018","computer vision"
"W3015494572","computer vision"
"W3045938462","graph neural networks"
"W4388072035","General AI"
"W4224314467","General AI"
"W4309173386","General AI"
"W3047161823","General AI"
"W4226278795","General AI"
"W4313525714","graph neural networks"
"W3016019826","General AI"
"W2964642168","General AI"
"W2949400887","General AI"
"W2969752936","General AI"
"W2989612956","General AI"
"W3198899523","General AI"
"W2965751961","General AI"
"W3093478721","computer vision"
"W3117041256","General AI"
"W3213402869","General AI"
"W3112597358","General AI"
"W4221088696","graph neural networks"
"W3015900272","General AI"
"W4226250038","General AI"
"W4289533787","graph neural networks"
"W3128304793","federated learning"
"W4206062825","General AI"
"W4382318226","explainable ai"
"W4382318226","graph neural networks"
"W3212330997","computer vision"
"W3029931105","General AI"
"W3217568487","generative ai"
"W3217568487","transformer architecture"
"W4290725190","generative ai"
"W4378908175","General AI"
"W3081153061","General AI"
"W2964200838","General AI"
"W4386117408","General AI"
"W4386422402","General AI"
"W2944350665","General AI"
"W2997967197","General AI"
"W4389178822","natural language processing"
"W4389178822","transformer architecture"
"W4239774601","General AI"
"W3001779409","General AI"
"W4229029298","General AI"
"W2969435227","General AI"
"W3198895442","General AI"
"W4385267491","graph neural networks"
"W3088315765","graph neural networks"
"W4290738699","General AI"
"W3171353223","General AI"
"W3097598035","computer vision"
"W2909294258","General AI"
"W3048961662","General AI"
"W3047269314","General AI"
"W3034126796","General AI"
"W3138147141","explainable ai"
"W3087720408","General AI"
"W3049157029","computer vision"
"W4385270535","explainable ai"
"W4385270535","graph neural networks"
"W3043300003","General AI"
"W3039799152","General AI"
"W2971569172","computer vision"
"W2945808641","General AI"
"W4391428919","General AI"
"W2758816065","General AI"
"W3091970714","General AI"
"W3176558250","natural language processing"
"W4389286730","General AI"
"W2965435177","General AI"
"W3195409179","computer vision"
"W4285819700","General AI"
"W3016043885","General AI"
"W4308799120","graph neural networks"
"W3126539609","General AI"
"W3126464483","General AI"
"W3201848920","General AI"
"W3015024348","General AI"
"W3162569201","General AI"
"W3208985699","General AI"
"W4220812402","General AI"
"W3163405749","computer vision"
"W3123933050","General AI"
"W3043406639","General AI"
"W3121505419","General AI"
"W3090132571","General AI"
"W4312100216","General AI"
"W3196708219","General AI"
"W2972732442","General AI"
"W4205209250","explainable ai"
"W4205209250","graph neural networks"
"W3035865126","computer vision"
"W3012604956","computer vision"
"W3129770188","computer vision"
"W3162341667","General AI"
"W2951074202","General AI"
"W2956824775","computer vision"
"W3158528201","computer vision"
"W4319996333","General AI"
"W3088352450","computer vision"
"W4319062752","graph neural networks"
"W2982509551","General AI"
"W3081243002","General AI"
"W2964024268","neural architecture search"
"W4392201994","computer vision"
"W4392201994","natural language processing"
"W4235312256","natural language processing"
"W3194808083","General AI"
"W3127800866","natural language processing"
"W3014473050","General AI"
"W4206982035","neural architecture search"
"W4212767932","computer vision"
"W4387572688","General AI"
"W3116796810","General AI"
"W4284700936","General AI"
"W4220803499","General AI"
"W2943507717","computer vision"
"W2970066309","graph neural networks"
"W2970066309","transformer architecture"
"W2982383280","computer vision"
"W3124389259","computer vision"
"W4327672398","natural language processing"
"W4327672398","transformer architecture"
"W3133600711","computer vision"
"W3168678646","generative ai"
"W3168678646","graph neural networks"
"W4221138494","General AI"
"W2922327436","computer vision"
"W2970919392","computer vision"
"W4226340378","graph neural networks"
"W3023746197","computer vision"
"W2980863799","computer vision"
"W2980863799","generative ai"
"W4389060630","computer vision"
"W4396758759","federated learning"
"W4396758759","graph neural networks"
"W4291743636","computer vision"
"W4210282735","General AI"
"W3034362861","computer vision"
"W3034362861","explainable ai"
"W4389040448","graph neural networks"
"W3129492101","computer vision"
"W4315782509","graph neural networks"
"W4315782509","reinforcement learning"
"W2979987893","General AI"
"W3133724318","generative ai"
"W4376619153","explainable ai"
"W4376619153","graph neural networks"
"W3025103497","General AI"
"W2911760887","computer vision"
"W3001299093","federated learning"
"W4391685200","General AI"
"W3128633191","General AI"
"W4226271739","General AI"
"W3149972283","General AI"
"W3139096236","General AI"
"W2963399068","General AI"
"W4319316346","generative ai"
"W2966632508","General AI"
"W4391897214","General AI"
"W4386317415","graph neural networks"
"W2956255334","General AI"
"W3080157118","General AI"
"W2959557487","computer vision"
"W3162834845","computer vision"
"W3046786385","General AI"
"W3003162042","General AI"
"W3003617865","General AI"
"W4402534093","natural language processing"
"W3175156831","graph neural networks"
"W3160417254","General AI"
"W3040660552","General AI"
"W3015565366","General AI"
"W3172646920","General AI"
"W4297679069","General AI"
"W3130099148","General AI"
"W2911079020","computer vision"
"W3201911678","generative ai"
"W4318570685","computer vision"
"W3133565772","computer vision"
"W3178853696","generative ai"
"W3088820816","General AI"
"W4315781749","General AI"
"W2947732158","computer vision"
"W3031420959","General AI"
"W3015396767","General AI"
"W2982005186","General AI"
"W3036616088","General AI"
"W2979711203","General AI"
"W3207228697","General AI"
"W3166222966","computer vision"
"W2922281988","General AI"
"W4401011076","explainable ai"
"W2907638403","federated learning"
"W2907638403","reinforcement learning"
"W2979526462","computer vision"
"W4304092068","graph neural networks"
"W2975471211","General AI"
"W3201342863","computer vision"
"W3201342863","quantum ml"
"W2982170926","computer vision"
"W2966756122","computer vision"
"W4393316745","General AI"
"W3016470706","General AI"
"W4296079469","General AI"
"W2970642414","generative ai"
"W4384341507","General AI"
"W3093181506","General AI"
"W3184697131","General AI"
"W4322494707","computer vision"
"W4229000948","quantum ml"
"W4387812465","General AI"
"W3025786591","computer vision"
"W3162113798","General AI"
"W2919946988","General AI"
"W3037101939","General AI"
"W2988020997","computer vision"
"W2988020997","generative ai"
"W4360601153","graph neural networks"
"W4283826582","General AI"
"W2984928703","computer vision"
"W3080484018","General AI"
"W2920026528","General AI"
"W3185306500","General AI"
"W4285093832","General AI"
"W2963067739","General AI"
"W4285111878","explainable ai"
"W4362613921","General AI"
"W3183524393","generative ai"
"W2973134644","computer vision"
"W4386241849","General AI"
"W4312883044","General AI"
"W3193610036","General AI"
"W3183767907","computer vision"
"W3048825869","General AI"
"W3214868319","General AI"
"W3017369949","General AI"
"W2949158470","General AI"
"W3015438922","General AI"
"W3138118097","generative ai"
"W4401634028","graph neural networks"
"W4401634028","reinforcement learning"
"W4399544572","generative ai"
"W4382239201","graph neural networks"
"W3000537280","General AI"
"W2948648905","computer vision"
"W4211255666","General AI"
"W3091030757","General AI"
"W3106646114","General AI"
"W4321002370","General AI"
"W2964917135","General AI"
"W4220908478","General AI"
"W3163377830","General AI"
"W3032433182","General AI"
"W3033437210","General AI"
"W4294151662","General AI"
"W2975239676","General AI"
"W4379531004","General AI"
"W3192527065","General AI"
"W3216409334","General AI"
"W3167628032","General AI"
"W4224920825","General AI"
"W3044709444","General AI"
"W4313398454","computer vision"
"W4313398454","transformer architecture"
"W4224211827","transformer architecture"
"W2977291005","General AI"
"W2944474187","computer vision"
"W4393165031","General AI"
"W2988828954","General AI"
"W4390738590","General AI"
"W4394684782","General AI"
"W2912806832","computer vision"
"W4284989103","General AI"
"W3158589654","General AI"
"W2950540448","General AI"
"W2968058863","General AI"
"W2945892680","General AI"
"W4379875293","General AI"
"W4223567832","explainable ai"
"W2995602893","computer vision"
"W3139354032","graph neural networks"
"W4391682405","quantum ml"
"W4315647008","graph neural networks"
"W3091770411","General AI"
"W2941794491","computer vision"
"W3209783418","General AI"
"W2931285398","computer vision"
"W4297099979","graph neural networks"
"W3036230325","General AI"
"W2944349874","General AI"
"W2971132843","computer vision"
"W2971132843","graph neural networks"
"W2888570268","General AI"
"W4289824313","computer vision"
"W4289824313","graph neural networks"
"W3033309765","General AI"
"W4212846881","General AI"
"W4387164156","General AI"
"W2924962435","General AI"
"W3046853140","General AI"
"W4221046698","General AI"
"W3211269019","computer vision"
"W3004736936","General AI"
"W4390597725","General AI"
"W4220689021","graph neural networks"
"W3016021376","graph neural networks"
"W4313855621","General AI"
"W3049663264","computer vision"
"W3117549921","General AI"
"W3158877728","General AI"
"W4386282763","computer vision"
"W4386282763","explainable ai"
"W4206622731","General AI"
"W2916716815","General AI"
"W4390672571","natural language processing"
"W4390672571","transformer architecture"
"W4200268598","General AI"
"W4321380998","General AI"
"W4400093331","General AI"
"W2965886286","General AI"
"W3112046093","explainable ai"
"W3176603537","General AI"
"W3035000326","General AI"
"W3087158804","General AI"
"W3159142334","computer vision"
"W3024108791","General AI"
"W4385766424","General AI"
"W2992400503","General AI"
"W4399286910","graph neural networks"
"W4225363088","General AI"
"W3202733154","generative ai"
"W3113028252","computer vision"
"W4309089711","General AI"
"W4381855863","General AI"
"W3097850930","neural architecture search"
"W2938744825","General AI"
"W2964630594","General AI"
"W3167884978","General AI"
"W3216826992","General AI"
"W2981915280","generative ai"
"W3085258507","General AI"
"W4315926964","graph neural networks"
"W3158966024","General AI"
"W3133007915","General AI"
"W4286491165","General AI"
"W4312091236","computer vision"
"W4312091236","graph neural networks"
"W4211225168","General AI"
"W3216194285","computer vision"
"W3003175639","computer vision"
"W4205737724","General AI"
"W3038235464","General AI"
"W3186570958","General AI"
"W2967087541","computer vision"
"W4313018984","General AI"
"W2981735416","General AI"
"W4200425753","graph neural networks"
"W4200425753","transformer architecture"
"W2951130829","General AI"
"W4311786576","General AI"
"W4378473491","natural language processing"
"W4378473491","transformer architecture"
"W4225370476","graph neural networks"
"W3211042165","General AI"
"W2999445560","natural language processing"
"W4400810536","General AI"
"W3129239324","generative ai"
"W3136302314","graph neural networks"
"W3106378566","General AI"
"W4285275086","General AI"
"W3087068758","General AI"
"W3200442999","generative ai"
"W2974300201","General AI"
"W3158651856","neural architecture search"
"W2978484973","computer vision"
"W2978484973","generative ai"
"W3088253102","computer vision"
"W4399865351","graph neural networks"
"W4200265911","General AI"
"W2965516457","General AI"
"W2955429674","computer vision"
"W4224326151","graph neural networks"
"W3017092352","General AI"
"W4383749445","graph neural networks"
"W2944303778","General AI"
"W3114302679","General AI"
"W3177272898","General AI"
"W3108672867","General AI"
"W2941806144","General AI"
"W4211089551","General AI"
"W3047035577","General AI"
"W3011079741","General AI"
"W2917802572","General AI"
"W3034233514","General AI"
"W3119429736","General AI"
"W3118526204","generative ai"
"W2985003253","General AI"
"W2920204204","General AI"
"W3161135705","General AI"
"W2955591694","generative ai"
"W3146682110","General AI"
"W3048884198","generative ai"
"W4388827632","graph neural networks"
"W2923778952","General AI"
"W4380989065","General AI"
"W2992521775","General AI"
"W3017205423","General AI"
"W3177349073","transformer architecture"
"W3011398234","General AI"
"W2964096391","General AI"
"W4306149354","graph neural networks"
"W4206625548","General AI"
"W2945253142","computer vision"
"W3120045749","General AI"
"W2913729879","General AI"
"W2952278941","General AI"
"W2953596346","General AI"
"W3156641481","General AI"
"W4323569289","General AI"
"W3104664611","computer vision"
"W2963283402","General AI"
"W4387136969","explainable ai"
"W4224324553","General AI"
"W3199492356","General AI"
"W2889985731","computer vision"
"W3163232091","General AI"
"W4310259937","computer vision"
"W4310259937","graph neural networks"
"W2980387735","generative ai"
"W3015694890","graph neural networks"
"W2999205267","computer vision"
"W3185940864","General AI"
"W4294921306","General AI"
"W2969980243","computer vision"
"W2924179447","General AI"
"W3101344540","computer vision"
"W4225931533","General AI"
"W2982725911","computer vision"
"W4323846342","General AI"
"W2981795565","General AI"
"W2989173953","computer vision"
"W3048384642","General AI"
"W3111915298","General AI"
"W4295280154","computer vision"
"W4307373104","computer vision"
"W4394824370","computer vision"
"W4394824370","reinforcement learning"
"W2984489845","General AI"
"W2991004173","computer vision"
"W2914426823","General AI"
"W4316013409","graph neural networks"
"W3177028972","graph neural networks"
"W3193861087","generative ai"
"W4387007199","computer vision"
"W4312090390","computer vision"
"W3164454234","General AI"
"W3215970451","General AI"
"W3132346797","General AI"
"W3184795752","General AI"
"W4220799659","generative ai"
"W3134206323","General AI"
"W3083797995","General AI"
"W3016970378","General AI"
"W3038657813","computer vision"
"W4378714969","General AI"
"W3212416488","graph neural networks"
"W3124724827","generative ai"
"W2954743925","computer vision"
"W4281752026","neural architecture search"
"W3180792321","General AI"
"W3036748481","General AI"
"W4220830656","General AI"
"W2994982829","General AI"
"W3037333647","General AI"
"W3207918547","computer vision"
"W3207918547","transformer architecture"
"W3102782390","General AI"
"W2931458697","generative ai"
"W3003684254","General AI"
"W4387010687","computer vision"
"W4224257787","generative ai"
"W4224257787","neural architecture search"
"W4366374897","General AI"
"W3013053228","General AI"
"W4312399808","General AI"
"W4213263318","General AI"
"W4400280425","graph neural networks"
"W2935859503","General AI"
"W2907683311","General AI"
"W4310044444","generative ai"
"W3082368902","General AI"
"W3015918353","graph neural networks"
"W4200312456","General AI"
"W4377289056","graph neural networks"
"W4377289056","reinforcement learning"
"W2772974342","General AI"
"W2964671814","General AI"
"W3011867832","computer vision"
"W3094035514","General AI"
"W2891545126","computer vision"
"W2984545517","General AI"
"W4220918529","General AI"
"W4200347914","explainable ai"
"W4293248242","General AI"
"W2912080696","General AI"
"W3095531713","General AI"
"W3166914684","General AI"
"W4392239830","natural language processing"
"W3161347788","General AI"
"W4308723559","General AI"
"W3011367647","General AI"
"W2998400386","General AI"
"W3005498204","computer vision"
"W3014740133","computer vision"
"W3014740133","natural language processing"
"W4366288332","General AI"
"W2930108727","General AI"
"W3007001835","General AI"
"W4225540707","General AI"
"W3090494780","General AI"
"W3096408984","General AI"
"W3191894747","General AI"
"W3092206109","graph neural networks"
"W3020434223","computer vision"
"W2980229124","General AI"
"W3209954128","computer vision"
"W4402376830","General AI"
"W3047095708","General AI"
"W2972622000","General AI"
"W3127403190","computer vision"
"W4213287278","General AI"
"W2963539768","General AI"
"W3183166054","General AI"
"W2911471242","General AI"
"W4307814854","General AI"
"W4385429522","General AI"
"W2964449965","General AI"
"W2924523132","General AI"
"W2908893700","General AI"
"W3127692495","General AI"
"W3194191999","neural architecture search"
"W2906943923","graph neural networks"
"W2999538200","General AI"
"W4365790415","graph neural networks"
"W2970910956","General AI"
"W4388391924","General AI"
"W3108542203","General AI"
"W3157437194","natural language processing"
"W4400467327","General AI"
"W3181435465","General AI"
"W3006477052","General AI"
"W4380082979","General AI"
"W3007728642","General AI"
"W4384155577","graph neural networks"
"W2954033048","reinforcement learning"
"W2949352098","General AI"
"W4213233019","graph neural networks"
"W3200855694","General AI"
"W3037830434","General AI"
"W3128161927","computer vision"
"W3201872403","General AI"
"W4392710726","General AI"
"W3199959176","General AI"
"W4285106051","General AI"
"W3037308786","General AI"
"W2963484278","General AI"
"W4293038545","General AI"
"W2945904062","General AI"
"W2962823371","General AI"
"W2991525034","General AI"
"W4404816710","General AI"
"W3022306516","graph neural networks"
"W3111602563","graph neural networks"
"W3034422010","computer vision"
"W2912803327","computer vision"
"W4395676198","General AI"
"W4399846443","General AI"
"W4283465583","General AI"
"W2925038325","General AI"
"W4303579574","General AI"
"W3015508506","computer vision"
"W4365509076","General AI"
"W3003736418","General AI"
"W2984666782","General AI"
"W4318200290","General AI"
"W4282025104","General AI"
"W2905122540","General AI"
"W4362561529","General AI"
"W3131390313","transformer architecture"
"W3110648706","General AI"
"W2998731068","General AI"
"W3095609162","General AI"
"W2999917590","General AI"
"W2946026089","General AI"
"W3196178504","General AI"
"W4206154777","General AI"
"W2912135847","General AI"
"W4220780516","General AI"
"W4281817087","computer vision"
"W3084351420","General AI"
"W3158744177","General AI"
"W2921467240","computer vision"
"W2980276221","General AI"
"W3133047415","General AI"
"W4311376455","generative ai"
"W4311376455","graph neural networks"
"W2948107928","computer vision"
"W3156716921","General AI"
"W3104368962","General AI"
"W4318776599","General AI"
"W4317436377","computer vision"
"W2955034228","computer vision"
"W4306947767","computer vision"
"W3212136669","computer vision"
"W4382681469","General AI"
"W3130672622","generative ai"
"W4286377543","General AI"
"W2910618474","General AI"
"W4200618861","graph neural networks"
"W3177260159","General AI"
"W3203897832","General AI"
"W3016355987","computer vision"
"W2952912936","General AI"
"W4393342082","General AI"
"W3001807593","generative ai"
"W2999907851","General AI"
"W3017520968","computer vision"
"W3017520968","transformer architecture"
"W2973010939","General AI"
"W4319996475","General AI"
"W4312222866","General AI"
"W4394769458","graph neural networks"
"W3003577920","General AI"
"W3000408141","General AI"
"W3029389934","generative ai"
"W3118465508","generative ai"
"W2982243661","General AI"
"W3196571547","General AI"
"W2979088942","computer vision"
"W3095142972","General AI"
"W4313639623","graph neural networks"
"W3172300865","General AI"
"W2981435850","General AI"
"W3100050954","General AI"
"W3007981140","General AI"
"W3084578038","General AI"
"W3210728024","General AI"
"W2942900320","computer vision"
"W2912834795","General AI"
"W2964195914","computer vision"
"W3008584416","General AI"
"W4212786016","General AI"
"W2883294120","General AI"
"W2971176772","computer vision"
"W4321374412","General AI"
"W4200552964","computer vision"
"W3014653648","General AI"
"W3015500759","computer vision"
"W3015500759","generative ai"
"W4294691181","General AI"
"W2946262940","graph neural networks"
"W2925819646","General AI"
"W4293233348","graph neural networks"
"W3034986516","generative ai"
"W4388229648","General AI"
"W3206390480","General AI"
"W4395029107","graph neural networks"
"W3137237498","computer vision"
"W2910734083","General AI"
"W4390480754","General AI"
"W3187222830","General AI"
"W4205531974","computer vision"
"W3119276537","General AI"
"W3156510899","natural language processing"
"W3031469573","graph neural networks"
"W2967749236","General AI"
"W2992625249","General AI"
"W3032155710","explainable ai"
"W4253178971","General AI"
"W4387731406","General AI"
"W2963264709","General AI"
"W3175217968","General AI"
"W2914373984","General AI"
"W4223992687","General AI"
"W4379537566","graph neural networks"
"W2950463786","computer vision"
"W4324325927","General AI"
"W3146306572","computer vision"
"W3146306572","natural language processing"
"W2995726119","computer vision"
"W3080906432","General AI"
"W4226315886","General AI"
"W3142188241","General AI"
"W2980930633","General AI"
"W4319781722","General AI"
"W2911489562","natural language processing"
"W2911489562","transformer architecture"
"W4211257194","General AI"
"W3027659342","General AI"
"W4385570391","natural language processing"
"W3015173390","computer vision"
"W4284964772","computer vision"
"W4327618048","natural language processing"
"W4327618048","transformer architecture"
"W3148831051","General AI"
"W3115720499","General AI"
"W3043603888","General AI"
"W4403436334","General AI"
"W4225161323","General AI"
"W4296774962","graph neural networks"
"W4389836869","General AI"
"W4387874094","computer vision"
"W4387874094","natural language processing"
"W3185276638","General AI"
"W4392137877","General AI"
"W3022989514","generative ai"
"W3094900254","computer vision"
"W3043348615","General AI"
"W2969261116","General AI"
"W3013942086","General AI"
"W2947054660","General AI"
"W3044898809","General AI"
"W3034579202","General AI"
"W2915645771","General AI"
"W4327956421","General AI"
"W3041608560","computer vision"
"W4213454169","General AI"
"W3205219536","computer vision"
"W3205219536","natural language processing"
"W3184300732","graph neural networks"
"W2962876364","General AI"
"W3038838661","computer vision"
"W3153321424","graph neural networks"
"W3153321424","transformer architecture"
"W2996519961","General AI"
"W4360604571","explainable ai"
"W3142533421","General AI"
"W2948608298","General AI"
"W3091414454","computer vision"
"W3005724093","General AI"
"W2997050424","computer vision"
"W3147474464","General AI"
"W3159550770","General AI"
"W4313891707","General AI"
"W4224981625","computer vision"
"W4224981625","graph neural networks"
"W3084673918","General AI"
"W2944535254","General AI"
"W3138667573","General AI"
"W4281659062","computer vision"
"W4289538860","transformer architecture"
"W2796293949","quantum ml"
"W4211085182","General AI"
"W2995793065","General AI"
"W4205556360","General AI"
"W4382400718","General AI"
"W2998269064","General AI"
"W3132360866","General AI"
"W2995670746","General AI"
"W4226124602","General AI"
"W3122866873","General AI"
"W4385987583","generative ai"
"W4214578516","graph neural networks"
"W4200025715","computer vision"
"W4323065767","generative ai"
"W4214849287","General AI"
"W3010770988","computer vision"
"W4391018556","General AI"
"W3207470445","General AI"
"W2981748719","General AI"
"W3165782304","General AI"
"W2952931302","computer vision"
"W4366966460","computer vision"
"W4366966460","explainable ai"
"W3121591497","General AI"
"W3156026105","graph neural networks"
"W4213449918","generative ai"
"W3094201685","General AI"
"W4323256761","computer vision"
"W4285729118","General AI"
"W2994400255","General AI"
"W3015574081","General AI"
"W2955060956","General AI"
"W4220709008","General AI"
"W3194290548","General AI"
"W3096049571","General AI"
"W3168213370","General AI"
"W3113253886","General AI"
"W4213173579","computer vision"
"W3169877062","General AI"
"W4384070065","computer vision"
"W4384070065","graph neural networks"
"W2998896576","General AI"
"W3108992474","General AI"
"W3112842551","computer vision"
"W3184038019","General AI"
"W4312268114","graph neural networks"
"W3038202720","General AI"
"W3112395621","General AI"
"W4385799549","General AI"
"W3156808701","General AI"
"W3134954744","General AI"
"W4285047314","computer vision"
"W4285047314","graph neural networks"
"W4376613177","General AI"
"W3116991906","General AI"
"W3193512724","General AI"
"W4360882499","generative ai"
"W3081178496","General AI"
"W2997698625","General AI"
"W3131500599","computer vision"
"W3131500599","transformer architecture"
"W3085287851","General AI"
"W2982540258","General AI"
"W3027026487","computer vision"
"W3045506407","General AI"
"W3009888059","graph neural networks"
"W4367353919","natural language processing"
"W4367353919","transformer architecture"
"W2998702685","graph neural networks"
"W2998702685","transformer architecture"
"W3033785644","General AI"
"W3129057775","General AI"
"W3196549611","General AI"
"W2917006683","computer vision"
"W2903585023","computer vision"
"W4280525959","natural language processing"
"W3199146084","natural language processing"
"W3023402054","General AI"
"W4365509548","generative ai"
"W4365509548","natural language processing"
"W4383958272","generative ai"
"W4383958272","natural language processing"
"W4223957608","graph neural networks"
"W4290717453","graph neural networks"
"W2912669375","General AI"
"W4401389039","General AI"
"W2953681063","General AI"
"W4286214913","generative ai"
"W3111762745","General AI"
"W2984248680","General AI"
"W4389638819","General AI"
"W2972385385","federated learning"
"W4297477879","General AI"
"W3206057793","General AI"
"W4281743937","computer vision"
"W3035551018","General AI"
"W3173230775","General AI"
"W3015781627","General AI"
"W3185054271","General AI"
"W4384408101","graph neural networks"
"W3200440946","General AI"
"W4206615258","natural language processing"
"W3106886953","General AI"
"W4297832101","natural language processing"
"W4297832101","transformer architecture"
"W2891299419","General AI"
"W2974447785","General AI"
"W2982206001","computer vision"
"W2964539095","General AI"
"W3201342094","graph neural networks"
"W4385403794","General AI"
"W3197965075","federated learning"
"W3005767652","generative ai"
"W2994588524","neural architecture search"
"W3154997655","General AI"
"W3007086729","General AI"
"W3025007558","General AI"
"W4366590341","computer vision"
"W3109680477","generative ai"
"W2997270872","quantum ml"
"W4382203217","graph neural networks"
"W4367625612","General AI"
"W4390278080","General AI"
"W2946410019","General AI"
"W2967981090","General AI"
"W3003442092","General AI"
"W4392543778","graph neural networks"
"W3010748916","General AI"
"W3093640818","General AI"
"W4283274937","General AI"
"W3011139747","General AI"
"W2969705353","General AI"
"W3179111421","graph neural networks"
"W3092447054","General AI"
"W3128910312","General AI"
"W4210741358","computer vision"
"W3048034423","computer vision"
"W4385075189","graph neural networks"
"W4404856766","General AI"
"W3161054997","General AI"
"W3130272805","General AI"
"W2910584107","General AI"
"W3006864169","General AI"
"W2983280015","computer vision"
"W3014613513","computer vision"
"W3196081964","General AI"
"W4211263275","natural language processing"
"W4211263275","transformer architecture"
"W3200814435","General AI"
"W3191845507","graph neural networks"
"W3033991488","General AI"
"W4291972642","graph neural networks"
"W3041516416","General AI"
"W4388464011","General AI"
"W4288009868","graph neural networks"
"W4285227013","transformer architecture"
"W4281731548","General AI"
"W4211011291","General AI"
"W4380997384","natural language processing"
"W4380997384","transformer architecture"
"W3036568251","General AI"
"W4387860833","computer vision"
"W4387860833","graph neural networks"
"W4312189222","computer vision"
"W4312189222","quantum ml"
"W4220798957","General AI"
"W4315606155","General AI"
"W2968063164","generative ai"
"W3009784468","General AI"
"W4311959437","General AI"
"W3158878203","General AI"
"W3006654525","computer vision"
"W3006654525","explainable ai"
"W4319446397","General AI"
"W2943015133","General AI"
"W3108194527","General AI"
"W4379600237","General AI"
"W3011988525","General AI"
"W4317659173","graph neural networks"
"W4297227089","generative ai"
"W4297227089","graph neural networks"
"W3176069906","General AI"
"W2969904462","computer vision"
"W2969904462","graph neural networks"
"W2971109239","General AI"
"W4395680440","graph neural networks"
"W3173900512","General AI"
"W3139349917","General AI"
"W2949921181","computer vision"
"W2948732750","computer vision"
"W4361270914","natural language processing"
"W4361270914","transformer architecture"
"W3193327410","graph neural networks"
"W3129115975","General AI"
"W3089423349","General AI"
"W4400445967","graph neural networks"
"W4223989283","General AI"
"W3133521418","graph neural networks"
"W3168320944","explainable ai"
"W3165101924","General AI"
"W2920338930","graph neural networks"
"W2971281060","computer vision"
"W3162538444","General AI"
"W4361216479","General AI"
"W4220883946","generative ai"
"W2917279081","General AI"
"W4290716979","explainable ai"
"W4223903337","General AI"
"W3115744613","General AI"
"W4387673980","General AI"
"W2933939325","General AI"
"W3022477152","General AI"
"W3088909400","General AI"
"W4385768160","graph neural networks"
"W2944054712","computer vision"
"W3145459305","computer vision"
"W2969316698","General AI"
"W4283702811","explainable ai"
"W4210847455","computer vision"
"W4210847455","natural language processing"
"W3092072718","graph neural networks"
"W2940939359","computer vision"
"W3192208986","General AI"
"W2922015121","General AI"
"W3086892812","explainable ai"
"W2905189977","General AI"
"W3007023507","General AI"
"W3194275894","General AI"
"W2966645774","General AI"
"W3012615229","explainable ai"
"W3012615229","graph neural networks"
"W4318559723","General AI"
"W3021801979","General AI"
"W2972141736","General AI"
"W2963935416","General AI"
"W3206729276","computer vision"
"W3178193590","General AI"
"W3013865762","computer vision"
"W2953301966","General AI"
"W4312451393","graph neural networks"
"W2914257254","General AI"
"W3153010532","General AI"
"W4283521686","explainable ai"
"W4387566140","graph neural networks"
"W2912710844","General AI"
"W3209176766","computer vision"
"W4284673610","generative ai"
"W3004633656","General AI"
"W4225797136","General AI"
"W3009188842","General AI"
"W3089230338","General AI"
"W3090878720","General AI"
"W2971066862","General AI"
"W4224959664","General AI"
"W3014784496","General AI"
"W2996772221","generative ai"
"W2937447982","General AI"
"W4303449037","General AI"
"W3032048943","General AI"
"W4378966475","General AI"
"W3122565691","computer vision"
"W2991279866","computer vision"
"W2923594358","General AI"
"W3185004711","General AI"
"W3199681061","General AI"
"W4378373518","graph neural networks"
"W4237064215","General AI"
"W3169509819","computer vision"
"W3169509819","natural language processing"
"W3088134661","computer vision"
"W3093679084","generative ai"
"W3030218575","General AI"
"W4387250196","graph neural networks"
"W2967682612","General AI"
"W2917927137","General AI"
"W3017181332","General AI"
"W4316669402","General AI"
"W3124838391","General AI"
"W4385298067","General AI"
"W3171280285","computer vision"
"W3040708579","General AI"
"W3183282730","General AI"
"W3112066040","General AI"
"W2975043431","General AI"
"W3037839509","General AI"
"W3191950921","General AI"
"W4283460770","generative ai"
"W2978666148","General AI"
"W3118099700","generative ai"
"W3114734335","computer vision"
"W3118905748","computer vision"
"W2955252073","computer vision"
"W2985495028","General AI"
"W3170120958","General AI"
"W2900694120","General AI"
"W3038057261","General AI"
"W3108204254","computer vision"
"W3087470167","General AI"
"W3127842117","General AI"
"W4381465715","General AI"
"W3180084843","General AI"
"W3099071958","computer vision"
"W3163822446","General AI"
"W4292805535","General AI"
"W4323316583","computer vision"
"W3066351629","General AI"
"W2900542708","computer vision"
"W3102443681","General AI"
"W2995759692","General AI"
"W3136148461","General AI"
"W2995549977","computer vision"
"W3115279044","computer vision"
"W3103878770","computer vision"
"W3103878770","explainable ai"
"W4294982708","graph neural networks"
"W2922491945","General AI"
"W4391074764","General AI"
"W3179704786","General AI"
"W3077024599","computer vision"
"W4312697930","General AI"
"W3006737593","General AI"
"W2939466230","General AI"
"W3215039770","General AI"
"W2999473454","General AI"
"W4224442033","General AI"
"W2912269064","generative ai"
"W4295706183","General AI"
"W2944992190","computer vision"
"W2955201199","General AI"
"W2798860952","General AI"
"W4401077562","General AI"
"W3046940078","General AI"
"W4200239421","General AI"
"W2963172229","graph neural networks"
"W2963172229","transformer architecture"
"W3121356850","computer vision"
"W3092526504","computer vision"
"W3044126931","General AI"
"W3111165062","generative ai"
"W3017248743","General AI"
"W4283688869","transformer architecture"
"W4327736618","computer vision"
"W4327736618","explainable ai"
"W3029443186","General AI"
"W4212890727","graph neural networks"
"W4220929385","computer vision"
"W4220929385","explainable ai"
"W4322621694","explainable ai"
"W4386714144","natural language processing"
"W4386714144","neural architecture search"
"W2963295149","General AI"
"W3091852895","General AI"
"W3154213948","General AI"
"W3092116233","General AI"
"W2981014499","computer vision"
"W4380989681","explainable ai"
"W4380989681","graph neural networks"
"W3122928565","reinforcement learning"
"W3199808110","General AI"
"W3024767511","computer vision"
"W2948329096","computer vision"
"W2970998355","General AI"
"W3089977857","General AI"
"W2986339177","General AI"
"W2943960805","computer vision"
"W3209261377","General AI"
"W3035833355","natural language processing"
"W3203432058","computer vision"
"W2963751193","General AI"
"W2955232491","General AI"
"W2963436565","General AI"
"W4385251464","graph neural networks"
"W3134388662","General AI"
"W3131823290","General AI"
"W3112028611","natural language processing"
"W2967935744","General AI"
"W2914757358","computer vision"
"W2945367617","computer vision"
"W2945972832","computer vision"
"W3015966228","General AI"
"W3206599325","General AI"
"W4319303319","computer vision"
"W3134557096","General AI"
"W2997873617","General AI"
"W4310664802","graph neural networks"
"W4293105592","computer vision"
"W2913289332","General AI"
"W2967073193","General AI"
"W3176872900","General AI"
"W4386090740","General AI"
"W2914111477","General AI"
"W4303983087","explainable ai"
"W3070038910","computer vision"
"W2996350645","General AI"
"W4212799635","graph neural networks"
"W3081386409","General AI"
"W2948208276","General AI"
"W3113171837","computer vision"
"W3082662855","General AI"
"W3097340282","General AI"
"W4392404475","graph neural networks"
"W3133518153","General AI"
"W3116385418","General AI"
"W2992786058","computer vision"
"W3139920757","General AI"
"W2950162539","General AI"
"W2989751901","computer vision"
"W3094739199","General AI"
"W3047391569","General AI"
"W4386275798","graph neural networks"
"W4379144614","General AI"
"W4394912903","General AI"
"W3194802500","General AI"
"W2955426500","General AI"
"W3030046610","computer vision"
"W3083068801","computer vision"
"W3139022918","computer vision"
"W3174248541","computer vision"
"W4288049515","graph neural networks"
"W2955669675","General AI"
"W4311001965","General AI"
"W3154858758","General AI"
"W3023669649","generative ai"
"W3022706016","General AI"
"W3097285691","General AI"
"W3100528900","General AI"
"W2940133096","graph neural networks"
"W2997062749","graph neural networks"
"W2912089046","computer vision"
"W2961085424","General AI"
"W3215820471","General AI"
"W3214185682","computer vision"
"W2971236179","General AI"
"W4313473147","computer vision"
"W4313473147","graph neural networks"
"W3117049966","General AI"
"W3049410214","General AI"
"W4320498740","General AI"
"W3029022390","General AI"
"W4386461375","General AI"
"W2947814151","General AI"
"W4402306238","graph neural networks"
"W2969180072","General AI"
"W4226094768","graph neural networks"
"W4226094768","transformer architecture"
"W3044326329","General AI"
"W4220895305","generative ai"
"W4378904843","General AI"
"W4388899945","graph neural networks"
"W3082065751","computer vision"
"W4366830082","explainable ai"
"W4231364799","General AI"
"W2943184968","General AI"
"W3049615315","General AI"
"W3091453089","General AI"
"W2995824836","General AI"
"W4387068365","General AI"
"W3110923150","General AI"
"W2971132545","General AI"
"W2914268632","General AI"
"W3133633871","General AI"
"W4213257440","General AI"
"W4283078630","General AI"
"W2942486667","General AI"
"W4391962148","computer vision"
"W2946001416","General AI"
"W3035232708","computer vision"
"W2921809274","General AI"
"W3164640227","General AI"
"W3080946082","computer vision"
"W4377136874","computer vision"
"W2984759351","computer vision"
"W4385276724","computer vision"
"W4385276724","graph neural networks"
"W2910890149","General AI"
"W4226429363","General AI"
"W3000798471","computer vision"
"W2999006743","generative ai"
"W3034133373","General AI"
"W4366090523","General AI"
"W4225152683","General AI"
"W3157035263","General AI"
"W4393156544","graph neural networks"
"W4200515758","General AI"
"W4247215908","General AI"
"W3201125152","graph neural networks"
"W2898347082","General AI"
"W2913334908","General AI"
"W2945566856","General AI"
"W2944575527","General AI"
"W3203965336","graph neural networks"
"W4318020410","General AI"
"W2970700757","General AI"
"W3033007178","General AI"
"W4307715335","General AI"
"W4387530839","graph neural networks"
"W3010027900","General AI"
"W2983901841","General AI"
"W4226038906","General AI"
"W3212659436","General AI"
"W4372037350","graph neural networks"
"W3030916542","General AI"
"W4362605320","General AI"
"W2897541745","General AI"
"W4387495024","natural language processing"
"W4387495024","transformer architecture"
"W3108797169","General AI"
"W2953884621","General AI"
"W3132995022","computer vision"
"W3168467966","General AI"
"W4398787848","quantum ml"
"W3185935105","graph neural networks"
"W3185823006","General AI"
"W3119286118","General AI"
"W4288514369","General AI"
"W3091899249","General AI"
"W4320917976","computer vision"
"W3021189130","General AI"
"W3041453914","computer vision"
"W3125322888","General AI"
"W2990218059","General AI"
"W3214229240","computer vision"
"W4211139801","General AI"
"W4210630286","General AI"
"W3008437947","computer vision"
"W3008437947","natural language processing"
"W4324116596","graph neural networks"
"W4386498663","General AI"
"W4399649641","General AI"
"W2911430976","General AI"
"W2970987681","General AI"
"W2963453204","reinforcement learning"
"W2951579423","General AI"
"W4385269673","natural language processing"
"W4385269673","transformer architecture"
"W2911075534","General AI"
"W3201857427","General AI"
"W4318480851","computer vision"
"W3008806088","General AI"
"W4220871742","General AI"
"W4210404118","General AI"
"W4297540602","General AI"
"W3189604664","General AI"
"W2991286101","computer vision"
"W3202404106","graph neural networks"
"W3136123254","General AI"
"W3026104448","computer vision"
"W4401117926","computer vision"
"W4401117926","natural language processing"
"W3122639232","General AI"
"W4367693671","transformer architecture"
"W4312887856","General AI"
"W3012043879","General AI"
"W3119833370","computer vision"
"W4378805624","natural language processing"
"W4378805624","reinforcement learning"
"W2982163850","General AI"
"W2887101858","General AI"
"W3212240055","computer vision"
"W3009120439","General AI"
"W4401806686","General AI"
"W3046476394","computer vision"
"W4388937887","computer vision"
"W3034476452","computer vision"
"W3009055137","General AI"
"W2965136591","General AI"
"W3202917238","generative ai"
"W4283328341","General AI"
"W2966564453","generative ai"
"W2944086006","General AI"
"W4377192083","computer vision"
"W4396723792","General AI"
"W4206349320","General AI"
"W4290775674","General AI"
"W4313009756","General AI"
"W3112733201","General AI"
"W2998772040","General AI"
"W4386931178","General AI"
"W2996436916","General AI"
"W3216472574","graph neural networks"
"W3126236718","graph neural networks"
"W2972697502","General AI"
"W3015180749","General AI"
"W3214498996","computer vision"
"W4319600718","graph neural networks"
"W4214895504","transformer architecture"
"W3041326191","General AI"
"W2977780891","General AI"
"W2979637052","computer vision"
"W3202923600","computer vision"
"W3202923600","transformer architecture"
"W3047150775","General AI"
"W4308453110","General AI"
"W4320494013","General AI"
"W3083664991","computer vision"
"W2992904850","computer vision"
"W3141617374","computer vision"
"W4318570420","General AI"
"W4387006437","General AI"
"W4312980043","computer vision"
"W3179092643","General AI"
"W4385855369","generative ai"
"W4385855369","graph neural networks"
"W4285490489","graph neural networks"
"W2919594608","General AI"
"W3061894519","General AI"
"W2941524667","General AI"
"W4390873054","generative ai"
"W3166967148","computer vision"
"W4381329687","graph neural networks"
"W3022517580","General AI"
"W3012197737","General AI"
"W4205827254","graph neural networks"
"W3034069517","General AI"
"W4212904355","General AI"
"W4391359414","General AI"
"W4206114948","graph neural networks"
"W3114166611","computer vision"
"W4212836229","graph neural networks"
"W4288855525","generative ai"
"W2948070325","General AI"
"W3031028823","General AI"
"W3044216884","General AI"
"W3003966510","General AI"
"W4317743454","General AI"
"W4361009501","General AI"
"W4283079518","graph neural networks"
"W4379521334","natural language processing"
"W3035832455","computer vision"
"W3135457600","General AI"
"W4283735545","reinforcement learning"
"W3015079375","neural architecture search"
"W3196353849","General AI"
"W4224074066","General AI"
"W3040384242","federated learning"
"W3100533721","computer vision"
"W3100533721","generative ai"
"W4389241523","General AI"
"W3107418514","graph neural networks"
"W4317733146","General AI"
"W4317937550","graph neural networks"
"W4225390271","General AI"
"W4210349096","General AI"
"W3109078334","General AI"
"W4375851979","graph neural networks"
"W2947210186","General AI"
"W4393285820","graph neural networks"
"W2972621596","computer vision"
"W2949062331","General AI"
"W3044796230","federated learning"
"W4360999343","graph neural networks"
"W2998596150","General AI"
"W3038070101","General AI"
"W4289780755","computer vision"
"W4382240025","graph neural networks"
"W4382240025","reinforcement learning"
"W4390497073","General AI"
"W3043367036","computer vision"
"W3177177354","General AI"
"W2968084331","General AI"
"W4391035178","explainable ai"
"W3127753524","computer vision"
"W4392713662","General AI"
"W3185442557","General AI"
"W3124268666","General AI"
"W3128145622","General AI"
"W3012701165","computer vision"
"W2948489233","computer vision"
"W4395080649","General AI"
"W2990423348","computer vision"
"W2927143629","General AI"
"W2911419173","General AI"
"W3000652771","General AI"
"W3003537242","General AI"
"W2981101011","General AI"
"W2979811101","computer vision"
"W4285240547","General AI"
"W2989194197","General AI"
"W2986199283","General AI"
"W3127739269","graph neural networks"
"W3093916778","General AI"
"W4386608905","General AI"
"W4226037496","General AI"
"W4283365061","General AI"
"W3040790433","General AI"
"W2974308384","General AI"
"W4387310447","graph neural networks"
"W3011028810","General AI"
"W4318827344","General AI"
"W3111736660","General AI"
"W2912899164","General AI"
"W3018670396","General AI"
"W2998374582","General AI"
"W3092470512","graph neural networks"
"W3199066198","graph neural networks"
"W3209157187","General AI"
"W4224468222","natural language processing"
"W3041152616","generative ai"
"W4402401635","graph neural networks"
"W3113519107","General AI"
"W3048785337","General AI"
"W2916879374","computer vision"
"W3161418236","General AI"
"W2970705010","General AI"
"W3092688604","General AI"
"W2891631795","General AI"
"W3044635797","explainable ai"
"W3041486090","General AI"
"W4393033448","General AI"
"W2967312813","General AI"
"W4297988790","General AI"
"W3012782516","General AI"
"W4321480027","graph neural networks"
"W3203256536","General AI"
"W3035758390","General AI"
"W4379468514","General AI"
"W3147709328","computer vision"
"W2955748575","computer vision"
"W2955748575","explainable ai"
"W4391202537","computer vision"
"W4387846516","graph neural networks"
"W4321240473","General AI"
"W3174915769","General AI"
"W4392902847","graph neural networks"
"W3036619162","General AI"
"W2912654452","General AI"
"W3090417167","computer vision"
"W2995899184","General AI"
"W2964169840","computer vision"
"W4387871088","graph neural networks"
"W4376134970","General AI"
"W3083985197","computer vision"
"W3083985197","generative ai"
"W2965791322","General AI"
"W3030350170","General AI"
"W4400027028","General AI"
"W2958750483","General AI"
"W3112436251","General AI"
"W2998762585","computer vision"
"W4297329009","General AI"
"W3134656840","General AI"
"W3016779262","General AI"
"W3006912911","computer vision"
"W3007985585","General AI"
"W2979150340","General AI"
"W3023939840","computer vision"
"W3012135218","General AI"
"W2999039416","General AI"
"W3047562107","General AI"
"W3127690438","General AI"
"W3000442532","natural language processing"
"W4375868769","graph neural networks"
"W4375868769","natural language processing"
"W2912802963","General AI"
"W3090563790","General AI"
"W3134200403","natural language processing"
"W2946782700","computer vision"
"W3111088413","General AI"
"W2971492022","General AI"
"W2914567046","computer vision"
"W4229033576","General AI"
"W3154309063","General AI"
"W2912748336","General AI"
"W4282963711","General AI"
"W3008364176","computer vision"
"W4377097363","General AI"
"W3112478554","General AI"
"W4220676445","General AI"
"W3083691826","computer vision"
"W3083691826","generative ai"
"W2989424303","computer vision"
"W3136018460","General AI"
"W3047568746","General AI"
"W3093545423","General AI"
"W2906933145","computer vision"
"W3119311349","General AI"
"W3127361658","General AI"
"W2896377340","General AI"
"W4319001247","generative ai"
"W2962914006","General AI"
"W3203490761","graph neural networks"
"W4284994113","General AI"
"W3214910743","graph neural networks"
"W3214910743","natural language processing"
"W4388728292","General AI"
"W4226125749","General AI"
"W3217298619","reinforcement learning"
"W4296473472","General AI"
"W3115742440","computer vision"
"W4392693960","computer vision"
"W3011190810","computer vision"
"W2982397075","federated learning"
"W2982397075","reinforcement learning"
"W3135931079","General AI"
"W2954314296","General AI"
"W2973511309","computer vision"
"W2998570674","graph neural networks"
"W4377047595","General AI"
"W3110796009","computer vision"
"W4362545116","General AI"
"W3032241892","natural language processing"
"W2968919852","General AI"
"W3111077008","General AI"
"W3014599079","General AI"
"W3030943655","General AI"
"W3176966473","General AI"
"W4385562696","graph neural networks"
"W2974839526","General AI"
"W3136057722","General AI"
"W4229055189","General AI"
"W4378471278","natural language processing"
"W3139140319","generative ai"
"W3139140319","natural language processing"
"W3126662726","General AI"
"W3035579407","General AI"
"W2996476267","generative ai"
"W3019101549","General AI"
"W3130399513","General AI"
"W4311959563","General AI"
"W4324066148","General AI"
"W3157078379","generative ai"
"W4385579627","General AI"
"W2924104858","General AI"
"W3014080415","General AI"
"W4294125336","General AI"
"W3106414383","General AI"
"W2946834067","General AI"
"W2970373593","General AI"
"W4378078060","General AI"
"W2941638788","General AI"
"W3207168370","General AI"
"W3208584567","computer vision"
"W3208584567","natural language processing"
"W3033406500","General AI"
"W3010561635","General AI"
"W2949404123","computer vision"
"W2965118797","General AI"
"W3216673337","natural language processing"
"W4287163433","General AI"
"W4386250621","graph neural networks"
"W4386250621","transformer architecture"
"W4323319490","natural language processing"
"W4323319490","transformer architecture"
"W3017663840","General AI"
"W3036750509","General AI"
"W3199582889","General AI"
"W4361306040","General AI"
"W4322738920","graph neural networks"
"W3111065031","General AI"
"W2952043257","General AI"
"W3023935121","General AI"
"W4221099734","General AI"
"W3036061391","General AI"
"W3213282580","General AI"
"W4225611656","generative ai"
"W4392303566","General AI"
"W4386736487","General AI"
"W3205824203","General AI"
"W3030382486","federated learning"
"W3187004614","General AI"
"W4405316748","General AI"
"W2964651178","General AI"
"W3027821156","General AI"
"W4283399957","explainable ai"
"W4283399957","graph neural networks"
"W4288327064","General AI"
"W3049521066","computer vision"
"W4381548007","natural language processing"
"W4381548007","transformer architecture"
"W3111390112","computer vision"
"W3201701662","General AI"
"W2885779420","computer vision"
"W2948156936","General AI"
"W3093859549","computer vision"
"W3093859549","natural language processing"
"W3114486788","General AI"
"W3182976505","General AI"
"W4224026682","General AI"
"W3012320417","General AI"
"W3205925781","General AI"
"W2918706298","General AI"
"W3176065858","General AI"
"W2990571558","computer vision"
"W4290943610","graph neural networks"
"W3034650994","computer vision"
"W4224091856","General AI"
"W4313555724","General AI"
"W4312220607","General AI"
"W3135484287","General AI"
"W4310014465","General AI"
"W4388366197","graph neural networks"
"W3045086480","General AI"
"W3101180469","General AI"
"W2964583491","General AI"
"W4293152897","General AI"
"W3093041678","General AI"
"W3180662526","General AI"
"W3126355536","graph neural networks"
"W2972274007","General AI"
"W3084530619","computer vision"
"W4210469193","General AI"
"W3088621143","General AI"
"W4392003738","graph neural networks"
"W3092036991","generative ai"
"W3007844454","General AI"
"W2949670700","generative ai"
"W4290725197","General AI"
"W3043459281","General AI"
"W4379230267","graph neural networks"
"W3047205692","computer vision"
"W3023824251","General AI"
"W4387681995","graph neural networks"
"W3021272327","General AI"
"W2922336831","computer vision"
"W3194669907","General AI"
"W3088020307","General AI"
"W4200138284","computer vision"
"W4306317966","graph neural networks"
"W2911600747","computer vision"
"W3008591352","generative ai"
"W3144747894","General AI"
"W4388430513","graph neural networks"
"W2964085201","General AI"
"W4206200704","General AI"
"W4385572362","graph neural networks"
"W2950076580","computer vision"
"W3048643622","General AI"
"W4205953092","General AI"
"W3108401379","General AI"
"W3013403470","computer vision"
"W4388523532","General AI"
"W4306968094","General AI"
"W4390749074","generative ai"
"W3010662401","General AI"
"W4291894926","General AI"
"W3082456245","General AI"
"W4311767232","General AI"
"W2971809650","General AI"
"W2968856704","General AI"
"W2971782395","General AI"
"W4224223788","General AI"
"W3095650403","General AI"
"W3165475162","computer vision"
"W3165475162","generative ai"
"W3024095712","General AI"
"W4308514394","General AI"
"W3211122345","General AI"
"W4214816716","graph neural networks"
"W2993809459","neural architecture search"
"W2952822558","computer vision"
"W3126307664","generative ai"
"W3033728179","General AI"
"W3117515147","computer vision"
"W3117515147","reinforcement learning"
"W2982071196","General AI"
"W2968084579","General AI"
"W4318817650","computer vision"
"W3035442710","General AI"
"W3124809916","computer vision"
"W3124809916","generative ai"
"W4309433278","General AI"
"W2985397232","General AI"
"W3132418032","quantum ml"
"W3135760724","General AI"
"W4205425966","General AI"
"W3047063927","General AI"
"W3043543211","General AI"
"W2960745719","generative ai"
"W2986544402","General AI"
"W4206638421","computer vision"
"W3033074691","General AI"
"W2973277429","computer vision"
"W3187911394","graph neural networks"
"W3178661111","federated learning"
"W3130992186","federated learning"
"W4385584842","generative ai"
"W4385584842","reinforcement learning"
"W4317104075","General AI"
"W2920018594","General AI"
"W4293053888","General AI"
"W3133551329","General AI"
"W2963714024","generative ai"
"W3183182400","General AI"
"W3010687358","General AI"
"W3206143748","General AI"
"W3127932910","General AI"
"W3163734244","General AI"
"W4317358114","General AI"
"W2963466857","computer vision"
"W3165471187","General AI"
"W4385411160","General AI"
"W3117157511","computer vision"
"W4388570274","General AI"
"W4242552899","General AI"
"W3201504383","graph neural networks"
"W4292212959","generative ai"
"W3113070793","General AI"
"W2977753948","General AI"
"W3113103820","graph neural networks"
"W3017462139","General AI"
"W4303982455","computer vision"
"W4303982455","graph neural networks"
"W2970361397","General AI"
"W3127071205","General AI"
"W4308697345","graph neural networks"
"W4206258998","computer vision"
"W4281897615","graph neural networks"
"W2920083709","neural architecture search"
"W4298006199","General AI"
"W2968231730","General AI"
"W4220757799","General AI"
"W2997681568","General AI"
"W3102883434","computer vision"
"W4379931762","computer vision"
"W4379931762","graph neural networks"
"W3098806383","General AI"
"W3138582970","General AI"
"W2957558419","computer vision"
"W4205474609","General AI"
"W3197416172","computer vision"
"W3158675315","federated learning"
"W3124031675","General AI"
"W3098740611","computer vision"
"W3039339422","General AI"
"W4280557200","General AI"
"W2997811843","General AI"
"W3156052130","computer vision"
"W3120286796","General AI"
"W3014226863","General AI"
"W2970115434","General AI"
"W2997100726","generative ai"
"W3098048737","computer vision"
"W3158850270","computer vision"
"W3090234790","General AI"
"W4321783314","graph neural networks"
"W2966447025","General AI"
"W3174406981","General AI"
"W3085160563","General AI"
"W4311669383","General AI"
"W2951641587","General AI"
"W3134063659","General AI"
"W4362583878","General AI"
"W3104369000","computer vision"
"W2971376088","General AI"
"W4390578025","graph neural networks"
"W4387571805","generative ai"
"W4281254196","General AI"
"W4292764255","computer vision"
"W3080569962","General AI"
"W3034723893","graph neural networks"
"W3034723893","neural architecture search"
"W3084812981","General AI"
"W4365420615","graph neural networks"
"W4388424540","General AI"
"W3130444584","computer vision"
"W2961729414","generative ai"
"W3155772018","computer vision"
"W2973920946","General AI"
"W4211182742","General AI"
"W4389333613","General AI"
"W2913961394","computer vision"
"W3001523068","General AI"
"W2939587785","computer vision"
"W3214640732","General AI"
"W3161575841","computer vision"
"W3163684639","graph neural networks"
"W2942898086","General AI"
"W3127379978","computer vision"
"W3047881219","General AI"
"W3166842197","General AI"
"W4365448795","General AI"
"W2997646554","General AI"
"W3098846260","computer vision"
"W3098846260","generative ai"
"W3214321176","General AI"
"W3128690092","General AI"
"W3142681329","graph neural networks"
"W3048126454","General AI"
"W4393910198","General AI"
"W3099226596","graph neural networks"
"W2919023666","General AI"
"W2911484737","graph neural networks"
"W3153643636","computer vision"
"W4372291572","General AI"
"W4367839715","General AI"
"W4401924105","General AI"
"W3048973568","General AI"
"W3097124738","computer vision"
"W4293339592","General AI"
"W4281707042","General AI"
"W3134298750","General AI"
"W3037294774","computer vision"
"W2955078219","quantum ml"
"W3036570640","General AI"
"W4389264543","General AI"
"W4311329155","General AI"
"W3087129918","General AI"
"W3046003371","General AI"
"W3023687723","General AI"
"W3134182943","General AI"
"W3116042400","computer vision"
"W3116042400","neural architecture search"
"W3206642062","General AI"
"W2982232158","General AI"
"W3021593737","natural language processing"
"W3091186176","General AI"
"W2947832965","General AI"
"W4402350609","General AI"
"W4281645081","computer vision"
"W2998161714","General AI"
"W4308478907","General AI"
"W4213224866","explainable ai"
"W2947229206","General AI"
"W3137984567","computer vision"
"W2947521956","computer vision"
"W3011676575","neural architecture search"
"W4362657509","natural language processing"
"W4365393360","graph neural networks"
"W3043684480","generative ai"
"W2999106318","General AI"
"W4224322582","graph neural networks"
"W3166913861","General AI"
"W4385215070","natural language processing"
"W4382776854","General AI"
"W3119853956","computer vision"
"W2990480734","General AI"
"W3038898937","explainable ai"
"W4385514929","General AI"
"W3132401450","transformer architecture"
"W4282599518","General AI"
"W3089843526","graph neural networks"
"W3197315056","General AI"
"W4362696395","graph neural networks"
"W3112376181","General AI"
"W4360845890","General AI"
"W3012774426","General AI"
"W2911125189","General AI"
"W4220799537","General AI"
"W4205920687","computer vision"
"W2953849743","General AI"
"W2969964820","neural architecture search"
"W2949121473","natural language processing"
"W3034644181","General AI"
"W2952958544","computer vision"
"W2987245967","computer vision"
"W4392902287","computer vision"
"W4392902287","neural architecture search"
"W3139484446","General AI"
"W3012518767","General AI"
"W4392163660","General AI"
"W4403451191","explainable ai"
"W4385172840","General AI"
"W3091797093","General AI"
"W2983648144","General AI"
"W3015896431","General AI"
"W4200235087","General AI"
"W4385562481","neural architecture search"
"W4367046803","graph neural networks"
"W3089344842","General AI"
"W3196807348","General AI"
"W2982461770","General AI"
"W3105272601","General AI"
"W4400645063","General AI"
"W4320078846","General AI"
"W4290992098","General AI"
"W3033485479","General AI"
"W4311821010","explainable ai"
"W4311821010","graph neural networks"
"W3115633673","General AI"
"W3049598859","General AI"
"W3205290066","computer vision"
"W3016686916","explainable ai"
"W4283524135","General AI"
"W4281992305","General AI"
"W3022120464","General AI"
"W2913132632","General AI"
"W3013330736","General AI"
"W4399195205","General AI"
"W3085646241","General AI"
"W3015686011","General AI"
"W3091427520","General AI"
"W4298152878","General AI"
"W4384023527","General AI"
"W4403658710","General AI"
"W2997111441","General AI"
"W3114407203","General AI"
"W2980349812","General AI"
"W4297509995","quantum ml"
"W4320015857","General AI"
"W4212848381","generative ai"
"W4389473931","General AI"
"W3083782901","General AI"
"W4312049282","General AI"
"W3033415056","computer vision"
"W3205725086","graph neural networks"
"W3027483243","computer vision"
"W3130319702","General AI"
"W2954537798","General AI"
"W3012214439","computer vision"
"W2960681070","General AI"
"W2921535297","General AI"
"W2951189123","General AI"
"W3082674629","General AI"
"W2989991226","General AI"
"W3026790608","computer vision"
"W3196294958","computer vision"
"W4206251867","computer vision"
"W4400920957","General AI"
"W2943292325","General AI"
"W2955615399","General AI"
"W3033723397","computer vision"
"W2921796625","computer vision"
"W4224308856","graph neural networks"
"W2996289246","General AI"
"W3034393064","General AI"
"W4220696506","General AI"
"W4308923888","General AI"
"W3111264121","graph neural networks"
"W4400875868","General AI"
"W4206138502","computer vision"
"W4206138502","graph neural networks"
"W4378882530","General AI"
"W3023591976","General AI"
"W3005121675","computer vision"
"W4283367874","graph neural networks"
"W4323313783","General AI"
"W3000429356","General AI"
"W3107770003","General AI"
"W3183198325","General AI"
"W4280610935","computer vision"
"W4280610935","transformer architecture"
"W4289533857","graph neural networks"
"W2929954248","General AI"
"W3106020195","General AI"
"W3188692592","General AI"
"W3016438359","General AI"
"W3039152077","General AI"
"W3193167922","graph neural networks"
"W4403649903","General AI"
"W4367047173","graph neural networks"
"W3013838736","General AI"
"W3209875211","natural language processing"
"W3209875211","transformer architecture"
"W2962291057","computer vision"
"W3107988978","General AI"
"W4382133963","General AI"
"W4288077770","General AI"
"W4385412309","graph neural networks"
"W3107379492","General AI"
"W4295067252","General AI"
"W3104465516","General AI"
"W2981114289","General AI"
"W2924561894","generative ai"
"W3199167034","General AI"
"W3022367143","General AI"
"W4280521888","General AI"
"W3043660595","General AI"
"W2957777391","computer vision"
"W4393487710","generative ai"
"W3045827876","computer vision"
"W4390768036","natural language processing"
"W4390768036","transformer architecture"
"W3014364594","computer vision"
"W3134114820","General AI"
"W2984108472","General AI"
"W3142502645","General AI"
"W4376454763","General AI"
"W3154252712","General AI"
"W4283838251","General AI"
"W3047269164","General AI"
"W3084193715","General AI"
"W4283831854","General AI"
"W3097362152","General AI"
"W2945775468","General AI"
"W2781824996","computer vision"
"W2982043723","generative ai"
"W2974043081","computer vision"
"W4386064669","General AI"
"W3186737891","General AI"
"W2996619397","computer vision"
"W2996619397","neural architecture search"
"W4307556206","General AI"
"W4382237558","General AI"
"W4226278482","natural language processing"
"W2982495255","General AI"
"W4210938977","graph neural networks"
"W3036629615","computer vision"
"W2982092517","computer vision"
"W4212806698","General AI"
"W3133468199","computer vision"
"W3120192914","General AI"
"W4221030635","General AI"
"W3207662977","computer vision"
"W3129822799","computer vision"
"W3000442951","computer vision"
"W2989393016","computer vision"
"W2989393016","transformer architecture"
"W2921243212","General AI"
"W3090111074","General AI"
"W4281492951","General AI"
"W2968023343","General AI"
"W3009578469","General AI"
"W2893230400","General AI"
"W4361294907","General AI"
"W4386570516","General AI"
"W4226070618","General AI"
"W4377247629","graph neural networks"
"W2997336602","computer vision"
"W2913420771","General AI"
"W3130376580","neural architecture search"
"W2977506575","computer vision"
"W2977506575","generative ai"
"W4292411285","General AI"
"W3157887335","General AI"
"W3081507988","General AI"
"W2954187519","General AI"
"W3092530868","General AI"
"W4304762384","General AI"
"W4200583655","computer vision"
"W4313856295","General AI"
"W3133033260","General AI"
"W3094567318","General AI"
"W3026754942","General AI"
"W3126841703","General AI"
"W3123725380","General AI"
"W2976098773","General AI"
"W3080884086","computer vision"
"W3080884086","graph neural networks"
"W3210009283","General AI"
"W3033724290","General AI"
"W2914502888","General AI"
"W2898036135","General AI"
"W3127436526","General AI"
"W3207294759","General AI"
"W4385694859","graph neural networks"
"W3108203525","computer vision"
"W3008179697","General AI"
"W4392172738","graph neural networks"
"W4376566946","General AI"
"W3174961705","General AI"
"W3130868966","General AI"
"W3211037204","General AI"
"W2963802982","computer vision"
"W2963802982","natural language processing"
"W4200089862","General AI"
"W3022281167","General AI"
"W3027760474","General AI"
"W3010867338","General AI"
"W2982362436","General AI"
"W4390605317","generative ai"
"W3100796605","General AI"
"W3004747282","computer vision"
"W2940537888","generative ai"
"W3195971125","General AI"
"W4398238760","General AI"
"W2918140740","General AI"
"W3159204223","General AI"
"W4250819878","General AI"
"W4213430631","General AI"
"W4393159712","graph neural networks"
"W4210510150","General AI"
"W3038484461","computer vision"
"W3160228804","General AI"
"W4383562546","graph neural networks"
"W3000365610","computer vision"
"W2982692510","computer vision"
"W3014376438","General AI"
"W3111140248","General AI"
"W4206347244","General AI"
"W4280549214","General AI"
"W3212684349","General AI"
"W3174711822","General AI"
"W3010109240","General AI"
"W3024586266","quantum ml"
"W3128236819","General AI"
"W2905173041","computer vision"
"W4399657851","General AI"
"W3127524622","computer vision"
"W3167517308","General AI"
"W3097182928","computer vision"
"W4388665407","transformer architecture"
"W4313176073","General AI"
"W3012309011","General AI"
"W4229364036","General AI"
"W3006838544","General AI"
"W3142958216","General AI"
"W3001250425","General AI"
"W2923153053","General AI"
"W3112278336","explainable ai"
"W3112278336","graph neural networks"
"W3021048621","General AI"
"W3174102480","General AI"
"W3016862886","General AI"
"W3114692783","General AI"
"W2920946673","computer vision"
"W4392368611","General AI"
"W3132787681","neural architecture search"
"W3214851074","General AI"
"W4282922560","General AI"
"W3082936154","computer vision"
"W3105731751","General AI"
"W4366205946","General AI"
"W2974028037","General AI"
"W4391409565","generative ai"
"W4283810543","General AI"
"W2966357564","computer vision"
"W2966357564","graph neural networks"
"W2954678575","General AI"
"W4283819096","General AI"
"W3086233706","General AI"
"W3200313969","computer vision"
"W3183244081","General AI"
"W3015862911","General AI"
"W4306631501","General AI"
"W3155397388","General AI"
"W3160599825","General AI"
"W3165162317","General AI"
"W2989818023","transformer architecture"
"W3046282410","General AI"
"W3181827495","General AI"
"W4285266620","graph neural networks"
"W4382753580","General AI"
"W3001158989","computer vision"
"W4377047150","General AI"
"W4311261620","General AI"
"W4379279977","natural language processing"
"W4379279977","transformer architecture"
"W4214744264","natural language processing"
"W4210407519","computer vision"
"W4287837521","General AI"
"W4381250863","General AI"
"W2955914832","General AI"
"W4220905779","General AI"
"W3161727935","graph neural networks"
"W3157378813","General AI"
"W4385800972","graph neural networks"
"W3126004264","General AI"
"W3136654777","General AI"
"W3087535133","General AI"
"W3199510749","General AI"
"W3014763670","General AI"
"W4366813466","natural language processing"
"W4366813466","transformer architecture"
"W4396583326","generative ai"
"W2911245743","General AI"
"W3215514970","General AI"
"W4293567710","graph neural networks"
"W3000348847","General AI"
"W3157609068","computer vision"
"W3157609068","graph neural networks"
"W3216106071","General AI"
"W3029447859","General AI"
"W2998514016","computer vision"
"W4390064441","graph neural networks"
"W2967844572","General AI"
"W3080301222","computer vision"
"W2928165649","computer vision"
"W4379620107","General AI"
"W4285604261","General AI"
"W3100036790","graph neural networks"
"W3002574225","computer vision"
"W3005145900","computer vision"
"W3095606665","General AI"
"W4288391574","General AI"
"W3014401499","generative ai"
"W4313887511","computer vision"
"W4313289426","General AI"
"W3217442030","General AI"
"W2912227653","General AI"
"W4224108623","computer vision"
"W4224108623","natural language processing"
"W2980032219","computer vision"
"W2982418982","General AI"
"W3214768053","computer vision"
"W4207022895","generative ai"
"W3158631207","General AI"
"W4387717615","graph neural networks"
"W4250749391","computer vision"
"W2880214242","General AI"
"W3209423806","General AI"
"W4293213133","computer vision"
"W2901602144","General AI"
"W3133797747","General AI"
"W3134279672","General AI"
"W4319311001","General AI"
"W3048657120","General AI"
"W4296807161","General AI"
"W3216761595","General AI"
"W3016854165","General AI"
"W2997864133","General AI"
"W2919354935","computer vision"
"W3172013585","General AI"
"W4312121056","graph neural networks"
"W2964345399","computer vision"
"W4363649703","graph neural networks"
"W4363649703","transformer architecture"
"W3031129498","quantum ml"
"W2990129687","computer vision"
"W2990129687","natural language processing"
"W2986739745","General AI"
"W4391541001","General AI"
"W4211134207","General AI"
"W3035012408","General AI"
"W3087520086","General AI"
"W3173346126","generative ai"
"W2969642948","General AI"
"W2994506732","graph neural networks"
"W3136239039","General AI"
"W3160662458","General AI"
"W3088698272","generative ai"
"W4286512640","reinforcement learning"
"W2943439651","computer vision"
"W4200193210","computer vision"
"W4200193210","natural language processing"
"W3091282141","General AI"
"W3014902535","graph neural networks"
"W3027059498","General AI"
"W3090401460","General AI"
"W3042932150","General AI"
"W3108731213","generative ai"
"W3201523733","General AI"
"W3122629112","General AI"
"W3110148606","General AI"
"W3048047262","General AI"
"W4212789887","computer vision"
"W2982350982","computer vision"
"W4385495695","computer vision"
"W2979665226","computer vision"
"W4285233080","graph neural networks"
"W3167787620","explainable ai"
"W3021667312","natural language processing"
"W3171108477","General AI"
"W4283761107","computer vision"
"W4390442894","General AI"
"W3157411665","computer vision"
"W4206116476","General AI"
"W4288720451","computer vision"
"W2921918777","General AI"
"W3116945867","General AI"
"W3125631070","computer vision"
"W3090434134","reinforcement learning"
"W4238510752","General AI"
"W3007310793","General AI"
"W4283526075","General AI"
"W3035986362","General AI"
"W3007192161","General AI"
"W2914540228","generative ai"
"W3083554649","General AI"
"W2990497243","General AI"
"W2979300161","computer vision"
"W2982039390","General AI"
"W2968368194","computer vision"
"W3153269770","General AI"
"W3179172283","computer vision"
"W2970691381","General AI"
"W4214843096","transformer architecture"
"W4388821834","computer vision"
"W4388821834","natural language processing"
"W4399995236","General AI"
"W3037990336","General AI"
"W3167109952","computer vision"
"W3014469433","General AI"
"W2963272802","computer vision"
"W2963272802","graph neural networks"
"W4386567964","General AI"
"W2943443346","General AI"
"W3096372554","General AI"
"W4224315877","computer vision"
"W3024508204","General AI"
"W3208148443","General AI"
"W2991372685","General AI"
"W3198876595","General AI"
"W2989567700","graph neural networks"
"W4390913672","General AI"
"W4386165995","graph neural networks"
"W2994831808","General AI"
"W2979857417","General AI"
"W4382752999","General AI"
"W2938504806","General AI"
"W3164528657","General AI"
"W3085745698","General AI"
"W3017346274","General AI"
"W4378469229","General AI"
"W3213801837","General AI"
"W3016258141","natural language processing"
"W3003544448","neural architecture search"
"W2989867306","graph neural networks"
"W3003890779","General AI"
"W2988389512","computer vision"
"W2988389512","natural language processing"
"W2990174420","General AI"
"W4206252062","computer vision"
"W2926974277","General AI"
"W2979701914","General AI"
"W2804847842","General AI"
"W3114808556","computer vision"
"W3114808556","neural architecture search"
"W3012271055","General AI"
"W3213513932","computer vision"
"W2966450079","computer vision"
"W4400450113","General AI"
"W3138074985","General AI"
"W3213641926","General AI"
"W3033247985","General AI"
"W2912136746","General AI"
"W2962893256","General AI"
"W2945388018","General AI"
"W2944555271","General AI"
"W3037668068","General AI"
"W3092890642","generative ai"
"W3018268080","General AI"
"W3036117410","General AI"
"W4221001148","computer vision"
"W4308105785","General AI"
"W3093246287","General AI"
"W4283785752","General AI"
"W3011327820","General AI"
"W2928011770","General AI"
"W3207406570","General AI"
"W3007580262","General AI"
"W4384207058","General AI"
"W3000089360","General AI"
"W4327936834","natural language processing"
"W4327936834","transformer architecture"
"W3160469020","General AI"
"W3092345561","General AI"
"W2998827957","General AI"
"W4362673615","General AI"
"W3138259231","General AI"
"W3121252325","General AI"
"W4282559859","computer vision"
"W2946223265","General AI"
"W2945277023","General AI"
"W3082392861","General AI"
"W3106834533","General AI"
"W3120991880","General AI"
"W4225247416","General AI"
"W2951218167","General AI"
"W3182391760","graph neural networks"
"W3045055338","explainable ai"
"W2933004559","General AI"
"W3018098279","General AI"
"W3029817724","General AI"
"W3004310419","computer vision"
"W3119883464","computer vision"
"W3039460860","computer vision"
"W3013476223","General AI"
"W4377292583","computer vision"
"W2996411522","computer vision"
"W2947330499","General AI"
"W2892303956","computer vision"
"W3017198067","computer vision"
"W4281778222","graph neural networks"
"W3082394918","General AI"
"W4206923012","General AI"
"W4321497451","General AI"
"W2975128548","General AI"
"W4205886591","computer vision"
"W3006700002","General AI"
"W3033606965","General AI"
"W3090232526","General AI"
"W2914337210","computer vision"
"W2914337210","natural language processing"
"W3128645579","computer vision"
"W4320015696","graph neural networks"
"W3186360695","General AI"
"W4386607611","computer vision"
"W2946363484","General AI"
"W2995376206","General AI"
"W4377966860","graph neural networks"
"W3046859104","General AI"
"W3128202105","computer vision"
"W3044899979","General AI"
"W3157723514","General AI"
"W4319777655","graph neural networks"
"W4313175134","General AI"
"W4308652333","General AI"
"W2912345961","General AI"
"W3093597327","computer vision"
"W3000556081","computer vision"
"W4313516700","computer vision"
"W4384068429","generative ai"
"W3093820501","General AI"
"W3010697071","General AI"
"W4213016846","General AI"
"W2944972447","General AI"
"W3020972379","General AI"
"W3164527999","computer vision"
"W3148563252","General AI"
"W3091214766","General AI"
"W3121960994","generative ai"
"W3088210217","General AI"
"W4281487897","General AI"
"W4206052259","General AI"
"W3138295515","General AI"
"W3154478532","General AI"
"W4220751823","General AI"
"W4322632440","General AI"
"W3092403679","General AI"
"W3038265118","General AI"
"W3200583622","General AI"
"W4309664685","graph neural networks"
"W3157207704","General AI"
"W4385562584","graph neural networks"
"W2963587312","General AI"
"W2989833413","computer vision"
"W3216182232","General AI"
"W2942889039","General AI"
"W4320856113","graph neural networks"
"W4212862670","General AI"
"W3044101393","General AI"
"W3024475350","General AI"
"W2997041748","computer vision"
"W3045856894","General AI"
"W3217423322","computer vision"
"W3217423322","neural architecture search"
"W2996621149","General AI"
"W4304150524","generative ai"
"W2979596121","General AI"
"W2969896545","computer vision"
"W3024448780","computer vision"
"W4226256571","General AI"
"W3081674999","General AI"
"W2903857590","General AI"
"W2915860004","computer vision"
"W3008421095","General AI"
"W4224246713","General AI"
"W2995528380","General AI"
"W2911311508","General AI"
"W3125862622","computer vision"
"W3036740814","computer vision"
"W4214841728","computer vision"
"W2969430493","General AI"
"W4321488241","General AI"
"W3021638932","General AI"
"W3081064176","computer vision"
"W3093042324","General AI"
"W3016494077","General AI"
"W3151148247","generative ai"
"W3124869105","General AI"
"W3208259041","General AI"
"W4200004272","graph neural networks"
"W3194774163","natural language processing"
"W4205854744","General AI"
"W3108367851","General AI"
"W3129363458","General AI"
"W3016913961","generative ai"
"W2921958053","computer vision"
"W3033688252","computer vision"
"W3010100160","General AI"
"W3065270789","General AI"
"W3155628184","General AI"
"W4387976256","General AI"
"W3027472289","General AI"
"W4387147848","General AI"
"W3091163785","explainable ai"
"W4362468670","generative ai"
"W2949186411","General AI"
"W4318816006","graph neural networks"
"W4360938479","General AI"
"W4388938846","General AI"
"W3109171118","General AI"
"W4280489940","General AI"
"W3092419224","General AI"
"W2975003945","General AI"
"W3215115644","General AI"
"W2931790542","computer vision"
"W3095397994","graph neural networks"
"W4385128132","computer vision"
"W4385128132","graph neural networks"
"W3203358497","General AI"
"W3015692457","General AI"
"W4224239737","General AI"
"W4316690373","generative ai"
"W2982378168","explainable ai"
"W3202801842","graph neural networks"
"W2971900667","computer vision"
"W4295462230","generative ai"
"W4295462230","graph neural networks"
"W4200604201","General AI"
"W4393160866","graph neural networks"
"W3007391486","General AI"
"W4224996007","General AI"
"W3122351145","computer vision"
"W3184765452","General AI"
"W2995157404","General AI"
"W3097307531","General AI"
"W2969634177","computer vision"
"W3081711608","General AI"
"W4390637043","General AI"
"W3133624139","General AI"
"W2946452775","computer vision"
"W3007587150","General AI"
"W3173992087","computer vision"
"W3016986506","General AI"
"W4382239616","graph neural networks"
"W4382239616","transformer architecture"
"W4372348801","generative ai"
"W3150570724","reinforcement learning"
"W3080527613","General AI"
"W2928673187","General AI"
"W4224324874","General AI"
"W2964207740","General AI"
"W3131710189","graph neural networks"
"W4387682030","graph neural networks"
"W3198546193","computer vision"
"W3198546193","graph neural networks"
"W2909027832","General AI"
"W3154203293","General AI"
"W4297624503","computer vision"
"W4285108207","General AI"
"W3001100660","General AI"
"W3017652999","General AI"
"W4386041419","explainable ai"
"W3168130883","computer vision"
"W3168130883","neural architecture search"
"W2994834352","General AI"
"W3011419123","General AI"
"W2915097532","General AI"
"W3080385371","computer vision"
"W3080385371","natural language processing"
"W2939078500","General AI"
"W4390547231","General AI"
"W2973481132","General AI"
"W3083851563","General AI"
"W4383820637","General AI"
"W4285307882","General AI"
"W4377691173","General AI"
"W4210282496","computer vision"
"W3120253959","General AI"
"W4385737974","generative ai"
"W4385737974","graph neural networks"
"W3033008664","computer vision"
"W3033008664","generative ai"
"W4381598523","General AI"
"W3007070494","General AI"
"W3091416888","General AI"
"W3119315021","General AI"
"W2998879504","General AI"
"W2997671573","General AI"
"W2966241529","General AI"
"W2946228438","General AI"
"W4295435240","General AI"
"W2948800568","General AI"
"W4396668596","quantum ml"
"W3048407206","General AI"
"W4313484961","graph neural networks"
"W4390938782","graph neural networks"
"W4390938782","transformer architecture"
"W4361004631","General AI"
"W3125252695","General AI"
"W4288907220","General AI"
"W3090926208","explainable ai"
"W4315977370","General AI"
"W2975107135","computer vision"
"W3017079270","computer vision"
"W4281929909","generative ai"
"W4281257637","computer vision"
"W3004876107","computer vision"
"W4291286390","General AI"
"W4318577423","computer vision"
"W4318577423","generative ai"
"W2982479281","General AI"
"W3167921710","General AI"
"W4310066656","General AI"
"W4362496378","General AI"
"W4390278225","General AI"
"W2946461738","General AI"
"W4400038286","graph neural networks"
"W2998008435","computer vision"
"W2998008435","transformer architecture"
"W2908738937","General AI"
"W3117379804","General AI"
"W4317933195","General AI"
"W3203687922","explainable ai"
"W2996698847","General AI"
"W3128675561","computer vision"
"W3170300281","General AI"
"W4212768123","generative ai"
"W2975541923","General AI"
"W2945309682","generative ai"
"W4255519384","generative ai"
"W4214890976","General AI"
"W3195481585","General AI"
"W3196733796","General AI"
"W4210341208","General AI"
"W4385695985","General AI"
"W3115557277","computer vision"
"W2981202347","General AI"
"W3005512449","generative ai"
"W3087499880","General AI"
"W4290466955","General AI"
"W3032695106","General AI"
"W2922163742","computer vision"
"W4311350769","General AI"
"W4252250696","computer vision"
"W3171621446","natural language processing"
"W3019027838","natural language processing"
"W3199109277","General AI"
"W2915792373","neural architecture search"
"W4313141281","General AI"
"W4375863032","graph neural networks"
"W2950403374","General AI"
"W3004022591","General AI"
"W4318957922","computer vision"
"W4386108415","graph neural networks"
"W3028742747","General AI"
"W3113183942","General AI"
"W3017642177","General AI"
"W3018827121","natural language processing"
"W4391333486","General AI"
"W3115300508","General AI"
"W3033347005","General AI"
"W2995889583","graph neural networks"
"W3041152631","computer vision"
"W4380887611","General AI"
"W3196077426","General AI"
"W3094410826","General AI"
"W3098712771","General AI"
"W3127007725","General AI"
"W4281386081","computer vision"
"W3008453832","General AI"
"W3126087996","General AI"
"W2940824778","General AI"
"W4206777380","computer vision"
"W2966199719","computer vision"
"W4361292119","General AI"
"W4307046645","General AI"
"W3081627837","General AI"
"W2937770086","General AI"
"W3159928861","General AI"
"W4312236640","General AI"
"W3012295089","General AI"
"W3110646753","General AI"
"W3158189796","General AI"
"W3082772432","General AI"
"W4293101166","General AI"
"W3034440640","General AI"
"W3119002188","General AI"
"W2921725755","General AI"
"W2921029329","computer vision"
"W2987956272","General AI"
"W2950884836","General AI"
"W4210378842","graph neural networks"
"W3163935305","General AI"
"W3205707234","General AI"
"W3089333481","General AI"
"W4393793169","graph neural networks"
"W3090763579","computer vision"
"W2995447984","computer vision"
"W4379468629","graph neural networks"
"W2979666105","computer vision"
"W4297022811","General AI"
"W2947066650","General AI"
"W4384699745","natural language processing"
"W4384699745","transformer architecture"
"W4367059011","natural language processing"
"W4387215355","graph neural networks"
"W4211090457","generative ai"
"W3112631383","graph neural networks"
"W3009117699","General AI"
"W3163620325","General AI"
"W4320002812","computer vision"
"W4225876525","General AI"
"W3189202224","neural architecture search"
"W3111294156","General AI"
"W4309047034","General AI"
"W4280523910","computer vision"
"W4281483629","General AI"
"W3090907207","computer vision"
"W3082823908","computer vision"
"W3036061420","General AI"
"W3005103743","General AI"
"W4220867721","General AI"
"W2910634864","computer vision"
"W4394627576","graph neural networks"
"W3130247865","General AI"
"W2952595356","General AI"
"W4353083153","General AI"
"W2979781132","General AI"
"W4285678533","General AI"
"W2944352165","computer vision"
"W2940864740","computer vision"
"W3170454297","General AI"
"W4401024877","graph neural networks"
"W4313467117","General AI"
"W3022802582","General AI"
"W3198324776","computer vision"
"W3198324776","natural language processing"
"W3206672614","General AI"
"W3021697986","General AI"
"W4283269373","generative ai"
"W4283269373","graph neural networks"
"W4300105713","generative ai"
"W4392563752","graph neural networks"
"W4392058134","natural language processing"
"W4405031167","General AI"
"W4317206949","General AI"
"W4315926782","General AI"
"W3139674399","General AI"
"W3101272581","General AI"
"W4294912190","General AI"
"W3214910795","General AI"
"W3114369269","General AI"
"W3199683159","General AI"
"W4385569618","General AI"
"W3211225070","General AI"
"W4283210562","General AI"
"W3194471330","General AI"
"W3203894759","General AI"
"W3011250419","General AI"
"W4362723515","General AI"
"W4389490285","natural language processing"
"W4391345489","explainable ai"
"W4391345489","graph neural networks"
"W3123300545","General AI"
"W3011824760","General AI"
"W2932613184","General AI"
"W4380433123","graph neural networks"
"W3104709959","General AI"
"W2910388551","General AI"
"W4306168059","graph neural networks"
"W4396621255","graph neural networks"
"W2997811423","computer vision"
"W2997811423","graph neural networks"
"W4285004946","computer vision"
"W4285004946","generative ai"
"W3201542965","General AI"
"W2972714212","General AI"
"W3023328046","transformer architecture"
"W4207072731","graph neural networks"
"W4207072731","transformer architecture"
"W3156423522","General AI"
"W3198883669","computer vision"
"W3120951225","General AI"
"W3044530764","General AI"
"W4388845104","federated learning"
"W4388845104","graph neural networks"
"W4205683915","General AI"
"W4390242455","General AI"
"W3179950556","General AI"
"W3200152265","generative ai"
"W3200152265","natural language processing"
"W3169982119","generative ai"
"W3205836616","graph neural networks"
"W3025397758","General AI"
"W3157417759","General AI"
"W3120702290","General AI"
"W2912504222","General AI"
"W3165892790","computer vision"
"W3114304902","General AI"
"W2929617806","computer vision"
"W2901188603","computer vision"
"W3195147880","General AI"
"W4309307134","General AI"
"W4391543675","natural language processing"
"W4391543675","transformer architecture"
"W2952116081","General AI"
"W4212918743","General AI"
"W4226036059","General AI"
"W2915736901","General AI"
"W4400981957","graph neural networks"
"W2990199568","generative ai"
"W4285504104","General AI"
"W3089470783","General AI"
"W3138645122","General AI"
"W4318464678","computer vision"
"W2998567488","General AI"
"W3026048580","General AI"
"W3097731257","General AI"
"W3097189258","General AI"
"W3113328935","computer vision"
"W4306376994","General AI"
"W4311047326","General AI"
"W3110977802","General AI"
"W2975388328","General AI"
"W3201434050","computer vision"
"W2914016683","computer vision"
"W2961466663","computer vision"
"W3152531055","computer vision"
"W2990986966","computer vision"
"W3036031408","General AI"
"W2943735948","computer vision"
"W3213782894","General AI"
"W4365517060","General AI"
"W3029836473","computer vision"
"W3124439729","General AI"
"W4205467977","General AI"
"W4401013277","General AI"
"W4283167339","General AI"
"W2986421215","neural architecture search"
"W2953182346","General AI"
"W3022034716","General AI"
"W3039419186","General AI"
"W2977468072","General AI"
"W3082964614","computer vision"
"W3128443161","graph neural networks"
"W3106229813","graph neural networks"
"W3106229813","natural language processing"
"W3111542522","General AI"
"W4308825561","graph neural networks"
"W4225665842","graph neural networks"
"W3192519096","General AI"
"W4324134406","General AI"
"W3165729427","General AI"
"W3033552209","General AI"
"W3044117128","General AI"
"W3004838941","generative ai"
"W3108884590","General AI"
"W2951434717","General AI"
"W4226239849","General AI"
"W2964382283","computer vision"
"W3004650610","computer vision"
"W4313515579","computer vision"
"W3039305152","General AI"
"W3204971779","General AI"
"W2913447624","computer vision"
"W2913447624","natural language processing"
"W4200481139","General AI"
"W4367182729","generative ai"
"W2958646971","General AI"
"W3124018482","General AI"
"W4378071669","General AI"
"W3116409445","General AI"
"W4294844739","explainable ai"
"W4294844739","graph neural networks"
"W4307529886","General AI"
"W4225675067","General AI"
"W2947945101","General AI"
"W2968982355","computer vision"
"W3122328354","computer vision"
"W2964269074","computer vision"
"W2996116683","General AI"
"W4225463334","General AI"
"W4394739304","generative ai"
"W4394739304","graph neural networks"
"W3192676180","natural language processing"
"W4320001418","General AI"
"W4390055472","natural language processing"
"W4390055472","neural architecture search"
"W4200398261","quantum ml"
"W4294068459","General AI"
"W3042416028","General AI"
"W4394009485","General AI"
"W3191804854","natural language processing"
"W2971854796","computer vision"
"W4221026254","General AI"
"W3112906911","General AI"
"W3037569421","General AI"
"W4367059804","transformer architecture"
"W3118996476","federated learning"
"W4386862116","graph neural networks"
"W4393043407","General AI"
"W2908941882","General AI"
"W3048846953","generative ai"
"W2968752509","General AI"
"W4281738502","General AI"
"W4386374624","generative ai"
"W3127876525","General AI"
"W2969372261","General AI"
"W3111817041","General AI"
"W3048378273","computer vision"
"W3093493500","General AI"
"W3082185616","computer vision"
"W3082185616","graph neural networks"
"W4224924100","graph neural networks"
"W4311897822","General AI"
"W4289110083","General AI"
"W3023087441","computer vision"
"W2908968031","computer vision"
"W3097867666","General AI"
"W4280616833","General AI"
"W4205867427","computer vision"
"W3162162849","General AI"
"W4225262729","General AI"
"W3207553802","General AI"
"W3195289026","General AI"
"W3026720205","General AI"
"W3129608404","graph neural networks"
"W2921528463","computer vision"
"W3012583842","General AI"
"W3033302956","General AI"
"W4280564944","General AI"
"W3206089854","graph neural networks"
"W2911704718","General AI"
"W4293771191","General AI"
"W4382989727","General AI"
"W4315778357","quantum ml"
"W4292495570","General AI"
"W3171211408","General AI"
"W4280575443","General AI"
"W3016115703","reinforcement learning"
"W3134978958","General AI"
"W2950243097","General AI"
"W4312590949","General AI"
"W2971057992","General AI"
"W4297347800","General AI"
"W4387449093","graph neural networks"
"W2915168078","General AI"
"W2982668911","General AI"
"W4200434941","computer vision"
"W2929906481","General AI"
"W2953121811","General AI"
"W3109241202","General AI"
"W3134796670","General AI"
"W4381144411","General AI"
"W3024193603","General AI"
"W3121930650","General AI"
"W4212811675","General AI"
"W2940122146","General AI"
"W4285802362","graph neural networks"
"W2917160625","General AI"
"W3217735524","General AI"
"W3082263548","General AI"
"W3118337689","General AI"
"W4310435935","General AI"
"W4309935983","General AI"
"W4393153277","graph neural networks"
"W3085172521","General AI"
"W4200100126","graph neural networks"
"W4398767172","General AI"
"W3120848642","generative ai"
"W3120848642","neural architecture search"
"W4295309597","General AI"
"W2927066960","computer vision"
"W4220825165","computer vision"
"W2974585810","General AI"
"W3064888342","General AI"
"W4206730606","General AI"
"W3182792505","General AI"
"W2954048742","computer vision"
"W4319081752","General AI"
"W4319828748","General AI"
"W2928248204","General AI"
"W3081461453","computer vision"
"W4392091326","generative ai"
"W4224309519","General AI"
"W4290875022","graph neural networks"
"W3090809839","General AI"
"W2983283454","General AI"
"W4306404511","General AI"
"W2993134750","computer vision"
"W2997168047","computer vision"
"W3014330170","General AI"
"W4377097210","graph neural networks"
"W4390339811","computer vision"
"W3184839167","General AI"
"W3007256793","General AI"
"W4387999385","graph neural networks"
"W3171455429","General AI"
"W2977009307","General AI"
"W3165596650","General AI"
"W4229445630","General AI"
"W3107681958","graph neural networks"
"W3107681958","natural language processing"
"W4393161426","graph neural networks"
"W4205722992","General AI"
"W4296800293","General AI"
"W4308206410","General AI"
"W3012998522","computer vision"
"W2985344503","General AI"
"W3096733902","General AI"
"W3022100264","General AI"
"W4319984224","General AI"
"W3089081072","General AI"
"W2974398461","General AI"
"W3011906630","General AI"
"W4200633254","computer vision"
"W4200633254","graph neural networks"
"W2945537632","General AI"
"W4210581921","General AI"
"W3156231038","generative ai"
"W3001630685","General AI"
"W2981849318","General AI"
"W4387870256","graph neural networks"
"W4283639612","explainable ai"
"W3132499588","computer vision"
"W3165692861","General AI"
"W3005410610","General AI"
"W2998415999","General AI"
"W4225407174","generative ai"
"W3124237877","General AI"
"W4280529368","General AI"
"W4394941837","General AI"
"W2993384776","General AI"
"W2962730452","General AI"
"W4200227928","General AI"
"W4297829302","computer vision"
"W2898929289","General AI"
"W2922306415","computer vision"
"W3133364906","General AI"
"W3047587263","General AI"
"W4382317956","explainable ai"
"W4382317956","graph neural networks"
"W4200211660","explainable ai"
"W2939647427","computer vision"
"W3185381495","computer vision"
"W3185381495","generative ai"
"W3194181657","graph neural networks"
"W4394859632","General AI"
"W4377115572","graph neural networks"
"W4377115572","transformer architecture"
"W3180942661","General AI"
"W3007476963","General AI"
"W3015984951","General AI"
"W3198084268","General AI"
"W3187503080","General AI"
"W3197232629","General AI"
"W3090063164","computer vision"
"W4394946404","General AI"
"W4292859859","General AI"
"W4281491990","General AI"
"W4388662082","graph neural networks"
"W3194208690","General AI"
"W3013746329","generative ai"
"W3010992329","generative ai"
"W3081550521","General AI"
"W4213140809","General AI"
"W3092302756","General AI"
"W3015987273","General AI"
"W2990678557","General AI"
"W3096252532","General AI"
"W3127771660","computer vision"
"W3212017751","General AI"
"W3121523871","General AI"
"W2929496932","General AI"
"W2995175313","computer vision"
"W3012234211","General AI"
"W3002493224","General AI"
"W4405330498","graph neural networks"
"W4385194706","explainable ai"
"W4385194706","graph neural networks"
"W3094656625","General AI"
"W3133082861","transformer architecture"
"W4221016141","General AI"
"W4313518751","computer vision"
"W3185186456","General AI"
"W2999575688","General AI"
"W2936703070","computer vision"
"W4319159759","General AI"
"W4400193812","graph neural networks"
"W4323256981","natural language processing"
"W4323256981","transformer architecture"
"W3043161732","General AI"
"W2912943867","General AI"
"W2970861023","General AI"
"W4292399547","generative ai"
"W3028069824","General AI"
"W4392816828","General AI"
"W3162804940","General AI"
"W2968310610","General AI"
"W2955388112","General AI"
"W2981084407","General AI"
"W3126238062","explainable ai"
"W3126238062","graph neural networks"
"W4229007573","General AI"
"W3155951964","General AI"
"W2950457484","General AI"
"W3158678277","General AI"
"W3184801240","General AI"
"W4211160540","computer vision"
"W3010877614","transformer architecture"
"W3095111469","General AI"
"W3168590676","General AI"
"W4385080379","computer vision"
"W3040571868","General AI"
"W4385874486","General AI"
"W4392244069","General AI"
"W4223519356","General AI"
"W3011407574","General AI"
"W2995990961","General AI"
"W2945801489","General AI"
"W4376652608","General AI"
"W4211104684","General AI"
"W4402206216","explainable ai"
"W3010006117","computer vision"
"W3137323195","graph neural networks"
"W4226098341","General AI"
"W3004319599","computer vision"
"W3015003552","computer vision"
"W3034099097","computer vision"
"W3091722391","General AI"
"W4381571476","explainable ai"
"W4226187015","General AI"
"W2982664135","computer vision"
"W2982664135","natural language processing"
"W2908535058","General AI"
"W3198568094","General AI"
"W4390046815","graph neural networks"
"W4292314404","natural language processing"
"W4292314404","quantum ml"
"W2951098173","General AI"
"W2970290137","General AI"
"W4317906764","General AI"
"W3211153404","General AI"
"W4211064437","General AI"
"W3204243169","General AI"
"W2999062607","General AI"
"W3135526787","explainable ai"
"W3196476271","General AI"
"W3155681579","General AI"
"W3122678766","graph neural networks"
"W2955512305","General AI"
"W3187947129","computer vision"
"W4320180601","General AI"
"W2974861210","General AI"
"W4287847631","graph neural networks"
"W2998966531","General AI"
"W2925281733","General AI"
"W2967532333","General AI"
"W4352976563","computer vision"
"W3032975493","generative ai"
"W3047257194","computer vision"
"W4210746697","computer vision"
"W3172817298","General AI"
"W3025296742","General AI"
"W3112843145","General AI"
"W2921900517","General AI"
"W3112343206","General AI"
"W4292970430","transformer architecture"
"W3010061561","General AI"
"W2972938283","General AI"
"W3211978597","General AI"
"W4224214581","natural language processing"
"W2939344111","General AI"
"W4389035980","General AI"
"W4394018102","General AI"
"W2963878020","computer vision"
"W4390116356","graph neural networks"
"W4309265129","graph neural networks"
"W4392695348","General AI"
"W3007609684","General AI"
"W3014801121","General AI"
"W4391362070","General AI"
"W4280514173","General AI"
"W3020199533","General AI"
"W4386294121","General AI"
"W3194934644","computer vision"
"W4362732951","generative ai"
"W3028129150","computer vision"
"W3113324312","General AI"
"W2913221350","computer vision"
"W3186812494","General AI"
"W4231831409","computer vision"
"W4231831409","graph neural networks"
"W3199074910","General AI"
"W4385803650","General AI"
"W3020796509","General AI"
"W4205874301","graph neural networks"
"W4229016815","computer vision"
"W4319787432","General AI"
"W3127157950","General AI"
"W4367368289","General AI"
"W3131508328","General AI"
"W4385288573","graph neural networks"
"W4388942366","computer vision"
"W4388942366","graph neural networks"
"W4313414445","General AI"
"W4316661052","General AI"
"W2909099954","General AI"
"W4378805614","natural language processing"
"W4378805614","transformer architecture"
"W2934360681","General AI"
"W2973168211","General AI"
"W2983704835","General AI"
"W3091391704","graph neural networks"
"W3091391704","neural architecture search"
"W4389076417","graph neural networks"
"W2909853325","General AI"
"W4402350084","General AI"
"W3025926153","computer vision"
"W4378193263","General AI"
"W4315631504","General AI"
"W3134442660","generative ai"
"W4296743024","graph neural networks"
"W2969922401","General AI"
"W4206633979","graph neural networks"
"W3128797821","computer vision"
"W4313238377","General AI"
"W4393318495","generative ai"
"W4393318495","graph neural networks"
"W2973312556","neural architecture search"
"W2988337938","computer vision"
"W3134076797","computer vision"
"W2957050889","graph neural networks"
"W4281690286","General AI"
"W2980361537","General AI"
"W2922332774","General AI"
"W3125727965","graph neural networks"
"W2971598856","natural language processing"
"W4221001772","General AI"
"W3090620951","General AI"
"W3041041945","General AI"
"W3008173435","General AI"
"W3037105702","General AI"
"W2975566358","computer vision"
"W2975566358","natural language processing"
"W2965268492","computer vision"
"W4200174001","General AI"
"W3036177458","computer vision"
"W4297193084","General AI"
"W4322194904","computer vision"
"W4205400947","General AI"
"W4309366575","graph neural networks"
"W4309366575","neural architecture search"
"W3125810745","General AI"
"W4289865934","General AI"
"W3217636259","General AI"
"W3137494282","General AI"
"W4290714800","graph neural networks"
"W2943317316","General AI"
"W3212340796","General AI"
"W4308447885","federated learning"
"W4281893295","General AI"
"W2937423263","natural language processing"
"W3122731408","General AI"
"W3134274954","General AI"
"W4285040472","General AI"
"W3107358227","General AI"
"W4394828208","graph neural networks"
"W3009346228","General AI"
"W3093600236","General AI"
"W4253826570","computer vision"
"W4281661931","General AI"
"W3000491742","computer vision"
"W3217392036","General AI"
"W3016504312","transformer architecture"
"W2944669962","General AI"
"W4385286425","General AI"
"W4362640917","General AI"
"W4403984381","graph neural networks"
"W3024638641","General AI"
"W4321494006","General AI"
"W4229008034","General AI"
"W3044062942","computer vision"
"W3045881806","General AI"
"W2965982242","computer vision"
"W3180053449","General AI"
"W4205835629","General AI"
"W3172086939","General AI"
"W3167976421","computer vision"
"W4210460174","General AI"
"W4362699000","General AI"
"W4283218438","graph neural networks"
"W3189651386","graph neural networks"
"W3116991505","computer vision"
"W3194357095","explainable ai"
"W2945813834","General AI"
"W2968955748","General AI"
"W4280620998","General AI"
"W3178931919","General AI"
"W4402644485","General AI"
"W2949088970","computer vision"
"W3013487850","General AI"
"W3006452559","General AI"
"W4313471718","computer vision"
"W4313471718","transformer architecture"
"W3042401681","General AI"
"W4387568087","General AI"
"W4312754549","General AI"
"W3185407146","General AI"
"W2993404698","General AI"
"W2907713084","generative ai"
"W4391407019","General AI"
"W3190789542","explainable ai"
"W3145114763","transformer architecture"
"W4366464062","graph neural networks"
"W4366464062","neural architecture search"
"W3197894726","General AI"
"W2911640637","General AI"
"W4221055928","General AI"
"W4316363032","General AI"
"W2950123062","computer vision"
"W4281972241","General AI"
"W4389897635","generative ai"
"W4389897635","graph neural networks"
"W4380303417","General AI"
"W4367330207","natural language processing"
"W4367330207","transformer architecture"
"W4205875715","generative ai"
"W4387896138","General AI"
"W4226073040","General AI"
"W3043510495","computer vision"
"W4384643953","explainable ai"
"W4384643953","graph neural networks"
"W2966005396","General AI"
"W3180226778","General AI"
"W3135629427","generative ai"
"W3032086959","General AI"
"W4221086517","General AI"
"W3109864612","generative ai"
"W3026577685","General AI"
"W4390263318","computer vision"
"W4390263318","graph neural networks"
"W3125508839","graph neural networks"
"W3125508839","natural language processing"
"W4213004511","General AI"
"W2955138922","General AI"
"W2946994806","computer vision"
"W3014593042","General AI"
"W4389317814","General AI"
"W3093397714","General AI"
"W2944084836","General AI"
"W2950495821","computer vision"
"W4376481109","generative ai"
"W2969738732","General AI"
"W3012330071","computer vision"
"W4384023735","generative ai"
"W3204825373","computer vision"
"W2989897789","computer vision"
"W4283826293","General AI"
"W2976808722","General AI"
"W4372348013","General AI"
"W3110857070","General AI"
"W3132124173","General AI"
"W3009589374","General AI"
"W3000953045","General AI"
"W3208946914","graph neural networks"
"W3003864893","General AI"
"W3120028101","General AI"
"W4395017579","computer vision"
"W4395017579","graph neural networks"
"W3174844646","computer vision"
"W3174844646","graph neural networks"
"W4226323522","General AI"
"W3193779016","General AI"
"W4225141765","General AI"
"W3000139398","General AI"
"W2946971698","computer vision"
"W4285198379","General AI"
"W4384519344","natural language processing"
"W3129499366","General AI"
"W3126909426","General AI"
"W3165807076","computer vision"
"W3165807076","explainable ai"
"W3087130277","General AI"
"W3036365526","computer vision"
"W4361004303","General AI"
"W4312096228","graph neural networks"
"W4281291033","graph neural networks"
"W2918639172","General AI"
"W4322753946","General AI"
"W2990183786","General AI"
"W3189163924","federated learning"
"W3085277063","General AI"
"W4391317344","graph neural networks"
"W3184929860","General AI"
"W4225289749","General AI"
"W4292062030","computer vision"
"W4366249648","General AI"
"W3010540599","General AI"
"W3013727888","General AI"
"W4290769712","graph neural networks"
"W2910431716","General AI"
"W4388042006","explainable ai"
"W4388042006","graph neural networks"
"W3035633999","General AI"
"W3014716957","General AI"
"W3134089754","General AI"
"W2982492177","computer vision"
"W4297894593","graph neural networks"
"W4297894593","reinforcement learning"
"W2955911506","General AI"
"W3079481082","General AI"
"W4200269197","General AI"
"W4390906507","General AI"
"W4282567555","explainable ai"
"W3195202103","General AI"
"W3014636188","General AI"
"W3188054809","General AI"
"W4392125974","General AI"
"W2945751637","computer vision"
"W4303628472","General AI"
"W4205191859","computer vision"
"W3172767300","General AI"
"W3000731494","General AI"
"W3033461492","General AI"
"W3045070191","General AI"
"W4328050984","generative ai"
"W2995158788","General AI"
"W3182564622","General AI"
"W2947746104","General AI"
"W2943047381","generative ai"
"W3040360103","General AI"
"W3164112499","graph neural networks"
"W4224950134","General AI"
"W4384916220","General AI"
"W2998208444","General AI"
"W3092146751","General AI"
"W3046345618","General AI"
"W4379056057","computer vision"
"W4313644241","graph neural networks"
"W3024043104","computer vision"
"W4224011175","General AI"
"W2936841212","General AI"
"W2926429807","General AI"
"W3030804755","General AI"
"W2994250405","General AI"
"W3009247246","General AI"
"W3096464335","General AI"
"W3016617474","computer vision"
"W3019886164","General AI"
"W4376959655","graph neural networks"
"W3109356043","General AI"
"W2942913009","General AI"
"W4283749865","General AI"
"W3117766325","General AI"
"W2949276121","General AI"
"W4376612841","General AI"
"W4220976903","General AI"
"W4313304547","transformer architecture"
"W3007792336","General AI"
"W4318831034","General AI"
"W4389313860","generative ai"
"W3037640857","computer vision"
"W4311088073","General AI"
"W3095472304","computer vision"
"W2972101069","computer vision"
"W4393160376","graph neural networks"
"W2961350526","General AI"
"W4220668404","General AI"
"W3018165536","General AI"
"W4280564014","General AI"
"W2969837424","computer vision"
"W4293072865","General AI"
"W3123684968","graph neural networks"
"W4220965125","General AI"
"W3080851077","generative ai"
"W4390984801","graph neural networks"
"W4385665192","General AI"
"W4387331350","General AI"
"W3080595184","General AI"
"W2604990696","General AI"
"W4367721619","graph neural networks"
"W3005607320","computer vision"
"W3006261855","General AI"
"W4394964316","General AI"
"W3134745689","General AI"
"W4386780386","General AI"
"W3204299081","General AI"
"W4226040281","General AI"
"W3204060998","computer vision"
"W4381163515","General AI"
"W3121032337","transformer architecture"
"W4235130925","generative ai"
"W2786225488","computer vision"
"W4311716514","General AI"
"W3175279789","General AI"
"W4386824964","General AI"
"W3035718547","computer vision"
"W4391235397","General AI"
"W2995940251","General AI"
"W3085812513","General AI"
"W4200000762","General AI"
"W2969227524","natural language processing"
"W4320040108","General AI"
"W2968046103","computer vision"
"W4402273478","General AI"
"W3044963443","General AI"
"W4376480840","graph neural networks"
"W3167733826","computer vision"
"W2954903132","General AI"
"W3010384738","General AI"
"W4220659394","General AI"
"W2944123510","General AI"
"W3021750993","General AI"
"W3087471863","General AI"
"W3093535446","General AI"
"W3132204078","General AI"
"W2909003638","natural language processing"
"W3122887924","computer vision"
"W3158436079","graph neural networks"
"W2933287546","General AI"
"W3116625060","generative ai"
"W4401490201","General AI"
"W3084708363","computer vision"
"W3098558149","General AI"
"W4399973009","General AI"
"W4400618649","General AI"
"W2954234207","neural architecture search"
"W4312386072","computer vision"
"W4387780009","computer vision"
"W4285792693","federated learning"
"W2977323083","computer vision"
"W4400280367","graph neural networks"
"W2954337663","computer vision"
"W4385408421","graph neural networks"
"W3015795707","General AI"
"W3096355846","General AI"
"W4366603014","natural language processing"
"W4366603014","transformer architecture"
"W4313550453","General AI"
"W3035041376","graph neural networks"
"W4387087390","General AI"
"W3137634992","computer vision"
"W3152954254","General AI"
"W3202104618","General AI"
"W3006821749","General AI"
"W4297880095","graph neural networks"
"W2969898342","General AI"
"W4205897313","General AI"
"W3097379189","computer vision"
"W2970586441","graph neural networks"
"W2970586441","natural language processing"
"W3039108209","computer vision"
"W2981589591","General AI"
"W4382653155","computer vision"
"W3107588162","General AI"
"W3212724725","General AI"
"W3197215693","General AI"
"W3119583757","generative ai"
"W4362510271","General AI"
"W4388052801","generative ai"
"W3136726990","General AI"
"W2909706750","General AI"
"W3164087725","General AI"
"W2996476754","General AI"
"W3096003755","General AI"
"W4210540254","General AI"
"W3099849901","General AI"
"W3117606706","General AI"
"W3154496996","General AI"
"W3015002142","natural language processing"
"W4383346171","graph neural networks"
"W2954218616","computer vision"
"W3011343706","General AI"
"W2955872377","computer vision"
"W2955872377","neural architecture search"
"W2981684860","General AI"
"W3026861550","computer vision"
"W2977639561","General AI"
"W3014060899","computer vision"
"W3209021646","federated learning"
"W2972506132","computer vision"
"W3025417207","neural architecture search"
"W2982644126","General AI"
"W3167308378","General AI"
"W3035667192","General AI"
"W3173639754","natural language processing"
"W3173639754","transformer architecture"
"W3092209731","General AI"
"W2948384692","General AI"
"W4388183517","General AI"
"W3049729109","General AI"
"W4396610907","generative ai"
"W4396610907","graph neural networks"
"W3159523266","graph neural networks"
"W4312795092","generative ai"
"W4206506166","General AI"
"W2971745841","computer vision"
"W4365813861","generative ai"
"W3088833636","General AI"
"W3159542470","General AI"
"W3010360545","General AI"
"W4283724061","graph neural networks"
"W4210519879","generative ai"
"W3134640979","graph neural networks"
"W2980069994","General AI"
"W2960193895","General AI"
"W2973593191","computer vision"
"W2885020520","General AI"
"W2996966823","General AI"
"W4285108805","General AI"
"W2907620438","computer vision"
"W2907620438","graph neural networks"
"W3127596955","General AI"
"W4206638433","General AI"
"W3190612931","computer vision"
"W4205929430","General AI"
"W3175934715","General AI"
"W4225145224","General AI"
"W3091946902","computer vision"
"W4223966182","General AI"
"W3133862344","General AI"
"W2991486856","General AI"
