"institution_id","institution_name","country","country_code","latitude","longitude","type","qs_ranking_2024","region","research_output_score"
"I13897259","Universidad Andrés Bello","Chile","CL","-33.456939697265625","-70.64826965332031","education","100.0","South America","100.0"
"I4210094772","Henan University of Engineering","China","CN","34.62320709228516","113.69159698486328","education","100.0","Asia","100.0"
"I4210122384","Beijing Municipal Ecology and Environment Bureau","China","CN","39.907501220703125","116.39723205566406","government","100.0","Asia","100.0"
"I2802742124","John Radcliffe Hospital","United Kingdom","GB","51.7638053894043","-1.21875","healthcare","100.0","Europe","100.0"
"I4210092888","Changchun Institute of Applied Chemistry","China","CN","43.880001068115234","125.3227767944336","facility","100.0","Asia","100.0"
"I2802089456","Analytical Services","United States","US","38.88233184814453","-77.17108917236328","nonprofit","100.0","North America","100.0"
"I151727225","Harbin Engineering University","China","CN","45.75","126.6500015258789","education","100.0","Asia","100.0"
"I10180231","National Authority for Remote Sensing and Space Sciences","Egypt","EG","30.12917137145996","31.381498336791992","government","132.0","Africa","98.37"
"I90344618","Medical Research Council","United Kingdom","GB","51.50852966308594","-0.1257400065660476","other","100.0","Europe","100.0"
"I885507782","East West University","Bangladesh","BD","23.710399627685547","90.40744018554688","education","100.0","Asia","100.0"
"I4210097286","Hwa Chong Institution","Singapore","SG","1.3258583545684814","103.80428314208984","education","","Asia","17.32"
"I4210091170","Euskadiko Parke Teknologikoa","Spain","ES","43.30543899536133","-2.881160020828247","archive","100.0","Europe","100.0"
"I4387152555","STIKOM Tunas Bangsa","","","2.9595000743865967","99.0687026977539","other","","","55.23"
"I15807432","Osaka Prefecture University","Japan","JP","34.58332824707031","135.4666748046875","education","100.0","Asia","100.0"
"I107077323","Worcester Polytechnic Institute","United States","US","42.26258850097656","-71.80229187011719","education","100.0","North America","100.0"
"I4210132444","Systems, Applications & Products in Data Processing (Germany)","Germany","DE","49.29384613037109","8.641611099243164","company","100.0","Europe","100.0"
"I167027274","Nanjing Forestry University","China","CN","32.061668395996094","118.77777862548828","education","100.0","Asia","100.0"
"I70931966","Université de Montréal","Canada","CA","45.50883865356445","-73.58780670166016","education","100.0","North America","100.0"
"I99613584","National Taipei University","Taiwan","TW","24.94261741638184","121.36837768554688","education","100.0","Asia","100.0"
"I112982808","Universiti Sains Islam Malaysia","Malaysia","MY","2.803299903869629","101.79720306396484","education","100.0","Asia","100.0"
"I2802014819","Government of Gujarat","India","IN","23.29119300842285","72.56761169433594","government","758.0","Asia","77.16"
"I2801748203","Hammersmith Hospital","United Kingdom","GB","51.516361236572266","-0.2374989986419677","healthcare","1.0","Europe","100.0"
"I150314799","International Food Policy Research Institute","United States","US","38.90325546264648","-77.04644775390625","nonprofit","100.0","North America","100.0"
"I146429904","Incheon National University","South Korea","KR","37.37529373168945","126.6330108642578","education","100.0","Asia","100.0"
"I4210135511","AlbaNova","Sweden","SE","59.35344696044922","18.05780029296875","facility","100.0","Europe","100.0"
"I4210125881","National Indigenous Organization of Colombia","Colombia","CO","4.598916053771973","-74.07195281982422","nonprofit","","South America","6.13"
"I200576644","HRL Laboratories (United States)","United States","US","34.0257682800293","-118.78040313720705","company","100.0","North America","100.0"
"I142637625","Okinawa Institute of Science and Technology Graduate University","Japan","JP","26.475950241088867","127.852783203125","education","100.0","Asia","100.0"
"I119942284","Missouri State University","United States","US","37.215328216552734","-93.2982406616211","education","100.0","North America","100.0"
"I4750791","Henan Agricultural University","China","CN","34.75777816772461","113.64861297607422","education","100.0","Asia","100.0"
"I1314696892","Fermi National Accelerator Laboratory","United States","US","41.85002899169922","-88.31256866455078","facility","100.0","North America","100.0"
"I1299303238","National Institutes of Health","United States","US","38.98067092895508","-77.10025787353516","government","100.0","North America","100.0"
"I4210141120","Sorbonne University Abu Dhabi","United Arab Emirates","AE","24.489465713500977","54.41202163696289","education","100.0","Asia","100.0"
"I4210109676","Institute of Water Problems","Russia","RU","55.752220153808594","37.61555862426758","facility","100.0","Europe","100.0"
"I4210105595","Institute of Art","Poland","PL","52.24782943725586","21.005054473876957","facility","100.0","Europe","100.0"
"I26999989","University of the Free State","South Africa","ZA","-29.121070861816406","26.214000701904297","education","100.0","Africa","100.0"
"I4210160222","Liaocheng People's Hospital","China","CN","36.45780944824219","115.97923278808594","healthcare","100.0","Asia","100.0"
"I68649149","University of Malakand","Pakistan","PK","34.565608978271484","71.93042755126953","education","100.0","Asia","100.0"
"I96036126","Kumamoto University","Japan","JP","32.81388854980469","130.72805786132812","education","100.0","Asia","100.0"
"I4210123211","Istituto delle Scienze Neurologiche di Bologna","Italy","IT","44.465816497802734","11.390021324157717","facility","100.0","Europe","100.0"
"I36258959","University of California, San Diego","United States","US","32.7157096862793","-117.16471862792967","education","100.0","North America","100.0"
"I1287521167","Lockheed Martin (United States)","United States","US","38.98067092895508","-77.10025787353516","company","100.0","North America","100.0"
"I1313323035","Russian Academy of Sciences","Russia","RU","55.752220153808594","37.61555862426758","other","100.0","Europe","100.0"
"I118036225","Istanbul Bilgi University","Turkey","TR","41.01383972167969","28.94965934753418","education","100.0","Asia","100.0"
"I5740404","Tianjin Medical University","China","CN","39.14221954345703","117.17666625976562","education","100.0","Asia","100.0"
"I36152291","Henan University of Technology","China","CN","34.75777816772461","113.64861297607422","education","100.0","Asia","100.0"
"I4210104573","CMR University","India","IN","12.97194004058838","77.59368896484375","education","100.0","Asia","100.0"
"I4210087515","INTRASOFT International (Greece)","Greece","GR","37.94252014160156","23.870147705078125","company","","Europe","4.32"
"I132877587","Bangabandhu Sheikh Mujibur Rahman Science and Technology University","Bangladesh","BD","23.22348022460937","90.06040954589844","education","100.0","Asia","100.0"
"I308837","Suzhou University of Science and Technology","China","CN","31.304079055786133","120.59538269042967","education","100.0","Asia","100.0"
"I3121987637","National University of the Littoral","Argentina","AR","-31.63444328308105","-60.70527648925781","education","100.0","South America","100.0"
"I11944219","Universidad de La Frontera","Chile","CL","-38.73965072631836","-72.59841918945312","education","100.0","South America","100.0"
"I197681013","Université Paris-Est Créteil","France","FR","48.79265975952149","2.4656898975372314","education","100.0","Europe","100.0"
"I4210095018","National Center for Mathematics and Interdisciplinary Sciences","China","CN","39.907501220703125","116.39723205566406","facility","357.0","Asia","89.75"
"I187792471","Ionian University","Greece","GR","39.62440872192383","19.9201602935791","education","100.0","Europe","100.0"
"I1285204247","Cincinnati Children's Hospital Medical Center","United States","US","39.14048767089844","-84.50108337402344","healthcare","100.0","North America","100.0"
"I2800935791","UC San Diego Health System","United States","US","32.7157096862793","-117.16471862792967","healthcare","100.0","North America","100.0"
"I4210148639","Wuhan Engineering Science & Technology Institute","China","CN","30.583330154418945","114.26667022705078","facility","100.0","Asia","100.0"
"I60054993","Graphic Era University","India","IN","30.32443046569824","78.03392028808594","education","100.0","Asia","100.0"
"I115455960","Centre for Quantum Technologies","Singapore","SG","1.2974610328674316","103.7802963256836","facility","37.0","Asia","100.0"
"I4210090176","Institute of Computing Technology","China","CN","39.907501220703125","116.39723205566406","facility","100.0","Asia","100.0"
"I119234918","University of Northern Iowa","United States","US","42.52775955200195","-92.44547271728516","education","100.0","North America","100.0"
"I4210147181","Harvard Vanguard Medical Associates","United States","US","42.345359802246094","-71.10070037841797","nonprofit","4.0","North America","74.68"
"I4210085913","Frumkin Institute of Physical Chemistry and Electrochemistry","Russia","RU","55.71264266967773","37.58952713012695","facility","100.0","Europe","100.0"
"I4210148201","Ho Chi Minh City University of Technology and Education","Vietnam","VN","10.823019981384276","106.62964630126952","education","100.0","Asia","100.0"
"I4210160997","Inje University Seoul Paik Hospital","South Korea","KR","37.5651741027832","126.98883056640624","healthcare","100.0","Asia","100.0"
"I129364015","Partners In Health","United States","US","42.358428955078125","-71.05976867675781","nonprofit","100.0","North America","100.0"
"I4210091772","Max Planck Institute for Extraterrestrial Physics","Germany","DE","48.26166534423828","11.671667098999023","facility","100.0","Europe","100.0"
"I166775468","Slovak Medical University","Slovakia","SK","48.14815902709961","17.106740951538086","education","100.0","Europe","100.0"
"I4210109332","Lundin (Norway)","Norway","NO","59.90993881225586","10.63545036315918","company","","Europe","15.34"
"I4537092","Addis Ababa University","Ethiopia","ET","9.024970054626465","38.74689102172852","education","100.0","Africa","100.0"
"I4210113932","Materials Systems (United States)","United States","US","42.55690383911133","-71.48072814941406","company","131.0","North America","98.44"
"I213512949","T A Pai Management Institute","India","IN","13.32461166381836","74.80316162109375","education","","Asia","57.05"
"I74413500","University of Windsor","Canada","CA","42.300079345703125","-83.01654052734375","education","100.0","North America","100.0"
"I173759888","Hunan Normal University","China","CN","28.198740005493164","112.97087097167967","education","100.0","Asia","100.0"
"I4210136471","FC Barcelona","Spain","ES","41.38442993164063","2.1683249473571777","other","100.0","Europe","100.0"
"I4210149577","ESCP Business School","France","FR","48.85340881347656","2.34879994392395","education","100.0","Europe","100.0"
"I4210145636","IBM (Spain)","Spain","ES","40.44400405883789","-3.666095018386841","company","","Europe","12.77"
"I4210114105","Tsinghua–Berkeley Shenzhen Institute","China","CN","22.54553985595703","114.06829833984376","facility","10.0","Asia","100.0"
"I205984670","Czech University of Life Sciences Prague","Czech Republic","CZ","50.08803939819336","14.42076015472412","education","100.0","Europe","100.0"
"I4210165649","China Coal Research Institute (China)","China","CN","39.907501220703125","116.39723205566406","company","100.0","Asia","100.0"
"I4210107297","Clinical Practice Research Datalink","United Kingdom","GB","51.504669189453125","-0.0218630004674196","government","","Europe","29.76"
"I4210089311","Yanan University Affiliated Hospital","China","CN","36.62075805664063","109.52863311767578","healthcare","100.0","Asia","100.0"
"I90259746","Capital University of Economics and Business","China","CN","39.907501220703125","116.39723205566406","education","100.0","Asia","100.0"
"I4210113248","Indian Institute of Technology Palakkad","India","IN","10.773189544677734","76.6536636352539","facility","100.0","Asia","100.0"
"I186995768","Università degli studi di Cassino e del Lazio Meridionale","Italy","IT","41.48580932617188","13.828350067138672","education","100.0","Europe","100.0"
"I4210090124","Tecnológico Nacional de México","Mexico","MX","19.428470611572266","-99.1276626586914","other","100.0","North America","100.0"
"I4210086933","NYU Langone Health","United States","US","40.71427154541016","-74.00596618652344","healthcare","39.0","North America","100.0"
"I28022161","King Saud University","Saudi Arabia","SA","24.68773078918457","46.72185134887695","education","100.0","Asia","100.0"
"I4210140030","Eastman Chemical Company (United States)","United States","US","36.548431396484375","-82.56182098388672","company","100.0","North America","100.0"
"I2800368429","Hawkeye Community College","United States","US","42.431427001953125","-92.32716369628906","education","","North America","6.04"
"I4210109085","University of Information Technology and Management in Rzeszow","Poland","PL","50.04132080078125","21.99901008605957","education","100.0","Europe","100.0"
"I4210141849","National Administration of Surveying, Mapping and Geoinformation of China","China","CN","39.907501220703125","116.39723205566406","government","100.0","Asia","100.0"
"I888729015","University of Colorado Colorado Springs","United States","US","38.83388137817383","-104.82135772705078","education","100.0","North America","100.0"
"I4387152122","Gaziantep İslam Bilim ve Teknoloji Üniversitesi","","","37.05944061279297","37.38249969482422","education","","","38.95"
"I4210093460","Sixth Affiliated Hospital of Sun Yat-sen University","China","CN","23.15434455871582","113.32347106933594","healthcare","100.0","Asia","100.0"
"I71675930","Frankfurt School of Finance & Management","Germany","DE","50.11001968383789","8.69762897491455","education","100.0","Europe","100.0"
"I1295562517","Naturalis Biodiversity Center","Netherlands","NL","52.158329010009766","4.493060111999512","archive","100.0","Europe","100.0"
"I2800868911","Ara Institute of Canterbury","New Zealand","NZ","-43.533329010009766","172.63333129882812","education","","Oceania","55.01"
"I4210092024","Institut d'Estudis Espacials de Catalunya","Spain","ES","41.388790130615234","2.158989906311035","facility","100.0","Europe","100.0"
"I4210152770","Kano State University of Technology","Nigeria","NG","11.809370040893556","8.844220161437988","education","478.0","Africa","85.71"
"I146620803","Wenzhou University","China","CN","27.999420166015625","120.66681671142578","education","100.0","Asia","100.0"
"I4210139220","Cipher Gene (China)","China","CN","39.98392868041992","116.31535339355467","company","","Asia","28.79"
"I1323065761","Statistics Finland","Finland","FI","60.18831253051758","24.97491455078125","other","100.0","Europe","100.0"
"I4210135996","Institut Agro Dijon","France","FR","47.31666946411133","5.016670227050781","other","100.0","Europe","100.0"
"I75256744","Tennessee State University","United States","US","36.16588973999024","-86.78443908691406","education","100.0","North America","100.0"
"I177933477","Second Military Medical University","China","CN","31.22221946716309","121.45806121826172","education","100.0","Asia","100.0"
"I3131024953","Kardan University","Afghanistan","AF","34.54961013793945","69.1526870727539","education","","Asia","24.01"
"I155028946","Tribhuvan University","Nepal","NP","27.701690673828125","85.32060241699219","education","100.0","Asia","100.0"
"I125532205","American Medical Informatics Association","United States","US","38.98335647583008","-77.0947494506836","nonprofit","","North America","21.05"
"I4210103901","Advantest (Japan)","Japan","JP","35.68411636352539","139.7664031982422","company","","Asia","27.26"
"I4210094618","CT Group Of Institutions","India","IN","31.32714080810547","75.59169006347656","education","100.0","Asia","100.0"
"I150729083","Universidade de Brasília","Brazil","BR","-15.779720306396484","-47.92972183227539","education","100.0","South America","100.0"
"I141103825","Nanchang Institute of Technology","China","CN","28.6839599609375","115.85305786132812","education","100.0","Asia","100.0"
"I80810150","Józef Piłsudski University of Physical Education in Warsaw","Poland","PL","52.22977066040039","21.01177978515625","education","100.0","Europe","100.0"
"I2801198744","State Administration of Work Safety","China","CN","39.907501220703125","116.39723205566406","government","","Asia","57.31"
"I168879160","Zhejiang University of Science and Technology","China","CN","30.219491958618164","120.0273208618164","education","44.0","Asia","100.0"
"I4210130704","University of Michigan–Dearborn","United States","US","42.31972122192383","-83.23310852050781","education","33.0","North America","100.0"
"I63920570","Tennessee Technological University","United States","US","36.162841796875","-85.50164031982422","education","100.0","North America","100.0"
"I55732556","Arizona State University","United States","US","33.41476821899414","-111.90930938720705","education","100.0","North America","100.0"
"I1287896540","W.K. Kellogg Foundation","United States","US","42.31905746459961","-85.18168640136719","nonprofit","100.0","North America","100.0"
"I64935225","University of Economics in Bratislava","Slovakia","SK","48.14815902709961","17.106740951538086","education","100.0","Europe","100.0"
"I71187865","Henkel (Germany)","Germany","DE","51.176307678222656","6.837396144866943","company","100.0","Europe","100.0"
"I55133342","University of Macerata","Italy","IT","43.297889709472656","13.452930450439451","education","100.0","Europe","100.0"
"I4210162994","Xijing University","China","CN","34.258331298828125","108.9286117553711","education","100.0","Asia","100.0"
"I1328540965","Australian Institute of Marine Science","Australia","AU","-19.26638984680176","146.80569458007812","facility","100.0","Oceania","100.0"
"I4210162526","Deaconess Hospital","United States","US","39.12960815429688","-84.52243041992188","healthcare","183.0","North America","95.83"
"I2799272705","Aintree University Hospitals NHS Foundation Trust","United Kingdom","GB","53.46495819091797","-2.9309539794921875","healthcare","100.0","Europe","100.0"
"I4210156156","Office of Diversity and Inclusion","United States","US","38.50782012939453","-77.30919647216797","government","123.0","North America","98.8"
"I3129407955","Institute for High Energy Physics","Russia","RU","54.866004943847656","37.20991134643555","facility","100.0","Europe","100.0"
"I157556583","Institute of Science and Technology Austria","Austria","AT","48.30521011352539","16.325220108032227","education","100.0","Europe","100.0"
"I18167132","Universidade Presbiteriana Mackenzie","Brazil","BR","-23.54819107055664","-46.6503791809082","education","100.0","South America","100.0"
"I173212132","Vilnius University","Lithuania","LT","54.68915939331055","25.279800415039062","education","100.0","Europe","100.0"
"I121820613","Louisiana State University","United States","US","30.44331932067871","-91.18746948242188","education","100.0","North America","100.0"
"I4210089467","Institute of Physics and Technology","Russia","RU","55.67818832397461","37.5698356628418","facility","100.0","Europe","100.0"
"I3132928613","Sadjad University of Technology","Iran","IR","36.29806900024414","59.60567092895508","education","","Asia","44.81"
"I4210131288","National Engineering School of Tunis","Tunisia","TN","36.83140182495117","10.147199630737305","education","100.0","Africa","100.0"
"I4210120917","Taiwan Semiconductor Manufacturing Company (Taiwan)","Taiwan","TW","24.773706436157227","121.01508331298828","company","34.0","Asia","100.0"
"I170239107","University of South Australia","Australia","AU","-34.92866134643555","138.5986328125","education","100.0","Oceania","100.0"
"I4210129581","Kyoto University of Education","Japan","JP","34.95000076293945","135.77305603027344","education","46.0","Asia","100.0"
"I3130537802","Iqra National University","Pakistan","PK","34.007999420166016","71.5784912109375","education","","Asia","49.65"
"I4210094059","Kavli Institute for Particle Astrophysics and Cosmology","United States","US","37.42818069458008","-122.17259979248048","facility","100.0","North America","100.0"
"I185261750","University of Toronto","Canada","CA","43.70642852783203","-79.39864349365234","education","21.0","North America","100.0"
"I2802212502","TiGenix (Spain)","Spain","ES","40.5908432006836","-3.7065510749816895","company","","Europe","52.27"
"I4210136047","Weifang University of Science and Technology","China","CN","36.709999084472656","119.10193634033205","education","100.0","Asia","100.0"
"I1284584826","Social Science Research Council","United States","US","40.69538879394531","-73.99109649658203","nonprofit","100.0","North America","100.0"
"I4210146157","Dhanalakshmi Srinivasan Group of Institutions","India","IN","11.235380172729492","78.87101745605469","education","100.0","Asia","100.0"
"I4210097234","Universidad Internacional","Mexico","MX","18.93841552734375","-99.24665832519533","education","100.0","North America","100.0"
"I2800232565","Beijing Chao-Yang Hospital","China","CN","39.92672348022461","116.4545440673828","healthcare","100.0","Asia","100.0"
"I191247993","Shobhit University","India","IN","28.98002052307129","77.70635986328125","education","100.0","Asia","100.0"
"I4210114102","Institut Pierre-Simon Laplace","France","FR","48.85340881347656","2.34879994392395","facility","100.0","Europe","100.0"
"I169427155","Instituto Politécnico de Leiria","Portugal","PT","39.74362182617188","-8.807049751281738","education","100.0","Europe","100.0"
"I2800233941","Jordan Hospital","Jordan","JO","31.96051406860352","35.90007781982422","healthcare","100.0","Asia","100.0"
"I4210131997","Dalian Neusoft University of Information","China","CN","38.9122200012207","121.60221862792967","education","100.0","Asia","100.0"
"I4210123471","Institut d'électronique de microélectronique et de nanotechnologie","France","FR","50.61669158935547","3.166640043258667","facility","100.0","Europe","100.0"
"I2802833755","Walton Centre","United Kingdom","GB","53.4665412902832","-2.930999994277954","healthcare","100.0","Europe","100.0"
"I27878738","Fore School of Management","India","IN","28.62137031555176","77.21479797363281","education","","Asia","50.28"
"I8264552","Lublin University of Technology","Poland","PL","51.25","22.566669464111328","education","100.0","Europe","100.0"
"I2803096283","University of Health Sciences Lahore","Pakistan","PK","31.558000564575195","74.3507080078125","education","100.0","Asia","100.0"
"I1283055418","Indiana University Health","United States","US","39.76837921142578","-86.15804290771484","other","100.0","North America","100.0"
"I2802931750","Flinders Medical Centre","Australia","AU","-35.02204132080078","138.56814575195312","healthcare","100.0","Oceania","100.0"
"I4880106","Feng Chia University","Taiwan","TW","24.18207550048828","120.64830017089844","education","100.0","Asia","100.0"
"I126131087","University of Sindh","Pakistan","PK","25.418237686157227","68.2664794921875","education","100.0","Asia","100.0"
"I141059654","Emirates College for Advanced Education","United Arab Emirates","AE","24.44083976745605","54.40562057495117","education","","Asia","37.69"
"I4210122744","Institute of Theoretical and Applied Informatics","Poland","PL","50.29139709472656","18.637487411499023","facility","624.0","Europe","81.24"
"I67581229","Istanbul University","Turkey","TR","41.01383972167969","28.94965934753418","education","100.0","Asia","100.0"
"I110675161","Infosys (India)","India","IN","12.92066764831543","77.58612060546875","company","100.0","Asia","100.0"
"I203172682","Northern Arizona University","United States","US","35.19807052612305","-111.6512680053711","education","100.0","North America","100.0"
"I74973139","Carnegie Mellon University","United States","US","40.44062042236328","-79.99588775634766","education","52.0","North America","100.0"
"I4210129677","London Vision Clinic","United Kingdom","GB","51.52340316772461","-0.1485510021448135","healthcare","","Europe","19.34"
"I4210122009","Hygeia Hospital","Greece","GR","38.029544830322266","23.78751945495605","healthcare","100.0","Europe","100.0"
"I79161377","Punjabi University","India","IN","30.359724044799805","76.45423126220703","education","100.0","Asia","100.0"
"I4210147079","Institute for Clinical Evaluative Sciences","Canada","CA","43.70011138916016","-79.41629791259766","nonprofit","100.0","North America","100.0"
"I4210118442","Berlin Brandenburg Institute of Advanced Biodiversity Research","Germany","DE","52.46015548706055","13.28921890258789","other","100.0","Europe","100.0"
"I4210163111","Consejo Nacional de Humanidades, Ciencias y Tecnologías","Mexico","MX","19.428470611572266","-99.1276626586914","other","100.0","North America","100.0"
"I73417466","Coventry University","United Kingdom","GB","52.40655899047852","-1.5121699571609497","education","100.0","Europe","100.0"
"I39333907","Yanshan University","China","CN","39.9410400390625","119.58936309814452","education","100.0","Asia","100.0"
"I12097938","West Virginia University","United States","US","39.62953186035156","-79.95590209960938","education","100.0","North America","100.0"
"I158937107","Swiss Tropical and Public Health Institute","Switzerland","CH","47.55073928833008","7.535990238189697","facility","100.0","Europe","100.0"
"I4210123907","National University College","PR","PR","18.1777400970459","-66.11322021484375","education","100.0","Other","100.0"
"I4210124651","Phenikaa University","Vietnam","VN","20.961240768432617","105.74747467041016","education","100.0","Asia","100.0"
"I3129773123","Bennett University","India","IN","28.450210571289062","77.58432006835938","education","100.0","Asia","100.0"
"I2801680663","Asan Medical Center","South Korea","KR","37.527042388916016","127.10833740234376","healthcare","100.0","Asia","100.0"
"I4210145836","Center for Theoretical Biological Physics","United States","US","29.71739387512207","-95.4018325805664","facility","100.0","North America","100.0"
"I4210104143","Advanced Telecommunications Research Institute International","Japan","JP","35.02106857299805","135.75384521484375","facility","100.0","Asia","100.0"
"I160354086","Guangxi Medical University","China","CN","22.816669464111328","108.3166732788086","education","100.0","Asia","100.0"
"I77396741","Hunan University of Technology and Business","China","CN","28.198740005493164","112.97087097167967","education","100.0","Asia","100.0"
"I199305430","Nantong University","China","CN","32.03028106689453","120.87471771240234","education","100.0","Asia","100.0"
"I16038530","Aberystwyth University","United Kingdom","GB","52.41548156738281","-4.082920074462891","education","100.0","Europe","100.0"
"I4210128647","Human Longevity (United States)","United States","US","32.87759780883789","-117.20934295654295","company","100.0","North America","100.0"
"I4210139505","Gangneung Asan Hospital","South Korea","KR","37.52715301513672","127.10809326171876","healthcare","100.0","Asia","100.0"
"I4210120689","Universitätsklinikum Aachen","Germany","DE","50.776641845703125","6.083419799804688","healthcare","100.0","Europe","100.0"
"I91044093","Zayed University","United Arab Emirates","AE","24.45117950439453","54.3969612121582","education","100.0","Asia","100.0"
"I115498069","Jikei University School of Medicine","Japan","JP","35.66273880004883","139.7505645751953","education","100.0","Asia","100.0"
"I4387930301","NOAA Storm Prediction Center","","","35.22256851196289","-97.43948364257812","government","","","27.47"
"I173654999","American Medical Association","United States","US","41.85002899169922","-87.6500473022461","other","100.0","North America","100.0"
"I4210149717","Center for Cancer Research","United States","US","39.0040283203125","-77.10096740722656","facility","100.0","North America","100.0"
"I4210149092","Laboratoire Jean Kuntzmann","France","FR","45.17869186401367","5.714789867401123","facility","100.0","Europe","100.0"
"I4210090372","Osaka National Hospital","Japan","JP","34.69374084472656","135.50218200683594","healthcare","100.0","Asia","100.0"
"I36721946","Kuwait University","Kuwait","KW","29.339658737182617","47.91371536254883","education","100.0","Asia","100.0"
"I4210154111","Université Gustave Eiffel","France","FR","48.84999847412109","2.5999999046325684","education","100.0","Europe","100.0"
"I4210139291","Universidad de León","Mexico","MX","21.121055603027344","-101.68528747558594","education","100.0","North America","100.0"
"I1310099993","Mitsubishi Motors (Japan)","Japan","JP","35.647064208984375","139.7487030029297","company","1.0","Asia","43.94"
"I4210092184","Schlumberger (France)","France","FR","48.85915756225586","2.3104588985443115","company","","Europe","50.11"
"I2801732343","Royal Hallamshire Hospital","United Kingdom","GB","53.378231048583984","-1.493610978126526","healthcare","100.0","Europe","100.0"
"I288216842","Thamar University","Yemen","YE","14.542739868164062","44.4051399230957","education","100.0","Asia","100.0"
"I4391767784","Research Centre in Digitalization and Intelligent Robotics","","","41.83615112304688","-6.763460159301758","facility","","","32.41"
"I148297040","Netherlands Organisation for Applied Scientific Research","Netherlands","NL","52.00667190551758","4.355559825897217","other","100.0","Europe","100.0"
"I76806599","Adnan Menderes University","Turkey","TR","37.845008850097656","27.839630126953125","education","100.0","Asia","100.0"
"I1299864998","North Tees and Hartlepool NHS Foundation Trust","United Kingdom","GB","54.58294296264648","-1.3467320203781128","healthcare","","Europe","39.23"
"I35440088","ETH Zurich","Switzerland","CH","47.36666870117188","8.550000190734863","education","7.0","Europe","100.0"
"I1925986","Loyola University Chicago","United States","US","41.85002899169922","-87.6500473022461","education","100.0","North America","100.0"
"I4210127816","San’an Optoelectronics (China)","China","CN","39.07378768920898","117.0843505859375","company","","Asia","45.01"
"I119003972","Roma Tre University","Italy","IT","41.89192962646485","12.511329650878906","education","100.0","Europe","100.0"
"I83683471","University of West Florida","United States","US","30.421310424804688","-87.21691131591797","education","100.0","North America","100.0"
"I4210119759","Essen University Hospital","Germany","DE","51.45656967163086","7.012279987335205","other","100.0","Europe","100.0"
"I4210112540","Institute of Biophysics","China","CN","39.907501220703125","116.39723205566406","facility","100.0","Asia","100.0"
"I4400573236","Amrutvahini College of Engineering","","","19.09457015991211","74.7384262084961","education","","","20.65"
"I1333606569","Center for Drug Evaluation and Research","United States","US","39.0198974609375","-76.97547149658203","facility","100.0","North America","100.0"
"I4210094062","University Medical Center of the Johannes Gutenberg University Mainz","Germany","DE","49.98419189453125","8.27910041809082","healthcare","100.0","Europe","100.0"
"I4387154466","M. Kumarasamy College of Engineering","","","10.95771026611328","78.08094787597656","education","100.0","","100.0"
"I4210103216","Angstrom Designs (United States)","United States","US","34.4179801940918","-119.69284057617188","company","","North America","20.09"
"I4210153576","Kagawa Prefectural Central Hospital","Japan","JP","34.33332824707031","134.0500030517578","healthcare","100.0","Asia","100.0"
"I4210164937","Microsoft Research (United Kingdom)","United Kingdom","GB","52.19491958618164","0.134904995560646","company","100.0","Europe","100.0"
"I51226738","Dong-A University","South Korea","KR","35.115814208984375","128.96717834472656","education","100.0","Asia","100.0"
"I3018134672","Helmholtz Zentrum München","Germany","DE","48.137428283691406","11.57548999786377","facility","100.0","Europe","100.0"
"I4210163048","Jiangxi College of Applied Technology","China","CN","25.8398551940918","114.91767120361328","education","155.0","Asia","97.22"
"I106745318","NOAA National Marine Fisheries Service","United States","US","38.99066925048828","-77.02609252929688","government","100.0","North America","100.0"
"I118564535","University of Bern","Switzerland","CH","46.948089599609375","7.447440147399902","education","100.0","Europe","100.0"
"I304664074","Landmark University","Nigeria","NG","8.13385009765625","5.100289821624756","education","100.0","Africa","100.0"
"I142263535","University of Nottingham","United Kingdom","GB","52.93806838989258","-1.1967029571533203","education","100.0","Europe","100.0"
"I4210128985","Ministry of Health and Social Protection","Colombia","CO","4.619977951049805","-74.06824493408203","government","","South America","29.48"
"I4210162397","UMass Memorial Medical Center","United States","US","42.26258850097656","-71.80229187011719","healthcare","100.0","North America","100.0"
"I2801097182","Parc Científic de la Universitat de València","Spain","ES","39.502628326416016","-0.4407899975776672","education","100.0","Europe","100.0"
"I205924995","Japan Society for the Promotion of Science","Japan","JP","35.68716049194336","139.74038696289062","nonprofit","100.0","Asia","100.0"
"I119664326","University of Wolverhampton","United Kingdom","GB","52.58546829223633","-2.122960090637207","education","100.0","Europe","100.0"
"I4210104430","Laboratoire d'Informatique de Grenoble","France","FR","45.17869186401367","5.714789867401123","facility","100.0","Europe","100.0"
"I4210104879","China Land Surveying and Planning Institute","China","CN","39.93696212768555","116.36499786376952","facility","214.0","Asia","94.53"
"I86897205","Athabasca University","Canada","CA","54.71686935424805","-113.28536987304688","education","100.0","North America","100.0"
"I3132731249","Baltic International Academy","Latvia","LV","56.94599914550781","24.10589027404785","education","","Europe","28.03"
"I52170813","Ariel University","Israel","IL","32.10649871826172","35.18449020385742","education","100.0","Asia","100.0"
"I4210147344","Malaysia University of Science and Technology","Malaysia","MY","3.1541810035705566","101.5960693359375","education","100.0","Asia","100.0"
"I4210166867","National Applied Research Laboratories","Taiwan","TW","25.047760009765625","121.53185272216795","other","100.0","Asia","100.0"
"I185065464","Veer Surendra Sai University of Technology","India","IN","21.46526908874512","83.9757308959961","education","100.0","Asia","100.0"
"I17626003","University of Rhode Island","United States","US","41.48038101196289","-71.5225601196289","education","100.0","North America","100.0"
"I4210152383","Forum Réfugiés - Cosi","France","FR","45.7641830444336","4.871735095977783","nonprofit","100.0","Europe","100.0"
"I4210089756","Bioscience (China)","China","CN","39.06402969360352","117.3744888305664","company","100.0","Asia","100.0"
"I129643931","Berliner Hochschule für Technik","Germany","DE","52.52436828613281","13.410530090332031","education","100.0","Europe","100.0"
"I6141010","European Institute of Oncology","Italy","IT","45.46427154541016","9.189510345458984","healthcare","100.0","Europe","100.0"
"I4210114608","Songshan Lake Materials Laboratory","China","CN","22.887680053710938","113.84430694580078","government","100.0","Asia","100.0"
"I87445476","Xi'an Jiaotong University","China","CN","34.258331298828125","108.9286117553711","education","100.0","Asia","100.0"
"I2801572250","Jacksonville College","United States","US","31.965938568115234","-95.28134155273438","education","100.0","North America","100.0"
"I1322780083","Minnesota Department of Natural Resources","United States","US","44.95627212524414","-93.08402252197266","government","100.0","North America","100.0"
"I48566637","Ulsan National Institute of Science and Technology","South Korea","KR","35.5372200012207","129.31666564941406","education","100.0","Asia","100.0"
"I4210112820","Shanghai Institute of Materia Medica","China","CN","31.23995018005371","121.50093841552734","facility","100.0","Asia","100.0"
"I4210133173","Research!America (United States)","United States","US","38.85840225219727","-77.05022430419922","company","821.0","North America","75.26"
"I13134134","Universidad de Cantabria","Spain","ES","43.4647216796875","-3.8044400215148926","education","100.0","Europe","100.0"
"I48076826","Chiang Mai University","Thailand","TH","18.790380477905277","98.98468017578124","education","100.0","Asia","100.0"
"I4210121124","Computational Diagnostics (United States)","United States","US","40.45540618896485","-79.94518280029297","company","","North America","10.3"
"I4210099530","IPAG Business School","France","FR","48.85444641113281","2.331244945526123","education","100.0","Europe","100.0"
"I44377176","European Space Research and Technology Centre","Netherlands","NL","52.23400115966797","4.444739818572998","government","100.0","Europe","100.0"
"I183533211","University of Wisconsin–Whitewater","United States","US","42.8336181640625","-88.73233032226562","education","85.0","North America","100.0"
"I1281539108","Hospital for Special Surgery","United States","US","40.71427154541016","-74.00596618652344","healthcare","100.0","North America","100.0"
"I4210098034","Key Laboratory of Guangdong Province","China","CN","23.132566452026367","113.2597198486328","facility","100.0","Asia","100.0"
"I103250015","Human Sciences Research Council","South Africa","ZA","-25.74485969543457","28.18782997131348","nonprofit","100.0","Africa","100.0"
"I2801624344","Soonchunhyang University Hospital","South Korea","KR","37.55685424804688","126.99297332763672","healthcare","100.0","Asia","100.0"
"I47818738","Sultan Qaboos University","Oman","OM","23.584129333496094","58.40777969360352","education","100.0","Asia","100.0"
"I4210111906","Palmetto Hematology Oncology","United States","US","34.96723937988281","-81.93616485595703","healthcare","100.0","North America","100.0"
"I4210124990","Faculdades Guarulhos","Brazil","BR","-23.47216415405273","-46.52848815917969","other","100.0","South America","100.0"
"I180242103","Stockholm School of Economics","Sweden","SE","59.32938003540039","18.06871032714844","education","100.0","Europe","100.0"
"I4210132047","Beijing Radiation Center","China","CN","39.95650100708008","116.36168670654295","facility","100.0","Asia","100.0"
"I4210094549","VA Puget Sound Health Care System","United States","US","47.56478118896485","-122.311767578125","healthcare","100.0","North America","100.0"
"I4210140163","National Research Institute for Earth Science and Disaster Resilience","Japan","JP","36.20000076293945","140.10000610351562","facility","100.0","Asia","100.0"
"I4210158151","Heilongjiang Electric Power Workers University","China","CN","45.733924865722656","126.69606018066406","education","","Asia","26.57"
"I4387930215","SINTEF Digital","Norway","NO","63.43048858642578","10.395059585571287","facility","100.0","Europe","100.0"
"I159219196","Rajasthan Technical University","India","IN","25.14139175415039","75.8034896850586","education","100.0","Asia","100.0"
"I180291457","Mehran University of Engineering and Technology","Pakistan","PK","25.40806198120117","68.26020050048828","education","100.0","Asia","100.0"
"I189109744","Indian Institute of Technology Dhanbad","India","IN","23.797590255737305","86.42991638183594","education","100.0","Asia","100.0"
"I16231767","Turku University of Applied Sciences","Finland","FI","60.44916534423828","22.295833587646484","education","100.0","Europe","100.0"
"I2801240201","Rayat Bahra University","India","IN","30.679950714111328","76.72210693359375","education","933.0","Asia","71.86"
"I4210095612","Jessa Hospital","Belgium","BE","50.92593765258789","5.342061996459961","healthcare","100.0","Europe","100.0"
"I132286405","Kadir Has University","Turkey","TR","41.01383972167969","28.94965934753418","education","100.0","Asia","100.0"
"I2800124591","Texas Oncology","United States","US","35.47002029418945","-97.53417205810548","facility","100.0","North America","100.0"
"I4210111818","Institute for Global Environmental Strategies","Japan","JP","35.27650833129883","139.57733154296875","nonprofit","100.0","Asia","100.0"
"I145846420","University of Jammu","India","IN","32.71860122680664","74.86920166015625","education","100.0","Asia","100.0"
"I4210106931","Jiaxing Vocational Technical College","China","CN","30.747100830078125","120.7156219482422","education","","Asia","60.06"
"I4210165410","Azienda Ospedaliera Universitaria Pisana","Italy","IT","43.70853042602539","10.403599739074709","healthcare","100.0","Europe","100.0"
"I2800570007","Renji Hospital","China","CN","31.23357963562012","121.48446655273438","healthcare","100.0","Asia","100.0"
"I1334329717","World Bank","United States","US","38.895111083984375","-77.03636932373047","other","100.0","North America","100.0"
"I879563668","Universidade Estadual Paulista (Unesp)","Brazil","BR","-23.54750061035156","-46.6361083984375","education","100.0","South America","100.0"
"I102149020","University of North Carolina at Charlotte","United States","US","35.227088928222656","-80.84313201904297","education","100.0","North America","100.0"
"I104588304","University of Szczecin","Poland","PL","53.42893981933594","14.553019523620604","education","100.0","Europe","100.0"
"I4210149422","Pervasive Artificial Intelligence Research Labs","Taiwan","TW","24.79341125488281","120.91293334960938","facility","","Asia","7.85"
"I298625061","Swedish University of Agricultural Sciences","Sweden","SE","59.85882186889648","17.63888931274414","education","100.0","Europe","100.0"
"I2799486974","China Geological Survey","China","CN","39.92372512817383","116.33644104003906","other","100.0","Asia","100.0"
"I1327095140","Office for National Statistics","United Kingdom","GB","51.58774185180664","-2.998349905014038","government","100.0","Europe","100.0"
"I4210126638","Horological Research Institute of Light Industry","China","CN","34.212100982666016","108.93852996826172","facility","100.0","Asia","100.0"
"I4210155236","National Research Council","Italy","IT","41.89192962646485","12.511329650878906","other","100.0","Europe","100.0"
"I4210094759","Fujitsu (United States)","United States","US","37.37980270385742","-121.99176788330078","company","100.0","North America","100.0"
"I2800355730","Ethics and Public Policy Center","United States","US","38.90538024902344","-77.04011535644531","other","192.0","North America","95.36"
"I134687103","Nanjing Tech University","China","CN","32.061668395996094","118.77777862548828","education","100.0","Asia","100.0"
"I4210130112","China Academy of Information and Communications Technology","China","CN","39.97563934326172","116.3373031616211","facility","100.0","Asia","100.0"
"I66958751","Woods Hole Oceanographic Institution","United States","US","41.55149841308594","-70.61475372314453","other","100.0","North America","100.0"
"I33876163","Finnish Geospatial Research Institute","Finland","FI","60.2052001953125","24.65220069885254","facility","100.0","Europe","100.0"
"I2802384920","Stennis Space Center","United States","US","30.308809280395508","-89.33004760742188","facility","100.0","North America","100.0"
"I1293612202","Toyota Motor Corporation (Switzerland)","Switzerland","CH","47.323001861572266","7.981740951538086","company","100.0","Europe","100.0"
"I4210106716","Center of Biotechnogy of Borj Cédria","Tunisia","TN","36.728660583496094","10.341629981994627","facility","100.0","Africa","100.0"
"I95457486","University of California, Berkeley","United States","US","37.87158966064453","-122.2727508544922","education","10.0","North America","100.0"
"I107640659","South Ural State University","Russia","RU","55.15401840209961","61.42914962768555","education","100.0","Europe","100.0"
"I4210107170","Eutema Technology Management","Austria","AT","48.19979095458984","16.349824905395508","company","","Europe","1.85"
"I1323276237","Florida A&M University - Florida State University College of Engineering","United States","US","30.42036437988281","-84.31790924072266","education","100.0","North America","100.0"
"I354108","Minjiang University","China","CN","26.061389923095703","119.3061065673828","education","100.0","Asia","100.0"
"I4210163633","Institut de Physique Théorique","France","FR","48.707313537597656","2.1461899280548096","government","100.0","Europe","100.0"
"I4387154232","AIR Institute","","","41.655181884765625","-4.723720073699951","nonprofit","","","7.2"
"I161929037","Université de Bretagne Occidentale","France","FR","48.39028930664063","-4.4862799644470215","education","100.0","Europe","100.0"
"I4210131853","Ministry of Forests","Canada","CA","48.4359016418457","-123.35154724121094","government","","North America","66.26"
"I4210126525","Southwest Florida Research","United States","US","26.1544132232666","-81.79693603515625","facility","100.0","North America","100.0"
"I4210156936","IBM Research - Austin","United States","US","30.402559280395508","-97.71546936035156","facility","100.0","North America","100.0"
"I4210127938","Mayo Clinic Hospital","United States","US","33.44837951660156","-112.07404327392578","healthcare","100.0","North America","100.0"
"I123946342","Binghamton University","United States","US","42.09869003295898","-75.91796875","education","100.0","North America","100.0"
"I199693650","Umm al-Qura University","Saudi Arabia","SA","21.320375442504883","39.96794891357422","education","100.0","Asia","100.0"
"I32625721","University of Saskatchewan","Canada","CA","52.13238143920898","-106.6689224243164","education","100.0","North America","100.0"
"I4210137396","Centre de Recherche en Économie et Statistique","France","FR","48.71828079223633","2.249799966812134","facility","100.0","Europe","100.0"
"I4210141093","Catholic University of Central Africa","CM","CM","3.8442749977111816","11.520940780639648","education","","Other","42.18"
"I1337471766","Wadia Institute of Himalayan Geology","India","IN","30.32443046569824","78.03392028808594","facility","100.0","Asia","100.0"
"I2802910988","University of Cyberjaya","Malaysia","MY","3.3499999046325684","101.25","education","175.0","Asia","96.23"
"I39481719","Institut National de la Recherche Scientifique","Canada","CA","46.812278747558594","-71.21453857421875","education","100.0","North America","100.0"
"I19926482","Dr. M.G.R. Educational and Research Institute","India","IN","13.072319984436035","80.18053436279297","education","100.0","Asia","100.0"
"I134542131","University of Ilorin","Nigeria","NG","8.4966402053833","4.542140007019043","education","100.0","Africa","100.0"
"I154264771","Central Connecticut State University","United States","US","41.69318008422852","-72.76496124267578","education","100.0","North America","100.0"
"I80611190","Jeonbuk National University","South Korea","KR","35.82194137573242","127.14888763427734","education","100.0","Asia","100.0"
"I4210160373","Einstein Center for Neurosciences Berlin","Germany","DE","52.52810287475586","13.376035690307615","facility","","Europe","55.46"
"I186803428","Brock University","Canada","CA","43.17126083374024","-79.24266815185547","education","100.0","North America","100.0"
"I126820664","Vassar College","United States","US","41.6698112487793","-73.90702819824219","education","100.0","North America","100.0"
"I4210098880","National Institute of Hospital Administration","China","CN","39.95997619628906","116.22667694091795","healthcare","688.0","Asia","79.3"
"I4210092650","Buraydah Colleges","Saudi Arabia","SA","26.325990676879883","43.97497177124024","education","100.0","Asia","100.0"
"I110026055","Iscte – Instituto Universitário de Lisboa","Portugal","PT","38.71667098999024","-9.133330345153809","education","100.0","Europe","100.0"
"I88596544","Universidade Lusófona","Portugal","PT","38.71667098999024","-9.133330345153809","education","100.0","Europe","100.0"
"I12832649","Gachon University","South Korea","KR","37.45149612426758","127.12926483154295","education","100.0","Asia","100.0"
"I4210105078","Design Interactive (United States)","United States","US","28.60099220275879","-81.22364044189453","company","","North America","17.43"
"I4210150180","Vancouver Coastal Health Research Institute","Canada","CA","49.24966049194336","-123.1193389892578","facility","100.0","North America","100.0"
"I196699116","Wuhan University of Technology","China","CN","30.583330154418945","114.26667022705078","education","100.0","Asia","100.0"
"I22716506","Lanzhou University of Technology","China","CN","36.05837631225586","103.73046112060548","education","100.0","Asia","100.0"
"I4210114927","University of Tsukuba Hospital","Japan","JP","36.20000076293945","140.10000610351562","healthcare","100.0","Asia","100.0"
"I4210136254","Children’s Health Research Institute","Canada","CA","42.96327590942383","-81.22500610351562","other","100.0","North America","100.0"
"I4210143979","Systems Technology (United States)","United States","US","33.90683364868164","-118.3522720336914","company","100.0","North America","100.0"
"I116530498","Inova Health System","United States","US","38.869171142578125","-77.2241439819336","other","100.0","North America","100.0"
"I4210127572","IMT Atlantique","France","FR","48.39028930664063","-4.4862799644470215","education","100.0","Europe","100.0"
"I134161618","National Taiwan Normal University","Taiwan","TW","25.026159286499023","121.52802276611328","education","100.0","Asia","100.0"
"I42775652","Link Campus University","Italy","IT","41.89192962646485","12.511329650878906","education","438.0","Europe","87.04"
"I4400600974","Novartis Institutes for BioMedical Research","","","47.55773162841797","7.593609809875488","other","100.0","","100.0"
"I2799367785","British Science Association","United Kingdom","GB","51.49720764160156","-0.1788939982652664","nonprofit","","Europe","10.26"
"I4210160669","Hallands sjukhus Halmstad","Sweden","SE","56.681270599365234","12.848408699035645","healthcare","","Europe","47.28"
"I4210111263","The First Hospital of Changsha","China","CN","28.204553604125977","112.98262786865234","healthcare","311.0","Asia","91.29"
"I4210153103","Marcus (United States)","United States","US","29.63521385192871","-95.50383758544922","company","100.0","North America","100.0"
"I4210095952","Institute for Cross-Disciplinary Physics and Complex Systems","Spain","ES","39.56938934326172","2.650239944458008","facility","100.0","Europe","100.0"
"I1295908608","San Francisco General Hospital","United States","US","37.75555419921875","-122.40499877929688","healthcare","100.0","North America","100.0"
"I148366613","National Yang Ming Chiao Tung University","Taiwan","TW","24.80360984802246","120.96861267089844","education","100.0","Asia","100.0"
"I4210149100","Hospital Universitari Sant Joan de Reus","Spain","ES","41.15612030029297","1.1068700551986694","healthcare","100.0","Europe","100.0"
"I4210148498","Bioinformatics Institute","Singapore","SG","1.2896699905395508","103.85006713867188","facility","100.0","Asia","100.0"
"I4210117664","Pinnacle Clinical Research","United States","US","30.363529205322266","-97.73934173583984","facility","","North America","67.99"
"I4210101049","Lung Institute","United States","US","32.879295349121094","-96.76648712158205","healthcare","100.0","North America","100.0"
"I223822909","Heidelberg University","Germany","DE","49.40768051147461","8.690790176391602","education","100.0","Europe","100.0"
"I4210119119","Beijing Administration Institute","China","CN","39.92945098876953","116.3466339111328","education","100.0","Asia","100.0"
"I135310074","University of Wisconsin–Madison","United States","US","43.07305145263672","-89.40122985839844","education","85.0","North America","100.0"
"I87111246","Catholic University of Korea","South Korea","KR","37.586212158203125","127.00411224365234","education","100.0","Asia","100.0"
"I4210153776","Apple (United States)","United States","US","37.58634567260742","-122.02854919433594","company","100.0","North America","100.0"
"I4210131537","Montpellier Business School","France","FR","43.621368408203125","3.833626985549927","education","100.0","Europe","100.0"
"I4210115485","Laboratoire d'Informatique pour la Mécanique et les Sciences de l'Ingénieur","France","FR","48.69572067260742","2.187269926071167","facility","100.0","Europe","100.0"
"I4210133311","Shoolini University","India","IN","30.909080505371094","77.10868835449219","education","100.0","Asia","100.0"
"I74899385","Central Queensland University","Australia","AU","-23.322704315185547","150.5207977294922","education","100.0","Oceania","100.0"
"I40034438","Universidade do Estado do Rio de Janeiro","Brazil","BR","-22.90641975402832","-43.18223190307617","education","100.0","South America","100.0"
"I4210128042","Stomatological Hospital of Chongqing Medical University","China","CN","29.594621658325195","106.50529479980467","healthcare","100.0","Asia","100.0"
"I2800744764","Islamic Azad University Medical Branch of Tehran","Iran","IR","35.777565002441406","51.43380737304688","education","100.0","Asia","100.0"
"I4210144566","Laboratoire de l'Informatique du Parallélisme","France","FR","45.74845886230469","4.846710205078125","facility","100.0","Europe","100.0"
"I60668342","University of Regensburg","Germany","DE","49.01512908935547","12.10161018371582","education","100.0","Europe","100.0"
"I153487414","Haramaya University","Ethiopia","ET","9.593059539794922","41.86611175537109","education","100.0","Africa","100.0"
"I4210122598","BenevolentAI (United Kingdom)","United Kingdom","GB","51.52311325073242","-0.1374080032110214","company","","Europe","23.42"
"I149461666","Ca' Foscari University of Venice","Italy","IT","45.437129974365234","12.332650184631348","education","100.0","Europe","100.0"
"I4210122684","Sony Computer Science Laboratories","Japan","JP","35.6259651184082","139.73052978515625","facility","100.0","Asia","100.0"
"I168635309","University of Calgary","Canada","CA","51.05010986328125","-114.08528900146484","education","100.0","North America","100.0"
"I4210113833","University of Modern Sciences","Yemen","YE","15.339101791381836","44.18727111816406","education","","Asia","15.75"
"I140494188","Université de Technologie de Troyes","France","FR","48.30073165893555","4.085239887237549","education","100.0","Europe","100.0"
"I43729321","National College of Business Administration and Economics","Pakistan","PK","31.558000564575195","74.3507080078125","education","100.0","Asia","100.0"
"I4210128175","Shanghai East Hospital","China","CN","31.23847961425781","121.51223754882812","healthcare","100.0","Asia","100.0"
"I4210115519","Centre de Recherche en Informatique","France","FR","48.40908050537109","2.701770067214966","facility","100.0","Europe","100.0"
"I70703428","Palacký University Olomouc","Czech Republic","CZ","49.59552001953125","17.251750946044922","education","100.0","Europe","100.0"
"I4210089305","Dr. D. Y. Patil Medical College, Hospital and Research Centre","India","IN","18.624174118041992","73.82125091552734","healthcare","100.0","Asia","100.0"
"I4210166576","First Affiliated Hospital Zhejiang University","China","CN","30.257551193237305","120.1779327392578","healthcare","44.0","Asia","100.0"
"I4210165932","Giustino Fortunato University","Italy","IT","41.12039566040039","14.79959201812744","education","","Europe","39.77"
"I166182418","Medical University of Silesia","Poland","PL","50.2584114074707","19.02754020690918","education","100.0","Europe","100.0"
"I110152177","University of Akron","United States","US","41.07643127441406","-81.50836181640625","education","100.0","North America","100.0"
"I141371507","Soongsil University","South Korea","KR","37.49638748168945","126.9574966430664","education","100.0","Asia","100.0"
"I4210103115","Xinjiang Institute of Ecology and Geography","China","CN","43.80096054077149","87.60045623779297","facility","100.0","Asia","100.0"
"I4210099336","Menlo School","United States","US","37.45371627807617","-122.1913604736328","education","100.0","North America","100.0"
"I235110982","Sher-e-Kashmir University of Agricultural Sciences and Technology of Jammu","India","IN","32.653053283691406","74.80709075927734","education","100.0","Asia","100.0"
"I46543356","Epilepsy Society","United Kingdom","GB","51.608848571777344","-0.5561800003051758","nonprofit","100.0","Europe","100.0"
"I189731429","Wellesley College","United States","US","42.29648971557617","-71.29255676269531","education","100.0","North America","100.0"
"I164508027","Ratio","Sweden","SE","59.33586883544922","18.06376075744629","facility","","Europe","65.88"
"I4210113298","London Women's Clinic","United Kingdom","GB","51.52151107788086","-0.1482709944248199","healthcare","100.0","Europe","100.0"
"I204743663","University of Mysore","India","IN","12.2979097366333","76.63925170898438","education","100.0","Asia","100.0"
"I4210101141","Luxembourg Institute of Health","Luxembourg","LU","49.61996078491211","6.095944881439209","nonprofit","100.0","Europe","100.0"
"I4210117005","Laboratoire des Sciences du Numérique de Nantes","France","FR","47.21725082397461","-1.5533599853515625","facility","100.0","Europe","100.0"
"I2799725268","Manchester Academic Health Science Centre","United Kingdom","GB","53.46327590942383","-2.238434076309204","healthcare","100.0","Europe","100.0"
"I88491126","Bucharest University of Economic Studies","Romania","RO","44.4322509765625","26.106260299682617","education","100.0","Europe","100.0"
"I255234318","Universidad de Zaragoza","Spain","ES","41.65605926513672","-0.8773400187492371","education","100.0","Europe","100.0"
"I41549804","Vidyasagar University","India","IN","22.421140670776367","87.32257080078125","education","100.0","Asia","100.0"
"I4210102325","Hôpital Européen Georges-Pompidou","France","FR","48.85340881347656","2.34879994392395","healthcare","100.0","Europe","100.0"
"I33459947","Charotar University of Science and Technology","India","IN","22.552509307861328","72.9552001953125","education","100.0","Asia","100.0"
"I4210165529","University of Business and Technology","Saudi Arabia","SA","21.49011993408203","39.18624114990234","education","100.0","Asia","100.0"
"I1351752","Koç University","Turkey","TR","41.01383972167969","28.94965934753418","education","100.0","Asia","100.0"
"I184616310","Illinois Wesleyan University","United States","US","40.48419952392578","-88.99369049072266","education","100.0","North America","100.0"
"I4387152517","Instituto Superior Técnico","","","38.71667098999024","-9.133330345153809","education","100.0","","100.0"
"I2801658355","Office National d'Études et de Recherches Aérospatiales","France","FR","48.71828079223633","2.249799966812134","facility","100.0","Europe","100.0"
"I1308923049","University Hospitals Birmingham NHS Foundation Trust","United Kingdom","GB","52.48141860961914","-1.899829983711243","healthcare","100.0","Europe","100.0"
"I4210138380","Qatar Cardiovascular Research Center","Qatar","QA","25.391647338867188","51.515567779541016","healthcare","","Asia","21.53"
"I67001856","Shanghai Institute of Technology","China","CN","31.22221946716309","121.45806121826172","education","100.0","Asia","100.0"
"I4387154592","St. Joseph’s College of Engineering","","","13.08784008026123","80.27847290039062","education","100.0","","100.0"
"I4388446400","Government College of Engineering, Keonjhar","","","21.97470092773437","85.91619873046875","education","","","25.14"
"I2802964274","Interface (United States)","United States","US","33.0030403137207","-85.0560073852539","company","100.0","North America","100.0"
"I100116408","University of Port Harcourt","Nigeria","NG","4.7774200439453125","7.013400077819824","education","100.0","Africa","100.0"
"I50783897","K J Somaiya Medical College","India","IN","19.072830200195312","72.88260650634766","education","100.0","Asia","100.0"
"I1285929390","Hubei University of Medicine","China","CN","32.647499084472656","110.77806091308594","education","100.0","Asia","100.0"
"I87531838","Teikyo University","Japan","JP","35.68949890136719","139.69171142578125","education","100.0","Asia","100.0"
"I26771391","Jaipuria Institute of Management","India","IN","28.57999992370605","77.33000183105469","education","100.0","Asia","100.0"
"I71715416","Universidade Federal do ABC","Brazil","BR","-23.663890838623047","-46.538330078125","education","100.0","South America","100.0"
"I4210142599","University of Swabi","Pakistan","PK","34.05910110473633","72.40904235839844","education","100.0","Asia","100.0"
"I198945027","Central European University","Austria","AT","48.20848846435547","16.372079849243164","education","100.0","Europe","100.0"
"I4210159248","Hanoi Lung Hospital","Vietnam","VN","21.006261825561523","105.8564453125","healthcare","","Asia","34.43"
"I96797292","Noorul Islam University","India","IN","8.090080261230469","77.53840637207031","education","100.0","Asia","100.0"
"I4210121333","Istinye University","Turkey","TR","41.01383972167969","28.94965934753418","education","100.0","Asia","100.0"
"I4401200382","Universitas Muhammadiyah Kalimantan Timur","","","-0.49167001247406","117.14582824707033","education","978.0","","70.51"
"I126520041","University of Science and Technology of China","China","CN","31.863889694213867","117.28083038330078","education","100.0","Asia","100.0"
"I206139757","University of the Philippines Mindanao","Philippines","PH","7.073060035705566","125.61277770996094","education","","Asia","31.88"
"I863118367","GMV Innovating Solutions (Spain)","Spain","ES","40.600921630859375","-3.7080600261688232","company","","Europe","54.71"
"I51826884","Kocaeli Üniversitesi","Turkey","TR","40.76499176025391","29.929279327392575","education","100.0","Asia","100.0"
"I58200834","Southern Medical University","China","CN","23.116670608520508","113.25","education","100.0","Asia","100.0"
"I16197041","Cyprus International University","Cyprus","CY","35.22106170654297","33.41658401489258","education","100.0","Europe","100.0"
"I197610006","University of Lagos","Nigeria","NG","6.454070091247559","3.394670009613037","education","100.0","Africa","100.0"
"I3132516330","Myanmar Institute of Information Technology","Myanmar","MM","21.93809509277344","96.0919952392578","education","","Asia","10.65"
"I2802849423","University Medical Center","United States","US","33.58849334716797","-101.8920669555664","healthcare","100.0","North America","100.0"
"I70983195","Syracuse University","United States","US","43.048118591308594","-76.14742279052734","education","100.0","North America","100.0"
"I200777214","National and Kapodistrian University of Athens","Greece","GR","37.98376083374024","23.727840423583984","education","100.0","Europe","100.0"
"I1340755506","3M (United States)","United States","US","44.95169448852539","-92.99544525146484","company","100.0","North America","100.0"
"I4210130594","Seirei Hamamatsu General Hospital","Japan","JP","34.70000076293945","137.73333740234375","healthcare","100.0","Asia","100.0"
"I4400573270","Wenzhou University of Technology","","","27.999420166015625","120.66681671142578","education","","","41.44"
"I4210118179","Ichinomiya Kenshin College","Japan","JP","35.29999923706055","136.8000030517578","education","","Asia","16.8"
"I11893660","Mokpo National University","South Korea","KR","34.910404205322266","126.4360809326172","education","100.0","Asia","100.0"
"I217764696","Mardin Artuklu University","Turkey","TR","37.31309127807617","40.74356842041016","education","100.0","Asia","100.0"
"I155043079","University of Nottingham Malaysia Campus","Malaysia","MY","2.9516000747680664","101.84300231933594","education","100.0","Asia","100.0"
"I27945538","Paracelsus Medical University","Austria","AT","47.79941177368164","13.043990135192873","education","100.0","Europe","100.0"
"I2799294462","Emek Medical Center","Israel","IL","32.60906982421875","35.28919982910156","healthcare","100.0","Asia","100.0"
"I4210112314","National Energy Technology Laboratory","United States","US","40.298641204833984","-79.99404907226562","facility","100.0","North America","100.0"
"I38706770","Guilin University of Technology","China","CN","25.28022003173828","110.29638671875","education","100.0","Asia","100.0"
"I78675632","Beijing Information Science & Technology University","China","CN","39.907501220703125","116.39723205566406","education","100.0","Asia","100.0"
"I4210133534","Henan Provincial People's Hospital","China","CN","34.75777816772461","113.64861297607422","healthcare","100.0","Asia","100.0"
"I200719446","Vanderbilt University","United States","US","36.14493560791016","-86.80268859863281","education","100.0","North America","100.0"
"I70699430","Utkal University","India","IN","20.303447723388672","85.83988189697266","education","100.0","Asia","100.0"
"I4210138918","University Of Transport Technology","Vietnam","VN","20.984792709350582","105.79883575439452","education","513.0","Asia","84.58"
"I3132684365","University of Halabja","Iraq","IQ","35.173343658447266","46.02195739746094","education","","Asia","50.34"
"I28046988","Kwame Nkrumah University of Science and Technology","Ghana","GH","6.688479900360107","-1.6244299411773682","education","100.0","Africa","100.0"
"I4210150287","Urology Team","United States","US","30.484943389892575","-97.7347183227539","other","","North America","66.89"
"I4210151481","Łukasiewicz Research Network - Institute of Welding","Poland","PL","50.29389953613281","18.69167900085449","facility","","Europe","63.5"
"I108526665","Fakir Mohan University","India","IN","21.49138832092285","86.93194580078125","education","100.0","Asia","100.0"
"I75929689","UConn Health","United States","US","41.719818115234375","-72.83203887939453","other","100.0","North America","100.0"
"I23923803","University of Exeter","United Kingdom","GB","50.72359848022461","-3.527509927749634","education","100.0","Europe","100.0"
"I142016965","King Edward Medical University","Pakistan","PK","31.570789337158203","74.31440734863281","education","100.0","Asia","100.0"
"I2800875726","Fritz Haber Institute of the Max Planck Society","Germany","DE","52.44876480102539","13.283713340759276","facility","100.0","Europe","100.0"
"I4210090512","Guangzhou Experimental Station","China","CN","23.122072219848636","113.2472152709961","facility","100.0","Asia","100.0"
"I2802821144","Center for Environmental Health","United States","US","37.812156677246094","-122.2677993774414","facility","100.0","North America","100.0"
"I4210109591","Thuongmai University","Vietnam","VN","21.02449989318848","105.84117126464844","education","","Asia","69.46"
"I4210166385","Sendai Kousei Hospital","Japan","JP","38.2697639465332","140.85745239257812","healthcare","100.0","Asia","100.0"
"I1280367701","Canadian Forest Service","Canada","CA","45.411170959472656","-75.6981201171875","government","100.0","North America","100.0"
"I92579986","Walter Sisulu University","South Africa","ZA","-31.588930130004883","28.7844295501709","education","100.0","Africa","100.0"
"I4210115515","Nanyang Institute of Technology","China","CN","32.994720458984375","112.53278350830078","education","100.0","Asia","100.0"
"I4210108985","Bellevue Hospital Center","United States","US","40.71427154541016","-74.00596618652344","healthcare","100.0","North America","100.0"
"I4210123216","Rudjer Boskovic Institute","Croatia","HR","45.8144416809082","15.97797966003418","facility","100.0","Europe","100.0"
"I74813324","Mekelle University","Ethiopia","ET","13.49666976928711","39.47528076171875","education","100.0","Africa","100.0"
"I2799795791","Government of Haryana","India","IN","28.50048446655273","77.05329132080078","government","414.0","Asia","87.84"
"I52158045","China Agricultural University","China","CN","39.907501220703125","116.39723205566406","education","100.0","Asia","100.0"
"I138211613","Austrian Academy of Sciences","Austria","AT","48.20848846435547","16.372079849243164","other","100.0","Europe","100.0"
"I4210166055","Shenzhen Third People’s Hospital","China","CN","22.639060974121094","114.12975311279295","healthcare","100.0","Asia","100.0"
"I157392197","Hashemite University","Jordan","JO","32.072750091552734","36.08795928955078","education","1.0","Asia","100.0"
"I200749728","Pir Mehr Ali Shah Arid Agriculture University","Pakistan","PK","33.647247314453125","73.08059692382812","education","100.0","Asia","100.0"
"I4387155502","Conservation Biology Institute","","","44.564571380615234","-123.26203918457033","nonprofit","","","64.14"
"I70971781","Dr. B. R. Ambedkar National Institute of Technology Jalandhar","India","IN","31.325559616088867","75.57917022705078","education","100.0","Asia","100.0"
"I10660446","Kunming University of Science and Technology","China","CN","25.061561584472656","102.69563293457033","education","100.0","Asia","100.0"
"I61057504","Fujian Agriculture and Forestry University","China","CN","26.061389923095703","119.3061065673828","education","100.0","Asia","100.0"
"I177739611","Yangtze University","China","CN","30.35028076171875","112.19027709960938","education","100.0","Asia","100.0"
"I4210136475","National Great Rivers Research and Education Center","United States","US","38.8672981262207","-90.14061737060548","other","","North America","10.05"
"I51101395","Université Paris 1 Panthéon-Sorbonne","France","FR","48.85340881347656","2.34879994392395","education","100.0","Europe","100.0"
"I4210108914","Institute of Agricultural Resources and Regional Planning","China","CN","39.95816421508789","116.32752990722656","facility","100.0","Asia","100.0"
"I4210111488","Life Science Institute","Japan","JP","35.66968536376953","139.76068115234375","facility","100.0","Asia","100.0"
"I4210115326","Swami Vivekanand College of Pharmacy","India","IN","11.365910530090332","77.94679260253906","education","100.0","Asia","100.0"
"I74525822","Hubei University of Technology","China","CN","30.583330154418945","114.26667022705078","education","100.0","Asia","100.0"
"I12079687","Edith Cowan University","Australia","AU","-31.95223999023437","115.86139678955078","education","100.0","Oceania","100.0"
"I2801004183","Temple College","United States","US","31.073823928833008","-97.3522491455078","education","100.0","North America","100.0"
"I195631090","Majmaah University","Saudi Arabia","SA","25.86517906188965","45.41525650024414","education","100.0","Asia","100.0"
"I161237661","Lahore College for Women University","Pakistan","PK","31.558000564575195","74.3507080078125","education","100.0","Asia","100.0"
"I44854399","University of Southern Mississippi","United States","US","31.327119827270508","-89.29033660888672","education","100.0","North America","100.0"
"I4210122724","Gobierno de Chile","Chile","CL","-33.41656875610352","-70.72004699707031","government","100.0","South America","100.0"
"I4210152696","Brazilian Center for Research in Energy and Materials","Brazil","BR","-22.90555953979492","-47.060829162597656","other","100.0","South America","100.0"
"I4210092122","BC Research (Canada)","Canada","CA","49.25784683227539","-122.91669464111328","facility","100.0","North America","100.0"
"I4210091279","Université Sorbonne Paris Nord","France","FR","48.95832824707031","2.341670036315918","education","100.0","Europe","100.0"
"I2801443033","Florida Department of Citrus","United States","US","27.8974723815918","-81.83904266357422","government","100.0","North America","100.0"
"I4210127521","Berlin-Brandenburger Centrum für Regenerative Therapien","Germany","DE","52.52436828613281","13.410530090332031","facility","100.0","Europe","100.0"
"I332011152","District University of Bogotá","Colombia","CO","4.609710216522217","-74.08174896240234","education","100.0","South America","100.0"
"I121691239","Beihua University","China","CN","43.850830078125","126.5602798461914","education","100.0","Asia","100.0"
"I4210097418","Laboratoire des signaux et systèmes","France","FR","48.68333053588867","2.133330106735229","facility","100.0","Europe","100.0"
"I1280339224","United States Nuclear Regulatory Commission","United States","US","39.04731750488281","-77.1124267578125","government","9.0","North America","100.0"
"I4210136596","First Affiliated Hospital of Anhui Medical University","China","CN","31.846925735473636","117.26859283447266","healthcare","100.0","Asia","100.0"
"I4210135291","Quebec Rehabilitation Research Network","Canada","CA","45.50883865356445","-73.58780670166016","other","","North America","25.36"
"I149313025","Vignan's Foundation for Science, Technology & Research","India","IN","16.299739837646484","80.45729064941406","education","100.0","Asia","100.0"
"I4210109325","Boston Scientific (Netherlands)","Netherlands","NL","52.02762985229492","5.069855213165283","company","","Europe","37.06"
"I4210087373","Meizu (China)","China","CN","22.237504959106445","113.25731658935548","company","","Asia","23.35"
"I1324682000","Regenstrief Institute","United States","US","39.78151321411133","-86.16688537597656","nonprofit","100.0","North America","100.0"
"I4210107251","Centre Hospitalier du Pays d'Aix","France","FR","43.536434173583984","5.44260311126709","healthcare","","Europe","63.26"
"I170203145","MRC Laboratory of Molecular Biology","United Kingdom","GB","52.17527770996094","0.13332299888134","facility","100.0","Europe","100.0"
"I4210137674","Hospital General Universitario de Alicante Doctor Balmis","Spain","ES","38.34516906738281","-0.4814899861812591","healthcare","100.0","Europe","100.0"
"I4210127126","Shanghai Pulmonary Hospital","China","CN","31.22221946716309","121.45806121826172","healthcare","100.0","Asia","100.0"
"I3131870445","Woxsen School of Business","India","IN","17.384050369262695","78.45635986328125","education","928.0","Asia","72.0"
"I276309446","University of the Cumberlands","United States","US","36.737735748291016","-84.16333770751953","education","100.0","North America","100.0"
"I1329254379","National Academy of Engineering","United States","US","38.89308166503906","-77.04776763916016","nonprofit","","North America","35.52"
"I34931013","National Institute for Health Research","United Kingdom","GB","51.50852966308594","-0.1257400065660476","other","100.0","Europe","100.0"
"I4391768099","State Key Laboratory of Earth Surface Processes and Resource Ecology","","","39.907501220703125","116.39723205566406","facility","","","32.47"
"I4210162028","Institute of Ionosphere","Kazakhstan","KZ","43.22687149047852","76.84856414794922","facility","","Asia","31.57"
"I1340179700","NewYork–Presbyterian Hospital","United States","US","40.71427154541016","-74.00596618652344","healthcare","100.0","North America","100.0"
"I44260953","Heinrich Heine University Düsseldorf","Germany","DE","51.22172164916992","6.776159763336182","education","100.0","Europe","100.0"
"I151221077","Chung Yuan Christian University","Taiwan","TW","24.957523345947266","121.24275970458984","education","100.0","Asia","100.0"
"I1280764379","University of Jiroft","Iran","IR","28.67806053161621","57.74055862426758","education","100.0","Asia","100.0"
"I55124831","J.C. Bose University of Science & Technology, YMCA","India","IN","28.36846160888672","77.31558227539062","education","100.0","Asia","100.0"
"I4210116873","Hessian Ministry for Social Affairs and Integration","Germany","DE","50.068824768066406","8.226731300354004","government","","Europe","8.03"
"I2802864460","Jackson Memorial Hospital","United States","US","25.79208755493164","-80.21312713623047","healthcare","100.0","North America","100.0"
"I41775361","Islamic Azad University Central Tehran Branch","Iran","IR","35.76212310791016","51.33911895751953","education","100.0","Asia","100.0"
"I123001628","Universidade Federal de Rondônia","Brazil","BR","-8.761940002441406","-63.90388870239258","education","100.0","South America","100.0"
"I4210134030","BAU International University","United States","US","38.90003204345703","-77.03460693359375","education","","North America","3.84"
"I4210124937","Laboratoire des Sciences du Climat et de l'Environnement","France","FR","48.68333053588867","2.133330106735229","facility","100.0","Europe","100.0"
"I4210134929","Jilin Province Science and Technology Department","China","CN","43.880001068115234","125.3227767944336","government","100.0","Asia","100.0"
"I269685040","Koszalin University of Technology","Poland","PL","54.19438171386719","16.17222023010254","education","100.0","Europe","100.0"
"I198645480","North China University of Water Resources and Electric Power","China","CN","34.75777816772461","113.64861297607422","education","100.0","Asia","100.0"
"I2801255070","L V Prasad Eye Institute","India","IN","17.384050369262695","78.45635986328125","other","100.0","Asia","100.0"
"I25112270","Universidade Federal de Pernambuco","Brazil","BR","-8.053890228271484","-34.88111114501953","education","100.0","South America","100.0"
"I85922643","Nagaoka University of Technology","Japan","JP","37.426513671875","138.77859497070312","education","100.0","Asia","100.0"
"I4210100005","Silicon Technologies (United States)","United States","US","40.6721076965332","-111.84134674072266","company","","North America","8.6"
"I205640436","Curtin University","Australia","AU","-31.95223999023437","115.86139678955078","education","100.0","Oceania","100.0"
"I79156528","Universiti Tenaga Nasional","Malaysia","MY","2.9773449897766118","101.73107147216795","education","100.0","Asia","100.0"
"I14396692","Tokyo University of Information Sciences","Japan","JP","35.63762664794922","140.2031707763672","education","100.0","Asia","100.0"
"I4210163011","Niroo Research Institute","Iran","IR","35.69438934326172","51.4215087890625","facility","100.0","Asia","100.0"
"I82514191","Honeywell (United States)","United States","US","35.227088928222656","-80.84313201904297","company","100.0","North America","100.0"
"I2799389476","MAPNA Group (Iran)","Iran","IR","35.761173248291016","51.42658233642578","company","","Asia","32.09"
"I114662689","Leidos (United States)","United States","US","38.96871948242188","-77.34110260009766","company","100.0","North America","100.0"
"I2799553609","Rothamsted Research","United Kingdom","GB","51.81040954589844","-0.3562549948692322","facility","100.0","Europe","100.0"
"I2802042752","University High School","United States","US","32.228389739990234","-110.8886947631836","education","100.0","North America","100.0"
"I307268238","Kaduna State University","Nigeria","NG","10.516855239868164","7.45105504989624","education","100.0","Africa","100.0"
"I79189158","University of Castilla-La Mancha","Spain","ES","38.98625946044922","-3.929069995880127","education","100.0","Europe","100.0"
"I59272784","Arab Academy for Science, Technology, and Maritime Transport","Egypt","EG","31.201759338378903","29.91581916809082","education","100.0","Africa","100.0"
"I4210146361","BresciaMEd","Italy","IT","45.55784225463867","10.21245002746582","healthcare","","Europe","2.61"
"I156216236","Qassim University","Saudi Arabia","SA","26.325990676879883","43.97497177124024","education","100.0","Asia","100.0"
"I4210162909","Hôpital de la Timone","France","FR","43.29695129394531","5.381070137023926","healthcare","100.0","Europe","100.0"
"I1300409581","University of Bonab","Iran","IR","37.34040069580078","46.05609893798828","education","100.0","Asia","100.0"
"I4210109219","Mercy Catholic Medical Center","United States","US","39.90005111694336","-75.24769592285156","healthcare","","North America","55.55"
"I4400009028","Galala University","","","29.973709106445312","32.52627182006836","education","","","58.76"
"I113306721","Hiroshima University","Japan","JP","34.400001525878906","132.4499969482422","education","100.0","Asia","100.0"
"I152236710","Foundation University Islamabad","Pakistan","PK","33.552696228027344","73.09383392333984","education","100.0","Asia","100.0"
"I1326498283","Institut national de recherche en informatique et en automatique","France","FR","48.820499420166016","2.131099939346313","other","100.0","Europe","100.0"
"I4210133602","Instituto de Biomedicina de Sevilla","Spain","ES","37.38283157348633","-5.973169803619385","facility","100.0","Europe","100.0"
"I1339509835","NorthShore University HealthSystem","United States","US","42.041141510009766","-87.6900634765625","healthcare","100.0","North America","100.0"
"I4210119635","Kaili University","China","CN","26.52960777282715","107.89157104492188","education","100.0","Asia","100.0"
"I6312358","Geneva College","United States","US","40.77099990844727","-80.32099914550781","education","100.0","North America","100.0"
"I4210108087","Mohammed Bin Rashid University of Medicine and Health Sciences","United Arab Emirates","AE","25.07724952697754","55.309268951416016","education","100.0","Asia","100.0"
"I1308309334","Translational Research Institute","Australia","AU","-27.488550186157227","153.0365447998047","facility","100.0","Oceania","100.0"
"I54634078","Czech Education and Scientific Network","Czech Republic","CZ","50.08803939819336","14.42076015472412","other","734.0","Europe","77.88"
"I114650741","Chechen State University","Russia","RU","43.31725692749024","45.72591018676758","education","100.0","Europe","100.0"
"I4210148468","Industrial Technology Research Institute","Taiwan","TW","24.77446746826172","121.0456085205078","nonprofit","100.0","Asia","100.0"
"I99065089","Tsinghua University","China","CN","39.907501220703125","116.39723205566406","education","25.0","Asia","100.0"
"I62370553","International Medical University","Malaysia","MY","3.141200065612793","101.68653106689452","education","100.0","Asia","100.0"
"I2802584246","Melbourne School of Theology","Australia","AU","-37.85969924926758","145.20941162109375","education","","Oceania","18.83"
"I4392738303","Shanghai Institute of Pollution Control and Ecological Security","China","CN","31.22221946716309","121.45806121826172","facility","100.0","Asia","100.0"
"I4210151021","Shanghai Institute of Computing Technology","China","CN","31.22190284729004","121.43814849853516","facility","","Asia","39.06"
"I4210123934","Amazon (United Kingdom)","United Kingdom","GB","55.95329284667969","-3.1885080337524414","company","","Europe","14.35"
"I149768937","University of Namur","Belgium","BE","50.46689987182617","4.867459774017334","education","100.0","Europe","100.0"
"I4399657946","Rajalakshmi Engineering College","","","13.08784008026123","80.27847290039062","education","100.0","","100.0"
"I315729180","Noakhali Science and Technology University","Bangladesh","BD","22.794092178344727","91.10015869140624","education","100.0","Asia","100.0"
"I4391767729","Almaarefa University","","","24.68773078918457","46.72185134887695","education","100.0","","100.0"
"I746986","Halmstad University","Sweden","SE","56.674461364746094","12.856760025024414","education","100.0","Europe","100.0"
"I2799428307","Wisconsin Department of Natural Resources","United States","US","43.07305145263672","-89.40122985839844","government","100.0","North America","100.0"
"I4210118572","Tokatsu Hospital","Japan","JP","35.792362213134766","139.89352416992188","healthcare","","Asia","19.21"
"I4210148195","Concordia University","United States","US","45.5234489440918","-122.67620849609376","education","100.0","North America","100.0"
"I2801613365","Mitchell Institute","United States","US","43.66535186767578","-70.25150299072266","nonprofit","1.0","North America","100.0"
"I4210135491","Imazon","Brazil","BR","-1.4558299779891968","-48.50444030761719","nonprofit","","South America","33.59"
"I197465736","North Eastern Hill University","India","IN","25.61000061035156","91.9013900756836","education","100.0","Asia","100.0"
"I91203450","University of Haifa","Israel","IL","32.81840896606445","34.98849868774414","education","100.0","Asia","100.0"
"I4210093974","Centrus Diagnósticos por Imagem","Brazil","BR","-22.89724922180176","-47.06465911865234","facility","792.0","South America","76.15"
"I2801814493","Princess Alexandra Hospital","Australia","AU","-27.49930000305176","153.033203125","healthcare","100.0","Oceania","100.0"
"I4210114130","People's Hospital of Cangzhou","China","CN","38.314727783203125","116.83650207519533","healthcare","319.0","Asia","91.02"
"I20632288","Indira Gandhi Agricultural University","India","IN","21.238584518432617","81.70479583740234","education","100.0","Asia","100.0"
"I122964287","National Institute of Technology Tiruchirappalli","India","IN","10.815500259399414","78.6965103149414","education","100.0","Asia","100.0"
"I4210137145","National Cancer Centre Singapore","Singapore","SG","1.2896699905395508","103.85006713867188","healthcare","100.0","Asia","100.0"
"I142471025","Baker Heart and Diabetes Institute","Australia","AU","-37.81399917602539","144.96331787109375","nonprofit","100.0","Oceania","100.0"
"I4210164255","International Tomography Center","Russia","RU","54.845829010009766","83.11788940429688","facility","100.0","Europe","100.0"
"I156406944","Defence Institute of Advanced Technology","India","IN","18.519569396972656","73.8553466796875","education","100.0","Asia","100.0"
"I38877650","Zhengzhou University","China","CN","34.75777816772461","113.64861297607422","education","100.0","Asia","100.0"
"I198012923","University of Staffordshire","United Kingdom","GB","53.004150390625","-2.185379981994629","education","100.0","Europe","100.0"
"I157536573","Institut Pasteur","France","FR","48.85340881347656","2.34879994392395","other","100.0","Europe","100.0"
"I4387152119","Jeppiaar Engineering College","","","13.08784008026123","80.27847290039062","education","","","37.5"
"I4210123426","Academic Bridge Program","Qatar","QA","25.31585121154785","51.434547424316406","education","","Asia","4.45"
"I2250955327","Huawei Technologies (China)","China","CN","22.54553985595703","114.06829833984376","company","100.0","Asia","100.0"
"I79576946","University of Pennsylvania","United States","US","39.9523811340332","-75.16361999511719","education","12.0","North America","100.0"
"I115212828","Beijing Language and Culture University","China","CN","39.99578475952149","116.34539794921876","education","100.0","Asia","100.0"
"I904495901","Ruhr University Bochum","Germany","DE","51.48165130615234","7.216479778289795","education","100.0","Europe","100.0"
"I88155538","Universidad de Navarra","Spain","ES","42.816871643066406","-1.6432299613952637","education","100.0","Europe","100.0"
"I4210118321","Cohera Medical (United States)","United States","US","40.44889068603516","-80.00279998779297","company","","North America","5.6"
"I113866419","Lee College","United States","US","29.731653213500977","-94.97672271728516","education","","North America","28.12"
"I44504214","Czech Technical University in Prague","Czech Republic","CZ","50.08803939819336","14.42076015472412","education","100.0","Europe","100.0"
"I193662353","Utrecht University","Netherlands","NL","52.0908317565918","5.122220039367676","education","100.0","Europe","100.0"
"I129801699","University of Tasmania","Australia","AU","-42.87936019897461","147.32940673828125","education","100.0","Oceania","100.0"
"I4387153613","Politeknik Elektronika Negeri Surabaya","","","-7.249169826507568","112.7508316040039","education","100.0","","100.0"
"I154387261","Vita-Salute San Raffaele University","Italy","IT","45.46427154541016","9.189510345458984","education","100.0","Europe","100.0"
"I60053951","Universitat Politècnica de València","Spain","ES","39.47391128540039","-0.3796600103378296","education","100.0","Europe","100.0"
"I114027177","University of North Carolina at Chapel Hill","United States","US","35.91320037841797","-79.05583953857422","education","100.0","North America","100.0"
"I2799282979","Islamic Azad University, Isfahan","Iran","IR","32.65245819091797","51.67462158203125","education","100.0","Asia","100.0"
"I137056471","Nanjing University of Finance and Economics","China","CN","32.086334228515625","118.76039123535156","education","100.0","Asia","100.0"
"I157638225","California State University, Northridge","United States","US","34.22834014892578","-118.53675079345705","education","100.0","North America","100.0"
"I78988378","Renmin University of China","China","CN","39.907501220703125","116.39723205566406","education","100.0","Asia","100.0"
"I41156924","Victoria University of Wellington","New Zealand","NZ","-41.2901611328125","174.76864624023438","education","100.0","Oceania","100.0"
"I191208505","Xiamen University","China","CN","24.47978973388672","118.08187103271484","education","100.0","Asia","100.0"
"I4210124949","Microsoft Research (India)","India","IN","12.96633243560791","77.59627532958984","company","100.0","Asia","100.0"
"I2801994115","European Space Agency","France","FR","48.85340881347656","2.34879994392395","other","100.0","Europe","100.0"
"I3130633384","Guangzhou Sport University","China","CN","23.14447021484375","113.31715393066406","education","100.0","Asia","100.0"
"I4210139795","Ministry of Health","SV","SV","13.689350128173828","-89.18717956542969","government","","Other","25.39"
"I1299501804","Michael E. DeBakey VA Medical Center","United States","US","29.70207977294922","-95.38954162597656","healthcare","100.0","North America","100.0"
"I80143920","Shandong University of Science and Technology","China","CN","36.06488037109375","120.3804168701172","education","100.0","Asia","100.0"
"I2802889516","University of the Arts","United States","US","39.94597244262695","-75.16556549072266","education","","North America","41.02"
"I57201433","Università della Svizzera italiana","Switzerland","CH","46.01007843017578","8.960040092468262","education","100.0","Europe","100.0"
"I859038795","Virginia Tech","United States","US","37.22956848144531","-80.4139404296875","education","100.0","North America","100.0"
"I3019177047","Korea Institute of Civil Engineering and Building Technology","South Korea","KR","37.65639114379883","126.83499908447266","other","100.0","Asia","100.0"
"I51532219","University of Lincoln","United Kingdom","GB","53.226829528808594","-0.5379199981689453","education","100.0","Europe","100.0"
"I4210089318","Guangdong Work Injury Rehabilitation Hospital","China","CN","23.162769317626957","113.27169799804688","healthcare","","Asia","24.16"
"I197842652","Hajee Mohammad Danesh Science and Technology University","Bangladesh","BD","25.627450942993164","88.63778686523438","education","100.0","Asia","100.0"
"I80201079","Credit Suisse (Switzerland)","Switzerland","CH","47.376651763916016","8.538196563720703","company","","Europe","43.57"
"I69737025","University of Chile","Chile","CL","-33.443321228027344","-70.65058135986328","education","100.0","South America","100.0"
"I4210147464","Laboratoire de Probabilités et Modèles Aléatoires","France","FR","48.85340881347656","2.34879994392395","facility","100.0","Europe","100.0"
"I4210158720","Social Insurance Saitama Chuo Hospital","Japan","JP","35.87296676635742","139.643310546875","healthcare","100.0","Asia","100.0"
"I1297127228","Space Telescope Science Institute","United States","US","39.29037857055664","-76.61219024658203","facility","100.0","North America","100.0"
"I4210126179","ARC Centre of Excellence for Coral Reef Studies","Australia","AU","-19.26638984680176","146.80569458007812","facility","100.0","Oceania","100.0"
"I1279585755","International Fertilizer Development Center","United States","US","34.7406005859375","-87.67008972167969","nonprofit","","North America","66.83"
"I9523339","National Institute of Technology Meghalaya","India","IN","25.57379913330078","91.89420318603516","education","100.0","Asia","100.0"
"I4210149655","Institute of Criminology","Slovenia","SI","46.05104064941406","14.511534690856934","facility","100.0","Europe","100.0"
"I1335321130","Children's Hospital of Philadelphia","United States","US","39.9523811340332","-75.16361999511719","other","100.0","North America","100.0"
"I4210096322","New York Structural Biology Center","United States","US","40.81599426269531","-73.95215606689453","nonprofit","100.0","North America","100.0"
"I292141241","Munich School of Philosophy","Germany","DE","48.137428283691406","11.57548999786377","education","100.0","Europe","100.0"
"I102461120","Marquette University","United States","US","43.03889846801758","-87.9064712524414","education","100.0","North America","100.0"
"I4210103394","Seva Mandir","India","IN","24.61261367797852","73.6877670288086","nonprofit","100.0","Asia","100.0"
"I150956004","Government Medical College","India","IN","34.08598327636719","74.79878997802734","education","100.0","Asia","100.0"
"I189196454","The University of Texas at Arlington","United States","US","32.73099899291992","-97.11499786376952","education","100.0","North America","100.0"
"I1334016132","Lucile Packard Children's Hospital","United States","US","37.44187927246094","-122.1430206298828","healthcare","100.0","North America","100.0"
"I4210091433","Poughkeepsie Public Library District","United States","US","41.70054244995117","-73.9301986694336","archive","236.0","North America","93.77"
"I151934421","University of Northern British Columbia","Canada","CA","53.91659927368164","-122.75301361083984","education","100.0","North America","100.0"
"I157169809","University of Sciences and Technology Houari Boumediene","Algeria","DZ","36.73225021362305","3.0874600410461426","education","100.0","Africa","100.0"
"I4392738268","Centre intégré universitaire de santé et de services sociaux de la Capitale-Nationale","","","46.812278747558594","-71.21453857421875","healthcare","","","47.72"
"I4210143116","Électricité de France (France)","France","FR","48.85340881347656","2.34879994392395","company","100.0","Europe","100.0"
"I2802654988","Princess Margaret Cancer Centre","Canada","CA","43.658084869384766","-79.3901138305664","healthcare","100.0","North America","100.0"
"I501048437","Al-Muthanna University","Iraq","IQ","31.331979751586918","45.29439926147461","education","100.0","Asia","100.0"
"I42869670","Arba Minch University","Ethiopia","ET","6.065758228302002","37.559814453125","education","100.0","Africa","100.0"
"I179525631","Cerner (United States)","United States","US","39.150489807128906","-94.54519653320312","company","100.0","North America","100.0"
"I53210213","Istanbul Commerce University","Turkey","TR","41.01383972167969","28.94965934753418","education","100.0","Asia","100.0"
"I124601658","University of Parma","Italy","IT","44.79935073852539","10.326180458068848","education","100.0","Europe","100.0"
"I4210099888","Centro Universitário Newton Paiva","Brazil","BR","-19.94112205505371","-43.96519088745117","education","468.0","South America","86.06"
"I161046081","University of Freiburg","Germany","DE","47.99589920043945","7.852220058441162","education","100.0","Europe","100.0"
"I4210162783","Research Institute of Complex Problems of Cardiovascular Disease Russian Academy of Medical Sciences","Russia","RU","55.3519401550293","86.04005432128906","facility","","Europe","66.02"
"I24541011","Soonchunhyang University","South Korea","KR","36.77077102661133","126.93160247802734","education","100.0","Asia","100.0"
"I165737746","Tomas Bata University in Zlín","Czech Republic","CZ","49.2264518737793","17.670650482177734","education","100.0","Europe","100.0"
"I863896202","Delhi Technological University","India","IN","28.62137031555176","77.21479797363281","education","100.0","Asia","100.0"
"I1295876152","Houston Methodist","United States","US","29.763280868530277","-95.36327362060548","healthcare","100.0","North America","100.0"
"I118118575","New Jersey Institute of Technology","United States","US","40.73566055297852","-74.17237091064453","education","100.0","North America","100.0"
"I4210126310","Universitätsklinikum Würzburg","Germany","DE","49.79391098022461","9.951210021972656","healthcare","100.0","Europe","100.0"
"I4387152949","Kanagawa Cancer Center","","","35.43333053588867","139.64999389648438","healthcare","100.0","","100.0"
"I1323778983","Yale New Haven Hospital","United States","US","41.30815124511719","-72.92816162109375","healthcare","100.0","North America","100.0"
"I4210156613","Ziekenhuis Bernhoven","Netherlands","NL","51.660831451416016","5.619440078735352","healthcare","","Europe","44.34"
"I4210093659","University of Transport and Communications","Vietnam","VN","21.02449989318848","105.84117126464844","education","100.0","Asia","100.0"
"I4210098738","Klinik Hirslanden","Switzerland","CH","47.35128402709961","8.576213836669922","healthcare","100.0","Europe","100.0"
"I26092322","Stellenbosch University","South Africa","ZA","-33.93461990356445","18.86676025390625","education","100.0","Africa","100.0"
"I19880235","Lomonosov Moscow State University","Russia","RU","55.752220153808594","37.61555862426758","education","100.0","Europe","100.0"
"I4210125938","Jagannath University","Bangladesh","BD","23.710399627685547","90.40744018554688","education","100.0","Asia","100.0"
"I522815984","Robert Gordon University","United Kingdom","GB","57.1436882019043","-2.098140001296997","education","100.0","Europe","100.0"
"I193700539","Tilburg University","Netherlands","NL","51.555511474609375","5.091300010681152","education","100.0","Europe","100.0"
"I47301684","Illinois State University","United States","US","40.514198303222656","-88.99063110351562","education","100.0","North America","100.0"
"I4210106489","National Heart Lung and Blood Institute","United States","US","38.98067092895508","-77.10025787353516","facility","100.0","North America","100.0"
"I59553526","Stony Brook University","United States","US","40.92565155029297","-73.14093780517578","education","100.0","North America","100.0"
"I126596746","Jagiellonian University","Poland","PL","50.061431884765625","19.936580657958984","education","100.0","Europe","100.0"
"I2800795503","Helmholtz-Zentrum Berlin für Materialien und Energie","Germany","DE","52.52436828613281","13.410530090332031","facility","100.0","Europe","100.0"
"I145487455","Cairo University","Egypt","EG","30.0275993347168","31.210140228271484","education","100.0","Africa","100.0"
"I4210133962","Buenos Aires Institute of Technology","Argentina","AR","-34.61315155029297","-58.37723159790039","education","935.0","South America","71.82"
"I133533813","Gangneung–Wonju National University","South Korea","KR","37.76904296875","128.87013244628906","education","100.0","Asia","100.0"
"I171494771","Shiga University","Japan","JP","35.25","136.25","education","100.0","Asia","100.0"
"I206597221","Kongju National University","South Korea","KR","36.46900177001953","127.13999938964844","education","100.0","Asia","100.0"
"I1327020802","Geological Survey of Canada","Canada","CA","45.401893615722656","-75.70528411865234","government","100.0","North America","100.0"
"I2802946424","Johns Hopkins University Applied Physics Laboratory","United States","US","39.13899993896485","-76.87052917480469","facility","28.0","North America","100.0"
"I99464096","KU Leuven","Belgium","BE","50.87958908081055","4.700930118560791","education","100.0","Europe","100.0"
"I4210107338","Simons Foundation","United States","US","40.71427154541016","-74.00596618652344","nonprofit","100.0","North America","100.0"
"I4210096824","Technological University of the Philippines","Philippines","PH","14.587552070617676","120.98383331298828","education","","Asia","37.62"
"I193033237","Institut Superieur de l'Aeronautique et de l'Espace (ISAE-SUPAERO)","France","FR","43.6042594909668","1.4436700344085691","education","100.0","Europe","100.0"
"I2799413724","Singapore Science Park","Singapore","SG","1.2865079641342163","103.78182983398438","archive","100.0","Asia","100.0"
"I3163904508","National Institute of Oceanography and Fisheries","Egypt","EG","31.21274757385254","29.884815216064453","facility","100.0","Africa","100.0"
"I2800231306","Universitair Ziekenhuis Leuven","Belgium","BE","50.87958908081055","4.700930118560791","healthcare","100.0","Europe","100.0"
"I2799567181","Princeton Plasma Physics Laboratory","United States","US","40.34872055053711","-74.65904998779297","facility","100.0","North America","100.0"
"I2801876189","Deutsches Elektronen-Synchrotron DESY","Germany","DE","53.55073165893555","9.993020057678224","facility","100.0","Europe","100.0"
"I106663880","University of Bahrain","Bahrain","BH","26.04965591430664","50.50821304321289","education","100.0","Asia","100.0"
"I708430","University of La Verne","United States","US","34.09962844848633","-117.77216339111328","education","121.0","North America","98.94"
"I114173286","Gujarat University","India","IN","23.025789260864254","72.58727264404297","education","100.0","Asia","100.0"
"I108688024","Qingdao University","China","CN","36.06488037109375","120.3804168701172","education","100.0","Asia","100.0"
"I107428990","Instituto Tecnológico de Aeronáutica","Brazil","BR","-23.17943954467773","-45.886940002441406","education","100.0","South America","100.0"
"I4210098931","Quantitative BioSciences","United States","US","32.9898681640625","-117.2595672607422","nonprofit","100.0","North America","100.0"
"I4210151100","DKFZ-ZMBH Alliance","Germany","DE","49.41458511352539","8.67294979095459","facility","100.0","Europe","100.0"
"I1303371618","International Telecommunication Union","Switzerland","CH","46.220733642578125","6.137024879455566","other","","Europe","17.98"
"I170658231","Osnabrück University","Germany","DE","52.27264022827149","8.049799919128418","education","100.0","Europe","100.0"
"I102134673","Linköping University","Sweden","SE","58.41085815429688","15.621569633483888","education","100.0","Europe","100.0"
"I55302922","The University of Texas Medical Branch at Galveston","United States","US","29.301349639892575","-94.79769897460938","education","100.0","North America","100.0"
"I192209268","Shaoxing University","China","CN","30.002370834350582","120.57864379882812","education","100.0","Asia","100.0"
"I41870","Military Institute of Engineering","Brazil","BR","-22.955888748168945","-43.1661376953125","education","100.0","South America","100.0"
"I51803142","Daido University","Japan","JP","35.078243255615234","136.9058380126953","education","100.0","Asia","100.0"
"I4210086089","JRE Group of Institutions","India","IN","28.487947463989254","77.53064727783203","education","","Asia","38.42"
"I174306211","Technion – Israel Institute of Technology","Israel","IL","32.81840896606445","34.98849868774414","education","100.0","Asia","100.0"
"I4210111634","CI&T (Brasil)","Brazil","BR","-22.816556930541992","-47.04610061645508","company","","South America","0.57"
"I2801112325","Sahlgrenska University Hospital","Sweden","SE","57.70716094970703","11.966790199279783","other","100.0","Europe","100.0"
"I139759216","Beijing University of Posts and Telecommunications","China","CN","39.907501220703125","116.39723205566406","education","100.0","Asia","100.0"
"I4210147263","Material Measurement Laboratory","United States","US","39.14018630981445","-77.2184829711914","government","100.0","North America","100.0"
"I204983213","Harbin Institute of Technology","China","CN","45.75","126.6500015258789","education","100.0","Asia","100.0"
"I4210108873","Hospital Universitario Araba","Spain","ES","42.85529327392578","-2.689424991607666","healthcare","100.0","Europe","100.0"
"I20272500","University of Basilicata","Italy","IT","40.64175033569336","15.807939529418944","education","100.0","Europe","100.0"
"I4387153096","Computer Vision Center","","","41.4910888671875","2.1407899856567383","other","100.0","","100.0"
"I196934937","Liaocheng University","China","CN","36.45064163208008","116.00247192382812","education","100.0","Asia","100.0"
"I4210103140","CCCC Highway Consultants (China)","China","CN","39.95840835571289","116.37806701660156","company","100.0","Asia","100.0"
"I4210114043","Henan Institute of Technology","China","CN","30.49999046325684","108.27278137207033","education","100.0","Asia","100.0"
"I54316950","University of Jendouba","Tunisia","TN","36.51171112060547","8.758075714111328","education","100.0","Africa","100.0"
"I93906172","Anyang University","South Korea","KR","37.39166641235352","126.9197235107422","education","100.0","Asia","100.0"
"I2801299839","Collins College","United States","US","33.40378189086914","-111.9862060546875","education","100.0","North America","100.0"
"I4210159029","Guangzhou HKUST Fok Ying Tung Research Institute","China","CN","22.749744415283203","113.60736083984376","facility","100.0","Asia","100.0"
"I4210145126","Aditya Birla (India)","India","IN","19.010974884033203","72.822265625","company","100.0","Asia","100.0"
"I5388228","University of Rochester","United States","US","43.154781341552734","-77.61556243896484","education","100.0","North America","100.0"
"I177001074","Acharya Nagarjuna University","India","IN","16.375347137451172","80.52830505371094","education","100.0","Asia","100.0"
"I4210128053","Institute of Remote Sensing and Digital Earth","China","CN","39.907501220703125","116.39723205566406","facility","100.0","Asia","100.0"
"I904467727","Himachal Pradesh University","India","IN","31.11113929748535","77.14120483398438","education","100.0","Asia","100.0"
"I4210089639","Suihua University","China","CN","46.657657623291016","126.97615814208984","education","","Asia","68.31"
"I102248843","Vienna University of Economics and Business","Austria","AT","48.20848846435547","16.372079849243164","education","100.0","Europe","100.0"
"I4210165014","Polytechnic Institute of Portalegre","Portugal","PT","39.29378890991211","-7.431220054626465","education","100.0","Europe","100.0"
"I4210144804","Laboratoire de Recherche en Informatique","France","FR","48.68333053588867","2.133330106735229","facility","100.0","Europe","100.0"
"I49451733","Université d'Angers","France","FR","47.471561431884766","-0.5520200133323669","education","100.0","Europe","100.0"
"I4210096498","Presbyterian Hospital","United States","US","35.08176803588867","-106.6355438232422","healthcare","100.0","North America","100.0"
"I110440473","Xi'an University of Science and Technology","China","CN","34.258331298828125","108.9286117553711","education","100.0","Asia","100.0"
"I2799838188","Toronto Rehabilitation Institute","Canada","CA","43.70011138916016","-79.41629791259766","healthcare","100.0","North America","100.0"
"I4210095701","Fondazione Istituto Neurologico Nazionale Casimiro Mondino","Italy","IT","45.20343780517578","9.139927864074709","facility","100.0","Europe","100.0"
"I4210134900","Jena University Hospital","Germany","DE","50.92877960205078","11.589900016784668","healthcare","100.0","Europe","100.0"
"I4210089056","Beijing Microelectronics Technology Institute","China","CN","39.80937194824219","116.40118408203124","other","100.0","Asia","100.0"
"I123431417","Scripps Research Institute","United States","US","32.7157096862793","-117.16471862792967","nonprofit","100.0","North America","100.0"
"I3141939062","Institute for Information Industry","Taiwan","TW","25.047760009765625","121.53185272216795","nonprofit","461.0","Asia","86.29"
"I4210105350","N.N. Krasovskii Institute of Mathematics and Mechanics of the Ural Branch of the Russian Academy of Sciences","Russia","RU","56.851898193359375","60.61220169067383","facility","100.0","Europe","100.0"
"I4210146628","BioInnovation Institute","Denmark","DK","55.69607925415039","12.566587448120115","nonprofit","","Europe","40.61"
"I4210157587","Exfo Electro-Optical Engineering (Canada)","Canada","CA","46.81432342529297","-71.27127838134766","company","","North America","12.12"
"I89466785","Minia University","Egypt","EG","28.091930389404297","30.758129119873047","education","100.0","Africa","100.0"
"I152171566","Aetna (United States)","United States","US","41.75943374633789","-72.66826629638672","company","","North America","56.45"
"I4210085861","CEA LIST","France","FR","48.71828079223633","2.249799966812134","government","100.0","Europe","100.0"
"I4391012567","Southern Marine Science and Engineering Guangdong Laboratory (Zhuhai)","","","22.276939392089844","113.56777954101562","facility","100.0","","100.0"
"I1310145890","International Monetary Fund","United States","US","38.89876937866211","-77.04376983642578","other","100.0","North America","100.0"
"I4401727007","Hikvision (China)","China","CN","30.293649673461918","120.1614227294922","company","","Asia","13.28"
"I2801402630","Seoul Metropolitan Government","South Korea","KR","37.56600189208984","126.97840118408205","government","100.0","Asia","100.0"
"I926574661","Leipzig University","Germany","DE","51.33961868286133","12.37129020690918","education","100.0","Europe","100.0"
"I100930933","University College Dublin","Ireland","IE","53.33306121826172","-6.248889923095703","education","100.0","Europe","100.0"
"I3133134087","Lanzhou Jiaotong University","China","CN","36.057010650634766","103.8398666381836","education","100.0","Asia","100.0"
"I4391767962","Deutschen Konsortium für Translationale Krebsforschung","","","49.40768051147461","8.690790176391602","facility","100.0","","100.0"
"I197185219","Istanbul Kültür University","Turkey","TR","41.01383972167969","28.94965934753418","education","100.0","Asia","100.0"
"I4210145905","Idener (Spain)","Spain","ES","37.4794807434082","-5.910130023956299","company","","Europe","7.47"
"I2800838116","Al Maarif University College","Iraq","IQ","33.42055892944336","43.30778121948242","education","826.0","Asia","75.09"
"I1314466530","Tokai University","Japan","JP","35.68949890136719","139.69171142578125","education","100.0","Asia","100.0"
"I4391767838","State Key Laboratory of Industrial Control Technology","","","30.293649673461918","120.1614227294922","facility","100.0","","100.0"
"I1286857134","National Museums Liverpool","United Kingdom","GB","53.4095573425293","-2.9847419261932373","archive","","Europe","29.98"
"I204824540","University of Wollongong","Australia","AU","-34.42399978637695","150.89344787597656","education","100.0","Oceania","100.0"
"I44565152","Doon University","India","IN","30.267807006835938","78.04593658447266","education","100.0","Asia","100.0"
"I39565521","Office of Science","United States","US","38.895111083984375","-77.03636932373047","government","100.0","North America","100.0"
"I4210095594","Universidad de Occidente","Mexico","MX","25.816499710083008","-108.9630889892578","education","","North America","58.96"
"I200845125","Nanjing University of Information Science and Technology","China","CN","32.061668395996094","118.77777862548828","education","100.0","Asia","100.0"
"I4210146027","Leibniz Institute for Agricultural Engineering and Bioeconomy","Germany","DE","52.43834686279297","13.012527465820312","facility","100.0","Europe","100.0"
"I125680101","Turing Institute","United Kingdom","GB","55.86217498779297","-4.243517875671387","facility","100.0","Europe","100.0"
"I62853816","Beijing University of Civil Engineering and Architecture","China","CN","39.907501220703125","116.39723205566406","education","100.0","Asia","100.0"
"I99121787","MacDiarmid Institute for Advanced Materials and Nanotechnology","New Zealand","NZ","-41.283329010009766","174.76666259765625","facility","100.0","Oceania","100.0"
"I2799452589","Royal Devon & Exeter NHS Foundation Trust","United Kingdom","GB","50.702110290527344","-3.47790002822876","other","100.0","Europe","100.0"
"I181697535","SUNY Downstate Health Sciences University","United States","US","40.65010070800781","-73.94957733154297","education","100.0","North America","100.0"
"I4210153182","Zigong First People's Hospital","China","CN","29.34161949157715","104.77689361572266","healthcare","100.0","Asia","100.0"
"I4210162037","General University Hospital in Prague","Czech Republic","CZ","50.08803939819336","14.42076015472412","other","100.0","Europe","100.0"
"I3132818693","Baze University","Nigeria","NG","9.057849884033203","7.49507999420166","education","","Africa","68.94"
"I9842412","Nanjing University of Aeronautics and Astronautics","China","CN","32.061668395996094","118.77777862548828","education","100.0","Asia","100.0"
"I111088046","Boston University","United States","US","42.358428955078125","-71.05976867675781","education","100.0","North America","100.0"
"I4210121365","Leibniz Institute for Analytical Sciences - ISAS","Germany","DE","51.51493835449219","7.466000080108643","facility","100.0","Europe","100.0"
"I4210130930","Peking University First Hospital","China","CN","39.907501220703125","116.39723205566406","healthcare","17.0","Asia","100.0"
"I2801185773","Hunter Water","Australia","AU","-32.92953109741211","151.7801055908203","other","100.0","Oceania","100.0"
"I43427933","Federal University Oye Ekiti","Nigeria","NG","7.79148006439209","5.508649826049805","education","100.0","Africa","100.0"
"I4210088426","Gachon University Gil Medical Center","South Korea","KR","37.45270919799805","127.13262939453124","other","100.0","Asia","100.0"
"I385303915","Wroclaw Medical University","Poland","PL","51.09999847412109","17.0333309173584","education","100.0","Europe","100.0"
"I195460627","University of Aberdeen","United Kingdom","GB","57.1436882019043","-2.098140001296997","education","100.0","Europe","100.0"
"I4210142502","ProThera Biologics (United States)","United States","US","41.81844329833984","-71.40774536132812","company","","North America","15.39"
"I4210114963","Chinese Academy of Surveying and Mapping","China","CN","39.89630508422852","116.296142578125","facility","100.0","Asia","100.0"
"I4210141930","Unité de catalyse et de chimie du solide de Lille","France","FR","50.63296890258789","3.058579921722412","facility","100.0","Europe","100.0"
"I4210113742","Gubra (Denmark)","Denmark","DK","55.86859893798828","12.499406814575195","company","","Europe","33.63"
"I4210115810","Infineum (United Kingdom)","United Kingdom","GB","51.609596252441406","-1.3177590370178225","company","","Europe","14.8"
"I4210111188","Universidade Paulista","Brazil","BR","-23.943435668945312","-46.33188247680664","education","100.0","South America","100.0"
"I94951947","University of Westminster","United Kingdom","GB","51.52202224731445","-0.1546089947223663","education","100.0","Europe","100.0"
"I1288783943","Bureau of Economic Analysis","United States","US","38.903995513916016","-77.03369140625","government","100.0","North America","100.0"
"I4210102982","Centre for Research in Engineering Surface Technology","Ireland","IE","53.3360710144043","-6.266777038574219","other","100.0","Europe","100.0"
"I4210142748","Shandong Academy of Sciences","China","CN","36.66833114624024","116.99722290039062","education","100.0","Asia","100.0"
"I137996928","Selçuk University","Turkey","TR","37.8713493347168","32.48463821411133","education","100.0","Asia","100.0"
"I4210108991","IQVIA (United States)","United States","US","35.88074493408203","-78.84063720703125","company","100.0","North America","100.0"
"I2802242118","Holistic Management International","United States","US","35.15190124511719","-106.5928726196289","nonprofit","","North America","32.79"
"I130309236","Kafrelsheikh University","Egypt","EG","31.111740112304688","30.939910888671875","education","100.0","Africa","100.0"
"I3970730","University of Calabar","Nigeria","NG","4.952487945556641","8.340627670288086","education","100.0","Africa","100.0"
"I178133122","Fraser Health","Canada","CA","49.10634994506836","-122.82508850097656","healthcare","100.0","North America","100.0"
"I4210121440","Moroccan Foundation for Advanced Science, Innovation and Research","Morocco","MA","34.01324844360352","-6.832550048828125","nonprofit","100.0","Africa","100.0"
"I90060838","Africa Rice Center","BJ","BJ","6.421364784240723","2.3282649517059326","nonprofit","157.0","Other","97.11"
"I1312222531","Agricultural Research Service","United States","US","38.895111083984375","-77.03636932373047","government","100.0","North America","100.0"
"I105991555","Jingdezhen Ceramic Institute","China","CN","29.294700622558597","117.20789337158205","education","100.0","Asia","100.0"
"I887998513","Bharati Vidyapeeth Deemed University","India","IN","18.519569396972656","73.8553466796875","education","100.0","Asia","100.0"
"I2799761305","Government Medical College Thoothukudi","India","IN","8.787220001220703","78.11719512939453","education","","Asia","69.75"
"I4210157357","University of Ss. Cyril and Methodius in Trnava","Slovakia","SK","48.37741088867188","17.587230682373047","education","100.0","Europe","100.0"
"I25010766","Haliç University","Turkey","TR","41.05629348754883","28.95106315612793","education","100.0","Asia","100.0"
"I4210106545","Research Centre Inria Sophia Antipolis - Méditerranée","France","FR","43.63291931152344","6.999110221862793","government","100.0","Europe","100.0"
"I154130895","University of Auckland","New Zealand","NZ","-36.84852981567383","174.76348876953125","education","100.0","Oceania","100.0"
"I4210096135","Ross School","United States","US","40.96875762939453","-72.24224090576172","education","100.0","North America","100.0"
"I99297268","University of Hassan II Casablanca","Morocco","MA","33.58831024169922","-7.611380100250244","education","100.0","Africa","100.0"
"I4210131804","National Taiwan University Hospital","Taiwan","TW","25.04271507263184","121.5175552368164","healthcare","100.0","Asia","100.0"
"I4210162703","North Atlantic Treaty Organization","Belgium","BE","50.85044860839844","4.348780155181885","other","100.0","Europe","100.0"
"I4210116649","Inland Norway University of Applied Sciences","Norway","NO","60.88190841674805","11.562310218811035","education","100.0","Europe","100.0"
"I41125697","AgResearch","New Zealand","NZ","-43.64131164550781","172.47125244140625","government","100.0","Oceania","100.0"
"I4210111036","Phenikaa (Vietnam)","Vietnam","VN","20.98444366455078","105.53697204589844","company","","Asia","39.34"
"I189268942","Universidad de Alcalá","Spain","ES","40.482051849365234","-3.3599600791931152","education","100.0","Europe","100.0"
"I864998749","National Institute of Industrial Engineering","India","IN","19.072830200195312","72.88260650634766","education","100.0","Asia","100.0"
"I91221267","Minnesota State Colleges and Universities System","United States","US","44.94440841674805","-93.09326934814452","education","","North America","57.56"
"I16292982","National Institute of Technology Rourkela","India","IN","22.22496032714844","84.86414337158203","education","100.0","Asia","100.0"
"I2608206482","Universitas Ahmad Dahlan","Indonesia","ID","-7.801390171051025","110.3647232055664","education","100.0","Asia","100.0"
"I2746051580","Université Paris Sciences et Lettres","France","FR","48.85340881347656","2.34879994392395","education","100.0","Europe","100.0"
"I4210142109","Rosenheim Technical University of Applied Sciences","Germany","DE","47.85636901855469","12.122469902038574","education","","Europe","52.79"
"I4391012587","Politeknik Negeri Sriwijaya","","","-2.9167299270629883","104.74579620361328","education","100.0","","100.0"
"I4210159497","Ontario Brain Institute","Canada","CA","43.70011138916016","-79.41629791259766","nonprofit","100.0","North America","100.0"
"I206509152","Cape Coast Technical University","Ghana","GH","5.153707981109619","-1.279253005981445","education","","Africa","40.32"
"I4210150398","Hunan University of Finance and Economics","China","CN","28.198740005493164","112.97087097167967","education","100.0","Asia","100.0"
"I4401726822","Ping An (China)","China","CN","22.54553985595703","114.06829833984376","company","811.0","Asia","75.55"
"I4210148510","Ministry of Local Government, Rural Development and Co-operatives","Bangladesh","BD","23.729507446289062","90.40898895263672","government","","Asia","29.59"
"I39694355","Hunter College","United States","US","40.71427154541016","-74.00596618652344","education","100.0","North America","100.0"
"I221342038","Kerala University of Fisheries and Ocean Studies","India","IN","9.910599708557127","76.31719970703125","education","242.0","Asia","93.59"
"I90960554","Matsumoto Dental University","Japan","JP","36.09999847412109","137.9666748046875","education","100.0","Asia","100.0"
"I84058292","Helwan University","Egypt","EG","29.86666679382324","31.31666755676269","education","100.0","Africa","100.0"
"I2800824516","Singapore Immunology Network","Singapore","SG","1.2896699905395508","103.85006713867188","facility","100.0","Asia","100.0"
"I4391768007","State Key Laboratory of Oncology in South China","","","23.116670608520508","113.25","facility","100.0","","100.0"
"I189462010","Universiti Brunei Darussalam","BN","BN","4.890349864959717","114.9400634765625","education","100.0","Other","100.0"
"I4210124878","Eneos (Japan)","Japan","JP","35.669151306152344","139.75445556640625","company","840.0","Asia","74.68"
"I4392738278","Beijing Institute for General Artificial Intelligence","China","CN","39.907501220703125","116.39723205566406","facility","","Asia","12.87"
"I18452120","Yantai University","China","CN","37.47649002075195","121.44081115722656","education","100.0","Asia","100.0"
"I1323219464","Rajarajeswari Medical College and Hospital","India","IN","12.896531105041504","77.46163940429688","education","100.0","Asia","100.0"
"I61628605","Smith-Kettlewell Eye Research Institute","United States","US","37.79127502441406","-122.4342269897461","nonprofit","1.0","North America","100.0"
"I4210150297","Institute of Business Management","Pakistan","PK","24.86079978942871","67.0103988647461","education","100.0","Asia","100.0"
"I176790666","Funai Electric (Japan)","Japan","JP","34.70504379272461","135.63827514648438","company","","Asia","30.9"
"I4210154623","Centre Hospitalier Universitaire de Rouen","France","FR","49.44313049316406","1.0993200540542605","healthcare","100.0","Europe","100.0"
"I187453708","Institute for High Energy Physics","Spain","ES","41.388790130615234","2.158989906311035","other","100.0","Europe","100.0"
"I4210093348","Jawaharlal Nehru Medical College","India","IN","26.468433380126957","74.63516998291016","education","100.0","Asia","100.0"
"I4210094233","Suzhou Kowloon Hospital","China","CN","31.32883071899414","120.72632598876952","healthcare","","Asia","40.34"
"I2802464703","Max Super Speciality Hospital","India","IN","28.52751350402832","77.21146392822266","healthcare","100.0","Asia","100.0"
"I4210147433","Beijing Friendship Hospital","China","CN","39.907501220703125","116.39723205566406","healthcare","100.0","Asia","100.0"
"I12553626","University of Zululand","South Africa","ZA","-28.76197052001953","31.89328956604004","education","100.0","Africa","100.0"
"I4394709157","Eastern Institute of Technology, Ningbo","","","29.878189086914062","121.54945373535156","education","","","32.77"
"I4210115584","Sacred Heart College","India","IN","9.93988037109375","76.26022338867188","education","100.0","Asia","100.0"
"I204275683","Satbayev University","Kazakhstan","KZ","43.25","76.91667175292969","education","100.0","Asia","100.0"
"I4210155744","National University of Civil Defense of Ukraine","Ukraine","UA","50.011905670166016","36.24748611450195","education","100.0","Europe","100.0"
"I24062138","Konkuk University","South Korea","KR","37.54194259643555","127.07638549804688","education","100.0","Asia","100.0"
"I185808892","Polytechnic Institute of Cávado and Ave","Portugal","PT","41.53173828125","-8.618430137634277","education","100.0","Europe","100.0"
"I3131550300","Université Toulouse-I-Capitole","France","FR","43.6042594909668","1.4436700344085691","education","100.0","Europe","100.0"
"I2801312332","Xinjiang Production and Construction Corps","China","CN","43.80096054077149","87.60045623779297","nonprofit","100.0","Asia","100.0"
"I2800033600","European Society for Medical Oncology","Switzerland","CH","46.01276397705078","8.964263916015625","nonprofit","","Europe","35.56"
"I19630809","Mario Negri Institute for Pharmacological Research","Italy","IT","45.46427154541016","9.189510345458984","nonprofit","100.0","Europe","100.0"
"I177725633","Chinese University of Hong Kong","China","CN","22.419721603393555","114.20679473876952","education","27.0","Asia","100.0"
"I4210146449","MRC University of Glasgow Centre for Virus Research","United Kingdom","GB","55.90294647216797","-4.317486763000488","government","100.0","Europe","100.0"
"I40246663","Chinese Academy of Engineering","China","CN","39.907501220703125","116.39723205566406","other","100.0","Asia","100.0"
"I27963644","HHL Leipzig Graduate School of Management","Germany","DE","51.33961868286133","12.37129020690918","education","252.0","Europe","93.24"
"I4210140519","Korean Association Of Science and Technology Studies","South Korea","KR","37.56034851074219","126.99635314941406","other","100.0","Asia","100.0"
"I121296143","Hunan University of Science and Technology","China","CN","27.850000381469727","112.9000015258789","education","100.0","Asia","100.0"
"I28777354","Sejong University","South Korea","KR","37.55083465576172","127.07389068603516","education","100.0","Asia","100.0"
"I57913696","Istanbul Medeniyet University","Turkey","TR","41.01383972167969","28.94965934753418","education","100.0","Asia","100.0"
"I162030827","Thapar Institute of Engineering & Technology","India","IN","30.33625030517578","76.39219665527344","education","100.0","Asia","100.0"
"I131434179","Nanjing University of Chinese Medicine","China","CN","32.061668395996094","118.77777862548828","education","100.0","Asia","100.0"
"I187560010","University of Béjaïa","Algeria","DZ","36.7558708190918","5.084330081939697","education","100.0","Africa","100.0"
"I1316064682","LinkedIn (United States)","United States","US","37.39273071289063","-122.040771484375","company","547.0","North America","83.57"
"I4210140564","Istituto Nazionale di Fisica Nucleare, Sezione di Milano Bicocca","Italy","IT","45.46427154541016","9.189510345458984","facility","9.0","Europe","100.0"
"I878022262","Korea Institute of Science & Technology Information","South Korea","KR","36.34912872314453","127.38493347167967","facility","100.0","Asia","100.0"
"I148283060","Lawrence Berkeley National Laboratory","United States","US","37.87158966064453","-122.2727508544922","facility","10.0","North America","100.0"
"I126477371","Mohammed V University","Morocco","MA","34.01324844360352","-6.832550048828125","education","100.0","Africa","100.0"
"I18452974","Letterkenny Institute of Technology","Ireland","IE","54.95000076293945","-7.733329772949219","education","100.0","Europe","100.0"
"I2799975090","Socièté Nationale de l'Electricité et du Gaz","Algeria","DZ","36.754730224609375","3.058706998825073","government","","Africa","5.38"
"I16076960","COMSATS University Islamabad","Pakistan","PK","33.6528434753418","73.15654754638672","education","100.0","Asia","100.0"
"I4210098205","State Key Laboratory of Oil and Gas Reservoir Geology and Exploitation","China","CN","30.66666984558105","104.0666732788086","facility","100.0","Asia","100.0"
"I2801075670","Massachusetts Mental Health Center","United States","US","42.33611297607422","-71.1087875366211","healthcare","100.0","North America","100.0"
"I54459138","University of Salford","United Kingdom","GB","53.48770904541016","-2.2904200553894043","education","100.0","Europe","100.0"
"I29607241","École Normale Supérieure - PSL","France","FR","48.85340881347656","2.34879994392395","other","100.0","Europe","100.0"
"I4210115145","University of Minnesota, Duluth","United States","US","46.81829452514648","-92.08257293701172","education","100.0","North America","100.0"
"I4210105455","Istituto Nazionale di Fisica Nucleare, Sezione di Padova","Italy","IT","45.4079704284668","11.885860443115234","facility","9.0","Europe","100.0"
"I69181431","Universidad de las Américas Puebla","Mexico","MX","19.05143928527832","-98.29525756835938","education","100.0","North America","100.0"
"I141945490","University of British Columbia","Canada","CA","49.24966049194336","-123.1193389892578","education","35.0","North America","100.0"
"I44839336","Universidade Católica Dom Bosco","Brazil","BR","-20.442779541015625","-54.64638900756836","education","100.0","South America","100.0"
"I4210096899","Jiangsu University of Science and Technology","China","CN","32.21086120605469","119.455078125","education","100.0","Asia","100.0"
"I4210153546","Flatiron Health (United States)","United States","US","40.71427154541016","-74.00596618652344","company","100.0","North America","100.0"
"I71999127","Universitat de Barcelona","Spain","ES","41.388790130615234","2.158989906311035","education","100.0","Europe","100.0"
"I3121512035","Universidad Autónoma de Chile","Chile","CL","-33.426204681396484","-70.61126708984375","education","100.0","South America","100.0"
"I41198531","Nanjing University of Posts and Telecommunications","China","CN","32.080501556396484","118.76499938964844","education","100.0","Asia","100.0"
"I151808059","Colorado School of Public Health","United States","US","39.72943115234375","-104.83191680908205","education","100.0","North America","100.0"
"I96195991","German University of Administrative Sciences","Germany","DE","49.31732177734375","8.416153907775879","education","913.0","Europe","72.48"
"I4210146089","Biotherapy of Genetic Diseases, Inflammatory Disorders and Cancers","France","FR","44.84043884277344","-0.5805000066757202","facility","100.0","Europe","100.0"
"I145581781","Chongqing Technology and Business University","China","CN","29.56026077270508","106.55770874023438","education","100.0","Asia","100.0"
"I4210161700","Kobe City Medical Center General Hospital","Japan","JP","34.69129943847656","135.18299865722656","healthcare","100.0","Asia","100.0"
"I4210117535","Cognizant (India)","India","IN","19.11197280883789","72.91112518310547","company","","Asia","34.28"
"I4210152724","Institut du Cerveau","France","FR","48.85340881347656","2.34879994392395","facility","100.0","Europe","100.0"
"I198445264","Arcada University of Applied Sciences","Finland","FI","60.16952133178711","24.935449600219727","education","","Europe","42.81"
"I170215575","National University of Defense Technology","China","CN","28.198740005493164","112.97087097167967","education","100.0","Asia","100.0"
"I265519392","Erzurum Technical University","Turkey","TR","39.90861129760742","41.27693939208984","education","100.0","Asia","100.0"
"I4210112946","Shanghai Institute of Organic Chemistry","China","CN","31.22221946716309","121.45806121826172","facility","100.0","Asia","100.0"
"I4210136497","Jilin Medical University","China","CN","43.80674362182617","126.56061553955078","education","100.0","Asia","100.0"
"I4387152492","Vaagdevi College of Engineering","","","17.891780853271484","79.61514282226562","education","","","26.67"
"I1315456113","Vinh University","Vietnam","VN","18.660898208618164","105.69447326660156","education","100.0","Asia","100.0"
"I4210128533","State Key Joint Laboratory of Environment Simulation and Pollution Control","China","CN","39.92256164550781","116.408447265625","facility","100.0","Asia","100.0"
"I196355604","National Research Tomsk State University","Russia","RU","56.46939849853516","84.94750213623047","education","100.0","Europe","100.0"
"I4210103627","BaiCheng Normal University","China","CN","45.62193298339844","122.83795928955078","education","100.0","Asia","100.0"
"I26437253","Örebro University","Sweden","SE","59.27412033081055","15.206600189208984","education","100.0","Europe","100.0"
"I201873833","Dongyang University","South Korea","KR","36.88318634033203","128.53369140625","education","","Asia","43.85"
"I4210158752","Montreal Clinical Research Institute","Canada","CA","45.50883865356445","-73.58780670166016","facility","100.0","North America","100.0"
"I3129293551","Tarim University","China","CN","40.54640197753906","81.28889465332031","education","100.0","Asia","100.0"
"I149919469","California Polytechnic State University","United States","US","35.28274917602539","-120.6596221923828","education","100.0","North America","100.0"
"I4210136859","Xi’an University of Posts and Telecommunications","China","CN","34.258331298828125","108.9286117553711","education","100.0","Asia","100.0"
"I75619284","Universidade Positivo","Brazil","BR","-25.446666717529297","-49.35861206054688","education","100.0","South America","100.0"
"I4210099512","Second Affiliated Hospital & Yuying Children's Hospital of Wenzhou Medical University","China","CN","28.00654602050781","120.67172241210938","healthcare","100.0","Asia","100.0"
"I161371597","Universiti of Malaysia Sabah","Malaysia","MY","5.974899768829346","116.07240295410156","education","100.0","Asia","100.0"
"I165831266","Nirma University","India","IN","23.025789260864254","72.58727264404297","education","100.0","Asia","100.0"
"I2801253297","Southmead Hospital","United Kingdom","GB","51.49700164794922","-2.594000101089477","healthcare","100.0","Europe","100.0"
"I39343248","Humboldt-Universität zu Berlin","Germany","DE","52.52436828613281","13.410530090332031","education","100.0","Europe","100.0"
"I138847295","Universitat Oberta de Catalunya","Spain","ES","41.388790130615234","2.158989906311035","education","100.0","Europe","100.0"
"I74897591","Marmara University","Turkey","TR","41.01383972167969","28.94965934753418","education","100.0","Asia","100.0"
"I4210126319","Duke-NUS Medical School","Singapore","SG","1.2896699905395508","103.85006713867188","education","8.0","Asia","100.0"
"I21740220","Centro Internacional de Mejoramiento de Maíz Y Trigo","Mexico","MX","19.511940002441406","-98.88292694091795","nonprofit","100.0","North America","100.0"
"I4210115256","Jackson Laboratory","United States","US","44.38758087158203","-68.20390319824219","nonprofit","100.0","North America","100.0"
"I32686375","Danish Meteorological Institute","Denmark","DK","55.67594146728516","12.565529823303224","facility","100.0","Europe","100.0"
"I185523456","University of Southern Queensland","Australia","AU","-27.56056022644043","151.953857421875","education","100.0","Oceania","100.0"
"I197081775","Annamalai University","India","IN","11.391782760620115","79.71320343017578","education","100.0","Asia","100.0"
"I4210144776","Earth System Science Interdisciplinary Center","United States","US","38.98067092895508","-76.93692016601562","facility","100.0","North America","100.0"
"I2800991225","Royal Ottawa Mental Health Centre","Canada","CA","45.411170959472656","-75.6981201171875","healthcare","100.0","North America","100.0"
"I880774266","Littelfuse (United States)","United States","US","41.98667526245117","-87.84537506103516","company","","North America","48.85"
"I193531525","George Washington University","United States","US","38.895111083984375","-77.03636932373047","education","100.0","North America","100.0"
"I3133055985","Westlake University","China","CN","30.293649673461918","120.1614227294922","education","100.0","Asia","100.0"
"I4391767778","State Key Laboratory of Turbulence and Complex Systems","","","39.907501220703125","116.39723205566406","facility","100.0","","100.0"
"I196021976","Walter and Eliza Hall Institute of Medical Research","Australia","AU","-37.81399917602539","144.96331787109375","nonprofit","100.0","Oceania","100.0"
"I76756774","Texas A&M University – Central Texas","United States","US","31.11712074279785","-97.72779846191406","education","","North America","45.88"
"I4210124274","Fraunhofer Institute for Integrated Circuits","Germany","DE","49.54682922363281","11.019344329833984","facility","100.0","Europe","100.0"
"I98285908","Osaka University","Japan","JP","34.69374084472656","135.50218200683594","education","100.0","Asia","100.0"
"I2800229700","Helsinki Institute of Physics","Finland","FI","60.16952133178711","24.935449600219727","facility","100.0","Europe","100.0"
"I45935490","National Institute of Water and Atmospheric Research","New Zealand","NZ","-36.84402847290039","174.76171875","facility","100.0","Oceania","100.0"
"I192597271","MRC Cognition and Brain Sciences Unit","United Kingdom","GB","52.19260025024414","0.1191999986767768","facility","100.0","Europe","100.0"
"I4210134769","University of Pittsburgh Medical Center","United States","US","40.44062042236328","-79.99588775634766","healthcare","100.0","North America","100.0"
"I75955062","Henan Normal University","China","CN","35.32438278198242","113.92017364501952","education","100.0","Asia","100.0"
"I3125470973","Istanbul Medipol University","Turkey","TR","41.01383972167969","28.94965934753418","education","100.0","Asia","100.0"
"I4210150309","Research Center for Natural Resources, Environment and Society","Portugal","PT","40.21342849731445","-8.452033042907715","facility","144.0","Europe","97.76"
"I2801628138","Frankfurt Institute for Advanced Studies","Germany","DE","50.17300033569336","8.626999855041504","facility","100.0","Europe","100.0"
"I3132934759","Kalaidos University of Applied Sciences","Switzerland","CH","47.41552734375","8.543835639953613","education","","Europe","20.07"
"I12393601","Huaihua University","China","CN","27.56336975097656","110.00404357910156","education","100.0","Asia","100.0"
"I117015748","Purdue University Northwest","United States","US","41.61753082275391","-87.47512817382812","education","95.0","North America","100.0"
"I4210092089","Vehicle Technologies Office","United States","US","38.895111083984375","-77.03636932373047","government","","North America","63.71"
"I63533367","General Atomics (United States)","United States","US","32.7157096862793","-117.16471862792967","company","100.0","North America","100.0"
"I4210142044","VinUniversity","Vietnam","VN","20.98925018310547","105.94357299804688","education","261.0","Asia","92.94"
"I2802705668","United States Army Combat Capabilities Development Command","United States","US","39.46686172485352","-76.13066101074219","other","100.0","North America","100.0"
"I223464139","Linnaeus University","Sweden","SE","56.87767028808594","14.809060096740724","education","100.0","Europe","100.0"
"I165951966","The University of Texas Health Science Center at San Antonio","United States","US","29.42411994934082","-98.4936294555664","education","100.0","North America","100.0"
"I92834545","École Supérieure de Commerce de Rennes","France","FR","48.11198043823242","-1.6742899417877195","education","100.0","Europe","100.0"
"I4210142395","Torrens University Australia","Australia","AU","-34.927703857421875","138.60400390625","education","100.0","Oceania","100.0"
"I4210135375","Nutrition Sciences (Belgium)","Belgium","BE","51.04168701171875","3.60225510597229","company","100.0","Europe","100.0"
"I4210153930","Guangdong Provincial People's Hospital","China","CN","23.116670608520508","113.25","healthcare","100.0","Asia","100.0"
"I16365422","Hefei University of Technology","China","CN","31.863889694213867","117.28083038330078","education","100.0","Asia","100.0"
"I180664298","Federal University of Technology","Nigeria","NG","7.252560138702393","5.193120002746582","education","100.0","Africa","100.0"
"I114832834","Tulane University","United States","US","29.95465087890625","-90.0750732421875","education","100.0","North America","100.0"
"I51281103","Indian Institute of Remote Sensing","India","IN","30.34075927734375","78.04402160644531","government","100.0","Asia","100.0"
"I76214153","Lanzhou University","China","CN","36.057010650634766","103.8398666381836","education","100.0","Asia","100.0"
"I51579864","Stryker (United States)","United States","US","42.24191284179688","-85.55619049072266","company","100.0","North America","100.0"
"I2801109035","ARM (United Kingdom)","United Kingdom","GB","52.20000076293945","0.1166699975728988","company","","Europe","48.68"
"I39642139","Kermanshah University of Medical Sciences","Iran","IR","34.314170837402344","47.06499862670898","education","100.0","Asia","100.0"
"I4210149920","William Harvey Research Institute","United Kingdom","GB","51.50852966308594","-0.1257400065660476","facility","100.0","Europe","100.0"
"I4210116741","Innopolis University","Russia","RU","55.74982070922852","48.74753952026367","education","100.0","Europe","100.0"
"I4210091274","Cégep de Lévis","Canada","CA","46.803260803222656","-71.17793273925781","education","","North America","28.84"
"I65146876","Quaid-e-Awam University of Engineering, Science and Technology","Pakistan","PK","26.239389419555664","68.4036865234375","education","100.0","Asia","100.0"
"I36622005","Petra University","Jordan","JO","31.955219268798828","35.945030212402344","education","100.0","Asia","100.0"
"I4210152024","Instituto de Física de Cantabria","Spain","ES","43.4647216796875","-3.8044400215148926","facility","100.0","Europe","100.0"
"I1283280774","Brigham and Women's Hospital","United States","US","42.358428955078125","-71.05976867675781","healthcare","100.0","North America","100.0"
"I4210114883","Tempus Labs (United States)","United States","US","41.89753341674805","-87.64557647705078","company","990.0","North America","70.15"
"I177833724","Virginia Union University","United States","US","37.562721252441406","-77.45083618164062","education","","North America","15.85"
"I47726972","Universidad Autónoma de Occidente","Colombia","CO","3.4372200965881348","-76.52249908447266","education","100.0","South America","100.0"
"I70764802","National Polytechnic School","Ecuador","EC","-0.2298499941825866","-78.52494812011719","education","100.0","South America","100.0"
"I4210132449","The Royal College Of Anesthesiologists Of Thailand","Thailand","TH","13.748160362243652","100.58480834960938","education","100.0","Asia","100.0"
"I4210163248","Institute of Marine Geology and Geophysics","Vietnam","VN","21.04606437683105","105.7936019897461","facility","986.0","Asia","70.25"
"I4210121077","Cancer Research Institute of the Slovak Academy of Sciences","Slovakia","SK","48.14815902709961","17.106740951538086","facility","100.0","Europe","100.0"
"I205051169","Kingston University","United Kingdom","GB","51.50852966308594","-0.1257400065660476","education","100.0","Europe","100.0"
"I100005738","Brigham Young University","United States","US","40.23384094238281","-111.65853118896484","education","100.0","North America","100.0"
"I50379099","Adana Science and Technology University","Turkey","TR","37.00553894042969","35.24934005737305","education","100.0","Asia","100.0"
"I4210121877","Institut de Recherche sur les Systèmes Atomiques et Moléculaires Complexes","France","FR","43.6042594909668","1.4436700344085691","facility","100.0","Europe","100.0"
"I4210158342","Intel (United Kingdom)","United Kingdom","GB","51.543094635009766","-1.77155601978302","company","100.0","Europe","100.0"
"I21945476","Shanghai Normal University","China","CN","31.22221946716309","121.45806121826172","education","100.0","Asia","100.0"
"I4210153376","Chung-Ang University Hospital","South Korea","KR","37.50680541992188","126.96076202392578","healthcare","100.0","Asia","100.0"
"I4388446367","Toronto General Hospital Research Institute","Canada","CA","43.70011138916016","-79.41629791259766","facility","247.0","North America","93.43"
"I4210089985","Amazon (Germany)","Germany","DE","52.51008987426758","13.398407936096191","company","100.0","Europe","100.0"
"I4210109412","Akdeniz University Hospital","Turkey","TR","36.89916229248047","30.665023803710938","healthcare","100.0","Asia","100.0"
"I2802789809","Edinburgh Royal Infirmary","United Kingdom","GB","55.9228515625","-3.1366419792175293","healthcare","100.0","Europe","100.0"
"I2800091995","West China Medical Center of Sichuan University","China","CN","30.574499130249023","104.06954956054688","healthcare","100.0","Asia","100.0"
"I86381314","Vikram University","India","IN","23.164257049560547","75.81336975097656","education","100.0","Asia","100.0"
"I202126657","Qufu Normal University","China","CN","35.5966682434082","116.9911117553711","education","100.0","Asia","100.0"
"I40413290","University of Gdańsk","Poland","PL","54.35226821899414","18.649120330810547","education","100.0","Europe","100.0"
"I4210089966","London School of Hygiene & Tropical Medicine","United Kingdom","GB","51.52090072631836","-0.1307000070810318","education","100.0","Europe","100.0"
"I4210135055","Institute of Information and Computational Technologies","Kazakhstan","KZ","43.24551773071289","76.95336151123047","facility","","Asia","55.14"
"I72816309","Drexel University","United States","US","39.9523811340332","-75.16361999511719","education","100.0","North America","100.0"
"I4391768043","State Key Laboratory of Oral Diseases","","","30.66666984558105","104.0666732788086","facility","100.0","","100.0"
"I4210092223","Suzhou Vocational University","China","CN","31.304079055786133","120.59538269042967","education","100.0","Asia","100.0"
"I4210086096","Haikou City People's Hospital","China","CN","20.06104278564453","110.34093475341795","healthcare","100.0","Asia","100.0"
"I1327969474","Statistics Austria","Austria","AT","48.18597030639648","16.423044204711914","government","100.0","Europe","100.0"
"I24603500","University of Massachusetts Amherst","United States","US","42.375370025634766","-72.51924896240234","education","100.0","North America","100.0"
"I160722675","New Zealand College of Chiropractic","New Zealand","NZ","-36.8997802734375","174.82696533203125","education","","Oceania","17.53"
"I4210089761","West China Hospital of Sichuan University","China","CN","30.66666984558105","104.0666732788086","healthcare","100.0","Asia","100.0"
"I48890080","Brandon University","Canada","CA","49.84692001342773","-99.95305633544922","education","100.0","North America","100.0"
"I4210167297","IBM Research - Haifa","Israel","IL","32.10221481323242","34.85060501098633","facility","100.0","Asia","100.0"
"I96062909","Babson College","United States","US","42.29648971557617","-71.29255676269531","education","100.0","North America","100.0"
"I102782458","Chittagong University of Engineering & Technology","Bangladesh","BD","22.33839988708496","91.83168029785156","education","100.0","Asia","100.0"
"I4210110849","Sichuan Tourism University","China","CN","30.66666984558105","104.0666732788086","education","403.0","Asia","88.21"
"I4210145955","Center for Advanced Internet Studies","Germany","DE","51.46221160888672","7.233389854431152","nonprofit","","Europe","6.42"
"I130294970","Częstochowa University of Technology","Poland","PL","50.79645919799805","19.12409019470215","education","100.0","Europe","100.0"
"I4210115570","National Space Science Center","China","CN","39.907501220703125","116.39723205566406","facility","100.0","Asia","100.0"
"I5518804","BRAC University","Bangladesh","BD","23.78043556213379","90.4071273803711","education","100.0","Asia","100.0"
"I4210103956","Third Affiliated Hospital of Harbin Medical University","China","CN","45.75","126.6500015258789","healthcare","100.0","Asia","100.0"
"I4210119410","Institute of Fundamental Technological Research","Poland","PL","52.206790924072266","20.98125267028809","facility","100.0","Europe","100.0"
"I338016083","University of Sadat City","Egypt","EG","30.369443893432617","30.497499465942383","education","100.0","Africa","100.0"
"I97626857","University of Birjand","Iran","IR","32.87666702270508","59.218055725097656","education","100.0","Asia","100.0"
"I162212782","Central State University","United States","US","39.71561050415039","-83.8783187866211","education","","North America","50.7"
"I2800142400","Skolkovo Moscow School of Management","Russia","RU","55.695579528808594","37.390506744384766","education","","Europe","11.69"
"I12450925","Nha Trang University","Vietnam","VN","12.245070457458496","109.19432067871094","education","100.0","Asia","100.0"
"I3124704065","University of Kurdistan","Iran","IR","35.31494903564453","46.99882888793945","education","100.0","Asia","100.0"
"I68171755","National Defense Medical Center","Taiwan","TW","25.070804595947266","121.59612274169922","healthcare","100.0","Asia","100.0"
"I4210149786","Jiangxi Institute Of Economic Administraors","China","CN","28.638702392578125","115.8045654296875","education","","Asia","14.34"
"I142444530","University of Trieste","Italy","IT","45.64952850341797","13.776780128479004","education","100.0","Europe","100.0"
"I133529467","Sharif University of Technology","Iran","IR","35.70386505126953","51.35158157348633","education","100.0","Asia","100.0"
"I4210105992","Qatar Science and Technology Park","Qatar","QA","25.32539939880371","51.43737411499024","archive","763.0","Asia","77.02"
"I179097149","University of Carthage","Tunisia","TN","36.8189697265625","10.165789604187012","education","100.0","Africa","100.0"
"I13469542","Vrije Universiteit Brussel","Belgium","BE","50.85044860839844","4.348780155181885","education","100.0","Europe","100.0"
"I27253931","Oklahoma City University","United States","US","35.495086669921875","-97.54198455810548","education","100.0","North America","100.0"
"I5188418","Laurea University of Applied Sciences","Finland","FI","60.29413986206055","25.040990829467773","education","100.0","Europe","100.0"
"I2800030765","Veterinary Medical Teaching Hospital","United States","US","38.5449104309082","-121.74051666259766","healthcare","100.0","North America","100.0"
"I4210120768","Maj Institute of Pharmacology","Poland","PL","50.093055725097656","19.885255813598636","facility","100.0","Europe","100.0"
"I4400600945","Anna University Regional Campus, Coimbatore","","","11.005550384521484","76.96611785888672","education","100.0","","100.0"
"I24354313","University of Buenos Aires","Argentina","AR","-34.61315155029297","-58.37723159790039","education","100.0","South America","100.0"
"I109736498","Canadian Institute for Advanced Research","Canada","CA","43.65538024902344","-79.3864517211914","facility","100.0","North America","100.0"
"I4210096295","University of Finance - Marketing","Vietnam","VN","10.751852989196776","106.7158660888672","education","","Asia","50.64"
"I126307644","University of Iowa","United States","US","41.661128997802734","-91.53016662597656","education","100.0","North America","100.0"
"I4210087773","Luigi Sacco Hospital","Italy","IT","45.51876449584961","9.12290096282959","healthcare","100.0","Europe","100.0"
"I98251732","McMaster University","Canada","CA","43.2501106262207","-79.8496322631836","education","100.0","North America","100.0"
"I50374818","International Black Sea University","GE","GE","41.7983512878418","44.773834228515625","education","","Other","58.11"
"I4210123021","Chongqing Institute of Green and Intelligent Technology","China","CN","29.56026077270508","106.55770874023438","facility","100.0","Asia","100.0"
"I49934816","Hunan University of Technology","China","CN","27.81759452819824","113.12696838378906","education","100.0","Asia","100.0"
"I216071944","St Mary's University Twickenham London","United Kingdom","GB","51.50852966308594","-0.1257400065660476","education","100.0","Europe","100.0"
"I43922553","Wuhan University of Science and Technology","China","CN","30.583330154418945","114.26667022705078","education","100.0","Asia","100.0"
"I4210142080","Services Australia","Australia","AU","-35.28081512451172","149.13031005859375","government","100.0","Oceania","100.0"
"I4210120522","Shantou University Medical College","China","CN","23.368139266967773","116.71479034423828","education","100.0","Asia","100.0"
"I1321014770","Association for Computing Machinery","United States","US","40.71427154541016","-74.00596618652344","nonprofit","100.0","North America","100.0"
"I139024713","Guangdong University of Technology","China","CN","23.03895378112793","113.39608001708984","education","100.0","Asia","100.0"
"I2802007660","University Hospital Augsburg","Germany","DE","48.385833740234375","10.837499618530272","healthcare","100.0","Europe","100.0"
"I4210143568","Central Hospital of Wuhan","China","CN","30.581451416015625","114.29573059082033","healthcare","100.0","Asia","100.0"
"I205237279","Nankai University","China","CN","39.14221954345703","117.17666625976562","education","100.0","Asia","100.0"
"I148798404","Tokyo University of Technology","Japan","JP","35.68949890136719","139.69171142578125","education","100.0","Asia","100.0"
"I3129830433","Mbeya University of Science and Technology","Tanzania","TZ","-8.941337585449219","33.41586685180664","education","","Africa","58.15"
"I11983389","Manchester Metropolitan University","United Kingdom","GB","53.48094940185547","-2.2374300956726074","education","100.0","Europe","100.0"
"I47164929","Najran University","Saudi Arabia","SA","17.49325942993164","44.12765884399414","education","100.0","Asia","100.0"
"I1330063522","Johnson & Johnson (United States)","United States","US","40.48622131347656","-74.45182037353516","company","100.0","North America","100.0"
"I4210111563","National Academy of Sciences of the Republic of Kazakhstan","Kazakhstan","KZ","43.2458381652832","76.95309448242188","facility","712.0","Asia","78.56"
"I4210147586","Texas Children's Hospital","United States","US","29.763280868530277","-95.36327362060548","other","100.0","North America","100.0"
"I4210094722","Center for Nanoscale Science and Technology","United States","US","39.13211441040039","-77.21491241455078","government","100.0","North America","100.0"
"I64128412","Dibrugarh University","India","IN","27.450000762939453","94.8949966430664","education","100.0","Asia","100.0"
"I2802581871","Edinburgh Cancer Research","United Kingdom","GB","55.95206069946289","-3.1964800357818604","facility","100.0","Europe","100.0"
"I4210131883","Brazilian Society of Computational and Applied Mathematics","Brazil","BR","-22.014020919799805","-47.8764762878418","other","100.0","South America","100.0"
"I137867983","Central University of Finance and Economics","China","CN","39.907501220703125","116.39723205566406","education","100.0","Asia","100.0"
"I4210151640","GastroZentrum Hirslanden Zürich","Switzerland","CH","47.35129165649414","8.576210021972656","healthcare","","Europe","23.94"
"I121058860","Dickinson College","United States","US","40.20148086547852","-77.18887329101562","education","100.0","North America","100.0"
"I55990551","University of Wollongong in Dubai","United Arab Emirates","AE","25.103975296020508","55.164886474609375","education","161.0","Asia","96.92"
"I170535673","Sana'a University","Yemen","YE","15.35472011566162","44.206668853759766","education","100.0","Asia","100.0"
"I4210132990","State Key Laboratory of Cryptology","China","CN","39.8773307800293","116.27870178222656","government","100.0","Asia","100.0"
"I32481161","Batman University","Turkey","TR","37.88737869262695","41.13220977783203","education","100.0","Asia","100.0"
"I91123046","University of Latvia","Latvia","LV","56.94599914550781","24.10589027404785","education","100.0","Europe","100.0"
"I4210124208","Defence Scientific Information & Documentation Centre","India","IN","28.68138694763184","77.22809600830078","facility","","Asia","19.82"
"I4210110024","Institute of Applied Ecology","China","CN","41.79222106933594","123.43277740478516","facility","100.0","Asia","100.0"
"I1293718874","Tri-Service General Hospital","Taiwan","TW","25.047760009765625","121.53185272216795","healthcare","100.0","Asia","100.0"
"I4210162197","Vanderbilt Health","United States","US","36.159706115722656","-86.68916320800781","company","100.0","North America","100.0"
"I2802557943","Agostino Gemelli University Polyclinic","Italy","IT","41.89192962646485","12.511329650878906","healthcare","100.0","Europe","100.0"
"I100532134","Université Claude Bernard Lyon 1","France","FR","45.76601028442383","4.879499912261963","education","100.0","Europe","100.0"
"I43986944","Angel Kanchev University of Ruse","Bulgaria","BG","43.84872055053711","25.953399658203125","education","100.0","Europe","100.0"
"I1329765538","Universities Space Research Association","United States","US","39.240379333496094","-76.83941650390625","nonprofit","100.0","North America","100.0"
"I207527440","Al-Aqsa University","Palestine","PS","31.51161766052246","34.4404411315918","education","","Asia","51.06"
"I4210131313","National Neuroscience Institute","Singapore","SG","1.3217240571975708","103.84596252441406","healthcare","100.0","Asia","100.0"
"I1336096307","United States Department of Agriculture","United States","US","38.895111083984375","-77.03636932373047","government","100.0","North America","100.0"
"I4210116917","Singapore Eye Research Institute","Singapore","SG","1.2813999652862549","103.8357391357422","facility","100.0","Asia","100.0"
"I4210093649","Information Technologies Institute","Greece","GR","40.64360809326172","22.93086051940918","nonprofit","100.0","Europe","100.0"
"I4210142254","Laboratoire Bordelais de Recherche en Informatique","France","FR","44.80849075317383","-0.5891500115394592","facility","100.0","Europe","100.0"
"I3020098449","CEA Grenoble","France","FR","45.17869186401367","5.714789867401123","government","100.0","Europe","100.0"
"I4210132817","Mercatorum University","Italy","IT","41.89192962646485","12.511329650878906","education","","Europe","55.75"
"I4210152232","Institute of Informatics of the Slovak Academy of Sciences","Slovakia","SK","48.14815902709961","17.106740951538086","facility","100.0","Europe","100.0"
"I98540497","Barnard College","United States","US","40.71427154541016","-74.00596618652344","education","100.0","North America","100.0"
"I40527276","Universität der Bundeswehr München","Germany","DE","48.137428283691406","11.57548999786377","education","100.0","Europe","100.0"
"I183111857","Malmö University","Sweden","SE","55.60586929321289","13.00072956085205","education","100.0","Europe","100.0"
"I867599234","Vion Pharmaceuticals (United States)","United States","US","41.15526580810547","-111.93875122070312","company","743.0","North America","77.63"
"I207206903","Universiti Tun Abdul Razak","Malaysia","MY","3.162903070449829","101.71887969970705","education","704.0","Asia","78.8"
"I6469544","City University of Macau","MO","MO","22.200559616088867","113.54611206054688","education","100.0","Other","100.0"
"I205582932","Max Delbrück Center","Germany","DE","52.52436828613281","13.410530090332031","facility","100.0","Europe","100.0"
"I139322472","Universiti Sains Malaysia","Malaysia","MY","5.411230087280273","100.3354263305664","education","100.0","Asia","100.0"
"I205401836","National Institute for Materials Science","Japan","JP","36.20000076293945","140.10000610351562","facility","100.0","Asia","100.0"
"I158338959","University of Kerala","India","IN","8.48550033569336","76.9492416381836","education","100.0","Asia","100.0"
"I154799132","Université de Moncton","Canada","CA","46.094539642333984","-64.79650115966797","education","100.0","North America","100.0"
"I11701301","Griffith University","Australia","AU","-27.46793937683105","153.02809143066406","education","100.0","Oceania","100.0"
"I1332474105","Mercedes-Benz (Germany)","Germany","DE","48.782318115234375","9.177020072937012","company","100.0","Europe","100.0"
"I15873915","Mustansiriyah University","Iraq","IQ","33.340579986572266","44.40087890625","education","100.0","Asia","100.0"
"I1304196042","Loyola University Medical Center","United States","US","41.86133575439453","-87.83415222167969","healthcare","100.0","North America","100.0"
"I4210103894","Hefei National Center for Physical Sciences at Nanoscale","China","CN","31.82270050048828","117.28034973144533","facility","100.0","Asia","100.0"
"I4210126328","IBM Research - Zurich","Switzerland","CH","47.310794830322266","8.544028282165527","facility","100.0","Europe","100.0"
"I119050109","Ahlia University","Bahrain","BH","26.22787094116211","50.58565139770508","education","482.0","Asia","85.58"
"I4210110903","Natural History Museum Aarhus","Denmark","DK","56.15673828125","10.210760116577148","archive","100.0","Europe","100.0"
"I200332995","TU Dortmund University","Germany","DE","51.51493835449219","7.466000080108643","education","100.0","Europe","100.0"
"I148520331","Kinnaird College for Women University","Pakistan","PK","31.558000564575195","74.3507080078125","education","884.0","Asia","73.36"
"I4210144801","Loewe Center for Synthetic Microbiology","Germany","DE","50.80534362792969","8.807133674621582","education","100.0","Europe","100.0"
"I123185442","Reykjavík University","Iceland","IS","64.13548278808594","-21.895410537719727","education","100.0","Europe","100.0"
"I2802029997","Delta State Polytechnic","Nigeria","NG","5.55311393737793","6.236544132232666","education","100.0","Africa","100.0"
"I4210109791","Nanjing Brain Hospital","China","CN","32.04991912841797","118.7699203491211","healthcare","100.0","Asia","100.0"
"I47400469","Universidad Autónoma de Zacatecas ""Francisco García Salinas""","Mexico","MX","22.768430709838867","-102.58141326904295","education","100.0","North America","100.0"
"I4210099383","Abu Dhabi Health Services","United Arab Emirates","AE","24.46917724609375","54.33744812011719","company","843.0","Asia","74.59"
"I864159182","University of Silesia in Katowice","Poland","PL","50.2584114074707","19.02754020690918","education","100.0","Europe","100.0"
"I4210096640","Royal Brompton Hospital","United Kingdom","GB","51.48990249633789","-0.1703960001468658","healthcare","100.0","Europe","100.0"
"I2800235667","Kurchatov Institute","Russia","RU","55.752220153808594","37.61555862426758","facility","100.0","Europe","100.0"
"I4210100612","Georg Simon Ohm University of Applied Sciences Nuremberg","Germany","DE","49.45284652709961","11.093335151672363","education","100.0","Europe","100.0"
"I61937129","Jackson State University","United States","US","32.295982360839844","-90.20465850830078","education","100.0","North America","100.0"
"I27765905","North-West University","South Africa","ZA","-26.7166690826416","27.100000381469727","education","100.0","Africa","100.0"
"I179630473","Institute of Photonic Sciences","Spain","ES","41.388790130615234","2.158989906311035","facility","100.0","Europe","100.0"
"I42570316","Japanese Foundation For Cancer Research","Japan","JP","35.68949890136719","139.69171142578125","nonprofit","100.0","Asia","100.0"
"I4210101790","VA Tennessee Valley Healthcare System","United States","US","36.14176559448242","-86.80374145507812","healthcare","100.0","North America","100.0"
"I2799803557","Barcelona Supercomputing Center","Spain","ES","41.388790130615234","2.158989906311035","facility","100.0","Europe","100.0"
"I2801301638","Rambam Health Care Campus","Israel","IL","32.83298873901367","34.9857063293457","healthcare","100.0","Asia","100.0"
"I4399657955","Korea Research Institute of Ships and Ocean Engineering","","","36.36685180664063","127.3270034790039","other","714.0","","78.49"
"I29891158","University of Sharjah","United Arab Emirates","AE","25.33736991882324","55.41205978393555","education","100.0","Asia","100.0"
"I182212641","University of Salzburg","Austria","AT","47.79941177368164","13.043990135192873","education","100.0","Europe","100.0"
"I192703390","Ming Chuan University","Taiwan","TW","25.08635139465332","121.52808380126952","education","100.0","Asia","100.0"
"I14992734","Hunan University of Traditional Chinese Medicine","China","CN","28.198740005493164","112.97087097167967","education","100.0","Asia","100.0"
"I1280536761","Ames Research Center","United States","US","37.38605117797852","-122.08384704589844","facility","100.0","North America","100.0"
"I4210150439","Bandung Islamic University","Indonesia","ID","-6.922220230102539","107.60694122314452","education","100.0","Asia","100.0"
"I4210145145","Nomor Research (Germany)","Germany","DE","48.115684509277344","11.589506149291992","company","","Europe","60.17"
"I2800565835","Princeton Public Schools","United States","US","40.357025146484375","-74.65691375732422","education","100.0","North America","100.0"
"I1324840837","Hewlett-Packard (United States)","United States","US","37.41238021850586","-122.1487274169922","company","100.0","North America","100.0"
"I4394709130","Indiana University School of Medicine","","","39.76837921142578","-86.15804290771484","education","100.0","","100.0"
"I50357001","Universidad Carlos III de Madrid","Spain","ES","40.416500091552734","-3.702559947967529","education","100.0","Europe","100.0"
"I76134821","Medical University of Vienna","Austria","AT","48.20848846435547","16.372079849243164","education","100.0","Europe","100.0"
"I70745867","KLA (United States)","United States","US","37.420841217041016","-121.92597198486328","company","150.0","North America","97.46"
"I4210123599","Liaoning Jianzhu Vocational University","China","CN","41.25557327270508","123.16429138183594","education","309.0","Asia","91.35"
"I4210109745","Institute of Organic Chemistry","Poland","PL","52.22866821289063","20.963520050048828","facility","100.0","Europe","100.0"
"I170238339","Duy Tan University","Vietnam","VN","16.067779541015625","108.22083282470705","education","100.0","Asia","100.0"
"I4210135161","Institute for Social and Economic Research","United Kingdom","GB","51.876583099365234","0.945007026195526","facility","100.0","Europe","100.0"
"I4210120341","Hôpital André Mignot","France","FR","48.820499420166016","2.131099939346313","healthcare","100.0","Europe","100.0"
"I146586912","National Environment Agency","Singapore","SG","1.304599046707153","103.7917251586914","government","","Asia","64.59"
"I138925566","Ewha Womans University","South Korea","KR","37.56306838989258","126.94673919677734","education","100.0","Asia","100.0"
"I3121799822","Universidade Federal do Piauí","Brazil","BR","-5.089169979095459","-42.80194091796875","education","100.0","South America","100.0"
"I4210105806","Zhongda Hospital Southeast University","China","CN","32.07139587402344","118.77664947509766","healthcare","100.0","Asia","100.0"
"I2801240577","Building and Construction Authority","Singapore","SG","1.2787729501724243","103.8459701538086","government","","Asia","8.74"
"I2802835388","Seoul National University Hospital","South Korea","KR","37.57937240600586","127.0004653930664","healthcare","41.0","Asia","100.0"
"I58152225","Texas A&M University at Qatar","Qatar","QA","25.31506729125977","51.43932723999024","education","100.0","Asia","100.0"
"I165862685","St George's, University of London","United Kingdom","GB","51.50852966308594","-0.1257400065660476","education","100.0","Europe","100.0"
"I4210134249","Centre for Research and Technology Hellas","Greece","GR","40.64360809326172","22.93086051940918","facility","100.0","Europe","100.0"
"I4210112005","Prime University","Bangladesh","BD","23.79098129272461","90.34818267822266","education","","Asia","23.44"
"I4210131987","Diversité, génomes et interactions micro-organismes-insectes","France","FR","43.610931396484375","3.876349925994873","facility","","Europe","44.21"
"I1341640284","Centrum Wiskunde & Informatica","Netherlands","NL","52.37403106689453","4.889689922332764","facility","100.0","Europe","100.0"
"I129627893","University of Molise","Italy","IT","41.55947113037109","14.667369842529297","education","100.0","Europe","100.0"
"I4210117523","Samsung (United Kingdom)","United Kingdom","GB","51.38811874389648","-0.5078200101852417","company","","Europe","65.83"
"I2801403999","UCLA Medical Center","United States","US","34.027244567871094","-118.4865493774414","healthcare","9.0","North America","100.0"
"I74885063","Sharda University","India","IN","28.49614906311035","77.5360107421875","education","100.0","Asia","100.0"
"I3131625388","University Town of Shenzhen","China","CN","22.59370422363281","113.9711685180664","education","100.0","Asia","100.0"
"I54001450","Düzce Üniversitesi","Turkey","TR","40.8388900756836","31.163890838623047","education","100.0","Asia","100.0"
"I4210104071","Chorley and South Ribble Hospital","United Kingdom","GB","53.650001525878906","-2.6166698932647705","healthcare","","Europe","15.46"
"I4210121626","Signal Processing (United States)","United States","US","39.080509185791016","-77.23397827148438","company","100.0","North America","100.0"
"I4210122849","Philips (Netherlands)","Netherlands","NL","52.37403106689453","4.889689922332764","company","100.0","Europe","100.0"
"I4210098302","Fraunhofer Singapore","Singapore","SG","1.3444390296936035","103.68029022216795","facility","","Asia","13.68"
"I90303723","Scientific Council for Government Policy","Netherlands","NL","52.07015609741211","4.305746078491211","government","","Europe","19.87"
"I83579964","Széchenyi István University","Hungary","HU","47.68333053588867","17.635120391845703","education","100.0","Europe","100.0"
"I147168166","Moi University","Kenya","KE","0.520359992980957","35.26993179321289","education","100.0","Africa","100.0"
"I87673952","Erciyes University","Turkey","TR","38.73221969604492","35.48527908325195","education","100.0","Asia","100.0"
"I84470341","Catholic University of America","United States","US","38.93688201904297","-76.99869537353516","education","100.0","North America","100.0"
"I2799869770","Chelsea and Westminster Hospital NHS Foundation Trust","United Kingdom","GB","51.48444366455078","-0.1815229952335357","healthcare","45.0","Europe","100.0"
"I191972202","Amity University","India","IN","28.57999992370605","77.33000183105469","education","1.0","Asia","100.0"
"I180632629","Xi'an International Studies University","China","CN","34.13897705078125","108.87511444091795","education","100.0","Asia","100.0"
"I103703290","Sakarya University","Turkey","TR","40.78055953979492","30.403329849243164","education","100.0","Asia","100.0"
"I9360294","University of Bologna","Italy","IT","44.49380874633789","11.338749885559082","education","100.0","Europe","100.0"
"I156087764","University of California, Merced","United States","US","37.30215835571289","-120.48297119140624","education","100.0","North America","100.0"
"I4210093028","Collaborative Innovation Centre for Advanced Ship and Deep-Sea Exploration","China","CN","31.22221946716309","121.45806121826172","facility","100.0","Asia","100.0"
"I172675005","Nanyang Technological University","Singapore","SG","1.2896699905395508","103.85006713867188","education","26.0","Asia","100.0"
"I2800110054","Age UK","United Kingdom","GB","51.50246047973633","-0.1024549975991249","nonprofit","100.0","Europe","100.0"
"I4210102457","Center for Neuro-Oncology","United States","US","42.358428955078125","-71.05976867675781","facility","100.0","North America","100.0"
"I1292669757","Toshiba (Japan)","Japan","JP","35.68949890136719","139.69171142578125","company","100.0","Asia","100.0"
"I4210138427","Computational Physics (United States)","United States","US","38.8100471496582","-77.22124481201172","company","100.0","North America","100.0"
"I130009713","Suez University","Egypt","EG","29.973709106445312","32.52627182006836","education","100.0","Africa","100.0"
"I179863766","Western Norway University of Applied Sciences","Norway","NO","60.39299011230469","5.324150085449219","education","100.0","Europe","100.0"
"I1337826666","Buck Institute for Research on Aging","United States","US","38.107421875","-122.5697021484375","nonprofit","100.0","North America","100.0"
"I131948415","National Taichung University of Science and Technology","Taiwan","TW","24.15060234069824","120.68326568603516","education","100.0","Asia","100.0"
"I4210158808","Center for Research in Agricultural Genomics","Spain","ES","41.388790130615234","2.158989906311035","facility","100.0","Europe","100.0"
"I142809039","Jawaharlal Nehru Technological University, Kakinada","India","IN","16.960359573364258","82.23809051513672","education","100.0","Asia","100.0"
"I4210088206","N.D. Zelinsky Institute of Organic Chemistry","Russia","RU","55.70230865478516","37.571624755859375","facility","100.0","Europe","100.0"
"I138272832","Devi Ahilya Vishwavidyalaya","India","IN","22.71697807312012","75.87196350097656","education","100.0","Asia","100.0"
"I4210159457","Nokia (Germany)","Germany","DE","48.11546325683594","11.597078323364258","company","100.0","Europe","100.0"
"I126744593","University of Maryland, Baltimore","United States","US","39.29037857055664","-76.61219024658203","education","100.0","North America","100.0"
"I118373667","Seoul National University of Science and Technology","South Korea","KR","37.63237380981445","127.0780258178711","education","41.0","Asia","100.0"
"I4210093530","City College","United States","US","26.187889099121094","-80.17095184326172","education","100.0","North America","100.0"
"I4210141255","Care Resource","United States","US","25.809839248657227","-80.19044494628906","other","100.0","North America","100.0"
"I91138267","Islamic Azad University of Shiraz","Iran","IR","29.605018615722656","52.52631759643555","education","100.0","Asia","100.0"
"I39586589","Swansea University","United Kingdom","GB","51.62078857421875","-3.943229913711548","education","100.0","Europe","100.0"
"I52099693","University of York","United Kingdom","GB","53.9576301574707","-1.082710027694702","education","100.0","Europe","100.0"
"I29787537","Afe Babalola University","Nigeria","NG","7.623290061950684","5.220870018005371","education","100.0","Africa","100.0"
"I4210154246","Canadian Arthritis Patient Alliance","Canada","CA","46.705665588378906","-71.565673828125","nonprofit","","North America","15.46"
"I196471810","Korea Electrotechnology Research Institute","South Korea","KR","35.22806167602539","128.6811065673828","other","100.0","Asia","100.0"
"I145876445","University of Education, Winneba","Ghana","GH","5.35113000869751","-0.6231300234794617","education","100.0","Africa","100.0"
"I143397708","Innsbruck Medical University","Austria","AT","47.26266098022461","11.394539833068848","education","100.0","Europe","100.0"
"I36672615","Courant Institute of Mathematical Sciences","United States","US","40.728702545166016","-73.9957275390625","education","100.0","North America","100.0"
"I173537496","Registered Nurses' Association of Ontario","Canada","CA","43.64795684814453","-79.38790893554688","other","","North America","24.65"
"I4210093964","Peking University Cancer Hospital","China","CN","39.92726516723633","116.28932189941406","healthcare","17.0","Asia","100.0"
"I4210119109","Indiana University Bloomington","United States","US","39.16532897949219","-86.5263900756836","education","100.0","North America","100.0"
"I4210100596","Hospices Civils de Lyon","France","FR","45.74845886230469","4.846710205078125","other","100.0","Europe","100.0"
"I4210109969","Physical Measurement Laboratory","United States","US","39.14017868041992","-77.2184829711914","government","110.0","North America","99.5"
"I4210110520","Southern California Clinical and Translational Science Institute","United States","US","34.06245040893555","-118.2001495361328","facility","444.0","North America","86.84"
"I162871001","University of Oradea","Romania","RO","47.04579925537109","21.9183292388916","education","100.0","Europe","100.0"
"I80043","Institut Curie","France","FR","48.85340881347656","2.34879994392395","other","100.0","Europe","100.0"
"I8961855","Universidad Nacional Autónoma de México","Mexico","MX","19.428470611572266","-99.1276626586914","education","100.0","North America","100.0"
"I2802304065","University Carlo Cattaneo","Italy","IT","45.61079025268555","8.896160125732422","education","424.0","Europe","87.53"
"I4210158522","PLA Academy of Military Science","China","CN","39.90983963012695","116.40000915527344","facility","100.0","Asia","100.0"
"I37461747","Wuhan University","China","CN","30.583330154418945","114.26667022705078","education","100.0","Asia","100.0"
"I65644108","Adam Smith Institute","United Kingdom","GB","51.49803161621094","-0.1297080069780349","education","1.0","Europe","100.0"
"I4210141669","Hokkaido University Hospital","Japan","JP","43.06666946411133","141.35000610351562","healthcare","100.0","Asia","100.0"
"I44563897","Université d'Artois","France","FR","50.29301071166992","2.781860113143921","education","100.0","Europe","100.0"
"I4210124847","National Engineering Research Center of Electromagnetic Radiation Control Materials","China","CN","30.684795379638672","104.07703399658205","facility","100.0","Asia","100.0"
"I4210113297","Google (United Kingdom)","United Kingdom","GB","51.53331756591797","-0.1260470002889633","company","100.0","Europe","100.0"
"I129877168","Carl von Ossietzky Universität Oldenburg","Germany","DE","53.14117813110352","8.214670181274414","education","100.0","Europe","100.0"
"I134138859","Ministry of Science, Technology and Innovation","Malaysia","MY","2.9356698989868164","101.69896697998048","government","","Asia","39.53"
"I91807558","National Cheng Kung University","Taiwan","TW","23.0","120.21666717529295","education","100.0","Asia","100.0"
"I19648265","Wright State University","United States","US","39.75894927978516","-84.19161224365234","education","100.0","North America","100.0"
"I2902024922","Dauphin Island Sea Lab","United States","US","30.24935531616211","-88.07780456542969","other","100.0","North America","100.0"
"I4210154454","Guizhou Provincial People's Hospital","China","CN","26.57579040527344","106.72232818603516","healthcare","100.0","Asia","100.0"
"I3017480383","Southwest Medical University","China","CN","28.890300750732425","105.42575073242188","other","100.0","Asia","100.0"
"I2799809383","Pakistan Agricultural Research Council","Pakistan","PK","33.72148132324219","73.04328918457031","government","100.0","Asia","100.0"
"I33434090","University of Massachusetts Boston","United States","US","42.358428955078125","-71.05976867675781","education","100.0","North America","100.0"
"I145608581","University of Miami","United States","US","25.72149085998535","-80.26837921142578","education","100.0","North America","100.0"
"I104854061","Universidad Autónoma del Estado de Hidalgo","Mexico","MX","20.12805557250977","-98.73444366455078","education","100.0","North America","100.0"
"I299920578","Baba Ghulam Shah Badshah University","India","IN","33.393798828125","74.34329986572266","education","100.0","Asia","100.0"
"I4210145463","WSB University","Poland","PL","50.33393859863281","19.204790115356445","education","100.0","Europe","100.0"
"I186143895","Lehigh University","United States","US","40.62593078613281","-75.3704605102539","education","100.0","North America","100.0"
"I4210135837","National Center for Supercomputing Applications","United States","US","40.11059188842773","-88.20726776123047","facility","100.0","North America","100.0"
"I201384688","National University of Computer and Emerging Sciences","Pakistan","PK","33.72148132324219","73.04328918457031","education","100.0","Asia","100.0"
"I1305444813","Capital One (United States)","United States","US","38.92418670654297","-77.21318054199219","company","","North America","38.02"
"I4210089980","Research Organization for Information Science and Technology","Japan","JP","36.46595764160156","140.58619689941406","nonprofit","","Asia","55.14"
"I104817121","University of Sarajevo","BA","BA","43.84864044189453","18.3564395904541","education","100.0","Other","100.0"
"I4210101327","Twin Cities Orthopedics","United States","US","44.886329650878906","-93.33179473876952","healthcare","100.0","North America","100.0"
"I2800717037","University of Florida Health","United States","US","29.651630401611328","-82.3248291015625","education","100.0","North America","100.0"
"I4387154809","ABES Engineering College","","","28.66534996032715","77.43914794921875","education","100.0","","100.0"
"I2799614521","Royal Botanic Gardens, Kew","United Kingdom","GB","51.50852966308594","-0.1257400065660476","archive","100.0","Europe","100.0"
"I4210104433","National Institute for Public Health and the Environment","Netherlands","NL","52.11000061035156","5.180560111999512","facility","100.0","Europe","100.0"
"I4210096641","Universitas Esa Unggul","Indonesia","ID","-6.185275077819824","106.77886962890624","education","100.0","Asia","100.0"
"I5561750","University of Bari Aldo Moro","Italy","IT","41.12065887451172","16.86981964111328","education","100.0","Europe","100.0"
"I78978612","Yangzhou University","China","CN","32.397220611572266","119.43582916259766","education","100.0","Asia","100.0"
"I4210119087","North China Institute of Aerospace Engineering","China","CN","39.52626800537109","116.73136901855467","education","100.0","Asia","100.0"
"I4210088488","Advocate Health Care","United States","US","41.72737121582031","-87.56883239746094","healthcare","","North America","62.97"
"I4210086892","Education University of Hong Kong","Hong Kong","HK","22.450069427490234","114.16876983642578","education","27.0","Asia","100.0"
"I3005327000","Institute for Infocomm Research","Singapore","SG","1.3038229942321775","103.78490447998048","facility","100.0","Asia","100.0"
"I2800917498","Northeastern University London","United Kingdom","GB","51.50852966308594","-0.1257400065660476","education","","Europe","12.65"
"I4210113281","Lishui Central Hospital","China","CN","28.450334548950195","119.90819549560548","healthcare","100.0","Asia","100.0"
"I1286498122","Hoover Institution","United States","US","37.42762756347656","-122.16700744628906","facility","100.0","North America","100.0"
"I63548447","Lappeenranta-Lahti University of Technology","Finland","FI","61.05870819091797","28.188709259033203","education","100.0","Europe","100.0"
"I59270414","Indian Institute of Science Bangalore","India","IN","13.02127456665039","77.56576538085938","education","100.0","Asia","100.0"
"I103434671","American International University-Bangladesh","Bangladesh","BD","23.822608947753903","90.42749786376952","education","100.0","Asia","100.0"
"I3125032317","Universitatea de Medicină, Farmacie, Științe și Tehnologie „George Emil Palade” din Târgu Mureș","Romania","RO","46.54244995117188","24.557470321655277","education","100.0","Europe","100.0"
"I4210158500","National Institute of Mental Health","United States","US","39.003692626953125","-77.10456848144531","facility","100.0","North America","100.0"
"I8991828","Pukyong National University","South Korea","KR","35.1341667175293","129.10360717773438","education","100.0","Asia","100.0"
"I165678365","University of Bolton","United Kingdom","GB","53.58332824707031","-2.4333300590515137","education","100.0","Europe","100.0"
"I11923345","Wrocław University of Science and Technology","Poland","PL","51.09999847412109","17.0333309173584","education","100.0","Europe","100.0"
"I228151691","Ho Chi Minh City International University","Vietnam","VN","10.823019981384276","106.62964630126952","education","158.0","Asia","97.05"
"I4210137306","Stanford Medicine","United States","US","37.424110412597656","-122.16607666015624","healthcare","5.0","North America","100.0"
"I39498419","University of Wasit","Iraq","IQ","32.50418472290039","45.837215423583984","education","100.0","Asia","100.0"
"I4210157128","Institut National d'Excellence en Santé et en Services Sociaux","Canada","CA","45.50206756591797","-73.57275390625","other","","North America","24.89"
"I4210091825","Patel Hospital","India","IN","31.32376289367676","75.57820129394531","healthcare","331.0","Asia","90.62"
"I134113660","University of Nevada, Reno","United States","US","39.52962875366211","-119.81379699707033","education","100.0","North America","100.0"
"I1297463080","Children's Medical Center","United States","US","32.80939865112305","-96.83650207519533","healthcare","100.0","North America","100.0"
"I4210114086","Third Affiliated Hospital of Nanchang University","China","CN","28.6839599609375","115.85305786132812","healthcare","","Asia","52.71"
"I66513531","Fayoum University","Egypt","EG","29.30994987487793","30.841800689697266","education","100.0","Africa","100.0"
"I4210145660","Bio-Medical Science (South Korea)","South Korea","KR","37.56600189208984","126.97840118408205","company","100.0","Asia","100.0"
"I2799736854","Nanjing Institute of Technology","China","CN","32.061668395996094","118.77777862548828","education","100.0","Asia","100.0"
"I4665924","University of Rostock","Germany","DE","54.08869934082031","12.14048957824707","education","100.0","Europe","100.0"
"I174458059","National Technical University of Athens","Greece","GR","37.98376083374024","23.727840423583984","education","100.0","Europe","100.0"
"I118501908","National Research University Higher School of Economics","Russia","RU","55.76128768920898","37.63307189941406","education","100.0","Europe","100.0"
"I106994412","Sinopec (China)","China","CN","39.907501220703125","116.39723205566406","company","100.0","Asia","100.0"
"I165916956","Indian Institute of Science Education and Research Mohali","India","IN","30.679950714111328","76.72210693359375","education","100.0","Asia","100.0"
"I4210088717","University of the West Indies","TT","TT","10.642119407653809","-61.400123596191406","education","100.0","Other","100.0"
"I4210105192","United Institute of Informatics Problems","Belarus","BY","53.921348571777344","27.597715377807617","facility","373.0","Europe","89.21"
"I2800555584","Peter MacCallum Cancer Centre","Australia","AU","-37.81399917602539","144.96331787109375","healthcare","100.0","Oceania","100.0"
"I4210156450","University Medical Centre Mannheim","Germany","DE","49.48910140991211","8.466939926147461","other","100.0","Europe","100.0"
"I4210161255","Liaoning Cancer Hospital & Institute","China","CN","41.79222106933594","123.43277740478516","healthcare","100.0","Asia","100.0"
"I4210124748","Institute of Mountain Hazards and Environment","China","CN","30.630821228027344","104.0715789794922","nonprofit","100.0","Asia","100.0"
"I4210159299","Consorci Sanitari Garraf","Spain","ES","41.22460174560547","1.7347970008850098","healthcare","","Europe","46.53"
"I106959904","Florida Institute of Technology","United States","US","28.083629608154297","-80.60810852050781","education","100.0","North America","100.0"
"I174748290","Kainan University","Taiwan","TW","25.01259994506836","121.2697982788086","education","100.0","Asia","100.0"
"I152304114","Lamont-Doherty Earth Observatory","United States","US","41.00400161743164","-73.90699768066406","facility","100.0","North America","100.0"
"I4210152664","Shenzhen Children's Hospital","China","CN","22.551515579223636","114.04953002929688","healthcare","100.0","Asia","100.0"
"I4210097115","Counseling Center","United States","US","38.73374557495117","-83.00102996826172","nonprofit","100.0","North America","100.0"
"I86519309","The University of Texas at Austin","United States","US","30.26715087890625","-97.74305725097656","education","70.0","North America","100.0"
"I4210087107","Jiangsu Academy of Agricultural Sciences","China","CN","32.03791427612305","118.86565399169922","government","100.0","Asia","100.0"
"I201459984","Guangdong University Of Finances and Economics","China","CN","23.116670608520508","113.25","education","100.0","Asia","100.0"
"I4210148621","Luxembourg Institute of Socio-Economic Research","Luxembourg","LU","49.52169418334961","5.899158000946045","facility","100.0","Europe","100.0"
"I23973178","Western Galilee College","Israel","IL","32.936668395996094","35.086387634277344","education","","Asia","59.74"
"I4210096427","Institut des Sciences Biologiques","France","FR","48.81568145751953","2.3848700523376465","facility","100.0","Europe","100.0"
"I90149893","China Earthquake Administration","China","CN","39.907501220703125","116.39723205566406","facility","100.0","Asia","100.0"
"I161321875","University of Beira Interior","Portugal","PT","40.28105926513672","-7.505040168762207","education","100.0","Europe","100.0"
"I174731842","Islamia University of Bahawalpur","Pakistan","PK","29.998350143432617","73.25272369384766","education","100.0","Asia","100.0"
"I2802152550","Earth Island Institute","United States","US","37.8695182800293","-122.26605987548828","nonprofit","100.0","North America","100.0"
"I219388962","University of Wrocław","Poland","PL","51.09999847412109","17.0333309173584","education","100.0","Europe","100.0"
"I4210147158","Guangzhou Institute of Geography","China","CN","23.13934135437012","113.29924774169922","facility","471.0","Asia","85.96"
"I258800397","New York University Shanghai","China","CN","31.22221946716309","121.45806121826172","education","39.0","Asia","100.0"
"I12387023","Trakya University","Turkey","TR","41.677188873291016","26.55596923828125","education","100.0","Asia","100.0"
"I4210148231","Fondazione Poliambulanza Istituto Ospedaliero","Italy","IT","45.53557968139648","10.214719772338867","healthcare","100.0","Europe","100.0"
"I4210109156","Max Planck Institute for Astronomy","Germany","DE","49.39638900756836","8.723610877990723","facility","100.0","Europe","100.0"
"I4210094045","Shell (India)","India","IN","28.495216369628903","77.08935546875","company","","Asia","29.19"
"I4210153860","State University of Gorontalo","Indonesia","ID","0.554220974445343","123.0624008178711","education","100.0","Asia","100.0"
"I4210125521","Translational Therapeutics (United States)","United States","US","42.41277694702149","-71.17412567138672","company","100.0","North America","100.0"
"I165230279","Universitas Gadjah Mada","Indonesia","ID","-7.801390171051025","110.3647232055664","education","100.0","Asia","100.0"
"I154864474","National Taiwan University of Science and Technology","Taiwan","TW","25.01368522644043","121.54053497314452","education","100.0","Asia","100.0"
"I28166907","Karolinska Institutet","Sweden","SE","59.32938003540039","18.06871032714844","education","100.0","Europe","100.0"
"I4210159787","Hallym University Sacred Heart Hospital","South Korea","KR","37.39250183105469","126.92694091796876","healthcare","100.0","Asia","100.0"
"I4210165204","Zhuhai Institute of Advanced Technology","China","CN","22.27436065673828","113.56768798828124","facility","100.0","Asia","100.0"
"I4210140326","Centre for Economic Policy Research","United Kingdom","GB","51.50852966308594","-0.1257400065660476","other","100.0","Europe","100.0"
"I4210128565","CEA Paris-Saclay","France","FR","48.68333053588867","2.133330106735229","government","100.0","Europe","100.0"
"I87208437","University of Tulsa","United States","US","36.1522216796875","-95.9463882446289","education","100.0","North America","100.0"
"I120691247","University of Hagen","Germany","DE","51.36080932617188","7.471680164337158","education","100.0","Europe","100.0"
"I36090812","Netaji Subhas University of Technology","India","IN","28.63575935363769","77.22444915771484","education","100.0","Asia","100.0"
"I4210092551","Vicomtech","Spain","ES","43.31283187866211","-1.974990010261536","facility","691.0","Europe","79.2"
"I4210117453","Dana-Farber Cancer Institute","United States","US","42.358428955078125","-71.05976867675781","facility","100.0","North America","100.0"
"I2802497816","Chinese Academy of Geological Sciences","China","CN","39.907501220703125","116.39723205566406","facility","100.0","Asia","100.0"
"I41832843","University of Tabriz","Iran","IR","38.0636100769043","46.328609466552734","education","100.0","Asia","100.0"
"I96226040","Université de Reims Champagne-Ardenne","France","FR","49.2652587890625","4.028530120849609","education","100.0","Europe","100.0"
"I4210133932","China National Center for Food Safety Risk Assessment","China","CN","39.907501220703125","116.39723205566406","government","100.0","Asia","100.0"
"I98435010","Lviv Polytechnic National University","Ukraine","UA","49.83555603027344","24.01472282409668","education","100.0","Europe","100.0"
"I2800555055","Centre Hospitalier Universitaire de Grenoble","France","FR","45.17869186401367","5.714789867401123","healthcare","100.0","Europe","100.0"
"I250153783","Kessler Foundation","United States","US","40.78610229492188","-74.27742004394531","nonprofit","100.0","North America","100.0"
"I60205797","Abilene Christian University","United States","US","32.471622467041016","-99.7079849243164","education","100.0","North America","100.0"
"I66947310","National Laboratory for Civil Engineering","Portugal","PT","38.71667098999024","-9.133330345153809","facility","100.0","Europe","100.0"
"I90767664","Persian Gulf University","Iran","IR","28.968870162963867","50.836570739746094","education","100.0","Asia","100.0"
"I4210089594","Spanish National Cancer Research Centre","Spain","ES","40.416500091552734","-3.702559947967529","facility","100.0","Europe","100.0"
"I897542642","University of Plymouth","United Kingdom","GB","50.37152862548828","-4.143050193786621","education","100.0","Europe","100.0"
"I4391767670","State Key Laboratory of Coal Mine Safety Technology","","","41.79222106933594","123.43277740478516","facility","","","12.7"
"I115592961","Jiangsu University","China","CN","32.21086120605469","119.455078125","education","100.0","Asia","100.0"
"I4210123571","Huawei Technologies (France)","France","FR","48.83311080932617","2.2593510150909424","company","100.0","Europe","100.0"
"I172787465","University of Concepción","Chile","CL","-36.82698822021485","-73.04976654052734","education","100.0","South America","100.0"
"I4389425378","R.V. College of Engineering","","","12.97194004058838","77.59368896484375","education","100.0","","100.0"
"I4210149375","Shanxi Fenyang Hospital","China","CN","37.2741584777832","111.7877960205078","healthcare","","Asia","48.65"
"I114982161","Isfahan University of Medical Sciences","Iran","IR","32.65245819091797","51.67462158203125","education","100.0","Asia","100.0"
"I2799884508","Kantonsspital St. Gallen","Switzerland","CH","47.42390823364258","9.374770164489746","healthcare","100.0","Europe","100.0"
"I138801177","University of Ulster","United Kingdom","GB","55.133331298828125","-6.666669845581055","education","100.0","Europe","100.0"
"I921990950","University of Colorado Denver","United States","US","39.73915100097656","-104.98470306396484","education","100.0","North America","100.0"
"I4210087982","Salzburg University of Applied Sciences","Austria","AT","47.79941177368164","13.043990135192873","education","521.0","Europe","84.35"
"I4210151986","Ibrahim Badamasi Babangida University","Nigeria","NG","9.067657470703123","6.569738864898682","education","991.0","Africa","70.1"
"I4210116828","Mudanjiang Normal University","China","CN","44.548038482666016","129.62594604492188","education","100.0","Asia","100.0"
"I29698356","HITEC University","Pakistan","PK","33.725345611572266","72.82023620605469","education","100.0","Asia","100.0"
"I4210161128","Bristol Robotics Laboratory","United Kingdom","GB","51.501564025878906","-2.55159592628479","facility","100.0","Europe","100.0"
"I4210149618","Guangdong University of Finance","China","CN","23.20039176940918","113.37923431396484","education","100.0","Asia","100.0"
"I159948400","Jinan University","China","CN","23.116670608520508","113.25","education","100.0","Asia","100.0"
"I4210142749","Italian Resuscitation Council","Italy","IT","44.53042984008789","11.355045318603516","other","","Europe","27.8"
"I4210129883","NHS Digital","United Kingdom","GB","53.796478271484375","-1.5478500127792358","government","","Europe","59.8"
"I2800752714","Comcast (United States)","United States","US","39.9523811340332","-75.16361999511719","company","","North America","25.62"
"I154057602","Henry Ford Health System","United States","US","42.33142852783203","-83.0457534790039","nonprofit","100.0","North America","100.0"
"I4210154820","Institut Supérieur du Sport et de l’Éducation Physique de Sfax","Tunisia","TN","34.70968246459961","10.705730438232422","education","","Africa","48.61"
"I4210118286","Hong Kong Design Centre","China","CN","22.33540344238281","114.17609405517578","nonprofit","","Asia","54.93"
"I177235860","Public Health Agency of Canada","Canada","CA","45.411170959472656","-75.6981201171875","government","100.0","North America","100.0"
"I4210111152","ARC Centre of Excellence for Enabling Eco-Efficient Beneficiation of Minerals","Australia","AU","-32.88877868652344","151.69757080078125","facility","","Oceania","40.62"
"I39387349","University of Chieti-Pescara","Italy","IT","42.348270416259766","14.164939880371094","education","100.0","Europe","100.0"
"I4210092991","Kuopio University Hospital","Finland","FI","62.89762496948242","27.646923065185547","healthcare","100.0","Europe","100.0"
"I4210117254","Konya Technical University","Turkey","TR","37.86725997924805","32.52862930297852","education","100.0","Asia","100.0"
"I4210099586","Shenzhen Research Institute of Big Data","China","CN","22.54553985595703","114.06829833984376","education","100.0","Asia","100.0"
"I39470171","University of Ontario Institute of Technology","Canada","CA","43.9448471069336","-78.8917007446289","education","100.0","North America","100.0"
"I4210140792","Universidad Católica Santo Domingo","DO","DO","18.47186088562012","-69.89231872558594","education","100.0","Other","100.0"
"I4210122766","Creative Destruction Lab","Canada","CA","43.666011810302734","-79.39875030517578","nonprofit","","North America","1.4"
"I68106152","Universidade Federal de Goiás","Brazil","BR","-16.67860984802246","-49.25389099121094","education","100.0","South America","100.0"
"I4210149363","Advanced Manufacturing Research Centre","United Kingdom","GB","53.391212463378906","-1.3627220392227173","facility","34.0","Europe","48.63"
"I913140155","Offenburg University of Applied Sciences","Germany","DE","48.47377014160156","7.944950103759766","education","100.0","Europe","100.0"
"I4210088758","Spitalul Clinic Judeţean de Urgenţă ""Pius Brînzeu"" Timişoara","Romania","RO","45.73701095581055","21.24178695678711","healthcare","","Europe","43.91"
"I150229711","University of Electronic Science and Technology of China","China","CN","30.66666984558105","104.0666732788086","education","100.0","Asia","100.0"
"I4210108625","Microsoft (United Kingdom)","United Kingdom","GB","51.46125793457031","-0.925936996936798","company","","Europe","14.54"
"I4210086971","VA Connecticut Healthcare System","United States","US","41.28453063964844","-72.95762634277344","healthcare","100.0","North America","100.0"
"I4210087772","National Computer Network Emergency Response Technical Team/Coordination Center of Chinar","China","CN","39.907501220703125","116.39723205566406","nonprofit","100.0","Asia","100.0"
"I4210086910","Fundación Progreso y Salud","Spain","ES","37.38283157348633","-5.973169803619385","other","","Europe","33.31"
"I3045169105","Southern University of Science and Technology","China","CN","22.54553985595703","114.06829833984376","education","100.0","Asia","100.0"
"I2799609188","Palestine Technical College","Palestine","PS","31.417713165283203","34.35161590576172","education","","Asia","12.8"
"I4210138756","Finnish Society of Sciences and Letters","Finland","FI","60.16583633422852","24.9494743347168","other","100.0","Europe","100.0"
"I24359323","Robert Koch Institute","Germany","DE","52.52436828613281","13.410530090332031","government","100.0","Europe","100.0"
"I31419693","Kyungpook National University","South Korea","KR","35.87028121948242","128.5911102294922","education","100.0","Asia","100.0"
"I39660569","Colgate University","United States","US","42.82701110839844","-75.54461669921875","education","100.0","North America","100.0"
"I75357094","National Yunlin University of Science and Technology","Taiwan","TW","23.69196128845215","120.53459930419922","education","100.0","Asia","100.0"
"I1299907687","Bloomberg (United States)","United States","US","40.76164627075195","-73.96806335449219","company","100.0","North America","100.0"
"I4210092408","Toulouse School of Economics","France","FR","43.6042594909668","1.4436700344085691","education","100.0","Europe","100.0"
"I3132035342","Ansan University","South Korea","KR","37.31033706665039","126.87557983398438","education","100.0","Asia","100.0"
"I94800806","Birzeit University","Palestine","PS","31.96958923339844","35.1940803527832","education","100.0","Asia","100.0"
"I4387153255","École Nationale Supérieure d'Électrotechnique, d'Électronique, d'Informatique, d'Hydraulique et des Télécommunications","","","43.6042594909668","1.4436700344085691","education","100.0","","100.0"
"I4210131908","Chonbuk National University Hospital","South Korea","KR","35.84793472290039","127.12938690185548","healthcare","100.0","Asia","100.0"
"I4210120471","Instituto de Telecomunicações","Portugal","PT","38.71667098999024","-9.133330345153809","nonprofit","100.0","Europe","100.0"
"I2801323708","Ljubljana University Medical Centre","Slovenia","SI","46.053688049316406","14.521232604980469","healthcare","100.0","Europe","100.0"
"I3131131421","Dr. Shakuntala Misra National Rehabilitation University","India","IN","26.834095001220703","80.83711242675781","education","","Asia","25.24"
"I73142707","Athens University of Economics and Business","Greece","GR","37.98376083374024","23.727840423583984","education","100.0","Europe","100.0"
"I52010207","Keimyung University","South Korea","KR","35.85767364501953","128.48556518554688","education","100.0","Asia","100.0"
"I2800004676","Observatoire de Paris","France","FR","48.85340881347656","2.34879994392395","facility","100.0","Europe","100.0"
"I79272384","University of Maryland, Baltimore County","United States","US","39.29037857055664","-76.61219024658203","education","100.0","North America","100.0"
"I3122449915","Universidade Estadual de Santa Cruz","Brazil","BR","-14.79364013671875","-39.03948974609375","education","100.0","South America","100.0"
"I202334528","Beijing Electronic Science and Technology Institute","China","CN","39.907501220703125","116.39723205566406","education","100.0","Asia","100.0"
"I142606810","Pacific Northwest National Laboratory","United States","US","46.28569030761719","-119.28446197509766","facility","100.0","North America","100.0"
"I169541294","Flinders University","Australia","AU","-34.92866134643555","138.5986328125","education","100.0","Oceania","100.0"
"I12789410","Ahmadu Bello University","Nigeria","NG","11.11128044128418","7.722700119018555","education","100.0","Africa","100.0"
"I56624758","Kansai University","Japan","JP","34.7703742980957","135.50814819335938","education","100.0","Asia","100.0"
"I167153416","Visvesvaraya National Institute of Technology","India","IN","21.14631080627441","79.08490753173828","education","100.0","Asia","100.0"
"I4210145079","National Cancer Center Hospital East","Japan","JP","35.90227508544922","139.94154357910156","healthcare","100.0","Asia","100.0"
"I192455969","York University","Canada","CA","43.70642852783203","-79.39864349365234","education","39.0","North America","100.0"
"I44468530","Qingdao University of Technology","China","CN","36.06488037109375","120.3804168701172","education","100.0","Asia","100.0"
"I4385474403","Changchun University of Technology","","","43.880001068115234","125.3227767944336","education","100.0","","100.0"
"I4210152154","State Key Laboratory of Food Science and Technology","China","CN","31.568870544433597","120.28856658935548","facility","100.0","Asia","100.0"
"I4210094195","Azienda Socio Sanitaria Territoriale Grande Ospedale Metropolitano Niguarda","Italy","IT","45.46427154541016","9.189510345458984","healthcare","100.0","Europe","100.0"
"I53592917","Jiangxi Normal University","China","CN","28.6839599609375","115.85305786132812","education","100.0","Asia","100.0"
"I83259278","Manouba University","Tunisia","TN","36.81468963623047","10.06396770477295","education","100.0","Africa","100.0"
"I206961696","University of Biskra","Algeria","DZ","34.850379943847656","5.728050231933594","education","100.0","Africa","100.0"
"I170486558","Pompeu Fabra University","Spain","ES","41.388790130615234","2.158989906311035","education","100.0","Europe","100.0"
"I197869895","Anhui Medical University","China","CN","31.863889694213867","117.28083038330078","education","100.0","Asia","100.0"
"I4210136246","China Telecom (China)","China","CN","28.19244766235352","113.01984405517578","company","100.0","Asia","100.0"
"I4210128618","University of Kansas Medical Center","United States","US","39.11417007446289","-94.62745666503906","other","100.0","North America","100.0"
"I4210140791","Irvine University","United States","US","33.86848449707031","-118.09716033935548","education","100.0","North America","100.0"
"I4210159854","Max Planck Institute of Molecular Cell Biology and Genetics","Germany","DE","51.05861282348633","13.784722328186035","facility","100.0","Europe","100.0"
"I2802982682","Sandip Foundation","India","IN","19.96650695800781","73.66694641113281","education","100.0","Asia","100.0"
"I4210103541","Institute of Soil and Water Conservation","China","CN","34.271728515625","108.07891082763672","facility","100.0","Asia","100.0"
"I142732210","University of Engineering and Technology Lahore","Pakistan","PK","31.558000564575195","74.3507080078125","education","100.0","Asia","100.0"
"I21669347","Atlantic University","United States","US","36.89275360107422","-75.9909439086914","education","","North America","58.31"
"I4210132925","Alzheimer’s Research UK","United Kingdom","GB","52.1170654296875","0.2286739945411682","other","","Europe","38.78"
"I70571728","Oberlin College","United States","US","41.293941497802734","-82.21737670898438","education","100.0","North America","100.0"
"I4210087579","National Space Research and Development Agency","Nigeria","NG","8.989368438720703","7.387417793273926","government","947.0","Africa","71.43"
"I205139184","Moravian University","United States","US","40.62593078613281","-75.3704605102539","education","754.0","North America","77.28"
"I2800387114","Michener Institute","Canada","CA","43.65582275390625","-79.39099884033203","education","","North America","16.81"
"I4210105740","First People's Hospital of Foshan","China","CN","22.850645065307617","113.2574234008789","healthcare","100.0","Asia","100.0"
"I153473198","North China Electric Power University","China","CN","39.907501220703125","116.39723205566406","education","100.0","Asia","100.0"
"I34809795","Medizinische Hochschule Hannover","Germany","DE","52.37052154541016","9.733220100402832","education","100.0","Europe","100.0"
"I142608572","Prince Sattam Bin Abdulaziz University","Saudi Arabia","SA","24.15541076660156","47.334571838378906","education","100.0","Asia","100.0"
"I4210095320","Thales (Canada)","Canada","CA","45.34231185913086","-75.76191711425781","company","","North America","14.03"
"I4164984","International Islamic University Malaysia","Malaysia","MY","3.2517619132995605","101.73655700683594","education","100.0","Asia","100.0"
"I4401200354","Laboratoire des technologies innovantes","","","49.900001525878906","2.299999952316284","facility","","","38.3"
"I2800738734","Istituto Nazionale di Fisica Nucleare, Laboratori Nazionali del Gran Sasso","Italy","IT","42.35055160522461","13.399539947509766","facility","9.0","Europe","100.0"
"I54606842","Steelcase (United States)","United States","US","42.88507461547852","-85.6430892944336","company","","North America","13.78"
"I4210115345","Sri Balaji Vidyapeeth University","India","IN","11.812673568725586","79.77849578857422","education","100.0","Asia","100.0"
"I64185308","University of Wisconsin–Oshkosh","United States","US","44.02471160888672","-88.54261016845703","education","85.0","North America","100.0"
"I4210140930","Thales (France)","France","FR","48.85340881347656","2.34879994392395","company","100.0","Europe","100.0"
"I4210085863","John Wiley & Sons (Germany)","Germany","DE","49.542930603027344","8.629840850830078","company","100.0","Europe","100.0"
"I48379061","Shahid Beheshti University","Iran","IR","35.802223205566406","51.393333435058594","education","100.0","Asia","100.0"
"I181046868","BI Norwegian Business School","Norway","NO","59.94839477539063","10.768577575683594","education","100.0","Europe","100.0"
"I197191942","St. Francis Xavier University","Canada","CA","45.61685180664063","-61.99858093261719","education","100.0","North America","100.0"
"I128956969","Texas Christian University","United States","US","32.72541046142578","-97.3208465576172","education","100.0","North America","100.0"
"I58236372","Ngee Ann Polytechnic","Singapore","SG","1.2896699905395508","103.85006713867188","education","100.0","Asia","100.0"
"I4210108560","Istituto Nazionale di Fisica Nucleare, Sezione di Napoli","Italy","IT","40.8521614074707","14.268110275268556","facility","9.0","Europe","100.0"
"I8087733","University of Tübingen","Germany","DE","48.52265930175781","9.052220344543455","education","100.0","Europe","100.0"
"I25757504","China University of Mining and Technology","China","CN","34.20441818237305","117.28385925292967","education","100.0","Asia","100.0"
"I2801587439","Basque Center for Materials, Applications and Nanostructures","Spain","ES","43.29641342163086","-2.866381883621216","facility","100.0","Europe","100.0"
"I90267481","Umeå University","Sweden","SE","63.82841873168945","20.25971984863281","education","100.0","Europe","100.0"
"I143413998","Qingdao University of Science and Technology","China","CN","36.06488037109375","120.3804168701172","education","100.0","Asia","100.0"
"I4210145812","Cancer Genetics (United States)","United States","US","40.817161560058594","-74.10150909423828","company","100.0","North America","100.0"
"I203088144","Nova Southeastern University","United States","US","26.077899932861328","-80.24188995361328","education","100.0","North America","100.0"
"I12870472","Birmingham City University","United Kingdom","GB","52.48141860961914","-1.899829983711243","education","100.0","Europe","100.0"
"I102322142","Rutgers, The State University of New Jersey","United States","US","40.48622131347656","-74.45182037353516","education","100.0","North America","100.0"
"I31151848","Technical University of Sofia","Bulgaria","BG","42.697509765625","23.32415008544922","education","100.0","Europe","100.0"
"I4210092658","Harvard–MIT Division of Health Sciences and Technology","United States","US","42.361778259277344","-71.0869140625","education","1.0","North America","100.0"
"I170897317","Duke University","United States","US","35.9940299987793","-78.89862060546875","education","100.0","North America","100.0"
"I37448385","China People's Public Security University","China","CN","39.907501220703125","116.39723205566406","education","100.0","Asia","100.0"
"I4210091207","Singapore Institute of Manufacturing Technology","Singapore","SG","1.3486659526824951","103.68156433105467","facility","34.0","Asia","100.0"
"I4210113369","Microsoft Research Asia (China)","China","CN","39.907501220703125","116.39723205566406","company","100.0","Asia","100.0"
"I4626487","King Faisal University","Saudi Arabia","SA","25.364669799804688","49.58763885498047","education","100.0","Asia","100.0"
"I4210149433","Institute for Complex Systems","Italy","IT","41.89981460571289","12.5101318359375","facility","100.0","Europe","100.0"
"I4210094239","Image and Pervasive Access Laboratory","Singapore","SG","1.2896699905395508","103.85006713867188","facility","","Asia","15.13"
"I4210154168","Max Planck Institute for Biogeochemistry","Germany","DE","50.92877960205078","11.589900016784668","facility","100.0","Europe","100.0"
"I530967","Toronto Metropolitan University","Canada","CA","43.70642852783203","-79.39864349365234","education","100.0","North America","100.0"
"I70522481","National Changhua University of Education","Taiwan","TW","24.082599639892575","120.55840301513672","education","100.0","Asia","100.0"
"I4403928307","St. Aloysius (Deemed to Be University)","","","12.917229652404783","74.85603332519531","education","","","24.3"
"I137902535","North Carolina State University","United States","US","35.772098541259766","-78.63861083984375","education","100.0","North America","100.0"
"I2738502077","Nokia (Finland)","Finland","FI","60.2052001953125","24.65220069885254","company","100.0","Europe","100.0"
"I4210137615","Bioprocessing Technology Institute","Singapore","SG","1.304000973701477","103.79227447509766","facility","100.0","Asia","100.0"
"I4391768224","State Key Laboratory of Surface Physics","","","31.22221946716309","121.45806121826172","facility","100.0","","100.0"
"I36169673","Alstom (France)","France","FR","48.90694046020508","2.3330600261688232","company","100.0","Europe","100.0"
"I4391768003","State Key Laboratory of Biotherapy","","","30.66666984558105","104.0666732788086","facility","100.0","","100.0"
"I43886","Sapientia Hungarian University of Transylvania","Romania","RO","46.76667022705078","23.600000381469727","education","100.0","Europe","100.0"
"I4210115002","Xiangtan Electric Manufacturing Group (China)","China","CN","27.850000381469727","112.9000015258789","company","34.0","Asia","70.72"
"I31784960","Fukuoka University","Japan","JP","33.548343658447266","130.3662109375","education","100.0","Asia","100.0"
"I4394709125","Salim Habib University","","","24.86079978942871","67.0103988647461","education","","","8.26"
"I2799732068","Royal Prince Alfred Hospital","Australia","AU","-33.86785125732422","151.2073211669922","healthcare","100.0","Oceania","100.0"
"I61869032","Ahram Canadian University","Egypt","EG","29.93626976013184","30.883581161499023","education","121.0","Africa","98.92"
"I22046295","Inner Mongolia Normal University","China","CN","40.8105583190918","111.6522216796875","education","100.0","Asia","100.0"
"I69072986","University of Mauritius","MU","MU","-20.219039916992188","57.51082992553711","education","100.0","Other","100.0"
"I4210090985","Zhejiang Financial College","China","CN","30.31926918029785","120.3832015991211","education","","Asia","60.23"
"I197323543","Johannes Gutenberg University Mainz","Germany","DE","49.98419189453125","8.27910041809082","education","100.0","Europe","100.0"
"I3018704611","EIA University","Colombia","CO","6.182462215423584","-75.58000183105469","education","366.0","South America","89.45"
"I2802608112","Shanghai Chest Hospital","China","CN","31.22221946716309","121.45806121826172","healthcare","100.0","Asia","100.0"
"I110200422","Universidade Federal de Minas Gerais","Brazil","BR","-19.871904373168945","-43.96624755859375","education","100.0","South America","100.0"
"I4210095624","Alibaba Group (United States)","United States","US","37.55870819091797","-122.3250732421875","company","100.0","North America","100.0"
"I4210157424","NOAA National Centers for Coastal Ocean Science","United States","US","38.99066925048828","-77.02609252929688","other","117.0","North America","99.12"
"I3129675061","Fatoni University","Thailand","TH","6.597224235534668","101.34310913085938","education","","Asia","12.2"
"I98461037","Tecnológico de Monterrey","Mexico","MX","25.67506980895996","-100.31846618652344","education","100.0","North America","100.0"
"I83791580","Fujian University of Technology","China","CN","26.061389923095703","119.3061065673828","education","100.0","Asia","100.0"
"I138066346","Frederick Community College","United States","US","39.452239990234375","-77.4178466796875","education","","North America","44.01"
"I1281378812","Oak Ridge Associated Universities","United States","US","36.01036071777344","-84.26963806152344","education","100.0","North America","100.0"
"I173664879","Universidad Autónoma de Baja California","Mexico","MX","32.627811431884766","-115.45446014404295","education","100.0","North America","100.0"
"I30108710","Kwantlen Polytechnic University","Canada","CA","49.10634994506836","-122.82508850097656","education","763.0","North America","77.01"
"I4210113795","Hubei University of Arts and Science","China","CN","32.042198181152344","112.14479064941406","education","100.0","Asia","100.0"
"I4210095629","Institute of Molecular Bioimaging and Physiology","Italy","IT","45.62912368774414","9.213301658630373","facility","100.0","Europe","100.0"
"I4210153792","University School","United States","US","41.48554611206055","-81.4276351928711","education","100.0","North America","100.0"
"I4210126298","Duke Medical Center","United States","US","35.9940299987793","-78.89862060546875","healthcare","100.0","North America","100.0"
"I24676775","Indian Institute of Technology Madras","India","IN","13.08784008026123","80.27847290039062","facility","100.0","Asia","100.0"
"I62318804","Universidad Nacional de Entre Ríos","Argentina","AR","-32.4846305847168","-58.23217010498047","education","100.0","South America","100.0"
"I28407311","University of Manchester","United Kingdom","GB","53.48094940185547","-2.2374300956726074","education","32.0","Europe","100.0"
"I173434221","Harare Institute of Technology","ZW","ZW","-17.827720642089844","31.053369522094727","education","","Other","30.82"
"I4210142583","Snap (United States)","United States","US","34.04975128173828","-118.2510986328125","company","","North America","51.74"
"I9353105","Sudan University of Science and Technology","SD","SD","15.599166870117188","32.51333236694336","education","100.0","Other","100.0"
"I4610292","Xiangtan University","China","CN","27.850000381469727","112.9000015258789","education","100.0","Asia","100.0"
"I4210149278","Forrest General Hospital","United States","US","31.3189754486084","-89.32906341552734","healthcare","","North America","14.75"
"I4210095633","General Department of Preventive Medicine","Vietnam","VN","21.02910041809082","105.82388305664062","government","100.0","Asia","100.0"
"I4210145034","Qurtuba University of Science and Information Technology","Pakistan","PK","33.980506896972656","71.44608306884766","education","682.0","Asia","79.47"
"I4210163483","Incheon Medical Center","South Korea","KR","37.47852325439453","126.66849517822266","healthcare","100.0","Asia","100.0"
"I4210162019","Indrashil University","India","IN","23.29907989501953","72.3336181640625","education","","Asia","35.42"
"I158333966","Technical University of Cluj-Napoca","Romania","RO","46.76667022705078","23.600000381469727","education","100.0","Europe","100.0"
"I115304662","Universitat de Vic - Universitat Central de Catalunya","Spain","ES","41.930118560791016","2.2548599243164062","education","100.0","Europe","100.0"
"I3019586173","National Jewish Health","United States","US","39.73915100097656","-104.98470306396484","healthcare","100.0","North America","100.0"
"I2801159745","Huntsman Cancer Institute","United States","US","40.760780334472656","-111.89105224609376","healthcare","100.0","North America","100.0"
"I4210087747","Creative Technologies (United States)","United States","US","34.094764709472656","-118.28069305419922","company","100.0","North America","100.0"
"I17974374","Universidade de São Paulo","Brazil","BR","-23.54750061035156","-46.6361083984375","education","100.0","South America","100.0"
"I4210104735","Sandia National Laboratories","United States","US","35.08449172973633","-106.65113830566406","facility","100.0","North America","100.0"
"I1281735042","Natural Resources Canada","Canada","CA","45.411170959472656","-75.6981201171875","government","100.0","North America","100.0"
"I2802706902","Knoxville College","United States","US","35.97034454345703","-83.94353485107422","education","100.0","North America","100.0"
"I103225651","Fondazione Edmund Mach","Italy","IT","46.18967056274414","11.132120132446287","other","100.0","Europe","100.0"
"I4210148300","Institut d'Economie Scientifique Et de Gestion","France","FR","48.8834114074707","2.2389400005340576","education","100.0","Europe","100.0"
"I4210112727","Hôpital Pellegrin","France","FR","44.82709884643555","-0.6062650084495544","healthcare","100.0","Europe","100.0"
"I78880903","Universidad de Huelva","Spain","ES","37.266380310058594","-6.940040111541748","education","100.0","Europe","100.0"
"I4210152800","Stefan Meyer Institute for Subatomic Physics","Austria","AT","48.2213249206543","16.356481552124023","facility","100.0","Europe","100.0"
"I156983542","Jordan University of Science and Technology","Jordan","JO","32.55556106567383","35.849998474121094","education","100.0","Asia","100.0"
"I4400600942","Yonsei University College of Dentistry","","","37.56087112426758","126.94036865234376","education","100.0","","100.0"
"I36788626","California University of Pennsylvania","United States","US","40.06563186645508","-79.89170837402344","education","12.0","North America","100.0"
"I2800443534","Rural Development Administration","South Korea","KR","35.83116149902344","127.05624389648438","government","100.0","Asia","100.0"
"I305801656","Wroclaw University of Economics and Business","Poland","PL","51.09999847412109","17.0333309173584","education","100.0","Europe","100.0"
"I4210102600","High Magnetic Field Laboratory","China","CN","31.893089294433597","117.17086791992188","facility","100.0","Asia","100.0"
"I4210100707","Mercy University Hospital","Ireland","IE","51.89876556396485","-8.482732772827148","healthcare","100.0","Europe","100.0"
"I2802476451","Wellcome Sanger Institute","United Kingdom","GB","52.20000076293945","0.1166699975728988","nonprofit","100.0","Europe","100.0"
"I4210133112","Canada's Michael Smith Genome Sciences Centre","Canada","CA","49.24966049194336","-123.1193389892578","other","1.0","North America","100.0"
"I8666313","Beykent University","Turkey","TR","41.117469787597656","29.003557205200195","education","100.0","Asia","100.0"
"I165143802","University of Queensland","Australia","AU","-27.46793937683105","153.02809143066406","education","43.0","Oceania","100.0"
"I4210129773","Institute of Engineering","Nepal","NP","27.67823982238769","85.31684875488281","education","100.0","Asia","100.0"
"I4210136523","October High Institute For Enginnering and Technology","Egypt","EG","29.96041488647461","30.93361091613769","education","","Africa","8.24"
"I29563240","Gujarat Technological University","India","IN","23.10557174682617","72.59397888183594","education","100.0","Asia","100.0"
"I17721919","Shanxi Medical University","China","CN","37.86943817138672","112.5602798461914","education","100.0","Asia","100.0"
"I87424562","Ithaca College","United States","US","42.44063186645508","-76.49661254882812","education","100.0","North America","100.0"
"I4210137727","National Institute of Genetic Engineering and Biotechnology","Iran","IR","35.70602035522461","51.26284408569336","facility","100.0","Asia","100.0"
"I1306339040","Ericsson (Sweden)","Sweden","SE","59.40316009521485","17.94478988647461","company","100.0","Europe","100.0"
"I916357946","Sri Sivasubramaniya Nadar College of Engineering","","","13.08784008026123","80.27847290039062","education","100.0","","100.0"
"I98805295","University of the Aegean","Greece","GR","39.10771942138672","26.55529022216797","education","100.0","Europe","100.0"
"I4210159266","Mitsubishi Electric (United States)","United States","US","33.817291259765625","-118.03824615478516","company","1.0","North America","100.0"
"I47838141","Saint Louis University","United States","US","38.62726974487305","-90.19789123535156","education","100.0","North America","100.0"
"I4400600917","Guangzhou College of Commerce","China","CN","23.116670608520508","113.25","education","","Asia","42.06"
"I182204967","Molde University College","Norway","NO","62.73751831054688","7.159120082855225","education","100.0","Europe","100.0"
"I4864440","SUNY Brockport","United States","US","43.21366882324219","-77.93917846679688","education","100.0","North America","100.0"
"I139787848","Capital University","United States","US","39.95527648925781","-82.93742370605469","education","100.0","North America","100.0"
"I47508984","Imperial College London","United Kingdom","GB","51.50852966308594","-0.1257400065660476","education","6.0","Europe","100.0"
"I4210140740","Universidad Internacional del Ecuador","Ecuador","EC","-0.2298499941825866","-78.52494812011719","education","100.0","South America","100.0"
"I4388482656","Ottawa Hospital Research Institute","","","45.411170959472656","-75.6981201171875","healthcare","100.0","","100.0"
"I122697084","Centrum Badań Kosmicznych","Poland","PL","52.22977066040039","21.01177978515625","facility","100.0","Europe","100.0"
"I181744264","Kharazmi University","Iran","IR","35.69438934326172","51.4215087890625","education","100.0","Asia","100.0"
"I4403386768","Centre Giovanni Borelli","","","48.85340881347656","2.34879994392395","facility","","","12.34"
"I4210166444","Institut de Recherche pour le Développement","France","FR","43.29695129394531","5.381070137023926","other","100.0","Europe","100.0"
"I68618741","Polytechnic University of Bari","Italy","IT","41.12065887451172","16.86981964111328","education","100.0","Europe","100.0"
"I4210112453","Transvalor (France)","France","FR","43.62393951416016","7.070058822631836","company","","Europe","13.21"
"I37696226","University of Maribor","Slovenia","SI","46.55472183227539","15.6466703414917","education","100.0","Europe","100.0"
"I167274908","Guangxi University for Nationalities","China","CN","22.841455459594727","108.2353515625","education","100.0","Asia","100.0"
"I4210121220","Institut des Géosciences de l'Environnement","France","FR","45.1786994934082","5.762810230255127","facility","100.0","Europe","100.0"
"I83019370","Eindhoven University of Technology","Netherlands","NL","51.44083023071289","5.477779865264893","education","100.0","Europe","100.0"
"I61623833","University of Agriculture Faisalabad","Pakistan","PK","31.41554069519043","73.08969116210938","education","100.0","Asia","100.0"
"I107606265","Broad Institute","United States","US","42.375099182128906","-71.1056137084961","other","100.0","North America","100.0"
"I4210126371","Institute of Solid Mechanics","Romania","RO","44.4322509765625","26.106260299682617","facility","100.0","Europe","100.0"
"I75778554","Federico Santa María Technical University","Chile","CL","-33.0359992980957","-71.62963104248047","education","100.0","South America","100.0"
"I4210163363","PLA Army Engineering University","China","CN","32.061668395996094","118.77777862548828","education","100.0","Asia","100.0"
"I30849647","Tomsk Polytechnic University","Russia","RU","56.50032043457031","84.98204040527344","education","100.0","Europe","100.0"
"I83642850","Tokyo International University","Japan","JP","35.90861129760742","139.4852752685547","education","","Asia","42.86"
"I4210100786","Swiss School of Public Health","Switzerland","CH","47.36666870117188","8.550000190734863","education","","Europe","53.86"
"I8778637","National Institute of Technology Srinagar","India","IN","34.08565139770508","74.80554962158203","education","100.0","Asia","100.0"
"I4210149487","International School of Management","Germany","DE","51.48907852172852","7.405667781829834","education","","Europe","36.81"
"I2799503643","Columbia University Irving Medical Center","United States","US","40.71427154541016","-74.00596618652344","healthcare","23.0","North America","100.0"
"I4210109130","Khost University","Afghanistan","AF","33.34917068481445","69.86905670166016","education","","Asia","14.65"
"I165507594","Kangwon National University","South Korea","KR","37.87472152709961","127.73416900634766","education","100.0","Asia","100.0"
"I4210144289","Research Center for Eco-Environmental Sciences","China","CN","39.907501220703125","116.39723205566406","facility","100.0","Asia","100.0"
"I130194489","University of Alicante","Spain","ES","38.34516906738281","-0.4814899861812591","education","100.0","Europe","100.0"
"I207789805","Lahore University of Management Sciences","Pakistan","PK","31.558000564575195","74.3507080078125","education","100.0","Asia","100.0"
"I860889466","Friedrich Miescher Institute","Switzerland","CH","47.55839157104492","7.573269844055176","facility","100.0","Europe","100.0"
"I35568498","Kochi University of Technology","Japan","JP","33.62130355834961","133.7198486328125","education","100.0","Asia","100.0"
"I4210128630","Centro di Riferimento Oncologico","Italy","IT","46.06335067749024","12.56467628479004","healthcare","100.0","Europe","100.0"
"I183263030","Graduate University of Advanced Technology","Iran","IR","30.28321075439453","57.07878875732422","education","100.0","Asia","100.0"
"I4210120221","Max Planck Institute for Human Development","Germany","DE","52.52436828613281","13.410530090332031","facility","100.0","Europe","100.0"
"I4394709122","Laboratoire Images, signaux et systèmes intelligents","","","48.78715896606445","2.403320074081421","facility","","","31.86"
"I1279571640","Alzheimer's Association","United States","US","41.984710693359375","-87.83612060546875","nonprofit","100.0","North America","100.0"
"I63601056","Menoufia University","Egypt","EG","30.552579879760746","31.00904083251953","education","100.0","Africa","100.0"
"I4210165112","Leo Pharma (Denmark)","Denmark","DK","55.73165130615234","12.363280296325684","company","100.0","Europe","100.0"
"I4210157861","Harvard Stem Cell Institute","United States","US","42.375099182128906","-71.1056137084961","facility","4.0","North America","100.0"
"I4210126939","ZheJiang Academy of Agricultural Sciences","China","CN","30.293649673461918","120.1614227294922","nonprofit","100.0","Asia","100.0"
"I919958821","Bayero University Kano","Nigeria","NG","11.9829740524292","8.479958534240723","education","100.0","Africa","100.0"
"I4210160701","Kista Photonics Research Center","Sweden","SE","59.40259552001953","17.946422576904297","facility","100.0","Europe","100.0"
"I4210138186","Wuhan National Laboratory for Optoelectronics","China","CN","30.507970809936523","114.4132080078125","facility","100.0","Asia","100.0"
"I32062511","Heriot-Watt University","United Kingdom","GB","55.95206069946289","-3.1964800357818604","education","100.0","Europe","100.0"
"I47251452","Wake Forest University","United States","US","36.09986114501953","-80.24421691894531","education","100.0","North America","100.0"
"I78650965","TU Dresden","Germany","DE","51.0508918762207","13.738320350646973","education","100.0","Europe","100.0"
"I2802335433","Aarhus University Hospital","Denmark","DK","56.17031478881836","10.206476211547852","healthcare","100.0","Europe","100.0"
"I4210117493","New Development Bank","China","CN","31.23319625854492","121.50347137451172","other","","Asia","5.71"
"I225661044","Barts Health NHS Trust","United Kingdom","GB","51.50852966308594","-0.1257400065660476","healthcare","100.0","Europe","100.0"
"I161515732","University of St. Thomas - Minnesota","United States","US","44.94440841674805","-93.09326934814452","education","100.0","North America","100.0"
"I162524378","Science and Technology Facilities Council","United Kingdom","GB","51.55796813964844","-1.7811599969863892","government","100.0","Europe","100.0"
"I4210103180","Instituto Português de Oncologia Francisco Gentil","Portugal","PT","38.71667098999024","-9.133330345153809","healthcare","100.0","Europe","100.0"
"I2802576217","Green University of Bangladesh","Bangladesh","BD","23.710399627685547","90.40744018554688","education","100.0","Asia","100.0"
"I183067930","Shanghai Jiao Tong University","China","CN","31.22221946716309","121.45806121826172","education","100.0","Asia","100.0"
"I103402955","Petro Mohyla Black Sea National University","Ukraine","UA","46.97184753417969","32.015113830566406","education","511.0","Europe","84.64"
"I4210115483","Thomson Reuters (Canada)","Canada","CA","43.64775466918945","-79.38096618652344","company","","North America","15.52"
"I4210134906","First Affiliated Hospital of Henan University of Science and Technology","China","CN","34.66157913208008","112.39901733398438","healthcare","100.0","Asia","100.0"
"I4210135980","Huainan Normal University","China","CN","32.62638854980469","116.99694061279295","education","100.0","Asia","100.0"
"I4210133438","Habib University","Pakistan","PK","24.905563354492188","67.13798522949219","education","","Asia","34.55"
"I182722699","Shenzhen Polytechnic","China","CN","22.54553985595703","114.06829833984376","education","100.0","Asia","100.0"
"I4210114506","Ministry of Education","South Korea","KR","36.59244918823242","127.29222869873048","government","","Asia","20.45"
"I1323041538","Ewing Marion Kauffman Foundation","United States","US","39.03947448730469","-94.57715606689452","nonprofit","","North America","24.06"
"I1292859797","Montreal Neurological Institute and Hospital","Canada","CA","45.50883865356445","-73.58780670166016","healthcare","100.0","North America","100.0"
"I4210100308","Military Technical College","Egypt","EG","30.080455780029297","31.29623031616211","education","100.0","Africa","100.0"
"I4210162168","Health and Human Development (2HD) Research Network","CM","CM","4.050797939300537","9.766178131103516","other","100.0","Other","100.0"
"I98702875","Université de Caen Normandie","France","FR","49.185848236083984","-0.3591200113296509","education","100.0","Europe","100.0"
"I122140584","Universidade Federal do Rio de Janeiro","Brazil","BR","-22.90641975402832","-43.18223190307617","education","100.0","South America","100.0"
"I87780372","Chongqing Medical University","China","CN","29.56026077270508","106.55770874023438","education","100.0","Asia","100.0"
"I926082481","Ventspils University of Applied Sciences","Latvia","LV","57.39485168457031","21.56121063232422","education","","Europe","36.38"
"I1328215151","Australian Museum","Australia","AU","-33.86785125732422","151.2073211669922","archive","100.0","Oceania","100.0"
"I39521962","Hunan City University","China","CN","28.589170455932617","112.32833099365234","education","100.0","Asia","100.0"
"I4210126530","Data Assurance and Communication Security","China","CN","39.97317886352539","116.21625518798828","facility","","Asia","53.15"
"I20089843","Princeton University","United States","US","40.34872055053711","-74.65904998779297","education","18.0","North America","100.0"
"I92403157","University of Science and Technology Beijing","China","CN","39.907501220703125","116.39723205566406","education","100.0","Asia","100.0"
"I4210093237","Universidad Autonoma de Manizales","Colombia","CO","5.068729877471924","-75.50338745117188","education","100.0","South America","100.0"
"I4210105842","Kavli Institute for Theoretical Sciences","China","CN","39.984859466552734","116.33244323730467","facility","100.0","Asia","100.0"
"I33849332","University of Malaya","Malaysia","MY","3.141200065612793","101.68653106689452","education","100.0","Asia","100.0"
"I25790992","Cardiovascular Institute of the South","United States","US","29.59576988220215","-90.7195281982422","other","100.0","North America","100.0"
"I4387153915","Guilin University","","","25.28022003173828","110.29638671875","education","100.0","","100.0"
"I4210116024","Sendai Medical Center","Japan","JP","38.26667022705078","140.86666870117188","healthcare","100.0","Asia","100.0"
"I43968019","Karlstad University","Sweden","SE","59.37929916381836","13.503569602966309","education","100.0","Europe","100.0"
"I113508548","Albany State University","United States","US","31.578510284423828","-84.1557388305664","education","100.0","North America","100.0"
"I142401562","Electronics and Telecommunications Research Institute","South Korea","KR","36.37945938110352","127.3338623046875","facility","100.0","Asia","100.0"
"I102197404","Université Paris-Sud","France","FR","48.69572067260742","2.187269926071167","education","100.0","Europe","100.0"
"I169615421","Middle Tennessee State University","United States","US","35.85221862792969","-86.37000274658203","education","100.0","North America","100.0"
"I4210145865","IBM Research - Tokyo","Japan","JP","35.68949890136719","139.69171142578125","facility","100.0","Asia","100.0"
"I4210151696","Quantum Science Center","United States","US","36.32001876831055","-87.76544952392578","facility","37.0","North America","100.0"
"I19008122","Mangalore University","India","IN","12.917229652404783","74.85603332519531","education","100.0","Asia","100.0"
"I121243025","International Islamic University, Islamabad","Pakistan","PK","33.66169738769531","73.0257568359375","education","100.0","Asia","100.0"
"I4210144839","Hamad bin Khalifa University","Qatar","QA","25.285449981689453","51.53096008300781","education","100.0","Asia","100.0"
"I4210159473","Fraunhofer Institute for Energy Economics and Energy System Technology","Germany","DE","51.31338119506836","9.477843284606934","facility","","Europe","41.94"
"I4210123017","Framingham Heart Study","United States","US","42.279258728027344","-71.41616821289062","facility","100.0","North America","100.0"
"I1330855593","Vel Tech Rangarajan Dr. Sagunthala R&D Institute of Science and Technology","India","IN","13.08784008026123","80.27847290039062","education","100.0","Asia","100.0"
"I83909951","Morgan State University","United States","US","39.29037857055664","-76.61219024658203","education","100.0","North America","100.0"
"I1287378978","University of British Columbia Hospital","Canada","CA","49.26411819458008","-123.24612426757812","healthcare","35.0","North America","100.0"
"I195731000","Université de Versailles Saint-Quentin-en-Yvelines","France","FR","48.8035888671875","2.134239912033081","education","100.0","Europe","100.0"
"I4210142845","Hanyang University Seoul Hospital","South Korea","KR","37.58635330200195","127.00279998779295","healthcare","100.0","Asia","100.0"
"I4210140609","Tokyo Metropolitan Institute of Gerontology","Japan","JP","35.68949890136719","139.69171142578125","facility","100.0","Asia","100.0"
"I149910238","Kent State University","United States","US","41.14641189575195","-81.34174346923828","education","100.0","North America","100.0"
"I1315279114","Zhejiang Wanli University","China","CN","29.878189086914062","121.54945373535156","education","100.0","Asia","100.0"
"I4210123686","Quzhou University","China","CN","28.982589721679688","118.86829376220705","education","100.0","Asia","100.0"
"I3122748864","""Dunarea de Jos"" University of Galati","Romania","RO","45.43687057495117","28.05027961730957","education","100.0","Europe","100.0"
"I1334287468","Nottingham University Hospitals NHS Trust","United Kingdom","GB","52.9536018371582","-1.1504700183868408","healthcare","100.0","Europe","100.0"
"I205349734","Hokkaido University","Japan","JP","43.07817840576172","141.3399658203125","education","100.0","Asia","100.0"
"I4210090273","Madison Group (United States)","United States","US","42.99638748168945","-89.4278335571289","company","100.0","North America","100.0"
"I1285790362","Finnish Meteorological Institute","Finland","FI","60.16952133178711","24.935449600219727","government","100.0","Europe","100.0"
"I2799716270","Palestine Technical University - Kadoorie","Palestine","PS","32.311561584472656","35.02690124511719","education","931.0","Asia","71.94"
"I254571519","Bartin University","Turkey","TR","41.63582992553711","32.337501525878906","education","100.0","Asia","100.0"
"I118946981","Escuela Politécnica del Ejército","Ecuador","EC","-0.3340499997138977","-78.4521713256836","education","100.0","South America","100.0"
"I4210106542","Shanghai Public Health Clinical Center","China","CN","30.7917537689209","121.34162139892578","healthcare","100.0","Asia","100.0"
"I28210344","Kakatiya University","India","IN","18.0","79.58332824707031","education","100.0","Asia","100.0"
"I4210100914","Ministry of Earth Sciences","India","IN","28.591110229492188","77.22555541992188","other","100.0","Asia","100.0"
"I39815113","Georgia Southern University","United States","US","32.44879150390625","-81.78317260742188","education","100.0","North America","100.0"
"I57093077","Swinburne University of Technology","Australia","AU","-37.81399917602539","144.96331787109375","education","100.0","Oceania","100.0"
"I177877127","University of Western Australia","Australia","AU","-31.95223999023437","115.86139678955078","education","100.0","Oceania","100.0"
"I4210090171","Memorial Medical Center","United States","US","37.66964721679688","-120.97472381591795","healthcare","871.0","North America","73.75"
"I146416000","University of Kansas","United States","US","38.9716682434082","-95.2352523803711","education","100.0","North America","100.0"
"I202276237","Medical University of Graz","Austria","AT","47.06666946411133","15.449999809265137","education","100.0","Europe","100.0"
"I4210093792","Johann Heinrich von Thünen-Institut","Germany","DE","52.26594161987305","10.526729583740234","government","100.0","Europe","100.0"
"I4210158318","Second Affiliated Hospital of Zhejiang University","China","CN","30.25167465209961","120.17648315429688","healthcare","44.0","Asia","100.0"
"I4210104954","Shenzhen Center for Disease Control and Prevention","China","CN","22.561107635498047","113.9885482788086","government","100.0","Asia","100.0"
"I8541234","University College of Bahrain","Bahrain","BH","26.193172454833984","50.48015975952149","education","100.0","Asia","100.0"
"I134656947","Esslingen University of Applied Sciences","Germany","DE","48.73960876464844","9.304730415344238","education","100.0","Europe","100.0"
"I89440247","Myongji University","South Korea","KR","37.580833435058594","126.92388916015624","education","100.0","Asia","100.0"
"I82760581","Taizhou University","China","CN","28.662660598754883","121.43312072753906","education","100.0","Asia","100.0"
"I208875869","Moscow State University of Fine Chemical Technologies","Russia","RU","55.66156768798828","37.4781608581543","education","100.0","Europe","100.0"
"I189442560","Gyeongsang National University","South Korea","KR","35.20444869995117","128.12408447265625","education","100.0","Asia","100.0"
"I4210160384","Institute of Biomedical Science","United Kingdom","GB","51.52382659912109","-0.1103150025010109","other","100.0","Europe","100.0"
"I111236770","University of Vermont","United States","US","44.47587966918945","-73.21206665039062","education","100.0","North America","100.0"
"I1294278766","Lurie Children's Hospital","United States","US","41.89710235595703","-87.62161254882812","healthcare","100.0","North America","100.0"
"I4210135521","Max Planck Institute for Intelligent Systems","Germany","DE","48.782318115234375","9.177020072937012","facility","100.0","Europe","100.0"
"I4210113215","Istituto Ortopedico Galeazzi","Italy","IT","45.52303695678711","9.173633575439451","healthcare","100.0","Europe","100.0"
"I40434647","Université Paris Nanterre","France","FR","48.85340881347656","2.34879994392395","education","100.0","Europe","100.0"
"I51441396","Bauhaus-Universität Weimar","Germany","DE","50.98030090332031","11.32903003692627","education","100.0","Europe","100.0"
"I2799765794","University of Virginia Health System","United States","US","38.03230667114258","-78.49861145019531","healthcare","100.0","North America","100.0"
"I4210101969","Dalat University","Vietnam","VN","11.95466423034668","108.44406127929688","education","100.0","Asia","100.0"
"I95240055","Northeast Ohio Medical University","United States","US","41.15755844116211","-81.24205017089844","education","100.0","North America","100.0"
"I4210086734","Military Institute","Russia","RU","52.28548431396485","104.36459350585938","education","","Europe","44.01"
"I4391767646","State Key Laboratory of Medicinal Chemical Biology","","","39.14221954345703","117.17666625976562","facility","100.0","","100.0"
"I137265193","University of Chester","United Kingdom","GB","53.19049835205078","-2.891890048980713","education","100.0","Europe","100.0"
"I4210131439","Applied Mathematics (United States)","United States","US","41.42325973510742","-72.07901000976562","company","100.0","North America","100.0"
"I27825529","California State University Los Angeles","United States","US","34.05223083496094","-118.24368286132812","education","100.0","North America","100.0"
"I4210158502","Queen Elizabeth University Hospital","United Kingdom","GB","55.86222076416016","-4.341111183166504","healthcare","100.0","Europe","100.0"
"I4210148920","Danish Cancer Society","Denmark","DK","55.67594146728516","12.565529823303224","other","100.0","Europe","100.0"
"I103193709","Adamson University","Philippines","PH","14.58668613433838","120.98590087890624","education","","Asia","51.77"
"I4210089010","Tata Medical Center","India","IN","22.56262969970703","88.363037109375","other","100.0","Asia","100.0"
"I1334627681","Jet Propulsion Laboratory","United States","US","34.19916915893555","-118.18785095214844","facility","100.0","North America","100.0"
"I4210134832","Laboratoire de Physique des 2 Infinis Irène Joliot-Curie","France","FR","48.69572067260742","2.187269926071167","facility","100.0","Europe","100.0"
"I4210089162","Northwestern Memorial Hospital","United States","US","41.89474487304688","-87.62133026123047","healthcare","100.0","North America","100.0"
"I28813325","Civil Aviation University of China","China","CN","39.14221954345703","117.17666625976562","education","100.0","Asia","100.0"
"I4210131507","Shanghai Meteorological Bureau","China","CN","31.22221946716309","121.45806121826172","government","100.0","Asia","100.0"
"I133771110","University of Cape Coast","Ghana","GH","5.105350017547607","-1.2466000318527222","education","100.0","Africa","100.0"
"I4210115292","Synopsys (Germany)","Germany","DE","48.15006637573242","11.682930946350098","company","","Europe","10.75"
"I109954829","Agricultural University of Athens","Greece","GR","37.98376083374024","23.727840423583984","education","100.0","Europe","100.0"
"I4210135077","Al Yamamah University","Saudi Arabia","SA","24.863784790039062","46.591796875","education","","Asia","44.7"
"I233209018","University of Abou Bekr Belkaïd","Algeria","DZ","34.87833023071289","-1.315000057220459","education","100.0","Africa","100.0"
"I1307585291","Khulna University of Engineering and Technology","Bangladesh","BD","22.809789657592773","89.56439208984375","education","100.0","Asia","100.0"
"I4210100868","Second Affiliated Hospital of Dalian Medical University","China","CN","38.88212203979492","121.57097625732422","healthcare","100.0","Asia","100.0"
"I4210116048","Beijing National Laboratory for Molecular Sciences","China","CN","39.907501220703125","116.39723205566406","facility","100.0","Asia","100.0"
"I4210091445","München Klinik Schwabing","Germany","DE","48.1706428527832","11.57761573791504","healthcare","100.0","Europe","100.0"
"I4210149496","Zhengzhou People's Hospital","China","CN","34.774810791015625","113.66571807861328","healthcare","100.0","Asia","100.0"
"I75027704","University of Tennessee at Knoxville","United States","US","35.96063995361328","-83.92073822021484","education","100.0","North America","100.0"
"I4210137844","Skåne University Hospital","Sweden","SE","55.705841064453125","13.193209648132324","healthcare","100.0","Europe","100.0"
"I161548249","Bangor University","United Kingdom","GB","53.22751998901367","-4.129360198974609","education","100.0","Europe","100.0"
"I51216347","Anglia Ruskin University","United Kingdom","GB","52.20000076293945","0.1166699975728988","education","100.0","Europe","100.0"
"I161318765","University of California, Los Angeles","United States","US","34.05223083496094","-118.24368286132812","education","30.0","North America","100.0"
"I90671886","Epoka University","AL","AL","41.32749938964844","19.81888961791992","education","","Other","46.58"
"I169173203","Délégation Paris 7","France","FR","48.86666870117188","2.416670083999634","government","100.0","Europe","100.0"
"I4210127646","Max Planck Institute for Gravitational Physics","Germany","DE","52.41638946533203","12.96916675567627","facility","100.0","Europe","100.0"
"I70593384","Lead City University","Nigeria","NG","7.327760219573975","3.877729892730713","education","100.0","Africa","100.0"
"I114457229","University of Geneva","Switzerland","CH","46.20222091674805","6.145689964294434","education","100.0","Europe","100.0"
"I149213910","University of Antwerp","Belgium","BE","51.22272872924805","4.408430099487305","education","100.0","Europe","100.0"
"I1320473756","The Royal Melbourne Hospital","Australia","AU","-37.81399917602539","144.96331787109375","other","100.0","Oceania","100.0"
"I11019714","Universidade da Coruña","Spain","ES","43.3713493347168","-8.395999908447266","education","100.0","Europe","100.0"
"I4210117901","Poznan Supercomputing and Networking Center","Poland","PL","52.40692138671875","16.929929733276367","nonprofit","","Europe","65.68"
"I4210134201","IRCCS Istituto Auxologico Italiano","Italy","IT","45.46427154541016","9.189510345458984","healthcare","100.0","Europe","100.0"
"I118019719","Roche (Switzerland)","Switzerland","CH","47.55839157104492","7.573269844055176","company","100.0","Europe","100.0"
"I4210118662","Bentley Systems (United States)","United States","US","40.06576919555664","-75.68778228759766","company","","North America","16.06"
"I151903974","National Institute Of Technology Silchar","India","IN","24.82732963562012","92.79786682128906","education","100.0","Asia","100.0"
"I4210143608","Henan Cancer Hospital","China","CN","34.77106857299805","113.7020034790039","healthcare","100.0","Asia","100.0"
"I4210111986","Nanjing Hydraulic Research Institute","China","CN","32.061668395996094","118.77777862548828","facility","100.0","Asia","100.0"
"I2800861664","University Hospital of Wales","United Kingdom","GB","51.47999954223633","-3.180000066757202","healthcare","100.0","Europe","100.0"
"I898769471","Bank of Canada","Canada","CA","45.42087936401367","-75.70296478271484","other","100.0","North America","100.0"
"I20942203","Hainan University","China","CN","20.034210205078125","110.34651184082033","education","100.0","Asia","100.0"
"I97455420","Sohag University","Egypt","EG","26.55694961547852","31.694780349731445","education","100.0","Africa","100.0"
"I45683168","Polytechnique Montréal","Canada","CA","45.50883865356445","-73.58780670166016","education","100.0","North America","100.0"
"I145673806","Fujita Health University","Japan","JP","35.03799819946289","136.9993133544922","education","100.0","Asia","100.0"
"I4387153335","China Telecom","","","39.907501220703125","116.39723205566406","company","100.0","","100.0"
"I127165138","University of Suffolk","United Kingdom","GB","52.05916976928711","1.1554499864578247","education","100.0","Europe","100.0"
"I170201317","University of Pittsburgh","United States","US","40.44062042236328","-79.99588775634766","education","100.0","North America","100.0"
"I4210130476","Datta Meghe Institute of Medical Sciences","India","IN","20.71472549438477","78.5801773071289","education","100.0","Asia","100.0"
"I4210115284","Institute for Rural Engineering","Japan","JP","36.02812194824219","140.10211181640625","facility","","Asia","47.2"
"I4210098239","The Gordon Life Science Institute","United States","US","32.96656036376953","-117.16405487060548","nonprofit","986.0","North America","70.26"
"I4210119470","Ankang City Central Hospital","China","CN","32.690555572509766","109.0282974243164","healthcare","","Asia","43.56"
"I4210102777","Jewish Hospital","United States","US","38.248966217041016","-85.7511978149414","healthcare","100.0","North America","100.0"
"I4210115393","Azienda Ospedaliero-Universitaria Careggi","Italy","IT","43.77925109863281","11.246259689331056","healthcare","100.0","Europe","100.0"
"I4387154833","Kohsar University Murree","","","33.90835952758789","73.39029693603516","government","","","14.62"
"I1341655806","Alzheimer's Drug Discovery Foundation","United States","US","40.76438903808594","-73.97681427001953","nonprofit","","North America","18.13"
"I4210160507","Center for Life Sciences","China","CN","39.907501220703125","116.39723205566406","education","100.0","Asia","100.0"
"I4210093646","Cancer Center of Hawaii","United States","US","21.328771591186523","-157.85211181640625","healthcare","100.0","North America","100.0"
"I1324540951","RealNetworks (United States)","United States","US","47.58977890014648","-122.33474731445312","company","","North America","31.3"
"I82284825","Cranfield University","United Kingdom","GB","52.06869125366211","-0.6088399887084961","education","100.0","Europe","100.0"
"I4210094879","Shandong Institute of Automation","China","CN","36.66833114624024","116.99722290039062","facility","100.0","Asia","100.0"
"I4210118977","Shanghai Tunnel Engineering Rail Transit Design & Research Institute","China","CN","31.183292388916016","121.41757202148438","facility","","Asia","62.08"
"I4210151294","Shandong Women’s University","China","CN","36.66833114624024","116.99722290039062","education","455.0","Asia","86.47"
"I181343428","University of Zagreb","Croatia","HR","45.8144416809082","15.97797966003418","education","100.0","Europe","100.0"
"I887968799","RWTH Aachen University","Germany","DE","50.776641845703125","6.083419799804688","education","100.0","Europe","100.0"
"I4210135459","United Imaging Healthcare (China)","China","CN","31.272445678710938","121.43536376953124","company","100.0","Asia","100.0"
"I4780363","Pittsburg State University","United States","US","37.41088104248047","-94.70496368408205","education","100.0","North America","100.0"
"I1317621060","Indian Institute of Technology Guwahati","India","IN","26.18440055847168","91.74579620361328","education","100.0","Asia","100.0"
"I4210088633","Soil Conservation and Watershed Management Research","Iran","IR","35.70112228393555","51.22032165527344","facility","100.0","Asia","100.0"
"I4210113003","Physical Sciences (United States)","United States","US","42.69598388671875","-71.20570373535156","company","100.0","North America","100.0"
"I2800614204","Leibniz Institute for Baltic Sea Research","Germany","DE","54.176700592041016","12.084019660949709","facility","100.0","Europe","100.0"
"I177802217","University of Mannheim","Germany","DE","49.483924865722656","8.462201118469238","education","100.0","Europe","100.0"
"I18014758","Simon Fraser University","Canada","CA","49.266361236572266","-122.95262908935548","education","100.0","North America","100.0"
"I4210156804","First Affiliated Hospital of Zhengzhou University","China","CN","34.75777816772461","113.64861297607422","healthcare","100.0","Asia","100.0"
"I4210147155","Pediatrics and Genetics","United States","US","34.08824157714844","-84.31282043457031","healthcare","100.0","North America","100.0"
"I185649097","New England College","United States","US","43.17806243896485","-71.82269287109375","education","100.0","North America","100.0"
"I2802266942","Gloucestershire Hospitals NHS Foundation Trust","United Kingdom","GB","51.8659782409668","-2.2317841053009038","healthcare","100.0","Europe","100.0"
"I135564639","Ahsanullah University of Science and Technology","Bangladesh","BD","23.710399627685547","90.40744018554688","education","34.0","Asia","100.0"
"I4210136431","Shanghai Tongji Urban Planning and Design Institute","China","CN","31.29335021972656","121.50482177734376","facility","100.0","Asia","100.0"
"I200606013","Daffodil International University","Bangladesh","BD","23.710399627685547","90.40744018554688","education","100.0","Asia","100.0"
"I4210134476","Texas Fertility Center","United States","US","30.26715087890625","-97.74305725097656","healthcare","","North America","15.2"
"I76130692","Zhejiang University","China","CN","30.293649673461918","120.1614227294922","education","44.0","Asia","100.0"
"I90326151","Ecole des Hautes Etudes Commerciales du Nord","France","FR","50.69421005249024","3.174560070037842","education","100.0","Europe","100.0"
"I118692353","University of Science and Technology","Yemen","YE","12.77943992614746","45.03667068481445","education","100.0","Asia","100.0"
"I4210091044","First People's Hospital of Yunnan Province","China","CN","25.0324649810791","102.70769500732422","healthcare","100.0","Asia","100.0"
"I4210118397","Sichuan Academy of Medical Sciences & Sichuan Provincial People's Hospital","China","CN","30.66364479064941","104.04094696044922","healthcare","100.0","Asia","100.0"
"I4210129127","The First People’s Hospital of Lianyungang","China","CN","34.60573959350586","119.18226623535156","healthcare","39.0","Asia","100.0"
"I4210154781","STMicroelectronics (Italy)","Italy","IT","45.49846267700195","9.035076141357422","company","100.0","Europe","100.0"
"I4210161227","Huangshi Central Hospital","China","CN","30.214183807373047","115.08436584472656","healthcare","100.0","Asia","100.0"
"I99043593","Macquarie University","Australia","AU","-33.86785125732422","151.2073211669922","education","100.0","Oceania","100.0"
"I4210092257","China Guangzhou Analysis and Testing Center","China","CN","23.13918876647949","113.2993621826172","other","418.0","Asia","87.71"
"I1331168281","Ludovika University of Public Service","Hungary","HU","47.498348236083984","19.04044914245605","education","100.0","Europe","100.0"
"I2802567020","Copenhagen University Hospital","Denmark","DK","55.67594146728516","12.565529823303224","healthcare","100.0","Europe","100.0"
"I4388446386","Krembil Research Institute","","","43.70011138916016","-79.41629791259766","facility","100.0","","100.0"
"I4210123540","Appen (United States)","United States","US","47.70976638793945","-122.1911392211914","company","","North America","1.69"
"I190752583","ParisTech","France","FR","48.85340881347656","2.34879994392395","education","100.0","Europe","100.0"
"I309496635","Weihenstephan-Triesdorf University of Applied Sciences","Germany","DE","48.40351104736328","11.748760223388672","education","100.0","Europe","100.0"
"I2800666866","Government of Pakistan","Pakistan","PK","33.72148132324219","73.04328918457031","government","100.0","Asia","100.0"
"I34155123","Hebei University of Science and Technology","China","CN","38.04138946533203","114.47860717773438","education","100.0","Asia","100.0"
"I3018557291","Kanagawa Prefectural Hospital Organization","Japan","JP","35.43333053588867","139.64999389648438","healthcare","100.0","Asia","100.0"
"I4210125143","Chengdu University","China","CN","30.66666984558105","104.0666732788086","education","100.0","Asia","100.0"
"I2898391981","Deutsches Zentrum für Luft- und Raumfahrt e. V. (DLR)","Germany","DE","50.93333053588867","6.949999809265137","facility","100.0","Europe","100.0"
"I4210159731","Laboratoire de Recherche en Informatique de Paris 6","France","FR","48.85340881347656","2.34879994392395","facility","100.0","Europe","100.0"
"I169877490","University of Mumbai","India","IN","19.072830200195312","72.88260650634766","education","100.0","Asia","100.0"
"I1342547582","Environment and Climate Change Canada","Canada","CA","45.42537307739258","-75.69985961914062","other","100.0","North America","100.0"
"I4210162466","Centre of Biotechnology of Sfax","Tunisia","TN","34.77359771728516","10.80327320098877","facility","100.0","Africa","100.0"
"I4210111795","Hisense (China)","China","CN","36.06488037109375","120.3804168701172","company","","Asia","38.55"
"I4210103666","University Hospital Münster","Germany","DE","51.96236038208008","7.625710010528564","healthcare","100.0","Europe","100.0"
"I4210109539","Institute for Soldier Nanotechnologies","United States","US","42.363319396972656","-71.09256744384766","facility","100.0","North America","100.0"
"I127591826","University of Dayton","United States","US","39.75894927978516","-84.19161224365234","education","100.0","North America","100.0"
"I2800649613","University of Missouri Health System","United States","US","38.938568115234375","-92.3277587890625","healthcare","100.0","North America","100.0"
"I4210126014","PerkinElmer (Finland)","Finland","FI","60.43754577636719","22.32435607910156","company","","Europe","10.56"
"I4210130969","North Memorial Health Care","United States","US","45.01386642456055","-93.32227325439452","healthcare","","North America","20.7"
"I83776822","Shandong Institute of Business and Technology","China","CN","37.48682022094727","121.44422912597656","education","100.0","Asia","100.0"
"I4210143403","Norwegian Institute of Bioeconomy Research","Norway","NO","59.9127311706543","10.746089935302734","other","100.0","Europe","100.0"
"I163245316","Corvinus University of Budapest","Hungary","HU","47.498348236083984","19.04044914245605","education","8.0","Europe","100.0"
"I4210111434","Korea Institute of Machinery and Materials","South Korea","KR","36.34912872314453","127.38493347167967","facility","100.0","Asia","100.0"
"I4210155937","ARC Centre of Excellence for All-sky Astrophysics","Australia","AU","-33.86785125732422","151.2073211669922","facility","100.0","Oceania","100.0"
"I137594350","Infineon Technologies (Germany)","Germany","DE","48.137428283691406","11.57548999786377","company","100.0","Europe","100.0"
"I4210100550","Zhejiang DongFang Vocational and Technical College","China","CN","27.964948654174805","120.7503890991211","education","","Asia","26.27"
"I4210164424","Chuncheon Sacred Heart Hospital","South Korea","KR","37.88624572753906","127.7377700805664","healthcare","100.0","Asia","100.0"
"I4210088115","Ospedale Santa Chiara","Italy","IT","46.06787109375","11.12108039855957","healthcare","100.0","Europe","100.0"
"I4394709116","UNSW Canberra","","","-35.2834587097168","149.12806701660156","education","19.0","","100.0"
"I2801380234","University of South-Eastern Norway","Norway","NO","59.6685791015625","9.65017032623291","education","100.0","Europe","100.0"
"I34949971","University of Jinan","China","CN","36.66833114624024","116.99722290039062","education","100.0","Asia","100.0"
"I38538140","Asian Institute of Technology","Thailand","TH","14.075937271118164","100.61712646484376","education","100.0","Asia","100.0"
"I18489884","Kunming Institute of Zoology","China","CN","25.038890838623047","102.71833038330078","facility","100.0","Asia","100.0"
"I69740276","Tokyo Metropolitan University","Japan","JP","35.68949890136719","139.69171142578125","education","100.0","Asia","100.0"
"I119942576","University of the Pacific","United States","US","37.97949981689453","-121.31300354003906","education","100.0","North America","100.0"
"I4210134118","Sanjivani Super Speciality Hospitals","India","IN","23.041475296020508","72.52842712402344","healthcare","","Asia","41.28"
"I4210150358","Institut Systèmes Intelligents et de Robotique","France","FR","48.85340881347656","2.34879994392395","facility","100.0","Europe","100.0"
"I82724352","Universiti Teknologi MARA","Malaysia","MY","3.0850698947906494","101.53280639648438","education","100.0","Asia","100.0"
"I1287163989","Massachusetts Eye and Ear Infirmary","United States","US","42.36375427246094","-71.0707778930664","healthcare","100.0","North America","100.0"
"I14245010","University of Kragujevac","Serbia","RS","44.01667022705078","20.91666984558105","education","100.0","Europe","100.0"
"I39422238","University of Illinois Chicago","United States","US","41.85002899169922","-87.6500473022461","education","90.0","North America","100.0"
"I79619799","University of Birmingham","United Kingdom","GB","52.45055770874024","-1.930556058883667","education","100.0","Europe","100.0"
"I123900574","Pohang University of Science and Technology","South Korea","KR","36.02917098999024","129.36480712890625","education","100.0","Asia","100.0"
"I4210130392","Research Applications (United States)","United States","US","39.06861114501953","-77.18247985839844","company","100.0","North America","100.0"
"I2800834503","Tamale Teaching Hospital","Ghana","GH","9.39305591583252","-0.8234699964523315","healthcare","100.0","Africa","100.0"
"I1328091291","Ensco (United States)","United States","US","38.86302185058594","-77.217041015625","company","","North America","51.06"
"I4210139239","Helmholtz-Zentrum Hereon","Germany","DE","53.43574905395508","10.377900123596191","government","100.0","Europe","100.0"
"I20303223","BP (United Kingdom)","United Kingdom","GB","51.509315490722656","-0.1347029954195022","company","100.0","Europe","100.0"
"I156144747","Harbin Medical University","China","CN","45.75","126.6500015258789","education","100.0","Asia","100.0"
"I4210164189","Jilin International Studies University","China","CN","43.880001068115234","125.3227767944336","education","100.0","Asia","100.0"
"I133743585","Anadolu University","Turkey","TR","39.776668548583984","30.52055931091309","education","100.0","Asia","100.0"
"I4210104665","University of Applied Sciences Emden Leer","Germany","DE","53.36745071411133","7.207779884338379","education","681.0","Europe","79.49"
"I4210106329","Russian Engineering Academy","Russia","RU","55.7582893371582","37.60927963256836","other","","Europe","62.18"
"I4210092870","Jiaxing University","China","CN","30.752199172973636","120.75","education","100.0","Asia","100.0"
"I1304557061","National Center for Toxicological Research","United States","US","34.366329193115234","-92.11270141601562","facility","100.0","North America","100.0"
"I80850581","Universidade Federal de Uberlândia","Brazil","BR","-18.918609619140625","-48.2772216796875","education","100.0","South America","100.0"
"I32574673","Shantou University","China","CN","23.354890823364254","116.6787567138672","education","100.0","Asia","100.0"
"I4210095597","King Abdullah International Medical Research Center","Saudi Arabia","SA","21.49011993408203","39.18624114990234","facility","100.0","Asia","100.0"
"I1339065421","Defence Science and Technology Laboratory","United Kingdom","GB","51.06989288330078","-1.7947829961776731","government","100.0","Europe","100.0"
"I4210155144","University Hospital Ulm","Germany","DE","48.39841079711914","9.99155044555664","healthcare","100.0","Europe","100.0"
"I130238516","University of Minnesota","United States","US","44.9799690246582","-93.26383972167967","education","100.0","North America","100.0"
"I154202486","Ifremer","France","FR","48.39028930664063","-4.4862799644470215","facility","100.0","Europe","100.0"
"I1286704778","Rutherford Appleton Laboratory","United Kingdom","GB","51.60927963256836","-1.2421400547027588","facility","100.0","Europe","100.0"
"I87097829","University of North Carolina at Asheville","United States","US","35.61619186401367","-82.5661392211914","education","100.0","North America","100.0"
"I199691007","Brazilian Agricultural Research Corporation","Brazil","BR","-15.71048641204834","-47.90955352783203","government","100.0","South America","100.0"
"I4388891890","Krembil Brain Institute","","","43.70011138916016","-79.41629791259766","facility","","","20.81"
"I3130874397","Western Caspian University","AZ","AZ","40.36488723754883","49.83081817626953","education","100.0","Other","100.0"
"I2802604338","Manly Hospital","Australia","AU","-33.80598068237305","151.29446411132812","healthcare","","Oceania","59.53"
"I5593406","Universitat Ramon Llull","Spain","ES","41.388790130615234","2.158989906311035","education","100.0","Europe","100.0"
"I91450128","Jazan University","Saudi Arabia","SA","16.889169692993164","42.55110931396485","education","100.0","Asia","100.0"
"I4210101190","Cancer Research And Biostatistics","United States","US","47.63336944580078","-122.34178924560548","nonprofit","100.0","North America","100.0"
"I82462995","Baker University","United States","US","38.77842712402344","-95.18894958496094","education","","North America","24.3"
"I111599522","Jiangnan University","China","CN","31.568870544433597","120.28856658935548","education","100.0","Asia","100.0"
"I4210095242","Netherlands eScience Center","Netherlands","NL","52.37403106689453","4.889689922332764","other","100.0","Europe","100.0"
"I2800817003","Southern California University for Professional Studies","United States","US","33.69279861450195","-117.7664031982422","education","100.0","North America","100.0"
"I4210113474","Kyungil University","South Korea","KR","35.90872573852539","128.8011932373047","education","100.0","Asia","100.0"
"I4210107168","Keio University Hospital","Japan","JP","35.68166732788086","139.7181396484375","healthcare","100.0","Asia","100.0"
"I10874241","Jawaharlal Nehru Technological University, Hyderabad","India","IN","17.384050369262695","78.45635986328125","education","100.0","Asia","100.0"
"I3005160176","Institute for High Performance Computing and Networking","Italy","IT","39.358680725097656","16.22637176513672","facility","100.0","Europe","100.0"
"I84218800","University of California, Davis","United States","US","38.5449104309082","-121.74051666259766","education","100.0","North America","100.0"
"I4287427","University of Lomé","TG","TG","6.177395820617676","1.2129679918289185","education","100.0","Other","100.0"
"I1289243028","Oak Ridge National Laboratory","United States","US","36.01036071777344","-84.26963806152344","facility","100.0","North America","100.0"
"I170230895","Warsaw University of Life Sciences","Poland","PL","52.22977066040039","21.01177978515625","education","100.0","Europe","100.0"
"I200399037","University of Puerto Rico System","PR","PR","18.46632957458496","-66.10572052001953","education","100.0","Other","100.0"
"I4210100113","Intensive Care Society","United Kingdom","GB","51.519290924072266","-0.1196110025048255","other","100.0","Europe","100.0"
"I4210161067","Gedik University","Turkey","TR","40.901851654052734","29.21912384033203","education","571.0","Asia","82.83"
"I150406212","University of Khartoum","SD","SD","15.551770210266112","32.53240966796875","education","100.0","Other","100.0"
"I197867492","Korea Maritime and Ocean University","South Korea","KR","35.07444381713867","129.08694458007812","education","100.0","Asia","100.0"
"I4387155461","Alex Ekwueme Federal University, Ndufu-Alike","","","6.324850082397461","8.113679885864258","education","100.0","","100.0"
"I4210136457","Shibuya (Japan)","Japan","JP","36.57561111450195","136.6374053955078","company","100.0","Asia","100.0"
"I4210138808","École Pour l'Informatique et les Techniques Avancées","France","FR","48.8147087097168","2.360729932785034","education","","Europe","42.5"
"I2800351701","HUN-REN Szegedi Biológiai Kutatóközpont","Hungary","HU","46.25299835205078","20.148239135742188","facility","100.0","Europe","100.0"
"I4210149962","Sanming University","China","CN","26.253231048583984","117.63945770263672","education","100.0","Asia","100.0"
"I4210106471","CRUK/MRC Oxford Institute for Radiation Oncology","United Kingdom","GB","51.751991271972656","-1.2141779661178589","facility","3.0","Europe","100.0"
"I108290504","University of Pisa","Italy","IT","43.70853042602539","10.403599739074709","education","100.0","Europe","100.0"
"I2800387288","European Commission","Belgium","BE","50.85044860839844","4.348780155181885","other","100.0","Europe","100.0"
"I213072177","University of Maroua","CM","CM","10.65562343597412","14.43272876739502","education","100.0","Other","100.0"
"I175594653","John Brown University","United States","US","36.18999862670898","-94.55860900878906","education","80.0","North America","100.0"
"I4210121532","Ministry of Health and Welfare","Taiwan","TW","25.047760009765625","121.53185272216795","other","100.0","Asia","100.0"
"I4210102737","Khwaja Fareed University of Engineering and Information Technology","Pakistan","PK","28.419870376586918","70.30345153808594","education","100.0","Asia","100.0"
"I204136569","The Open University","United Kingdom","GB","52.04172134399414","-0.7558299899101257","education","100.0","Europe","100.0"
"I4210128628","Peking University Shenzhen Hospital","China","CN","22.55612564086914","114.04913330078124","healthcare","17.0","Asia","100.0"
"I931681460","Universiti Tunku Abdul Rahman","Malaysia","MY","4.300000190734863","101.1500015258789","education","100.0","Asia","100.0"
"I57298602","Alcorn State University","United States","US","31.87679100036621","-91.14253997802734","education","","North America","47.14"
"I4210113174","Regional Hospital Horsens","Denmark","DK","55.8637580871582","9.872596740722656","healthcare","283.0","Europe","92.21"
"I205747304","Institut National Polytechnique de Toulouse","France","FR","43.6042594909668","1.4436700344085691","education","100.0","Europe","100.0"
"I902853133","University of Rajshahi","Bangladesh","BD","24.374000549316406","88.60114288330078","education","100.0","Asia","100.0"
"I4210090178","Instituto de Ensino e Pesquisa Santa Casa","Brazil","BR","-19.92205238342285","-43.9262580871582","other","","South America","42.94"
"I4210112337","University of Hafr Al-Batin","Saudi Arabia","SA","24.68773078918457","46.72185134887695","education","100.0","Asia","100.0"
"I150870154","Indian Institute of Management Ahmedabad","India","IN","23.025789260864254","72.58727264404297","education","100.0","Asia","100.0"
"I3133391162","Maulana Azad National Urdu University","India","IN","17.42740249633789","78.361328125","education","550.0","Asia","83.48"
"I4210153931","D.Y. Patil University","India","IN","19.008285522460938","73.03321075439453","education","100.0","Asia","100.0"
"I4210140493","Collaborative Innovation Center of Advanced Microstructures","China","CN","32.061668395996094","118.77777862548828","facility","100.0","Asia","100.0"
"I4210150093","Max Planck Institute of Biochemistry","Germany","DE","48.10731887817383","11.451959609985352","facility","100.0","Europe","100.0"
"I4210109121","Centre Hospitalier Intercommunal de Poissy","France","FR","48.918678283691406","2.0226519107818604","healthcare","100.0","Europe","100.0"
"I173713965","Institut Barcelona d'Estudis Internacionals","Spain","ES","41.388790130615234","2.158989906311035","education","","Europe","42.98"
"I226432","Universiti Malaysia Kelantan","Malaysia","MY","6.123610019683838","102.24333190917967","education","100.0","Asia","100.0"
"I187293425","University of Ostrava","Czech Republic","CZ","49.83464813232422","18.282039642333984","education","100.0","Europe","100.0"
"I103320735","Università Cattolica del Sacro Cuore","Italy","IT","45.46427154541016","9.189510345458984","education","100.0","Europe","100.0"
"I71052956","University of Reading","United Kingdom","GB","51.45624923706055","-0.9711300134658812","education","100.0","Europe","100.0"
"I4210104909","Xuzhou Cancer Hospital","China","CN","34.273094177246094","117.1965789794922","healthcare","","Asia","58.39"
"I4210116001","Guiyang University","China","CN","26.583330154418945","106.71666717529295","education","100.0","Asia","100.0"
"I56722557","Trinity College","United States","US","41.763710021972656","-72.68508911132812","education","100.0","North America","100.0"
"I4210101891","Korea Institute of Brain Science","South Korea","KR","37.56600189208984","126.97840118408205","facility","100.0","Asia","100.0"
"I4210125537","Lebanese French University","Iraq","IQ","36.17122268676758","43.95427703857422","education","951.0","Asia","71.32"
"I114772536","Software Engineering Institute","United States","US","40.44660186767578","-79.94999694824219","facility","100.0","North America","100.0"
"I4210134189","Xiamen University Malaysia","Malaysia","MY","2.832504987716675","101.70693969726562","education","100.0","Asia","100.0"
"I2801106189","Dijlah University College","Iraq","IQ","33.2672119140625","44.35660171508789","education","","Asia","56.69"
"I4210091148","Gyeongsang National University Hospital","South Korea","KR","35.17744445800781","128.0953826904297","healthcare","100.0","Asia","100.0"
"I2802355861","Australian Institute of Business","Australia","AU","-34.92487335205078","138.59825134277344","education","100.0","Oceania","100.0"
"I141450709","Monmouth University","United States","US","40.29039001464844","-74.01763916015625","education","100.0","North America","100.0"
"I92715842","University of West Bohemia","Czech Republic","CZ","49.72369003295898","13.351542472839355","education","100.0","Europe","100.0"
"I4210128418","Nanjing Xiaozhuang University","China","CN","32.061668395996094","118.77777862548828","education","100.0","Asia","100.0"
"I43081956","Xiangnan University","China","CN","29.273420333862305","109.46320343017578","education","100.0","Asia","100.0"
"I41518628","Saint Petersburg State Electrotechnical University","Russia","RU","59.97249984741211","30.32250022888184","education","100.0","Europe","100.0"
"I140221134","Anhui Agricultural University","China","CN","31.86006546020508","117.25733184814452","education","100.0","Asia","100.0"
"I4210113625","Meyer Children's Hospital","Italy","IT","43.81052780151367","11.252437591552734","healthcare","100.0","Europe","100.0"
"I66068411","Genome Institute of Singapore","Singapore","SG","1.2896699905395508","103.85006713867188","facility","100.0","Asia","100.0"
"I2800887215","Tunisia Polytechnic School","Tunisia","TN","36.879615783691406","10.336488723754885","education","100.0","Africa","100.0"
"I4210155859","İskenderun Technical University","Turkey","TR","36.587181091308594","36.17346954345703","education","100.0","Asia","100.0"
"I74656192","University of Göttingen","Germany","DE","51.53443145751953","9.932279586791992","education","100.0","Europe","100.0"
"I132157868","Dr. Babasaheb Ambedkar Technological University","India","IN","18.17025756835937","73.33859252929688","education","336.0","Asia","90.46"
"I42317466","Altınbaş University","Turkey","TR","41.01383972167969","28.94965934753418","education","100.0","Asia","100.0"
"I1335289525","Montefiore Medical Center","United States","US","40.84984970092773","-73.86640930175781","healthcare","100.0","North America","100.0"
"I165339363","Universidad de Oviedo","Spain","ES","43.36029052734375","-5.844759941101074","education","100.0","Europe","100.0"
"I197312522","Hyundai Motor Group (South Korea)","South Korea","KR","37.56600189208984","126.97840118408205","company","","Asia","43.22"
"I198959115","Changzhi Medical College","China","CN","36.17327499389648","113.11720275878906","education","100.0","Asia","100.0"
"I166073570","Binus University","Indonesia","ID","-6.214620113372803","106.84513092041016","education","8.0","Asia","100.0"
"I4210132231","International University of Business Agriculture and Technology","Bangladesh","BD","23.710399627685547","90.40744018554688","education","100.0","Asia","100.0"
"I4387152313","Adithya Institute of Technology","","","11.005550384521484","76.96611785888672","education","","","9.07"
"I4210167232","PLA Air Force Aviation University","China","CN","43.84292984008789","125.32341766357422","education","100.0","Asia","100.0"
"I4210115718","Thai Nguyen University","Vietnam","VN","21.58878898620605","105.81265258789062","education","100.0","Asia","100.0"
"I211738395","Financial University","Russia","RU","55.80048370361328","37.528770446777344","education","100.0","Europe","100.0"
"I4210164898","Beijing Chaoyang Emergency Medical Center","China","CN","39.970497131347656","116.55976104736328","healthcare","100.0","Asia","100.0"
"I4210103987","The Quebec Population Health Research Network","Canada","CA","45.53052520751953","-73.62122344970703","other","","North America","38.75"
"I4210103693","Lutron Electronics (United States)","United States","US","40.52104949951172","-75.376708984375","company","","North America","16.38"
"I263208278","Hazara University","Pakistan","PK","34.420143127441406","73.24873352050781","education","100.0","Asia","100.0"
"I4210094551","TeselaGen Biotechnology (United States)","United States","US","37.76374435424805","-122.39920806884766","company","","North America","0.6"
"I4210165121","Instituto Tecnologico de Orizaba","Mexico","MX","18.85541534423828","-97.09822845458984","education","911.0","North America","72.54"
"I4210126670","Synlab (Germany)","Germany","DE","48.386566162109375","10.861329078674316","company","429.0","Europe","87.34"
"I27577105","University College Cork","Ireland","IE","51.89796829223633","-8.470609664916992","education","100.0","Europe","100.0"
"I1281256770","Üsküdar University","Turkey","TR","41.02273941040039","29.013660430908203","education","100.0","Asia","100.0"
"I4387155661","University of Mianwali","","","32.57756042480469","71.52847290039062","education","","","18.11"
"I21250087","Charles University","Czech Republic","CZ","50.08803939819336","14.42076015472412","education","100.0","Europe","100.0"
"I894557895","European School of Management and Technology","Germany","DE","52.52436828613281","13.410530090332031","education","412.0","Europe","87.93"
"I12093191","University of Stirling","United Kingdom","GB","56.1190299987793","-3.9368200302124015","education","100.0","Europe","100.0"
"I1174212","University of Southern California","United States","US","34.05223083496094","-118.24368286132812","education","100.0","North America","100.0"
"I4210136304","Chelsea and Westminster Hospital","United Kingdom","GB","51.48528671264648","-0.1824010014533996","healthcare","45.0","Europe","100.0"
"I11880225","National Institute of Technology Karnataka","India","IN","12.917229652404783","74.85603332519531","education","100.0","Asia","100.0"
"I4403386560","Centre de Recherche sur les Risques et les Crises","","","43.62234878540039","7.047210216522217","facility","","","51.62"
"I2801496451","German Primate Center","Germany","DE","51.56172943115234","9.954649925231934","facility","100.0","Europe","100.0"
"I74872605","China Southern Power Grid (China)","China","CN","23.16424369812012","112.89752197265624","company","100.0","Asia","100.0"
"I4210098248","Fraunhofer Institute for Algorithms and Scientific Computing","Germany","DE","50.74942398071289","7.204024791717529","facility","100.0","Europe","100.0"
"I4210088365","Max Planck Institute for Solid State Research","Germany","DE","48.782318115234375","9.177020072937012","facility","100.0","Europe","100.0"
"I161593684","Stockholm University","Sweden","SE","59.32938003540039","18.06871032714844","education","100.0","Europe","100.0"
"I4210104043","Universidade do Planalto Catarinense","Brazil","BR","-27.822959899902344","-50.316890716552734","education","953.0","South America","71.26"
"I170979836","Jadavpur University","India","IN","22.50076675415039","88.36820220947266","education","100.0","Asia","100.0"
"I860813019","Bharath University","India","IN","13.08784008026123","80.27847290039062","education","100.0","Asia","100.0"
"I927504317","Nanchang Hangkong University","China","CN","28.651371002197266","115.82781219482422","education","100.0","Asia","100.0"
"I4210101808","Universidad del Sinú","Colombia","CO","8.767396926879883","-75.88502502441406","education","100.0","South America","100.0"
"I4210152602","Ministry of Health","Vietnam","VN","21.02858543395996","105.82546997070312","government","726.0","Asia","78.12"
"I55931168","Cukurova University","Turkey","TR","36.98614883422852","35.32530975341797","education","100.0","Asia","100.0"
"I4210115061","Sri Aurobindo Institute of Technology","India","IN","22.79604148864746","75.84253692626953","education","","Asia","37.6"
"I68581759","China Academy of Launch Vehicle Technology","China","CN","39.82357406616211","116.14707946777344","facility","100.0","Asia","100.0"
"I202697423","University of Zurich","Switzerland","CH","47.36666870117188","8.550000190734863","education","100.0","Europe","100.0"
"I182000528","Ajman University","United Arab Emirates","AE","25.401769638061523","55.47877883911133","education","100.0","Asia","100.0"
"I4210097150","National Centre for Nuclear Research","Poland","PL","52.22977066040039","21.01177978515625","government","9.0","Europe","100.0"
"I55016150","Manav Rachna International Institute of Research and Studies","India","IN","28.44963836669922","77.28510284423828","education","100.0","Asia","100.0"
"I4210146419","Institute for Research in Fundamental Sciences","Iran","IR","35.810001373291016","51.470001220703125","facility","100.0","Asia","100.0"
"I4210124459","Association of Electronic and Information Technologies","Spain","ES","43.31283187866211","-1.974990010261536","other","","Europe","36.81"
"I149251103","Thomas Jefferson University","United States","US","39.9523811340332","-75.16361999511719","education","100.0","North America","100.0"
"I4210104180","Suwon Research Institute","South Korea","KR","37.26445007324219","127.02842712402344","other","100.0","Asia","100.0"
"I88126159","Egyptian Petroleum Research Institute","Egypt","EG","30.04485321044922","31.340978622436523","facility","100.0","Africa","100.0"
"I79946792","Muğla University","Turkey","TR","37.21807098388672","28.366500854492188","education","100.0","Asia","100.0"
"I4647051","Université de Picardie Jules Verne","France","FR","49.900001525878906","2.299999952316284","education","100.0","Europe","100.0"
"I4210156423","National Engineering Research Center for Information Technology in Agriculture","China","CN","39.907501220703125","116.39723205566406","facility","100.0","Asia","100.0"
"I91538806","King Mongkut's Institute of Technology Ladkrabang","Thailand","TH","13.753979682922363","100.5014419555664","education","100.0","Asia","100.0"
"I2802423016","WinnMed","United States","US","43.30331039428711","-91.78571319580078","nonprofit","100.0","North America","100.0"
"I4210138199","University of Washington Applied Physics Laboratory","United States","US","47.655311584472656","-122.31663513183594","facility","75.0","North America","100.0"
"I149592570","Kazimierz Wielki University in Bydgoszcz","Poland","PL","53.12350082397461","18.007619857788086","education","100.0","Europe","100.0"
"I2250865144","TCL (China)","China","CN","23.13050842285156","114.41673278808594","company","","Asia","61.28"
"I233745408","Pontificia Universidad Javeriana","Colombia","CO","4.609710216522217","-74.08174896240234","education","100.0","South America","100.0"
"I49828101","Hamad Medical Corporation","Qatar","QA","25.29480743408203","51.541236877441406","nonprofit","100.0","Asia","100.0"
"I29894533","Charles Darwin University","Australia","AU","-12.461130142211914","130.8418426513672","education","100.0","Oceania","100.0"
"I49835588","Macao Polytechnic University","MO","MO","22.200559616088867","113.54611206054688","education","100.0","Other","100.0"
"I4210104323","Velammal Medical College Hospital and Research Institute","India","IN","9.887069702148438","78.15058135986328","healthcare","100.0","Asia","100.0"
"I4210146825","Hewlett Foundation","United States","US","37.42399597167969","-122.19351196289062","nonprofit","","North America","10.96"
"I4210125056","Hiroshima University Hospital","Japan","JP","34.379451751708984","132.4779815673828","healthcare","100.0","Asia","100.0"
"I2802905149","Federal Reserve Board of Governors","United States","US","38.89669036865234","-77.04039001464844","government","100.0","North America","100.0"
"I147337026","Universitas Trisakti","Indonesia","ID","-6.214620113372803","106.84513092041016","education","100.0","Asia","100.0"
"I70348806","Université Polytechnique Hauts-de-France","France","FR","50.35908889770508","3.525059938430786","education","100.0","Europe","100.0"
"I167360494","University of Wuppertal","Germany","DE","51.25627136230469","7.148159980773926","education","100.0","Europe","100.0"
"I113145275","Gwangju National University of Education","South Korea","KR","35.16485595703125","126.92656707763672","education","","Asia","32.32"
"I161024014","Kwangwoon University","South Korea","KR","37.62009811401367","127.05599975585938","education","100.0","Asia","100.0"
"I47229656","University of Kufa","Iraq","IQ","32.02593994140625","44.34624862670898","education","100.0","Asia","100.0"
"I137506752","North China University of Science and Technology","China","CN","39.633331298828125","118.1833267211914","education","100.0","Asia","100.0"
"I3132564352","Dar Al-Hekma University","Saudi Arabia","SA","21.49011993408203","39.18624114990234","education","","Asia","23.6"
"I2610724","Chemnitz University of Technology","Germany","DE","50.83570098876953","12.92922019958496","education","100.0","Europe","100.0"
"I161370692","Sanjay Gandhi Post Graduate Institute of Medical Sciences","India","IN","26.839279174804688","80.92312622070312","facility","100.0","Asia","100.0"
"I2801673063","Kyungpook National University Hospital","South Korea","KR","35.86640167236328","128.60479736328125","healthcare","100.0","Asia","100.0"
"I877506347","Abertay University","United Kingdom","GB","56.46913146972656","-2.9748899936676025","education","100.0","Europe","100.0"
"I4210109292","Indian Institute of Technology Tirupati","India","IN","13.635510444641112","79.41989135742188","education","100.0","Asia","100.0"
"I4210151302","Green Chemistry","Poland","PL","53.42893981933594","14.553019523620604","other","100.0","Europe","100.0"
"I90871651","University of Toledo","United States","US","41.6639404296875","-83.55520629882812","education","100.0","North America","100.0"
"I24185976","Sichuan University","China","CN","30.66666984558105","104.0666732788086","education","100.0","Asia","100.0"
"I163205636","Tabriz University of Medical Sciences","Iran","IR","38.08000183105469","46.291900634765625","education","100.0","Asia","100.0"
"I39804081","Sorbonne Université","France","FR","48.85340881347656","2.34879994392395","education","100.0","Europe","100.0"
"I193184871","Polytechnic University of Tirana","AL","AL","41.32749938964844","19.81888961791992","education","122.0","Other","98.86"
"I20230540","University of Miskolc","Hungary","HU","48.10306167602539","20.778060913085938","education","100.0","Europe","100.0"
"I4210091240","Maldives National University","MV","MV","4.170976161956787","73.50910949707031","education","378.0","Other","89.04"
"I2800200322","Tianjin First Center Hospital","China","CN","39.10090637207031","117.15181732177734","healthcare","100.0","Asia","100.0"
"I4210102012","Sci-Tech Daresbury","United Kingdom","GB","53.34546661376953","-2.639657974243164","facility","141.0","Europe","97.92"
"I95297979","Canadian Blood Services","Canada","CA","45.411170959472656","-75.6981201171875","other","100.0","North America","100.0"
"I196608512","PES University","India","IN","12.97194004058838","77.59368896484375","education","100.0","Asia","100.0"
"I4210133106","Parc de Salut","Spain","ES","41.388790130615234","2.158989906311035","healthcare","100.0","Europe","100.0"
"I889804353","Robert Bosch (Germany)","Germany","DE","48.782318115234375","9.177020072937012","company","100.0","Europe","100.0"
"I205892228","Berlin School of Economics and Law","Germany","DE","52.48548126220703","13.337736129760742","education","100.0","Europe","100.0"
"I4829542","RheinMain University of Applied Sciences","Germany","DE","50.08082962036133","8.217398643493652","education","100.0","Europe","100.0"
"I134085113","King Fahd University of Petroleum and Minerals","Saudi Arabia","SA","26.28863906860352","50.11396026611328","education","100.0","Asia","100.0"
"I55783418","University of Life Sciences in Poznań","Poland","PL","52.42555618286133","16.906389236450195","education","100.0","Europe","100.0"
"I98813999","American College of Surgeons","United States","US","41.8940544128418","-87.62239074707031","other","100.0","North America","100.0"
"I25254941","Beijing Normal University","China","CN","39.907501220703125","116.39723205566406","education","100.0","Asia","100.0"
"I173761726","Karabük University","Turkey","TR","41.20487976074219","32.627681732177734","education","100.0","Asia","100.0"
"I164790352","Universidade do Estado de Santa Catarina","Brazil","BR","-27.59667015075684","-48.54917144775391","education","100.0","South America","100.0"
"I64351976","University of Maiduguri","Nigeria","NG","11.803653717041016","13.20333766937256","education","100.0","Africa","100.0"
"I251424209","University of Girona","Spain","ES","41.98310852050781","2.82492995262146","education","100.0","Europe","100.0"
"I1312409250","Institut d'Estadística de Catalunya","Spain","ES","41.38851547241211","2.173353910446167","other","","Europe","23.45"
"I4210163296","Retina Specialists of Michigan","United States","US","42.9450569152832","-85.54627227783203","healthcare","","North America","10.56"
"I27357992","Dalian University of Technology","China","CN","38.9122200012207","121.60221862792967","education","100.0","Asia","100.0"
"I205783295","Cornell University","United States","US","42.44063186645508","-76.49661254882812","education","13.0","North America","100.0"
"I2800392559","Royal Stoke University Hospital","United Kingdom","GB","53.00392150878906","-2.2145400047302246","healthcare","100.0","Europe","100.0"
"I4210145278","Institute of Applied Physics and Computational Mathematics","China","CN","39.907501220703125","116.39723205566406","facility","100.0","Asia","100.0"
"I4210132792","Czech Academy of Sciences, Institute of Botany","Czech Republic","CZ","49.99961853027344","14.550169944763184","facility","100.0","Europe","100.0"
"I3019322962","Universidade Brasil","Brazil","BR","-20.29604721069336","-50.28020858764648","education","100.0","South America","100.0"
"I4210124140","CAS Key Laboratory of Urban Pollutant Conversion","China","CN","24.607934951782227","118.06266784667967","facility","100.0","Asia","100.0"
"I1289422878","Dartmouth–Hitchcock Medical Center","United States","US","43.64228820800781","-72.25176239013672","healthcare","100.0","North America","100.0"
"I157455823","SUNY New Paltz","United States","US","41.747589111328125","-74.08680725097656","education","100.0","North America","100.0"
"I4210131649","China Automotive Engineering Research Institute","China","CN","29.66452407836914","106.57038879394533","facility","100.0","Asia","100.0"
"I4210119061","Institut de Recherche en Informatique de Toulouse","France","FR","43.6042594909668","1.4436700344085691","facility","100.0","Europe","100.0"
"I177388780","Xuzhou Medical College","China","CN","34.180450439453125","117.15706634521484","education","100.0","Asia","100.0"
"I55143463","University of Turin","Italy","IT","45.07049179077149","7.686820030212402","education","100.0","Europe","100.0"
"I68986083","Northwest Normal University","China","CN","36.057010650634766","103.8398666381836","education","100.0","Asia","100.0"
"I1331727996","Alfred P. Sloan Foundation","United States","US","40.75917816162109","-73.97735595703125","nonprofit","100.0","North America","100.0"
"I63568130","Sant Longowal Institute of Engineering and Technology","India","IN","30.245059967041016","75.84487915039062","education","100.0","Asia","100.0"
"I4210112079","Rajavithi Hospital","Thailand","TH","13.765301704406738","100.5363998413086","healthcare","100.0","Asia","100.0"
"I205092303","Institut d'Etudes Politiques de Paris","France","FR","48.85340881347656","2.34879994392395","facility","100.0","Europe","100.0"
"I35364215","Naval Postgraduate School","United States","US","36.60023880004883","-121.8946762084961","education","100.0","North America","100.0"
"I4210132847","Institute of Science and Ethics","Germany","DE","50.7249641418457","7.103088855743408","facility","","Europe","11.65"
"I4210161592","MRC London Institute of Medical Sciences","United Kingdom","GB","51.5180778503418","-0.2347649931907653","facility","100.0","Europe","100.0"
"I76571253","Imam Abdulrahman Bin Faisal University","Saudi Arabia","SA","26.434419631958008","50.1032600402832","education","100.0","Asia","100.0"
"I169199633","Aston University","United Kingdom","GB","52.48141860961914","-1.899829983711243","education","100.0","Europe","100.0"
"I161716053","China Pharmaceutical University","China","CN","32.061668395996094","118.77777862548828","education","100.0","Asia","100.0"
"I4210108953","Colorado Engineering (United States)","United States","US","38.95317077636719","-104.7907943725586","company","","North America","12.25"
"I246743127","The University of Agriculture, Peshawar","Pakistan","PK","34.007999420166016","71.5784912109375","education","100.0","Asia","100.0"
"I189575948","South Valley University","Egypt","EG","26.164180755615234","32.72671127319336","education","100.0","Africa","100.0"
"I149737473","Seirei Christopher University","Japan","JP","34.793243408203125","137.69210815429688","education","","Asia","34.76"
"I1330995197","Boehringer Ingelheim (Germany)","Germany","DE","49.97706604003906","8.04375171661377","company","100.0","Europe","100.0"
"I144648426","Norwegian Computing Center","Norway","NO","59.9127311706543","10.746089935302734","nonprofit","100.0","Europe","100.0"
"I55707380","Manhattan College","United States","US","40.71427154541016","-74.00596618652344","education","100.0","North America","100.0"
"I3018288129","Istituto Neurologico Mediterraneo","Italy","IT","41.51387023925781","14.0598726272583","healthcare","100.0","Europe","100.0"
"I919571938","The University of Texas Health Science Center at Houston","United States","US","29.763280868530277","-95.36327362060548","education","100.0","North America","100.0"
"I181063083","Abdul Wali Khan University Mardan","Pakistan","PK","34.19080352783203","72.03687286376953","education","100.0","Asia","100.0"
"I4210128818","Institute of Software","China","CN","39.907501220703125","116.39723205566406","facility","100.0","Asia","100.0"
"I4210126883","Orthopaedic Hospital Speising","Austria","AT","48.16314697265625","16.281545639038086","healthcare","495.0","Europe","85.13"
"I139264467","Seoul National University","South Korea","KR","37.56600189208984","126.97840118408205","education","41.0","Asia","100.0"
"I14894300","Foshan University","China","CN","23.026769638061523","113.13147735595705","education","100.0","Asia","100.0"
"I206777745","Nanjing Audit University","China","CN","32.061668395996094","118.77777862548828","education","100.0","Asia","100.0"
"I4210112077","Akebono Clinic","Japan","JP","34.60666275024414","133.93734741210938","healthcare","","Asia","40.31"
"I4210132590","Shri Vile Parle Kelavani Mandal","India","IN","19.11233329772949","72.82905578613281","education","100.0","Asia","100.0"
"I2961216182","Hospital Clínico San Carlos","Spain","ES","40.416500091552734","-3.702559947967529","healthcare","100.0","Europe","100.0"
"I4210108177","Zhejiang Police College","China","CN","30.171894073486328","120.1499481201172","education","","Asia","66.83"
"I4210130649","Frederick National Laboratory for Cancer Research","United States","US","39.41426849365234","-77.41053771972656","facility","100.0","North America","100.0"
"I131729948","University of Salerno","Italy","IT","40.771751403808594","14.794540405273438","education","100.0","Europe","100.0"
"I4210122543","Guangdong Polytechnic Normal University","China","CN","23.116670608520508","113.25","education","100.0","Asia","100.0"
"I176432857","Beijing Wuzi University","China","CN","39.907501220703125","116.39723205566406","education","100.0","Asia","100.0"
"I72903472","Occidental College","United States","US","34.05223083496094","-118.24368286132812","education","100.0","North America","100.0"
"I120825670","Yunnan Normal University","China","CN","25.038890838623047","102.71833038330078","education","100.0","Asia","100.0"
"I2799773085","Nanjing General Hospital of Nanjing Military Command","China","CN","32.061668395996094","118.77777862548828","healthcare","100.0","Asia","100.0"
"I44265643","Rowan University","United States","US","39.70288848876953","-75.1118392944336","education","100.0","North America","100.0"
"I1334729051","Xinjiang Normal University","China","CN","43.80096054077149","87.60045623779297","education","100.0","Asia","100.0"
"I4391012606","AAA College of Engineering and Technology","","","9.449990272521973","77.7979736328125","education","100.0","","100.0"
"I4210118050","Taishan University","China","CN","36.185279846191406","117.12000274658205","education","100.0","Asia","100.0"
"I2802841970","The Ohio State University Wexner Medical Center","United States","US","39.99479675292969","-83.01769256591797","healthcare","100.0","North America","100.0"
"I12834331","University of Wyoming","United States","US","41.311370849609375","-105.59110260009766","education","100.0","North America","100.0"
"I4387155306","Laboratoire de Probabilités, Statistique et Modélisation","","","48.85340881347656","2.34879994392395","facility","480.0","","85.64"
"I1308699925","UPMC Hamot","United States","US","42.13515090942383","-80.08729553222656","healthcare","","North America","46.45"
"I4210120115","Robert Bosch (United States)","United States","US","42.48530960083008","-83.37715911865234","company","100.0","North America","100.0"
"I4210109082","Development Research and Projects Centre","Nigeria","NG","11.997657775878906","8.562309265136719","nonprofit","","Africa","40.17"
"I4210140534","Bavarian State Collection of Zoology","Germany","DE","48.16547775268555","11.48228359222412","archive","100.0","Europe","100.0"
"I120158604","Kunsan National University","South Korea","KR","35.94587326049805","126.6821746826172","education","100.0","Asia","100.0"
"I201181511","École Nationale Supérieure de Techniques Avancées","France","FR","48.71828079223633","2.249799966812134","education","100.0","Europe","100.0"
"I165677929","Sungshin Women's University","South Korea","KR","37.56600189208984","126.97840118408205","education","100.0","Asia","100.0"
"I2799766170","Papworth Hospital","United Kingdom","GB","52.2480583190918","-0.1107700020074844","healthcare","100.0","Europe","100.0"
"I32619867","Egypt-Japan University of Science and Technology","Egypt","EG","31.201759338378903","29.91581916809082","education","100.0","Africa","100.0"
"I4210148827","Birla Institute of Technology and Science, Pilani - Goa Campus","India","IN","15.389981269836426","73.87786102294922","education","100.0","Asia","100.0"
"I2802629923","Australian Astronomical Observatory","Australia","AU","-31.276670455932617","149.06666564941406","facility","100.0","Oceania","100.0"
"I114017466","University of Technology Sydney","Australia","AU","-33.86785125732422","151.2073211669922","education","100.0","Oceania","100.0"
"I185203018","King Saud bin Abdulaziz University for Health Sciences","Saudi Arabia","SA","24.68773078918457","46.72185134887695","education","100.0","Asia","100.0"
"I193615760","Dokuz Eylül University","Turkey","TR","38.4127311706543","27.13838005065918","education","100.0","Asia","100.0"
"I4210165264","Guangxi Academy of Sciences","China","CN","22.816669464111328","108.3166732788086","government","100.0","Asia","100.0"
"I4210157240","Institute of Structural and Molecular Biology","United Kingdom","GB","51.5229377746582","-0.1308206021785736","facility","100.0","Europe","100.0"
"I179324530","Jilin University of Finance and Economics","China","CN","43.81758117675781","125.44219207763672","education","100.0","Asia","100.0"
"I126145234","Chaoyang University of Technology","Taiwan","TW","24.146900177001957","120.68389892578124","education","100.0","Asia","100.0"
"I4210127266","First Affiliated Hospital of Chengdu Medical College","China","CN","30.82830619812012","104.15843963623048","healthcare","100.0","Asia","100.0"
"I4210126580","RIKEN Center for Advanced Intelligence Project","Japan","JP","35.683475494384766","139.77450561523438","facility","100.0","Asia","100.0"
"I9073902","University of Chemistry and Technology, Prague","Czech Republic","CZ","50.08803939819336","14.42076015472412","education","100.0","Europe","100.0"
"I2613432","University of South Florida","United States","US","27.947519302368164","-82.45842742919922","education","100.0","North America","100.0"
"I174442536","South Central University for Nationalities","China","CN","30.491823196411133","114.39762115478516","education","100.0","Asia","100.0"
"I71267560","University of Naples Federico II","Italy","IT","40.8521614074707","14.268110275268556","education","100.0","Europe","100.0"
"I899713450","Air University","Pakistan","PK","33.71499252319336","73.02461242675781","education","100.0","Asia","100.0"
"I4210102685","Neurobehavioral Systems","United States","US","37.8714714050293","-122.27410125732422","other","100.0","North America","100.0"
"I162868743","Tianjin University","China","CN","39.14221954345703","117.17666625976562","education","100.0","Asia","100.0"
"I160419504","Higher Technological Institute","Egypt","EG","30.3049259185791","31.757129669189453","education","100.0","Africa","100.0"
"I4210140530","Silexon AI Technology (China)","China","CN","32.07103729248047","118.78990173339844","company","","Asia","2.45"
"I4210137436","JSS Science and Technology University","India","IN","12.2979097366333","76.63925170898438","education","100.0","Asia","100.0"
"I3133098998","St. Peter's Institute of Higher Education and Research","India","IN","13.111167907714844","80.11984252929688","education","100.0","Asia","100.0"
"I4210117499","Yale New Haven Health System","United States","US","41.30815124511719","-72.92816162109375","healthcare","100.0","North America","100.0"
"I181679659","Shanghai University of Finance and Economics","China","CN","31.22221946716309","121.45806121826172","education","100.0","Asia","100.0"
"I4401726927","Cerebras Systems (United States)","United States","US","37.36883163452149","-122.03634643554688","company","","North America","3.95"
"I161203489","Youngstown State University","United States","US","41.10622787475586","-80.64787292480469","education","100.0","North America","100.0"
"I1313003366","Woodwell Climate Research Center","United States","US","41.55149841308594","-70.61475372314453","other","100.0","North America","100.0"
"I166459259","Shiraz University","Iran","IR","29.61030960083008","52.531131744384766","education","100.0","Asia","100.0"
"I4210090066","First People’s Hospital of Jingmen","China","CN","30.990840911865234","112.18771362304688","healthcare","100.0","Asia","100.0"
"I158949172","Curtin University Sarawak","Malaysia","MY","4.399280071258545","113.99163055419922","education","100.0","Asia","100.0"
"I4210146715","National Institute of Pharmaceutical Education and Research","India","IN","17.471580505371094","78.4395523071289","education","100.0","Asia","100.0"
"I2800016483","British Library","United Kingdom","GB","51.50852966308594","-0.1257400065660476","archive","100.0","Europe","100.0"
"I4388482740","Georgia Tech Research Institute","","","33.749000549316406","-84.38797760009766","facility","65.0","","100.0"
"I166843116","Sepuluh Nopember Institute of Technology","Indonesia","ID","-7.249169826507568","112.7508316040039","education","100.0","Asia","100.0"
"I4210131230","Philips (United States)","United States","US","42.65842819213867","-71.13700103759766","company","100.0","North America","100.0"
"I60342839","Qatar University","Qatar","QA","25.37722587585449","51.48714828491211","education","100.0","Asia","100.0"
"I4210147366","St. Stephen’s Hospital","India","IN","28.66522979736328","77.2144546508789","healthcare","527.0","Asia","84.16"
"I109689652","FPT University","Vietnam","VN","21.02449989318848","105.84117126464844","education","100.0","Asia","100.0"
"I197274945","Nagoya Institute of Technology","Japan","JP","35.18146896362305","136.90640258789062","education","100.0","Asia","100.0"
"I4210105921","Department of Primary Industries and Regional Development","Australia","AU","-31.98332977294922","115.86666870117188","government","","Oceania","44.81"
"I3018325552","Instituto Federal de Educação, Ciência e Tecnologia do Ceará","Brazil","BR","-3.717220067977905","-38.543060302734375","government","100.0","South America","100.0"
"I62318514","University of Duisburg-Essen","Germany","DE","51.45656967163086","7.012279987335205","education","100.0","Europe","100.0"
"I2800262456","Swiss Federal Institute for Forest, Snow and Landscape Research","Switzerland","CH","47.35514831542969","8.442560195922852","facility","100.0","Europe","100.0"
"I4210151091","Candiolo Cancer Institute","Italy","IT","44.96622467041016","7.567128181457519","nonprofit","100.0","Europe","100.0"
"I176790772","Murdoch University","Australia","AU","-31.95223999023437","115.86139678955078","education","100.0","Oceania","100.0"
"I4101805","Yıldız Technical University","Turkey","TR","41.01383972167969","28.94965934753418","education","100.0","Asia","100.0"
"I35429941","Elizabethtown College","United States","US","40.15061569213867","-76.59447479248047","education","100.0","North America","100.0"
"I52207611","Al Baha University","Saudi Arabia","SA","20.012880325317383","41.46767044067383","education","100.0","Asia","100.0"
"I4210166741","University of Klagenfurt","Austria","AT","46.62472152709961","14.305279731750488","education","100.0","Europe","100.0"
"I56007636","Keele University","United Kingdom","GB","53.0","-2.233330011367798","education","100.0","Europe","100.0"
"I4210143791","Institute for Molecular Science","Japan","JP","34.95000076293945","137.1666717529297","facility","100.0","Asia","100.0"
"I179311214","Gulf University for Science & Technology","Kuwait","KW","29.273948669433597","48.05214691162109","education","100.0","Asia","100.0"
"I2802640032","Foundation Center","United States","US","40.704681396484375","-74.0075454711914","nonprofit","100.0","North America","100.0"
"I57092466","Bahir Dar University","Ethiopia","ET","11.574325561523438","37.39796447753906","education","100.0","Africa","100.0"
"I77920804","Albany Medical Center Hospital","United States","US","42.65258026123047","-73.75623321533203","healthcare","100.0","North America","100.0"
"I81433678","Sikkim Manipal University","India","IN","27.317506790161133","88.59712219238281","education","100.0","Asia","100.0"
"I3006985408","Jožef Stefan Institute","Slovenia","SI","46.05107879638672","14.50512981414795","facility","100.0","Europe","100.0"
"I4210126061","Institute of Geology and Geophysics","China","CN","39.907501220703125","116.39723205566406","facility","100.0","Asia","100.0"
"I3019415892","Fraunhofer Institute for Industrial Mathematics","Germany","DE","49.43104934692383","7.752603054046631","facility","100.0","Europe","100.0"
"I4210107206","Biobyte Solutions (Germany)","Germany","DE","49.37490081787109","8.703359603881836","company","","Europe","39.35"
"I2802637297","Chase Farm Hospital","United Kingdom","GB","51.66699981689453","-0.1030000001192092","healthcare","724.0","Europe","78.2"
"I2898894","Liaoning University of Technology","China","CN","41.145774841308594","121.12657165527344","education","100.0","Asia","100.0"
"I4387154200","Sankalchand Patel University","","","23.698549270629883","72.5521011352539","education","","","53.69"
"I2799966484","Bjerknes Centre for Climate Research","Norway","NO","60.39299011230469","5.324150085449219","facility","100.0","Europe","100.0"
"I4210133905","VA Pittsburgh Healthcare System","United States","US","40.44062042236328","-79.99588775634766","healthcare","100.0","North America","100.0"
"I4210158660","Klinikum Brandenburg","Germany","DE","52.414642333984375","12.545096397399902","healthcare","126.0","Europe","98.69"
"I104338594","Inje University","South Korea","KR","35.234169006347656","128.881103515625","education","100.0","Asia","100.0"
"I120156002","Boise State University","United States","US","43.61349868774414","-116.20345306396484","education","100.0","North America","100.0"
"I189914110","University of Cuenca","Ecuador","EC","-2.90054988861084","-79.00453186035156","education","100.0","South America","100.0"
"I139858224","M.J.P. Rohilkhand University","India","IN","28.366779327392575","79.43167114257812","education","100.0","Asia","100.0"
"I59725666","University of Reggio Calabria","Italy","IT","38.110469818115234","15.661290168762209","education","100.0","Europe","100.0"
"I4210137199","Aerospace Information Research Institute","China","CN","40.070899963378906","116.28247833251952","education","100.0","Asia","100.0"
"I94611258","Hebei Normal University","China","CN","38.04138946533203","114.47860717773438","education","100.0","Asia","100.0"
"I90752740","Berhampur University","India","IN","19.31151008605957","84.79290008544922","education","100.0","Asia","100.0"
"I4210108408","Inje University Ilsan Paik Hospital","South Korea","KR","37.652435302734375","126.83660125732422","healthcare","100.0","Asia","100.0"
"I4210117750","Weizenbaum Institute","Germany","DE","52.52436828613281","13.410530090332031","facility","","Europe","41.55"
"I4399598389","SBS Swiss Business School","","","47.45151901245117","8.58491039276123","education","","","5.92"
"I4210148682","National Center for Advancing Translational Sciences","United States","US","39.09584045410156","-77.19717407226562","government","100.0","North America","100.0"
"I4210143566","PLUS Foundation","United States","US","44.96955871582031","-93.3484344482422","nonprofit","","North America","25.53"
"I2799452066","Maharaja Engineering College","India","IN","11.205638885498049","77.31446838378906","education","100.0","Asia","100.0"
"I47449453","Kean University","United States","US","40.697601318359375","-74.26319885253906","education","100.0","North America","100.0"
"I40036882","Institute for Advanced Study","United States","US","40.34872055053711","-74.65904998779297","facility","100.0","North America","100.0"
"I184763120","Bangladesh University","Bangladesh","BD","23.761791229248047","90.36732482910156","education","350.0","Asia","89.97"
"I4210110475","Korea Fisheries Resources Agency","South Korea","KR","35.27349090576172","129.2456817626953","other","","Asia","64.34"
"I1333353642","Norwegian Institute of Public Health","Norway","NO","59.9127311706543","10.746089935302734","other","100.0","Europe","100.0"
"I4210141780","Sri Manakula Vinayagar Medical College and Hospital","India","IN","11.921590805053713","79.6282958984375","education","100.0","Asia","100.0"
"I145311948","Johns Hopkins University","United States","US","39.29037857055664","-76.61219024658203","education","28.0","North America","100.0"
"I4210146975","Zambon (Italy)","Italy","IT","45.53141021728516","9.189881324768066","company","152.0","Europe","97.38"
"I4210126764","Universitair Ziekenhuis Brussel","Belgium","BE","50.85044860839844","4.348780155181885","healthcare","100.0","Europe","100.0"
"I4210123766","Jigjiga University","Ethiopia","ET","9.358968734741213","42.82792663574219","education","100.0","Africa","100.0"
"I51209816","Eskişehir Osmangazi University","Turkey","TR","39.776668548583984","30.52055931091309","education","100.0","Asia","100.0"
"I9570713","Tafresh University","Iran","IR","34.67947006225586","50.05283737182617","education","805.0","Asia","75.76"
"I4210136793","Peng Cheng Laboratory","China","CN","22.54553985595703","114.06829833984376","facility","100.0","Asia","100.0"
"I31683504","Beijing Forestry University","China","CN","39.907501220703125","116.39723205566406","education","100.0","Asia","100.0"
"I25093896","Nazareth College","United States","US","43.10300064086914","-77.51998138427734","education","","North America","44.18"
"I308136634","ADA University","AZ","AZ","40.37767028808594","49.89200973510742","education","100.0","Other","100.0"
"I2799831209","Polish Naval Academy","Poland","PL","54.518890380859375","18.531879425048828","education","100.0","Europe","100.0"
"I4210142421","Korea Institute of Geoscience and Mineral Resources","South Korea","KR","36.34912872314453","127.38493347167967","facility","100.0","Asia","100.0"
"I111753288","Fujian Normal University","China","CN","26.061389923095703","119.3061065673828","education","100.0","Asia","100.0"
"I4210146956","Third Affiliated Hospital of Sun Yat-sen University","China","CN","23.134769439697266","113.3419418334961","healthcare","100.0","Asia","100.0"
"I147554453","University of Bedfordshire","United Kingdom","GB","51.879669189453125","-0.4174799919128418","education","100.0","Europe","100.0"
"I4210130203","Intelligent Automation (United States)","United States","US","39.10812759399414","-77.15013122558594","company","","North America","69.79"
"I4210123095","Institute of Materials Research and Engineering","Singapore","SG","1.2975579500198364","103.77645111083984","facility","100.0","Asia","100.0"
"I53241121","Fundación Ciencias Exactas y Naturales","Argentina","AR","-34.542083740234375","-58.44443130493164","nonprofit","100.0","South America","100.0"
"I76920116","Srinakharinwirot University","Thailand","TH","13.745224952697754","100.56317138671876","education","100.0","Asia","100.0"
"I109995039","Hanyang Cyber University","South Korea","KR","37.56600189208984","126.97840118408205","education","","Asia","20.69"
"I4210105385","Shanghai Stock Exchange","China","CN","31.28089904785156","121.48648071289062","other","","Asia","30.36"
"I31605765","Hodeidah University","Yemen","YE","14.771567344665527","42.9576416015625","education","333.0","Asia","90.55"
"I4210097370","Sanjay Ghodawat University","India","IN","16.752132415771484","74.35811614990234","education","","Asia","38.96"
"I152031979","Nanjing Normal University","China","CN","32.061668395996094","118.77777862548828","education","100.0","Asia","100.0"
"I2801948628","Kitt Peak National Observatory","United States","US","32.22174072265625","-110.92648315429688","facility","100.0","North America","100.0"
"I3018397740","National Kyushu Medical Center","Japan","JP","33.62665557861328","130.425048828125","healthcare","100.0","Asia","100.0"
"I35046152","Universidade Federal do Rio Grande do Norte","Brazil","BR","-5.795000076293945","-35.20943832397461","education","100.0","South America","100.0"
"I201324441","University of Ferrara","Italy","IT","44.83803939819336","11.620570182800291","education","100.0","Europe","100.0"
"I887846188","Moscow Engineering Physics Institute","Russia","RU","55.752220153808594","37.61555862426758","education","100.0","Europe","100.0"
"I4210145508","Université de M'Sila","Algeria","DZ","35.70888900756836","4.537220001220703","education","100.0","Africa","100.0"
"I189290911","National Chung Shan Institute of Science and Technology","Taiwan","TW","24.82514953613281","121.22079467773438","government","100.0","Asia","100.0"
"I4210156829","Research Network (United States)","United States","US","34.004154205322266","-84.58769989013672","company","100.0","North America","100.0"
"I874792244","European University Institute","Italy","IT","43.77925109863281","11.246259689331056","education","100.0","Europe","100.0"
"I4210129763","Helmholtz-Institute Ulm","Germany","DE","48.39841079711914","9.99155044555664","government","100.0","Europe","100.0"
"I2800293973","Montreal General Hospital","Canada","CA","45.49729919433594","-73.5885009765625","healthcare","100.0","North America","100.0"
"I1322918889","United States Department of Veterans Affairs","United States","US","38.895111083984375","-77.03636932373047","government","100.0","North America","100.0"
"I822440","Okanagan University College","Canada","CA","49.94500732421875","-119.39767456054688","education","100.0","North America","100.0"
"I183173800","Turku Centre for Computer Science","Finland","FI","60.455596923828125","22.28641128540039","facility","100.0","Europe","100.0"
"I102502594","Northern Illinois University","United States","US","41.92947006225586","-88.75035858154297","education","100.0","North America","100.0"
"I3197470489","Alpha Omega Alpha Medical Honor Society","United States","US","37.45811080932617","-122.17184448242188","nonprofit","","North America","18.35"
"I1343558604","Statistical and Applied Mathematical Sciences Institute","United States","US","35.9940299987793","-78.89862060546875","facility","","North America","25.35"
"I2800722420","Ottawa Hospital","Canada","CA","45.411170959472656","-75.6981201171875","other","100.0","North America","100.0"
"I63525965","Western Sydney University","Australia","AU","-33.59955978393555","150.7514190673828","education","100.0","Oceania","100.0"
"I4210136447","Ulsan University Hospital","South Korea","KR","35.5372200012207","129.31666564941406","healthcare","100.0","Asia","100.0"
"I66862912","Chalmers University of Technology","Sweden","SE","57.70716094970703","11.966790199279783","education","100.0","Europe","100.0"
"I4210100043","Superior University","Pakistan","PK","31.558000564575195","74.3507080078125","education","100.0","Asia","100.0"
"I190632392","Luleå University of Technology","Sweden","SE","65.58415222167969","22.15464973449707","education","100.0","Europe","100.0"
"I4210164765","China Institute of Geological Environmental Monitoring","China","CN","39.93753433227539","116.3945770263672","government","","Asia","60.89"
"I27483092","University of Perugia","Italy","IT","43.11220169067383","12.388779640197754","education","100.0","Europe","100.0"
"I280994","King George's Medical University","India","IN","26.867658615112305","80.91645812988281","education","100.0","Asia","100.0"
"I2802902501","Namal College","Pakistan","PK","32.68156814575195","71.79167938232422","education","100.0","Asia","100.0"
"I165745306","Southwest Petroleum University","China","CN","30.66666984558105","104.0666732788086","education","100.0","Asia","100.0"
"I110378019","Southern Illinois University Carbondale","United States","US","37.72726821899414","-89.21675109863281","education","100.0","North America","100.0"
"I4210137478","Saint Luke's Hospital","United States","US","39.047210693359375","-94.59181213378906","healthcare","100.0","North America","100.0"
"I4210105064","Central Scientific Research Institute of Armament and Military Equipment of the Armed Forces of Ukraine","Ukraine","UA","50.4158935546875","30.38092041015625","facility","","Europe","66.12"
"I76903346","University of Coimbra","Portugal","PT","40.20563888549805","-8.419549942016602","education","100.0","Europe","100.0"
"I4210155576","Osaka University Hospital","Japan","JP","34.76142883300781","135.5156707763672","healthcare","100.0","Asia","100.0"
"I4210131147","SRM University","India","IN","28.994779586791992","77.01937103271484","education","100.0","Asia","100.0"
"I98635879","American University of Beirut","Lebanon","LB","33.89331817626953","35.50157165527344","education","100.0","Asia","100.0"
"I99542240","Polish Academy of Sciences","Poland","PL","52.22977066040039","21.01177978515625","other","100.0","Europe","100.0"
"I4210134116","Yangzhou Municipal Meteorological Bureau","China","CN","32.39046859741211","119.4097137451172","government","","Asia","16.31"
"I190082696","Durham University","United Kingdom","GB","54.76517868041992","-1.5782239437103271","education","100.0","Europe","100.0"
"I4210112663","ZB MED - Information Centre for Life Sciences","Germany","DE","50.93333053588867","6.949999809265137","archive","872.0","Europe","73.71"
"I885383172","National University of Malaysia","Malaysia","MY","2.900000095367432","101.78333282470705","education","100.0","Asia","100.0"
"I134140186","NIIT (India)","India","IN","28.528345108032227","77.27959442138672","company","","Asia","48.26"
"I2800191616","Maastricht University Medical Centre","Netherlands","NL","50.848331451416016","5.688889980316162","other","100.0","Europe","100.0"
"I1283442259","Madda Walabu University","Ethiopia","ET","7.1229400634765625","40.00411987304688","education","100.0","Africa","100.0"
"I4210159102","Huawei Technologies (Sweden)","Sweden","SE","59.40597152709961","17.9461612701416","company","100.0","Europe","100.0"
"I1302918504","Planetary Science Institute","United States","US","32.264381408691406","-110.94628143310548","nonprofit","100.0","North America","100.0"
"I4210117272","Fraunhofer Institute for Solar Energy Systems","Germany","DE","48.00920486450195","7.834589004516602","facility","100.0","Europe","100.0"
"I1282927834","Cedars-Sinai Medical Center","United States","US","34.05223083496094","-118.24368286132812","healthcare","100.0","North America","100.0"
"I179150554","Guntur Medical College","India","IN","16.29827308654785","80.43827056884766","education","100.0","Asia","100.0"
"I178613991","National Taitung University","Taiwan","TW","22.759910583496094","121.14456939697266","education","100.0","Asia","100.0"
"I880818075","Federal Police of Brazil","Brazil","BR","-15.80580997467041","-47.88161087036133","government","100.0","South America","100.0"
"I2799678268","Pakistan Army","Pakistan","PK","33.58903503417969","73.0531234741211","government","","Asia","69.22"
"I141472210","University of Alaska Fairbanks","United States","US","64.83778381347656","-147.7163848876953","education","100.0","North America","100.0"
"I1338135719","Centre for Addiction and Mental Health","Canada","CA","43.70642852783203","-79.39864349365234","healthcare","100.0","North America","100.0"
"I4387152698","Atlantic Technological University","","","53.0","-8.0","education","820.0","","75.28"
"I173888879","SINTEF","Norway","NO","63.43048858642578","10.395059585571287","facility","100.0","Europe","100.0"
"I4210100770","University of the Americas","Chile","CL","-33.43678665161133","-70.61570739746094","education","100.0","South America","100.0"
"I85564003","Bangladesh University of Textiles","Bangladesh","BD","23.710399627685547","90.40744018554688","education","100.0","Asia","100.0"
"I86958956","Ferdowsi University of Mashhad","Iran","IR","36.307498931884766","59.52861022949219","education","100.0","Asia","100.0"
"I330495657","Thomas Young Centre","United Kingdom","GB","51.50852966308594","-0.1257400065660476","other","100.0","Europe","100.0"
"I4210150858","Beijing Academy of Quantum Information Sciences","China","CN","39.907501220703125","116.39723205566406","facility","37.0","Asia","100.0"
"I4210113935","Canisius-Wilhelmina Ziekenhuis","Netherlands","NL","51.84249877929688","5.852779865264893","healthcare","100.0","Europe","100.0"
"I54009628","University of Bayreuth","Germany","DE","49.94781875610352","11.578929901123049","education","100.0","Europe","100.0"
"I16590763","National Quemoy University","Taiwan","TW","24.43415069580078","118.31712341308594","education","563.0","Asia","83.06"
"I4210151352","Biocom","United States","US","32.87836837768555","-117.20684051513672","nonprofit","100.0","North America","100.0"
"I106785703","Institut polytechnique de Grenoble","France","FR","45.17869186401367","5.714789867401123","education","100.0","Europe","100.0"
"I1308348181","Canadian Parks and Wilderness Society","Canada","CA","45.40827178955078","-75.71846008300781","other","","North America","7.39"
"I2802624667","Hefei Institutes of Physical Science","China","CN","31.82247734069824","117.2808609008789","facility","100.0","Asia","100.0"
"I113330528","Khazar University","AZ","AZ","40.37767028808594","49.89200973510742","education","450.0","Other","86.65"
"I10902133","Universitat Jaume I","Spain","ES","39.98566818237305","-0.0493500009179115","education","100.0","Europe","100.0"
"I73685970","Vietnam Maritime University","Vietnam","VN","20.86481094360352","106.6834487915039","education","","Asia","64.72"
"I1300393620","Bydgoszcz University of Science and Technology","Poland","PL","53.12350082397461","18.007619857788086","education","100.0","Europe","100.0"
"I1286353243","Autodesk (United States)","United States","US","38.00552368164063","-122.53079223632812","company","","North America","63.78"
"I152754861","Bose Institute","India","IN","22.56262969970703","88.363037109375","facility","100.0","Asia","100.0"
"I4210129701","Institute of High Energy Physics","Austria","AT","48.1876106262207","16.362285614013672","facility","100.0","Europe","100.0"
"I392282","University at Albany, State University of New York","United States","US","42.65258026123047","-73.75623321533203","education","100.0","North America","100.0"
"I4210093678","Hospital Base","Chile","CL","-39.830352783203125","-73.24024963378906","healthcare","175.0","South America","96.24"
"I187531555","Lund University","Sweden","SE","55.705841064453125","13.193209648132324","education","100.0","Europe","100.0"
"I46080048","Jahangirnagar University","Bangladesh","BD","23.710399627685547","90.40744018554688","education","100.0","Asia","100.0"
"I34034455","Ramakrishna Mission Vivekananda Educational and Research Institute","India","IN","22.56262969970703","88.363037109375","education","100.0","Asia","100.0"
"I108714496","Tunis University","Tunisia","TN","36.795780181884766","10.162961959838867","education","100.0","Africa","100.0"
"I4210113495","Children's Hospital of Zhejiang University","China","CN","30.26316261291504","120.16571044921876","healthcare","44.0","Asia","100.0"
"I4210144108","Gangnam Severance Hospital","South Korea","KR","37.492801666259766","127.04629516601562","healthcare","100.0","Asia","100.0"
"I75535952","American University of Kuwait","Kuwait","KW","29.36972045898437","47.978328704833984","education","","Asia","62.35"
"I20581793","University of Kent","United Kingdom","GB","51.2790412902832","1.0799200534820557","education","100.0","Europe","100.0"
"I48697060","SRC","United States","US","43.14128112792969","-76.11681365966797","nonprofit","","North America","53.31"
"I94511900","Sir Padampat Singhania University","India","IN","24.585840225219727","73.71346282958984","education","","Asia","62.61"
"I22299242","Kyoto University","Japan","JP","35.02106857299805","135.75384521484375","education","46.0","Asia","100.0"
"I4210113075","Instituto de Investigación Marqués de Valdecilla","Spain","ES","43.4647216796875","-3.8044400215148926","other","100.0","Europe","100.0"
"I4210164131","Ophthalmology Associates (United States)","United States","US","38.60166549682617","-90.4584732055664","other","100.0","North America","100.0"
"I4210103991","Swedish e-Science Research Centre","Sweden","SE","59.32938003540039","18.06871032714844","facility","100.0","Europe","100.0"
"I4210147161","Mudra Institute of Communications Ahmedabad","India","IN","23.000999450683597","72.44200134277344","education","","Asia","29.39"
"I3018660459","Saint Petersburg Mining University","Russia","RU","59.93862915039063","30.31413078308105","education","100.0","Europe","100.0"
"I4210146391","Nawroz University","Iraq","IQ","36.86079025268555","42.89723205566406","education","","Asia","47.2"
"I4210096458","Applied Research (United States)","United States","US","39.10363006591797","-77.19905090332031","company","106.0","North America","99.67"
"I164861460","Manipal Academy of Higher Education","India","IN","13.350000381469728","74.78333282470703","education","100.0","Asia","100.0"
"I4403928416","Beijing Institute of Mathematical Sciences and Applications","China","CN","40.6303596496582","116.5805892944336","education","","Asia","34.07"
"I4210142152","ORCID","United States","US","39.027931213378906","-77.1426773071289","nonprofit","100.0","North America","100.0"
"I4210105374","Beibu Gulf University","China","CN","21.98246955871582","108.6506118774414","education","100.0","Asia","100.0"
"I2802497677","Lancaster General Hospital","United States","US","40.047000885009766","-76.30400085449219","healthcare","294.0","North America","91.84"
"I31746571","UNSW Sydney","Australia","AU","-33.86785125732422","151.2073211669922","education","19.0","Oceania","100.0"
"I68288478","Sukkur IBA University","Pakistan","PK","27.703229904174805","68.85888671875","education","100.0","Asia","100.0"
"I4210151386","Janssen (United States)","United States","US","40.38921737670898","-74.761962890625","company","100.0","North America","100.0"
"I43406934","Université Laval","Canada","CA","46.812278747558594","-71.21453857421875","education","100.0","North America","100.0"
"I124261462","Oxford Brookes University","United Kingdom","GB","51.752220153808594","-1.2559599876403809","education","3.0","Europe","100.0"
"I123173325","Mazandaran University of Science and Technology","Iran","IR","36.55102157592773","52.6786003112793","education","100.0","Asia","100.0"
"I165259314","Dr. Babasaheb Ambedkar Marathwada University","India","IN","19.90041160583496","75.31330108642578","education","100.0","Asia","100.0"
"I59196294","University of Ngaoundéré","CM","CM","7.421947956085205","13.540700912475586","education","100.0","Other","100.0"
"I195740183","University of Moratuwa","Sri Lanka","LK","6.7729997634887695","79.88159942626953","education","100.0","Asia","100.0"
"I889315371","Agricultural & Applied Economics Association","United States","US","43.04119873046875","-87.90463256835938","nonprofit","100.0","North America","100.0"
"I178331978","Université de Dschang","CM","CM","5.443970203399658","10.053319931030272","education","100.0","Other","100.0"
"I2800204708","LIP - Laboratory of Instrumentation and Experimental Particle Physics","Portugal","PT","38.71667098999024","-9.133330345153809","facility","100.0","Europe","100.0"
"I3130807960","Diamond Harbour Women's University","India","IN","22.25807380676269","88.19513702392578","education","","Asia","36.96"
"I1187138","Razi University","Iran","IR","34.39027786254883","47.11111068725586","education","100.0","Asia","100.0"
"I152238500","Chosun University","South Korea","KR","35.1422233581543","126.9330596923828","education","100.0","Asia","100.0"
"I4387153296","Universitas Sains dan Teknologi Komputer","","","-6.993060111999512","110.42082977294922","education","","","42.27"
"I4210103258","Braxton (United States)","United States","US","38.83447265625","-104.82373809814452","company","","North America","4.98"
"I891191580","Aalborg University","Denmark","DK","57.04800033569336","9.918700218200684","education","100.0","Europe","100.0"
"I125687163","City College of New York","United States","US","40.71427154541016","-74.00596618652344","education","100.0","North America","100.0"
"I19700959","Florida International University","United States","US","25.774269104003903","-80.19365692138672","education","100.0","North America","100.0"
"I4210109533","Istituto Nazionale di Fisica Nucleare, Sezione di Pavia","Italy","IT","45.19205093383789","9.159170150756836","facility","9.0","Europe","100.0"
"I155707491","Haverford College","United States","US","39.9523811340332","-75.16361999511719","education","100.0","North America","100.0"
"I4210092277","Orygen Youth Health","Australia","AU","-37.79118347167969","144.88693237304688","healthcare","100.0","Oceania","100.0"
"I2800133710","Discovery Centre","Canada","CA","44.64667892456055","-63.5733757019043","archive","807.0","North America","75.68"
"I4403386790","National Center for Theoretical Sciences, Physics Division","","","25.047760009765625","121.53185272216795","facility","141.0","","97.94"
"I50627504","Istanbul Arel University","Turkey","TR","41.02072143554688","28.585020065307617","education","100.0","Asia","100.0"
"I92251255","University of Split","Croatia","HR","43.5089111328125","16.439149856567383","education","100.0","Europe","100.0"
"I99729588","Indian Institute of Technology Bhubaneswar","India","IN","20.272409439086918","85.83384704589844","education","100.0","Asia","100.0"
"I120615911","Guerbet (France)","France","FR","48.97383880615234","2.5069448947906494","company","465.0","Europe","86.15"
"I4210127055","Athinoula A. Martinos Center for Biomedical Imaging","United States","US","42.358428955078125","-71.05976867675781","facility","100.0","North America","100.0"
"I4210145969","Max Planck Institute of Psychiatry","Germany","DE","48.17365646362305","11.576135635375977","facility","100.0","Europe","100.0"
"I162096671","Universidad de Los Andes","Colombia","CO","4.609710216522217","-74.08174896240234","education","100.0","South America","100.0"
"I197809005","University of Campania ""Luigi Vanvitelli""","Italy","IT","41.0726203918457","14.33230972290039","education","100.0","Europe","100.0"
"I2801107848","New York Hospital Queens","United States","US","40.74712753295898","-73.82557678222656","healthcare","100.0","North America","100.0"
"I184656255","University of Liechtenstein","Liechtenstein","LI","47.141510009765625","9.521539688110352","education","100.0","Europe","100.0"
"I1315085146","Universidade Federal de Lavras","Brazil","BR","-21.24527931213379","-44.99972152709961","education","100.0","South America","100.0"
"I187420256","Universidade Federal da Grande Dourados","Brazil","BR","-22.2164306640625","-54.81492614746094","education","100.0","South America","100.0"
"I4210140813","First Affiliated Hospital of Dalian Medical University","China","CN","38.91007995605469","121.6118392944336","healthcare","100.0","Asia","100.0"
"I134560555","Université Toulouse III - Paul Sabatier","France","FR","43.6042594909668","1.4436700344085691","education","100.0","Europe","100.0"
"I4210096868","University of Ragusa","Italy","IT","36.92574691772461","14.741326332092283","education","","Europe","31.47"
"I3018771216","LMU Klinikum","Germany","DE","48.137428283691406","11.57548999786377","healthcare","100.0","Europe","100.0"
"I212738717","Dwarkadas J. Sanghvi College of Engineering","India","IN","19.072830200195312","72.88260650634766","education","361.0","Asia","89.61"
"I136765683","Tianjin University of Technology","China","CN","39.14221954345703","117.17666625976562","education","100.0","Asia","100.0"
"I4210139217","Institute for Advanced Study in Toulouse","France","FR","43.57605743408203","1.3715360164642334","education","","Europe","58.91"
"I135768898","Ritsumeikan University","Japan","JP","35.02106857299805","135.75384521484375","education","100.0","Asia","100.0"
"I92156820","University of Cincinnati Medical Center","United States","US","39.13043975830078","-84.52094268798828","healthcare","100.0","North America","100.0"
"I130769515","Pennsylvania State University","United States","US","40.79338836669922","-77.86000061035156","education","100.0","North America","100.0"
"I4210128776","Inria Chile","Chile","CL","-33.41810989379883","-70.60269927978516","facility","","South America","22.07"
"I2799899409","Hadassah Medical Center","Israel","IL","31.79722213745117","35.241943359375","healthcare","100.0","Asia","100.0"
"I172324550","Gomal University","Pakistan","PK","31.720294952392575","70.832763671875","education","100.0","Asia","100.0"
"I4210156213","American Rock Mechanics Association","United States","US","38.82505798339844","-77.072509765625","nonprofit","696.0","North America","79.05"
"I4391767763","State Key Laboratory of Information Photonics and Optical Communications","","","39.907501220703125","116.39723205566406","facility","","","59.09"
"I4210089824","Centre d'Écologie Fonctionnelle et Évolutive","France","FR","43.610931396484375","3.876349925994873","facility","100.0","Europe","100.0"
"I75573869","Institute of Molecular and Cell Biology","Singapore","SG","1.2896699905395508","103.85006713867188","facility","100.0","Asia","100.0"
"I4210109172","Nuffield Health","United Kingdom","GB","51.3313102722168","-0.2681199908256531","healthcare","100.0","Europe","100.0"
"I190861549","École nationale supérieure d'arts et métiers","France","FR","48.85340881347656","2.34879994392395","education","100.0","Europe","100.0"
"I4210161447","Intuitive Surgical (United States)","United States","US","37.373497009277344","-122.00344848632812","company","","North America","50.56"
"I16097986","Universitat de València","Spain","ES","39.47391128540039","-0.3796600103378296","education","100.0","Europe","100.0"
"I233772129","Dhaka International University","Bangladesh","BD","23.7904052734375","90.40022277832033","education","","Asia","67.07"
"I129162050","École Supérieure de Commerce de Toulouse","France","FR","43.6042594909668","1.4436700344085691","education","100.0","Europe","100.0"
"I45129253","University College London","United Kingdom","GB","51.50852966308594","-0.1257400065660476","education","9.0","Europe","100.0"
"I2800493929","City of Bradford Metropolitan District Council","United Kingdom","GB","53.79214477539063","-1.754649996757507","government","","Europe","11.98"
"I220619192","Valeo (France)","France","FR","48.856536865234375","2.35210394859314","company","100.0","Europe","100.0"
"I4210164124","Oxford Instruments (Canada)","Canada","CA","43.75437927246094","-79.60832214355469","company","3.0","North America","4.08"
"I37355250","Saint-Petersburg State University of Telecommunications","Russia","RU","59.90287399291992","30.487911224365234","education","100.0","Europe","100.0"
"I94518387","Hanoi University of Science and Technology","Vietnam","VN","21.02449989318848","105.84117126464844","education","100.0","Asia","100.0"
"I60134161","Nagoya University","Japan","JP","35.18146896362305","136.90640258789062","education","100.0","Asia","100.0"
"I1341618623","National Museum of Natural History","United States","US","38.895111083984375","-77.03636932373047","archive","100.0","North America","100.0"
"I4210100468","University Hospital of Zurich","Switzerland","CH","47.36666870117188","8.550000190734863","other","100.0","Europe","100.0"
"I4387152226","Hungarian Research Network","","","47.498348236083984","19.04044914245605","other","100.0","","100.0"
"I28941729","ISM University of Management and Economics","Lithuania","LT","54.9027214050293","23.909610748291016","education","","Europe","31.87"
"I40677808","Kyoto Prefectural University of Medicine","Japan","JP","35.02277755737305","135.77027893066406","education","100.0","Asia","100.0"
"I4210117706","Sultan Abdul Halim Mu'adzam Shah International Islamic University","Malaysia","MY","6.121039867401123","100.36013793945312","education","","Asia","40.26"
"I4510145","Jiangxi University of Science and Technology","China","CN","28.81842041015625","115.43273162841795","education","100.0","Asia","100.0"
"I188538660","University of Colorado Boulder","United States","US","40.01499176025391","-105.2705535888672","education","100.0","North America","100.0"
"I161106909","Iran University of Medical Sciences","Iran","IR","35.69438934326172","51.4215087890625","education","100.0","Asia","100.0"
"I4210153755","University Hospital Cologne","Germany","DE","50.93333053588867","6.949999809265137","healthcare","100.0","Europe","100.0"
"I4210109381","Affiliated Hospital of Guizhou Medical University","China","CN","26.593969345092773","106.7127914428711","healthcare","100.0","Asia","100.0"
"I4210150701","Laboratório Interinstitucional de e-Astronomia","Brazil","BR","-22.897520065307617","-43.22043228149414","government","100.0","South America","100.0"
"I246010334","Università degli Studi di Enna Kore","Italy","IT","37.56549835205078","14.274330139160156","education","100.0","Europe","100.0"
"I89506807","University of Western Macedonia","Greece","GR","40.300689697265625","21.788959503173828","education","100.0","Europe","100.0"
"I930072361","Tun Hussein Onn University of Malaysia","Malaysia","MY","1.85479998588562","102.93250274658205","education","100.0","Asia","100.0"
"I102335020","Karlsruhe Institute of Technology","Germany","DE","49.009368896484375","8.404439926147461","education","100.0","Europe","100.0"
"I85145500","Indian Institute of Toxicology Research","India","IN","26.859474182128903","80.93047332763672","facility","100.0","Asia","100.0"
"I3018075036","Sanofi (France)","France","FR","48.85340881347656","2.34879994392395","company","100.0","Europe","100.0"
"I200870766","Brookhaven National Laboratory","United States","US","40.86954116821289","-72.88677215576172","facility","100.0","North America","100.0"
"I189486483","Falmouth University","United Kingdom","GB","50.15441131591797","-5.07112979888916","education","761.0","Europe","77.09"
"I4210130646","Colorado Center for Reproductive Medicine","United States","US","39.73784637451172","-104.93316650390624","healthcare","497.0","North America","85.09"
"I4210155833","Ospedale San Luigi Gonzaga","Italy","IT","45.02938079833984","7.558735847473144","healthcare","100.0","Europe","100.0"
"I4210136305","Institute on Aging","United States","US","37.77492904663086","-122.41941833496094","nonprofit","100.0","North America","100.0"
"I22465464","University of Münster","Germany","DE","51.96236038208008","7.625710010528564","education","100.0","Europe","100.0"
"I104946051","Nihon University","Japan","JP","35.691001892089844","139.73760986328125","education","100.0","Asia","100.0"
"I98957242","Kitami Institute of Technology","Japan","JP","43.80305862426758","143.8908233642578","education","100.0","Asia","100.0"
"I71824836","Swiss Federal Laboratories for Materials Science and Technology","Switzerland","CH","47.397239685058594","8.618720054626465","facility","100.0","Europe","100.0"
"I4210143490","Computing Center","Russia","RU","48.471954345703125","135.0609130859375","facility","100.0","Europe","100.0"
"I4210086955","Réseau sur le Stockage Electrochimique de l'énergie","France","FR","49.900001525878906","2.299999952316284","facility","100.0","Europe","100.0"
"I4210107668","Guangzhou Regenerative Medicine and Health Guangdong Laboratory","China","CN","23.116670608520508","113.25","facility","100.0","Asia","100.0"
"I4210100330","Institut Supérieur International du Tourisme de Tanger","Morocco","MA","35.77417755126953","-5.7778401374816895","education","","Africa","3.08"
"I141649380","Western Michigan University","United States","US","42.29170989990234","-85.58722686767578","education","100.0","North America","100.0"
"I53012624","Joint BioEnergy Institute","United States","US","37.84055709838867","-122.28971862792967","facility","100.0","North America","100.0"
"I4210116869","Affiliated Hospital of Qingdao University","China","CN","36.07022476196289","120.3277816772461","healthcare","100.0","Asia","100.0"
"I121883995","Johannes Kepler University of Linz","Austria","AT","48.30638885498047","14.286109924316406","education","100.0","Europe","100.0"
"I2801120809","Salford Royal NHS Foundation Trust","United Kingdom","GB","53.48770904541016","-2.2904200553894043","healthcare","100.0","Europe","100.0"
"I15059493","İzmir University of Economics","Turkey","TR","38.4127311706543","27.13838005065918","education","100.0","Asia","100.0"
"I4210100492","Valahia University of Targoviste","Romania","RO","44.92543029785156","25.45669937133789","education","100.0","Europe","100.0"
"I4391768026","Panimalar Medical College Hospital & Research Institute","","","13.08784008026123","80.27847290039062","education","","","20.08"
"I4389424196","Deleted Institution","","","","","","100.0","","100.0"
"I4210110978","Louis Stokes Cleveland VA Medical Center","United States","US","41.513671875","-81.61392974853516","healthcare","100.0","North America","100.0"
"I2801671727","VA Boston Healthcare System","United States","US","42.27445983886719","-71.17176818847656","healthcare","100.0","North America","100.0"
"I192756129","University of Macedonia","Greece","GR","40.64360809326172","22.93086051940918","education","100.0","Europe","100.0"
"I1294671590","Centre National de la Recherche Scientifique","France","FR","48.85340881347656","2.34879994392395","other","100.0","Europe","100.0"
"I917207718","Toyota Industries (United States)","United States","US","32.92896270751953","-96.9897689819336","company","","North America","31.76"
"I56303344","Aselsan (Turkey)","Turkey","TR","39.96731948852539","32.76505661010742","company","100.0","Asia","100.0"
"I4210156583","Laboratoire d'Informatique de Paris-Nord","France","FR","48.95832824707031","2.341670036315918","facility","100.0","Europe","100.0"
"I108468826","Stevens Institute of Technology","United States","US","40.74399185180664","-74.03235626220703","education","100.0","North America","100.0"
"I243381257","Universidad Loyola Andalucía","Spain","ES","37.38283157348633","-5.973169803619385","education","100.0","Europe","100.0"
"I4210087349","China Resources (China)","China","CN","22.28009414672852","114.1754379272461","company","100.0","Asia","100.0"
"I4210127348","FORTH Institute of Electronic Structure and Laser","Greece","GR","35.34217834472656","25.14416885375977","facility","100.0","Europe","100.0"
"I8975392","Osmania University","India","IN","17.384050369262695","78.45635986328125","education","100.0","Asia","100.0"
"I4387154743","MVJ College of Engineering","","","12.97194004058838","77.59368896484375","education","","","68.28"
"I4210138083","Beijing Open University","China","CN","39.96195602416992","116.3407211303711","education","","Asia","10.47"
"I4391768012","State Key Laboratory of Information Security","","","39.907501220703125","116.39723205566406","facility","","","20.95"
"I4210125245","Centro Brasileiro de Pesquisas Físicas","Brazil","BR","-22.90641975402832","-43.18223190307617","facility","100.0","South America","100.0"
"I183697816","Bangladesh University of Engineering and Technology","Bangladesh","BD","23.710399627685547","90.40744018554688","education","100.0","Asia","100.0"
"I2250650973","Samsung (South Korea)","South Korea","KR","37.56600189208984","126.97840118408205","company","100.0","Asia","100.0"
"I200769079","Hong Kong University of Science and Technology","Hong Kong","HK","22.2783203125","114.17469024658205","education","100.0","Asia","100.0"
"I65832422","Duksung Women's University","South Korea","KR","37.56600189208984","126.97840118408205","education","100.0","Asia","100.0"
"I4210113619","Agriculture Victoria","Australia","AU","-37.81399917602539","144.96331787109375","government","100.0","Oceania","100.0"
"I1331070479","Université de Yaoundé I","CM","CM","3.8666698932647705","11.51667022705078","education","100.0","Other","100.0"
"I4210129543","Dirección de Investigación y Desarrollo","Chile","CL","-39.80546569824219","-73.25445556640625","facility","100.0","South America","100.0"
"I59433898","Brunel University of London","United Kingdom","GB","51.50852966308594","-0.1257400065660476","education","100.0","Europe","100.0"
"I152033890","Hainan Normal University","China","CN","20.034210205078125","110.34651184082033","education","100.0","Asia","100.0"
"I4210100913","Institute for Research and Technology in Food and Agriculture","Spain","ES","41.633331298828125","2.166670083999634","facility","100.0","Europe","100.0"
"I1289019353","Lahey Hospital and Medical Center","United States","US","42.48419952392578","-71.20469665527344","healthcare","100.0","North America","100.0"
"I46247651","University of Manitoba","Canada","CA","49.8843994140625","-97.14704132080078","education","100.0","North America","100.0"
"I162709352","Sul Ross State University","United States","US","30.358619689941406","-103.6620635986328","education","","North America","52.22"
"I193260172","British University in Dubai","United Arab Emirates","AE","25.12445640563965","55.41104888916016","education","100.0","Asia","100.0"
"I7495430","Idiap Research Institute","Switzerland","CH","46.07817077636719","7.050990104675293","facility","100.0","Europe","100.0"
"I125934054","National United University","Taiwan","TW","24.538389205932617","120.78958129882812","education","100.0","Asia","100.0"
"I62916508","Technical University of Munich","Germany","DE","48.137428283691406","11.57548999786377","education","37.0","Europe","100.0"
"I85230861","Morehouse College","United States","US","33.746665954589844","-84.41527557373047","education","757.0","North America","77.21"
"I4403386594","Ajeenkya DY Patil University","","","18.74673080444336","73.75464630126953","education","","","18.48"
"I179331831","Taif University","Saudi Arabia","SA","21.27028083801269","40.415828704833984","education","100.0","Asia","100.0"
"I206945453","Paderborn University","Germany","DE","51.719051361083984","8.754389762878418","education","100.0","Europe","100.0"
"I1289437631","Fox Chase Cancer Center","United States","US","39.9523811340332","-75.16361999511719","healthcare","100.0","North America","100.0"
"I9256017","Islamic Azad University of Najafabad","Iran","IR","32.67304611206055","51.39228439331055","education","100.0","Asia","100.0"
"I60200437","Potsdam Institute for Climate Impact Research","Germany","DE","52.38128280639648","13.064151763916016","facility","100.0","Europe","100.0"
"I211433327","Ministry of Natural Resources","China","CN","39.907501220703125","116.39723205566406","other","100.0","Asia","100.0"
"I36162470","University of Zakho","Iraq","IQ","37.14870834350586","42.68590927124024","education","100.0","Asia","100.0"
"I1297991670","Southwest University of Science and Technology","China","CN","31.46784019470215","104.68167877197266","education","100.0","Asia","100.0"
"I4210131959","National Research Centre","Egypt","EG","30.06262969970703","31.249670028686523","facility","100.0","Africa","100.0"
"I318025780","Foxconn (United States)","United States","US","37.35128784179688","-121.89022827148438","company","","North America","12.37"
"I181190671","New York Medical College","United States","US","41.07482147216797","-73.77513122558594","education","100.0","North America","100.0"
"I4210088923","The Bronx Defenders","United States","US","40.84984970092773","-73.86640930175781","nonprofit","100.0","North America","100.0"
"I5400463","Ghulam Ishaq Khan Institute of Engineering Sciences and Technology","Pakistan","PK","34.07033920288086","72.62146759033203","education","100.0","Asia","100.0"
"I4210091363","ASL Roma","Italy","IT","41.91985702514648","12.504419326782228","government","100.0","Europe","100.0"
"I61702852","Royal University of Bhutan","BT","BT","27.466089248657227","89.64190673828125","education","100.0","Other","100.0"
"I72090969","Nokia (United States)","United States","US","32.894039154052734","-96.96580505371094","company","100.0","North America","100.0"
"I46305939","University of Zielona Góra","Poland","PL","51.93547821044922","15.506429672241213","education","100.0","Europe","100.0"
"I4387153068","Indian Institute of Information Technology Dharwad","","","15.460049629211426","75.00778198242188","education","","","18.16"
"I4210112713","University Hospital Schleswig-Holstein","Germany","DE","54.32133102416992","10.134889602661133","healthcare","100.0","Europe","100.0"
"I8696757","Singapore University of Social Sciences","Singapore","SG","1.2896699905395508","103.85006713867188","education","100.0","Asia","100.0"
"I4210165875","NTNU Samfunnsforskning","Norway","NO","63.43048858642578","10.395059585571287","facility","100.0","Europe","100.0"
"I4388446371","Wachemo University","","","7.549779891967773","37.85374069213867","education","763.0","","77.02"
"I130474213","Pontificia Universidad Católica de Valparaíso","Chile","CL","-33.0359992980957","-71.62963104248047","education","100.0","South America","100.0"
"I2802040150","Glenfield Hospital","United Kingdom","GB","52.65460968017578","-1.1789720058441162","healthcare","100.0","Europe","100.0"
"I2800081431","British Academy","United Kingdom","GB","51.50631713867188","-0.131179004907608","nonprofit","885.0","Europe","73.31"
"I4210126656","Shendi University","SD","SD","16.691499710083008","33.43410110473633","education","","Other","29.17"
"I180662265","China Mobile (China)","China","CN","39.91109085083008","116.35888671875","company","100.0","Asia","100.0"
"I4210153375","Al Madinah International University","Malaysia","MY","3.084243059158325","101.70040130615234","education","","Asia","30.54"
"I4210105123","Peter Doherty Institute","Australia","AU","-37.81399917602539","144.96331787109375","facility","100.0","Oceania","100.0"
"I97009856","Bohai University","China","CN","41.087646484375","121.11859893798828","education","100.0","Asia","100.0"
"I1297288678","National Renewable Energy Laboratory","United States","US","39.75553894042969","-105.22109985351562","facility","100.0","North America","100.0"
"I45084792","University of Florence","Italy","IT","43.77925109863281","11.246259689331056","education","100.0","Europe","100.0"
"I56308077","Indian Institute of Management Rohtak","India","IN","28.89447021484375","76.58917236328125","education","102.0","Asia","99.86"
"I24768866","Bulgarian Academy of Sciences","Bulgaria","BG","42.697509765625","23.32415008544922","other","100.0","Europe","100.0"
"I4210123185","Zhejiang Lab","China","CN","30.271240234375","119.96514892578124","facility","100.0","Asia","100.0"
"I8078737","Clemson University","United States","US","34.683441162109375","-82.83737182617188","education","100.0","North America","100.0"
"I4092182","Graz University of Technology","Austria","AT","47.06666946411133","15.449999809265137","education","100.0","Europe","100.0"
"I122266389","University of Nebraska at Omaha","United States","US","41.25625991821289","-95.9404296875","education","100.0","North America","100.0"
"I33552525","LNM Institute of Information Technology","India","IN","26.936357498168945","75.923583984375","education","100.0","Asia","100.0"
"I102398690","National Natural Science Foundation of China","China","CN","39.907501220703125","116.39723205566406","other","100.0","Asia","100.0"
"I43879129","Government College University, Lahore","Pakistan","PK","31.558000564575195","74.3507080078125","education","100.0","Asia","100.0"
"I1340918713","University College London Hospitals NHS Foundation Trust","United Kingdom","GB","51.50852966308594","-0.1257400065660476","healthcare","9.0","Europe","100.0"
"I23732399","Montana State University","United States","US","45.679649353027344","-111.03855895996094","education","100.0","North America","100.0"
"I97002122","University of the Philippines Open University","Philippines","PH","14.176015853881836","121.26190185546876","education","","Asia","57.9"
"I4210089026","Islamic Azad University of Hamedan","Iran","IR","34.8448600769043","48.560001373291016","education","100.0","Asia","100.0"
"I3130395211","Instituto Tecnológico Superior de Xalapa","Mexico","MX","19.502899169921875","-96.88069915771484","education","100.0","North America","100.0"
"I4210164150","Shanghai Center for Brain Science and Brain-Inspired Technology","China","CN","31.17975425720215","121.58993530273438","facility","100.0","Asia","100.0"
"I4210089144","Centre National pour la Recherche Scientifique et Technique (CNRST)","Morocco","MA","34.01324844360352","-6.832550048828125","other","100.0","Africa","100.0"
"I4210153043","Duke University Hospital","United States","US","35.9940299987793","-78.89862060546875","healthcare","100.0","North America","100.0"
"I151746483","University of Waterloo","Canada","CA","43.46680068969727","-80.51638793945312","education","100.0","North America","100.0"
"I4396570585","Leidos Biomedical Research Inc. (United States)","United States","US","39.41426849365234","-77.41053771972656","company","100.0","North America","100.0"
"I4210095246","Siemens (Romania)","Romania","RO","44.43300247192383","25.98591423034668","company","","Europe","18.13"
"I3018176973","Hospital de São João","Portugal","PT","41.14960861206055","-8.610989570617676","healthcare","100.0","Europe","100.0"
"I4210162980","Ubitech (Greece)","Greece","GR","38.00761795043945","23.796327590942383","company","","Europe","20.6"
"I4210141934","Mittal hospital","India","IN","26.47439956665039","74.61233520507812","healthcare","1.0","Asia","26.11"
"I4210154635","Wolverhampton Hospital","United Kingdom","GB","52.59362411499024","-2.1714019775390625","healthcare","753.0","Europe","77.33"
"I4210167097","Institute for Studies of Society, Economy and Environment","Vietnam","VN","21.027231216430664","105.8204345703125","other","","Asia","3.35"
"I4210142353","Kuma Hospital","Japan","JP","34.69129943847656","135.18299865722656","healthcare","100.0","Asia","100.0"
"I4210134982","Institute of Microbiology","China","CN","39.907501220703125","116.39723205566406","facility","100.0","Asia","100.0"
"I32971472","Yale University","United States","US","41.30815124511719","-72.92816162109375","education","16.0","North America","100.0"
"I4210090703","Centro de Investigación Biomédica en Red de Salud Mental","Spain","ES","40.47548294067383","-3.6899960041046143","facility","100.0","Europe","100.0"
"I4210099236","Kootenay Association for Science & Technology","Canada","CA","49.07619094848633","-117.7970962524414","nonprofit","100.0","North America","100.0"
"I4210143902","Farr Institute","United Kingdom","GB","51.525978088378906","-0.1358209997415542","education","100.0","Europe","100.0"
"I1323843004","Sunnybrook Health Science Centre","Canada","CA","43.70642852783203","-79.39864349365234","healthcare","100.0","North America","100.0"
"I102882674","Beijing Institute of Fashion Technology","China","CN","39.907501220703125","116.39723205566406","education","100.0","Asia","100.0"
"I120611246","Obayashi (Japan)","Japan","JP","35.701839447021484","139.41049194335938","company","100.0","Asia","100.0"
"I160606119","University of Tennessee Health Science Center","United States","US","35.13957214355469","-90.0301513671875","education","100.0","North America","100.0"
"I157696592","Universiti Malaysia Terengganu","Malaysia","MY","5.3302001953125","103.14080047607422","education","34.0","Asia","100.0"
"I4210143919","Polish Mother’s Memorial Hospital Research Institute","Poland","PL","51.70531463623047","19.48002052307129","healthcare","100.0","Europe","100.0"
"I4210152127","Conway School of Landscape Design","United States","US","42.50566864013672","-72.69466400146484","education","100.0","North America","100.0"
"I97018004","Stanford University","United States","US","37.424110412597656","-122.16607666015624","education","5.0","North America","100.0"
"I2799752099","Synergy University Dubai","United Arab Emirates","AE","25.06938934326172","55.14247131347656","education","","Asia","67.64"
"I92449659","Isra University","Jordan","JO","31.722074508666992","35.986724853515625","education","100.0","Asia","100.0"
"I4210138501","Chinese Academy of Agricultural Sciences","China","CN","39.907501220703125","116.39723205566406","government","100.0","Asia","100.0"
"I17301866","University of Alabama","United States","US","33.2098388671875","-87.56916809082031","education","100.0","North America","100.0"
"I141962983","Shanghai University of Engineering Science","China","CN","31.22221946716309","121.45806121826172","education","100.0","Asia","100.0"
"I131249849","Oregon State University","United States","US","44.564571380615234","-123.26203918457033","education","100.0","North America","100.0"
"I4210104270","McCormick (United States)","United States","US","39.29037857055664","-76.61219024658203","company","100.0","North America","100.0"
"I4387154747","Kayseri Üniversitesi","","","38.7369499206543","35.496829986572266","education","","","66.12"
"I4210111998","Wuhan No.1 Hospital","China","CN","30.583330154418945","114.26667022705078","healthcare","100.0","Asia","100.0"
"I4210161460","OpenAI (United States)","United States","US","37.77492904663086","-122.41941833496094","company","100.0","North America","100.0"
"I188405335","Winston-Salem State University","United States","US","36.089454650878906","-80.22515869140625","education","100.0","North America","100.0"
"I129043915","University of Udine","Italy","IT","46.06930160522461","13.237150192260742","education","100.0","Europe","100.0"
"I4588055","Tottori University","Japan","JP","35.51588439941406","134.1717529296875","education","100.0","Asia","100.0"
"I146500386","Jichi Medical University","Japan","JP","36.413230895996094","139.86622619628906","education","100.0","Asia","100.0"
"I184681353","Anhui University of Science and Technology","China","CN","32.62638854980469","116.99694061279295","education","100.0","Asia","100.0"
"I4210123001","Institute of Liver and Biliary Sciences","India","IN","28.50629234313965","77.1653060913086","healthcare","100.0","Asia","100.0"
"I4210109416","Anhui Science and Technology University","China","CN","32.32194137573242","118.29778289794922","education","100.0","Asia","100.0"
"I126193024","London Metropolitan University","United Kingdom","GB","51.55157470703125","-0.1106870025396347","education","100.0","Europe","100.0"
"I125467818","Dakota State University","United States","US","44.01229095458984","-97.11284637451172","education","100.0","North America","100.0"
"I4210121703","GlaxoSmithKline (Ireland)","Ireland","IE","51.816707611083984","-8.316603660583496","company","1.0","Europe","3.67"
"I3018263800","Huzhou University","China","CN","30.87030029296875","120.09329986572266","education","100.0","Asia","100.0"
"I4210127232","Kayseri Eğitim ve Araştırma Hastanesi","Turkey","TR","38.72840118408203","35.477718353271484","healthcare","100.0","Asia","100.0"
"I4210107217","University Hospital of Larissa","Greece","GR","39.61094284057617","22.385822296142575","healthcare","100.0","Europe","100.0"
"I75867142","Xiamen University of Technology","China","CN","24.47978973388672","118.08187103271484","education","100.0","Asia","100.0"
"I4210124331","Duhok Polytechnic University","Iraq","IQ","36.86708831787109","42.98844909667969","education","238.0","Asia","93.72"
"I4387155039","New Valley University","","","25.45100975036621","30.54652976989746","education","100.0","","100.0"
"I166722992","University of Massachusetts Chan Medical School","United States","US","42.26258850097656","-71.80229187011719","education","100.0","North America","100.0"
"I183935753","King's College London","United Kingdom","GB","51.50852966308594","-0.1257400065660476","education","40.0","Europe","100.0"
"I199702508","Al Jouf University","Saudi Arabia","SA","29.791717529296875","40.04490661621094","education","100.0","Asia","100.0"
"I63354593","Sichuan Normal University","China","CN","30.66666984558105","104.0666732788086","education","100.0","Asia","100.0"
"I202963720","University of St. Gallen","Switzerland","CH","47.42390823364258","9.374770164489746","education","100.0","Europe","100.0"
"I15057530","Université de Bordeaux","France","FR","44.84043884277344","-0.5805000066757202","education","100.0","Europe","100.0"
"I4210113529","Jožef Stefan International Postgraduate School","Slovenia","SI","46.04269790649414","14.48768711090088","education","100.0","Europe","100.0"
"I142600864","College of San Mateo","United States","US","37.53511428833008","-122.33509826660156","education","","North America","30.53"
"I38186990","Haaga-Helia University of Applied Sciences","Finland","FI","60.20225143432617","24.93418884277344","education","","Europe","38.34"
"I117965899","University of Hawaiʻi at Mānoa","United States","US","21.30694007873535","-157.85833740234375","education","100.0","North America","100.0"
"I2800668805","Surrey Memorial Hospital","Canada","CA","49.17634201049805","-122.84403228759766","healthcare","","North America","50.94"
"I168959743","University of America","United States","US","33.55390930175781","-117.21392059326172","education","100.0","North America","100.0"
"I4210139618","Shanghai Key Laboratory of Trustworthy Computing","China","CN","31.225067138671875","121.48744201660156","facility","100.0","Asia","100.0"
"I131155284","Alagappa University","India","IN","10.066149711608888","78.76783752441406","education","100.0","Asia","100.0"
"I181397559","Asia Pacific University of Technology & Innovation","Malaysia","MY","3.141200065612793","101.68653106689452","education","100.0","Asia","100.0"
"I41461413","Universiti Malaysia Sarawak","Malaysia","MY","1.5499999523162842","110.33332824707033","education","100.0","Asia","100.0"
"I4800084","Southwest Jiaotong University","China","CN","30.66666984558105","104.0666732788086","education","100.0","Asia","100.0"
"I19688894","Invertis University","India","IN","28.29233169555664","79.49156951904297","education","","Asia","46.88"
"I1325899441","University Health Network","Canada","CA","43.70011138916016","-79.41629791259766","healthcare","100.0","North America","100.0"
"I162487826","Centre Hospitalier de Luxembourg","Luxembourg","LU","49.61167144775391","6.130000114440918","healthcare","100.0","Europe","100.0"
"I2251713219","NTT (Japan)","Japan","JP","35.68952560424805","139.75344848632812","company","100.0","Asia","100.0"
"I44896327","Mitre (United States)","United States","US","42.50493621826172","-71.23655700683594","company","1.0","North America","100.0"
"I4210119757","Jinhua Academy of Agricultural Sciences","China","CN","29.07814216613769","119.63629913330078","facility","100.0","Asia","100.0"
"I4210165017","European Space Research Institute","Italy","IT","41.80910110473633","12.679420471191406","facility","100.0","Europe","100.0"
"I86175216","École Nationale Supérieure de l'Électronique et de ses Applications","France","FR","49.03644943237305","2.076129913330078","education","100.0","Europe","100.0"
"I2799803374","Anne Arundel Medical Center","United States","US","38.99000549316406","-76.53451538085938","healthcare","559.0","North America","83.19"
"I4210090247","Islamic Azad University, Estahban Branch","Iran","IR","29.126100540161133","54.07175827026367","education","","Asia","24.17"
"I1340108165","National Center for Research on Earthquake Engineering","Taiwan","TW","25.017478942871094","121.54753875732422","nonprofit","739.0","Asia","77.75"
"I35961687","Universidad de Antioquia","Colombia","CO","6.251840114593506","-75.56359100341797","education","100.0","South America","100.0"
"I4387152683","Mathématiques et Informatique pour la Complexité et les Systèmes","","","48.68333053588867","2.133330106735229","facility","","","28.28"
"I2799850029","Dongguan University of Technology","China","CN","23.017969131469727","113.7486572265625","education","100.0","Asia","100.0"
"I4210129887","Asian University of Bangladesh","Bangladesh","BD","23.710399627685547","90.40744018554688","education","","Asia","16.73"
"I2801851002","Harvard University Press","United States","US","42.38301467895508","-71.12705993652344","other","4.0","North America","100.0"
"I4210104539","Shenzhen Maternity and Child Healthcare Hospital","China","CN","22.518585205078125","114.04857635498048","healthcare","100.0","Asia","100.0"
"I4210136897","National Institute on Aging","United States","US","39.29037857055664","-76.61219024658203","facility","100.0","North America","100.0"
"I193352282","Daegu Gyeongbuk Institute of Science and Technology","South Korea","KR","35.87028121948242","128.5911102294922","education","100.0","Asia","100.0"
"I97188460","Nantes Université","France","FR","47.21725082397461","-1.5533599853515625","education","100.0","Europe","100.0"
"I44461941","University of Houston","United States","US","29.763280868530277","-95.36327362060548","education","100.0","North America","100.0"
"I181631907","University of Ibadan","Nigeria","NG","7.377560138702393","3.905910015106201","education","100.0","Africa","100.0"
"I1300504238","Piaggio (Italy)","Italy","IT","43.661502838134766","10.628533363342283","company","100.0","Europe","100.0"
"I76777374","Central University of Rajasthan","India","IN","26.45210075378418","74.638671875","education","100.0","Asia","100.0"
"I79571142","Virtual University of Pakistan","Pakistan","PK","31.558000564575195","74.3507080078125","education","100.0","Asia","100.0"
"I4210103620","Zhangzhou Municipal Hospital of Fujian Province","China","CN","24.51365852355957","117.64625549316406","healthcare","366.0","Asia","89.45"
"I4210127244","Indian Institute of Information Technology Una","India","IN","31.46492958068848","76.2691421508789","education","","Asia","17.16"
"I199688382","Maritime University of Szczecin","Poland","PL","53.42893981933594","14.553019523620604","education","100.0","Europe","100.0"
"I162838928","National Chung Hsing University","Taiwan","TW","24.122459411621094","120.67426300048828","education","100.0","Asia","100.0"
"I1294182474","Cihan University-Erbil","Iraq","IQ","36.19116973876953","44.00942993164063","education","100.0","Asia","100.0"
"I2801880889","McMaster Children's Hospital","Canada","CA","43.258888244628906","-79.9183349609375","healthcare","100.0","North America","100.0"
"I39705031","Catholic University of Daegu","South Korea","KR","35.91218948364258","128.80775451660156","education","100.0","Asia","100.0"
"I4210160773","Geisinger Neuroscience Institute","United States","US","40.96753692626953","-76.60446166992188","healthcare","","North America","48.14"
"I233299441","Carson Newman University","United States","US","36.12179946899414","-83.48856353759766","education","","North America","29.76"
"I4210153928","VIB-KU Leuven Center for Brain & Disease Research","Belgium","BE","50.87823867797852","4.7184739112854","facility","100.0","Europe","100.0"
"I4210119396","Social Service Sericulture Project Trust","India","IN","10.31847858428955","77.93250274658203","nonprofit","100.0","Asia","100.0"
"I80180929","Universidad de Murcia","Spain","ES","37.98704147338867","-1.1300400495529177","education","100.0","Europe","100.0"
"I51314090","University of Osijek","Croatia","HR","45.55110931396485","18.69388961791992","education","100.0","Europe","100.0"
"I173899330","Henan University","China","CN","34.79859924316406","114.3074188232422","education","100.0","Asia","100.0"
"I4210119393","Institut de Recherche de Chimie Paris","France","FR","48.85340881347656","2.34879994392395","facility","100.0","Europe","100.0"
"I4210105790","Naval Health Research Center","United States","US","32.7157096862793","-117.16471862792967","facility","100.0","North America","100.0"
"I165799507","Rensselaer Polytechnic Institute","United States","US","42.72840881347656","-73.69178771972656","education","100.0","North America","100.0"
"I161372803","Strathmore University","Kenya","KE","-1.283329963684082","36.81666946411133","education","100.0","Africa","100.0"
"I51768193","Royal Military College of Canada","Canada","CA","44.229759216308594","-76.4809799194336","education","100.0","North America","100.0"
"I178777954","Kohat University of Science and Technology","Pakistan","PK","33.523162841796875","71.44570922851562","education","100.0","Asia","100.0"
"I4210160082","Accenture (United Kingdom)","United Kingdom","GB","51.51741790771485","-0.1123889982700347","company","","Europe","11.1"
"I193073490","Siksha O Anusandhan University","India","IN","20.25919914245605","85.79199981689453","education","8.0","Asia","100.0"
"I94616015","Punjab Technical University","India","IN","31.356386184692383","75.43925476074219","education","100.0","Asia","100.0"
"I148518341","Cyprus Institute","Cyprus","CY","35.14180374145508","33.38128662109375","other","100.0","Europe","100.0"
"I47519274","Taipei Medical University","Taiwan","TW","25.024999618530277","121.56099700927734","education","100.0","Asia","100.0"
"I4210100200","China Internet Network Information Center","China","CN","39.979248046875","116.33527374267578","nonprofit","","Asia","28.19"
"I67031392","Carleton University","Canada","CA","45.411170959472656","-75.6981201171875","education","100.0","North America","100.0"
"I182078086","University of Dar es Salaam","Tanzania","TZ","-6.823490142822266","39.269508361816406","education","100.0","Africa","100.0"
"I2802694670","Academic Center for Education, Culture and Research","Iran","IR","35.69438934326172","51.4215087890625","nonprofit","100.0","Asia","100.0"
"I9300472","Bournemouth University","United Kingdom","GB","50.71429061889648","-1.9845800399780276","education","100.0","Europe","100.0"
"I63966007","Massachusetts Institute of Technology","United States","US","42.375099182128906","-71.1056137084961","education","1.0","North America","100.0"
"I4210117332","Sungkyul University","South Korea","KR","37.381160736083984","126.9286651611328","education","","Asia","40.65"
"I157485424","Korea Advanced Institute of Science and Technology","South Korea","KR","36.34912872314453","127.38493347167967","education","100.0","Asia","100.0"
"I177364143","Centre for European Economic Research","Germany","DE","49.48194885253906","8.46586799621582","nonprofit","100.0","Europe","100.0"
"I34478861","Sir Syed University of Engineering and Technology","Pakistan","PK","24.915924072265625","67.09281921386719","education","100.0","Asia","100.0"
"I4210144487","Cloud Computing Center","China","CN","22.89883041381836","113.8895492553711","facility","100.0","Asia","100.0"
"I4210092165","National Institute of Construction Management and Research","India","IN","18.574787139892575","73.76689910888672","nonprofit","","Asia","67.69"
"I63855395","Missouri Western State University","United States","US","39.75993347167969","-94.79000091552734","education","","North America","67.58"
"I45642913","Kırıkkale University","Turkey","TR","39.84527969360352","33.50638961791992","education","100.0","Asia","100.0"
"I99731219","Higher Institute for Applied Sciences and Technology","Syria","SY","33.554805755615234","36.316524505615234","education","","Asia","33.76"
"I4210164796","Nanjing Polytechnic Institute","China","CN","32.2325325012207","118.7479248046875","education","100.0","Asia","100.0"
"I177477856","Polytechnic University of Turin","Italy","IT","45.07049179077149","7.686820030212402","education","100.0","Europe","100.0"
"I4387155996","Institut Teknologi Telkom Purwokerto","","","-7.421390056610107","109.23444366455078","education","118.0","","99.06"
"I120729142","Research Academic Computer Technology Institute","Greece","GR","38.24443817138672","21.73443984985352","facility","100.0","Europe","100.0"
"I2800274787","Fraunhofer Institute for Telecommunications, Heinrich Hertz Institute","Germany","DE","52.51629257202149","13.324989318847656","facility","100.0","Europe","100.0"
"I206935292","Shaqra University","Saudi Arabia","SA","24.81482315063477","46.66902160644531","education","100.0","Asia","100.0"
"I1305948331","Federal Institute for Geosciences and Natural Resources","Germany","DE","52.37052154541016","9.733220100402832","government","100.0","Europe","100.0"
"I2802612298","The Wallace H. Coulter Department of Biomedical Engineering","United States","US","33.749000549316406","-84.38797760009766","education","100.0","North America","100.0"
"I45029084","City University of Seattle","United States","US","47.61740112304688","-122.34449768066406","education","100.0","North America","100.0"
"I153718931","University of Ottawa","Canada","CA","45.411170959472656","-75.6981201171875","education","100.0","North America","100.0"
"I4210157597","Remote Sensing Technology Center of Japan","Japan","JP","35.664146423339844","139.74609375","facility","","Asia","45.49"
"I201726411","United Arab Emirates University","United Arab Emirates","AE","24.191669464111328","55.76055908203125","education","100.0","Asia","100.0"
"I4210094920","Torrington Hospital","United Kingdom","GB","50.95490264892578","-4.137014865875244","healthcare","","Europe","19.17"
"I82497590","Auburn University","United States","US","32.609859466552734","-85.48078155517578","education","100.0","North America","100.0"
"I198089087","Ball State University","United States","US","40.19337844848633","-85.38636016845703","education","100.0","North America","100.0"
"I4210166112","State Key Laboratory of Remote Sensing Science","China","CN","39.907501220703125","116.39723205566406","facility","100.0","Asia","100.0"
"I4210139920","Institute of Meteorology and Water Management","Poland","PL","52.22977066040039","21.01177978515625","facility","100.0","Europe","100.0"
"I171543936","Free University of Bozen-Bolzano","Italy","IT","46.49066925048828","11.33981990814209","education","100.0","Europe","100.0"
"I108839631","Royal Meteorological Institute of Belgium","Belgium","BE","50.85044860839844","4.348780155181885","facility","100.0","Europe","100.0"
"I4210135252","University of Minnesota Medical Center","United States","US","44.97148513793945","-93.2320556640625","healthcare","100.0","North America","100.0"
"I883842289","Wiss Janney Elstner Associates","United States","US","42.12752914428711","-87.82894897460938","company","","North America","56.55"
"I199440890","American University of Sharjah","United Arab Emirates","AE","25.33736991882324","55.41205978393555","education","100.0","Asia","100.0"
"I11793825","National Institute of Technology Patna","India","IN","25.62071228027344","85.17174530029297","education","100.0","Asia","100.0"
"I66943878","De Montfort University","United Kingdom","GB","52.63859939575195","-1.1316900253295898","education","100.0","Europe","100.0"
"I84400586","Future University Hakodate","Japan","JP","41.77582931518555","140.73666381835938","education","100.0","Asia","100.0"
"I161350542","China Three Gorges University","China","CN","30.72042655944824","111.31816864013672","education","100.0","Asia","100.0"
"I3133184724","University College Birmingham","United Kingdom","GB","52.48141860961914","-1.899829983711243","education","","Europe","64.94"
"I89554219","New Jersey City University","United States","US","40.70944213867188","-74.08860778808594","education","715.0","North America","78.46"
"I105094715","National Institute of Technology Kurukshetra","India","IN","30.0","76.75","education","100.0","Asia","100.0"
"I191429286","Sam Houston State University","United States","US","30.723529815673828","-95.55078125","education","100.0","North America","100.0"
"I125839683","Beijing Institute of Technology","China","CN","39.907501220703125","116.39723205566406","education","100.0","Asia","100.0"
"I162714631","George Mason University","United States","US","38.84621810913086","-77.3063735961914","education","100.0","North America","100.0"
"I78037679","UiT The Arctic University of Norway","Norway","NO","69.6489028930664","18.955080032348636","education","100.0","Europe","100.0"
"I223669574","Shahid Sadoughi University of Medical Sciences and Health Services","Iran","IR","31.897220611572266","54.36750030517578","education","100.0","Asia","100.0"
"I52180223","Hunan Agricultural University","China","CN","28.198740005493164","112.97087097167967","education","100.0","Asia","100.0"
"I4387155711","Sciences Po Grenoble","","","45.16638946533203","5.7647199630737305","facility","100.0","","100.0"
"I4210154795","Hanoi Medical University Hospital","Vietnam","VN","21.002328872680664","105.8302993774414","healthcare","","Asia","43.95"
"I175532246","University of Eastern Finland","Finland","FI","62.89237976074219","27.67703056335449","education","100.0","Europe","100.0"
"I2802928900","Academic Medical Center","Netherlands","NL","52.37403106689453","4.889689922332764","other","100.0","Europe","100.0"
"I31669788","Independent University","Bangladesh","BD","23.710399627685547","90.40744018554688","education","100.0","Asia","100.0"
"I252758333","Govind Ballabh Pant University of Agriculture and Technology","India","IN","29.02750968933105","79.47711944580078","education","100.0","Asia","100.0"
"I1343871089","Los Alamos National Laboratory","United States","US","35.88808059692383","-106.30696868896484","facility","100.0","North America","100.0"
"I119273862","Central South University of Forestry and Technology","China","CN","28.198740005493164","112.97087097167967","education","100.0","Asia","100.0"
"I2801419141","Buda Health Center","Hungary","HU","47.498348236083984","19.04044914245605","healthcare","305.0","Europe","91.47"
"I199639920","Truman State University","United States","US","40.19475173950195","-92.583251953125","education","100.0","North America","100.0"
"I121345201","Instituto de Engenharia de Sistemas e Computadores Investigação e Desenvolvimento","Portugal","PT","38.73680877685547","-9.140382766723633","nonprofit","100.0","Europe","100.0"
"I4210141476","Institute of Tibetan Plateau Research","China","CN","40.01230239868164","116.37474822998048","facility","100.0","Asia","100.0"
"I152269853","Qilu University of Technology","China","CN","36.66833114624024","116.99722290039062","education","100.0","Asia","100.0"
"I4210145671","Advanced Imaging Research (United States)","United States","US","41.52071380615234","-81.6612777709961","company","100.0","North America","100.0"
"I1297540436","Biogen (United States)","United States","US","42.36643981933594","-71.08527374267578","company","100.0","North America","100.0"
"I2799970807","Severance Hospital","South Korea","KR","37.56248092651367","126.94132232666016","healthcare","100.0","Asia","100.0"
"I4210143260","Indira Gandhi Delhi Technical University for Women","India","IN","28.665504455566406","77.23235321044922","education","100.0","Asia","100.0"
"I4210146205","Obstetrics and Gynecology Hospital of Fudan University","China","CN","31.25934410095215","121.53501892089844","healthcare","50.0","Asia","100.0"
"I4210086410","Universidad Bernardo O'Higgins","Chile","CL","-33.456939697265625","-70.64826965332031","education","100.0","South America","100.0"
"I2802505932","China Aerodynamics Research and Development Center","China","CN","31.46784019470215","104.68167877197266","facility","100.0","Asia","100.0"
"I931913249","Norwegian School of Economics","Norway","NO","60.39299011230469","5.324150085449219","education","100.0","Europe","100.0"
"I25846049","National Tsing Hua University","Taiwan","TW","24.793611526489254","120.9927749633789","education","100.0","Asia","100.0"
"I4210114288","Water and Land Resource Centre","Ethiopia","ET","9.002487182617188","38.74311447143555","nonprofit","","Africa","42.36"
"I4210149211","Institute of Semiconductors","China","CN","39.907501220703125","116.39723205566406","facility","100.0","Asia","100.0"
"I4210154413","Institute of Group Analysis","United Kingdom","GB","51.54736709594727","-0.174462005496025","education","100.0","Europe","100.0"
"I102669525","Pelita Harapan University","Indonesia","ID","-6.178060054779053","106.62999725341795","education","100.0","Asia","100.0"
"I32389192","University of Alabama at Birmingham","United States","US","33.520660400390625","-86.802490234375","education","100.0","North America","100.0"
"I4210164142","Ningbo No.6 Hospital","China","CN","29.861934661865234","121.59188079833984","healthcare","100.0","Asia","100.0"
"I110116418","Maharaja Sayajirao University of Baroda","India","IN","22.30990028381348","73.18599700927734","education","100.0","Asia","100.0"
"I92008406","University of Stavanger","Norway","NO","58.97005081176758","5.733320236206055","education","100.0","Europe","100.0"
"I4210151275","Laboratoire d’Ingénierie des Systèmes Physiques et Numériques","France","FR","43.52830123901367","5.449729919433594","facility","","Europe","54.1"
"I171831053","Office of Chief Medical Examiner","United States","US","40.73831558227539","-73.97563171386719","government","100.0","North America","100.0"
"I4403386657","NFC Institute of Engineering and Technology","","","30.19679069519043","71.47824096679688","education","","","19.71"
"I8765205","V. N. Karazin Kharkiv National University","Ukraine","UA","49.98080825805664","36.25271987915039","education","100.0","Europe","100.0"
"I80538482","Harran University","Turkey","TR","37.16707992553711","38.79391860961914","education","100.0","Asia","100.0"
"I2799393793","Royal Brisbane and Women's Hospital","Australia","AU","-27.4468994140625","153.02830505371094","healthcare","100.0","Oceania","100.0"
"I4403928318","Laboratoire Informatique, Image et Interaction (L3i)","","","46.16307830810547","-1.1522200107574463","facility","","","48.45"
"I25621075","National Institute of Fashion Technology","India","IN","28.62137031555176","77.21479797363281","education","","Asia","62.82"
"I134235054","Sabancı Üniversitesi","Turkey","TR","41.01383972167969","28.94965934753418","education","100.0","Asia","100.0"
"I4210107475","CUNY Advanced Science Research Center","United States","US","40.81588745117188","-73.95042419433594","education","100.0","North America","100.0"
"I87653560","VTT Technical Research Centre of Finland","Finland","FI","60.2052001953125","24.65220069885254","nonprofit","100.0","Europe","100.0"
"I4210086059","Sichuan University of Arts and Science","China","CN","31.23649406433105","107.47235870361328","education","100.0","Asia","100.0"
"I2799971621","Harry Perkins Institute of Medical Research","Australia","AU","-31.968040466308597","115.81380462646484","healthcare","100.0","Oceania","100.0"
"I1293035123","Met Office","United Kingdom","GB","50.72359848022461","-3.527509927749634","other","100.0","Europe","100.0"
"I70764227","Indus University","India","IN","23.025789260864254","72.58727264404297","education","","Asia","52.82"
"I189772984","Tzu Chi University","Taiwan","TW","23.992799758911133","121.59127044677734","education","100.0","Asia","100.0"
"I60559429","Nazarbayev University","Kazakhstan","KZ","51.18009948730469","71.44597625732422","education","100.0","Asia","100.0"
"I4210130668","Royal Botanic Garden Sydney","Australia","AU","-33.86785125732422","151.2073211669922","government","100.0","Oceania","100.0"
"I137975476","Shinshu University","Japan","JP","36.23332977294922","137.9666748046875","education","100.0","Asia","100.0"
"I4210142660","Istituto Nazionale di Fisica Nucleare, Laboratori Nazionali di Frascati","Italy","IT","41.80910110473633","12.679420471191406","facility","9.0","Europe","100.0"
"I4210120015","Nanchang Institute of Science & Technology","China","CN","28.610692977905277","115.7515106201172","education","100.0","Asia","100.0"
"I4396570478","Amal Jyothi College of Engineering","","","9.586919784545898","76.52131652832031","education","480.0","","85.65"
"I168889406","Begum Rokeya University","Bangladesh","BD","25.746639251708984","89.25166320800781","education","100.0","Asia","100.0"
"I4210147381","Oxford University Hospitals NHS Trust","United Kingdom","GB","51.75434494018555","-1.2093130350112915","healthcare","3.0","Europe","100.0"
"I4210133369","Decision Sciences (United States)","United States","US","30.44859313964844","-86.61835479736328","company","100.0","North America","100.0"
"I4391767781","State Key Laboratory of Software Development Environment","","","39.907501220703125","116.39723205566406","facility","","","17.37"
"I4210161576","Global Institute for Water Security","Canada","CA","52.14108276367188","-106.62439727783205","facility","100.0","North America","100.0"
"I4210146998","MOH Holdings","Singapore","SG","1.2642719745635986","103.81986236572266","healthcare","","Asia","29.74"
"I204291657","Hosei University","Japan","JP","35.695556640625","139.74139404296875","education","100.0","Asia","100.0"
"I206651237","Texas A&M University – Commerce","United States","US","33.2470588684082","-95.89997100830078","education","100.0","North America","100.0"
"I9323808","Daegu University","South Korea","KR","36.380001068115234","129.4029998779297","education","100.0","Asia","100.0"
"I92894754","Innovations for High Performance Microelectronics","Germany","DE","52.317718505859375","14.492871284484863","facility","100.0","Europe","100.0"
"I204831749","Southwestern University of Finance and Economics","China","CN","30.66666984558105","104.0666732788086","education","100.0","Asia","100.0"
"I188963388","International Institute of Information Technology","India","IN","18.519569396972656","73.8553466796875","education","100.0","Asia","100.0"
"I194348271","Government College University, Faisalabad","Pakistan","PK","31.41554069519043","73.08969116210938","education","100.0","Asia","100.0"
"I4387154007","Digital Research Alliance of Canada","","","45.411170959472656","-75.6981201171875","other","100.0","","100.0"
"I4210162051","University Hospital Carl Gustav Carus","Germany","DE","51.0508918762207","13.738320350646973","healthcare","100.0","Europe","100.0"
"I96211989","HCL Technologies (India)","India","IN","28.59803771972656","77.33010864257812","company","153.0","Asia","97.31"
"I4210156404","Institute of Information Engineering","China","CN","39.907501220703125","116.39723205566406","facility","100.0","Asia","100.0"
"I161374704","University of Jos","Nigeria","NG","9.928489685058594","8.892120361328125","education","100.0","Africa","100.0"
"I2799323385","Board of the Swiss Federal Institutes of Technology","Switzerland","CH","47.36666870117188","8.550000190734863","government","100.0","Europe","100.0"
"I105036370","AstraZeneca (United Kingdom)","United Kingdom","GB","51.51958847045898","-0.1816460043191909","company","100.0","Europe","100.0"
"I120217413","Izmir Institute of Technology","Turkey","TR","38.4127311706543","27.13838005065918","education","100.0","Asia","100.0"
"I108160477","Hebei Agricultural University","China","CN","38.87287902832031","115.46246337890624","education","100.0","Asia","100.0"
"I4210111013","Nanjing Drum Tower Hospital","China","CN","32.061668395996094","118.77777862548828","healthcare","100.0","Asia","100.0"
"I151201029","Consejo Nacional de Investigaciones Científicas y Técnicas","Argentina","AR","-34.61315155029297","-58.37723159790039","other","100.0","South America","100.0"
"I38476204","Urmia University","Iran","IR","37.52875518798828","45.046478271484375","education","100.0","Asia","100.0"
"I4210109427","The Japanese Society of Gastroenterological Surgery","Japan","JP","35.64745330810547","139.74398803710938","other","100.0","Asia","100.0"
"I83202590","Jeju National University","South Korea","KR","33.455833435058594","126.56194305419922","education","100.0","Asia","100.0"
"I4210158999","National Cheng Kung University Hospital","Taiwan","TW","23.001951217651367","120.21963500976562","healthcare","100.0","Asia","100.0"
"I25822123","Sumy State University","Ukraine","UA","50.8922233581543","34.84166717529297","education","100.0","Europe","100.0"
"I70876197","Babol University of Medical Sciences","Iran","IR","36.53120040893555","52.67810821533203","education","100.0","Asia","100.0"
"I46020346","American Institute of Aeronautics and Astronautics","United States","US","38.9440803527832","-77.32130432128906","other","100.0","North America","100.0"
"I142899784","University of Sfax","Tunisia","TN","34.74055862426758","10.760279655456545","education","100.0","Africa","100.0"
"I149758196","Chimie ParisTech","France","FR","48.85340881347656","2.34879994392395","education","100.0","Europe","100.0"
"I1304085615","Nvidia (United Kingdom)","United Kingdom","GB","51.42647552490234","-0.987680971622467","company","100.0","Europe","100.0"
"I85389745","Woosong University","South Korea","KR","36.33579254150391","127.45305633544922","education","100.0","Asia","100.0"
"I71459812","Beijing International Studies University","China","CN","39.907501220703125","116.39723205566406","education","100.0","Asia","100.0"
"I2801242002","Royal Devon and Exeter Hospital","United Kingdom","GB","50.71683883666992","-3.5063600540161133","healthcare","100.0","Europe","100.0"
"I4210086780","Japan Science and Technology Agency","Japan","JP","35.68949890136719","139.69171142578125","government","100.0","Asia","100.0"
"I4210096887","HKUST Shenzhen Research Institute","China","CN","22.53342628479004","113.9352569580078","facility","100.0","Asia","100.0"
"I4210163047","IRCCS Humanitas Research Hospital","Italy","IT","45.38193130493164","9.15590000152588","healthcare","100.0","Europe","100.0"
"I4210145336","Orthopaedic Research of Virginia","United States","US","37.63093185424805","-77.52454376220703","other","","North America","30.58"
"I175691731","Pondicherry University","India","IN","12.026683807373049","79.84883880615234","education","100.0","Asia","100.0"
"I4210167048","Hallym University Medical Center","South Korea","KR","37.39143371582031","126.95956420898438","healthcare","100.0","Asia","100.0"
"I142207940","California NanoSystems Institute","United States","US","34.05223083496094","-118.24368286132812","facility","100.0","North America","100.0"
"I4210152482","Geological Survey of Alabama","United States","US","33.211204528808594","-87.54315948486328","government","504.0","North America","84.86"
"I4210140482","Constanta Maritime University","Romania","RO","44.18253707885742","28.65046501159668","education","560.0","Europe","83.16"
"I4210138456","Starlab Barcelona Sl","Spain","ES","41.41498947143555","2.131817102432251","company","","Europe","17.65"
"I4387154413","University of Sialkot","","","32.492679595947266","74.53134155273438","education","","","68.83"
"I158749337","Princess Sumaya University for Technology","Jordan","JO","31.955219268798828","35.945030212402344","education","100.0","Asia","100.0"
"I146977602","Pharos University in Alexandria","Egypt","EG","31.2070426940918","29.960987091064453","education","100.0","Africa","100.0"
"I4210099069","Institute of Acoustics","China","CN","39.907501220703125","116.39723205566406","facility","100.0","Asia","100.0"
"I80327900","Chang Jung Christian University","Taiwan","TW","22.902721405029297","120.27252960205078","education","100.0","Asia","100.0"
"I51713134","University of Colorado Anschutz Medical Campus","United States","US","39.72943115234375","-104.83191680908205","education","100.0","North America","100.0"
"I4210129222","Wuhan Union Hospital","China","CN","30.583330154418945","114.26667022705078","healthcare","100.0","Asia","100.0"
"I70349855","Vietnam Academy of Science and Technology","Vietnam","VN","21.02449989318848","105.84117126464844","other","100.0","Asia","100.0"
"I4210150046","Almen Laboratories (United States)","United States","US","33.19704055786133","-117.21055603027344","company","","North America","0.72"
"I4210151618","National Hospital for Neurology and Neurosurgery","United Kingdom","GB","51.52226257324219","-0.12202999740839","healthcare","100.0","Europe","100.0"
"I138937732","University Hospital Centre Zagreb","Croatia","HR","45.8144416809082","15.97797966003418","healthcare","100.0","Europe","100.0"
"I4210132079","Hangzhou Wanxiang Polytechnic","China","CN","30.252761840820312","120.07566833496094","education","889.0","Asia","73.19"
"I8764889","University of Gondar","Ethiopia","ET","12.589664459228516","37.45402526855469","education","100.0","Africa","100.0"
"I180670191","University of California, San Francisco","United States","US","37.77492904663086","-122.41941833496094","education","100.0","North America","100.0"
"I4210137693","Siemens (United States)","United States","US","40.34409332275391","-74.59236145019531","company","100.0","North America","100.0"
"I4210150097","Xanadu Quantum Technologies (Canada)","Canada","CA","43.74166870117188","-79.37333679199219","company","37.0","North America","59.14"
"I22223346","Ahmed Draia University","Algeria","DZ","27.874290466308597","-0.2938799858093261","education","160.0","Africa","97.0"
"I4403928371","Bureau of Economic Geology","","","30.26715087890625","-97.74305725097656","facility","387.0","","88.76"
"I55538621","China Jiliang University","China","CN","30.319089889526367","120.36405181884766","education","100.0","Asia","100.0"
"I4210151108","M.Auezov South Kazakhstan State University","Kazakhstan","KZ","42.32066345214844","69.59075164794922","education","100.0","Asia","100.0"
"I69356397","Xi’an Jiaotong-Liverpool University","China","CN","31.304079055786133","120.59538269042967","education","100.0","Asia","100.0"
"I1293303778","Flanders Marine Institute","Belgium","BE","51.21551132202149","2.927000045776367","other","100.0","Europe","100.0"
"I4210116974","Laboratoire d'Innovation Thérapeutique","France","FR","48.52893829345703","7.715229988098144","facility","680.0","Europe","79.53"
"I168864056","Bilkent University","Turkey","TR","39.91986846923828","32.854270935058594","education","100.0","Asia","100.0"
"I4210140440","Caritas-Krankenhaus Bad Mergentheim","Germany","DE","49.49051284790039","9.763471603393556","healthcare","577.0","Europe","82.66"
"I189590672","Kansas State University","United States","US","39.18360900878906","-96.57167053222656","education","100.0","North America","100.0"
"I2800710378","Naval University of Engineering","China","CN","30.583330154418945","114.26667022705078","education","100.0","Asia","100.0"
"I4210122071","Medical University of Lodz","Poland","PL","51.77058029174805","19.473949432373047","education","100.0","Europe","100.0"
"I4210091692","Beijing Automation Control Equipment Institute","China","CN","39.91752624511719","116.40007019042967","facility","","Asia","43.66"
"I94062374","Florida College","United States","US","28.03455924987793","-82.38349151611328","education","100.0","North America","100.0"
"I224962290","Çankırı Karatekin University","Turkey","TR","40.622589111328125","33.613304138183594","education","100.0","Asia","100.0"
"I4210126779","Observatoire de la Côte d’Azur","France","FR","43.70312881469727","7.266079902648926","facility","100.0","Europe","100.0"
"I4210122954","MIT Lincoln Laboratory","United States","US","42.458980560302734","-71.26749420166016","facility","1.0","North America","100.0"
"I4210101641","Mount Sinai Hospital","United States","US","41.85002899169922","-87.6500473022461","healthcare","100.0","North America","100.0"
"I4210131560","Université Mohammed VI Polytechnique","Morocco","MA","31.63415908813477","-7.999939918518066","education","100.0","Africa","100.0"
"I12356871","Télécom Paris","France","FR","48.85340881347656","2.34879994392395","education","100.0","Europe","100.0"
"I4210108054","Varna University of Management","Bulgaria","BG","43.56779479980469","27.827058792114254","education","","Europe","27.96"
"I28257850","London South Bank University","United Kingdom","GB","51.498138427734375","-0.1015399992465972","education","100.0","Europe","100.0"
"I4210166245","Fraunhofer Institute for Communication, Information Processing and Ergonomics","Germany","DE","50.61760330200195","7.131135940551758","facility","100.0","Europe","100.0"
"I872719","Bellarmine University","United States","US","38.25423812866211","-85.75940704345703","education","379.0","North America","89.01"
"I177463362","University of West London","United Kingdom","GB","51.50852966308594","-0.1257400065660476","education","100.0","Europe","100.0"
"I55521800","Goldsmiths University of London","United Kingdom","GB","51.50852966308594","-0.1257400065660476","education","1.0","Europe","100.0"
"I4210087847","Albert Ellis Institute","United States","US","40.74508666992188","-73.97999572753906","nonprofit","","North America","18.97"
"I4210115928","Changhai Hospital","China","CN","31.22221946716309","121.45806121826172","healthcare","100.0","Asia","100.0"
"I204722609","Queen's University","Canada","CA","44.229759216308594","-76.4809799194336","education","100.0","North America","100.0"
"I1306409833","Adobe Systems (United States)","United States","US","37.33098983764648","-121.89387512207033","company","100.0","North America","100.0"
"I139418187","Shippensburg University","United States","US","40.05065155029297","-77.520263671875","education","100.0","North America","100.0"
"I4210089924","International Institute of Tropical Agriculture","Tanzania","TZ","-6.801952838897705","39.27260971069336","nonprofit","","Africa","57.65"
"I902671590","Auburn University at Montgomery","United States","US","32.3668098449707","-86.29997253417969","education","100.0","North America","100.0"
"I888069255","West Visayas State University","Philippines","PH","10.714341163635254","122.56230926513672","education","","Asia","36.68"
"I4210146710","Mayo Clinic in Florida","United States","US","30.33218002319336","-81.65564727783203","healthcare","100.0","North America","100.0"
"I4210112276","Northern University","Pakistan","PK","33.9790153503418","72.0654067993164","education","","Asia","40.74"
"I4390039246","University of Hawaii Cancer Center","","","21.30694007873535","-157.85833740234375","healthcare","100.0","","100.0"
"I4210155419","Center for Systems Biology","United States","US","42.3631591796875","-71.06873321533203","facility","100.0","North America","100.0"
"I6902469","Brandeis University","United States","US","42.37649154663086","-71.23561096191406","education","100.0","North America","100.0"
"I4210119728","Sustainable Innovation (Sweden)","Sweden","SE","59.33515930175781","18.051963806152344","company","","Europe","32.87"
"I4210114274","Laboratoire d’Informatique et Systèmes","France","FR","43.29695129394531","5.381070137023926","facility","100.0","Europe","100.0"
"I4210152518","Laboratoire d'Informatique Gaspard-Monge","France","FR","48.84999847412109","2.5999999046325684","facility","100.0","Europe","100.0"
"I4210087731","Guizhou Education University","China","CN","26.583330154418945","106.71666717529295","education","100.0","Asia","100.0"
"I143923087","Sultan Idris Education University","Malaysia","MY","3.6855409145355225","101.5240478515625","education","100.0","Asia","100.0"
"I71920554","King Abdullah University of Science and Technology","Saudi Arabia","SA","21.49011993408203","39.18624114990234","education","100.0","Asia","100.0"
"I189718659","Pfizer (United Kingdom)","United Kingdom","GB","51.27178955078125","-0.2536079883575439","company","100.0","Europe","100.0"
"I110757952","Slovak University of Technology in Bratislava","Slovakia","SK","48.14815902709961","17.106740951538086","education","100.0","Europe","100.0"
"I2799337515","Toronto Western Hospital","Canada","CA","43.70011138916016","-79.41629791259766","healthcare","100.0","North America","100.0"
"I196345858","Chungnam National University","South Korea","KR","36.34912872314453","127.38493347167967","education","100.0","Asia","100.0"
"I115715567","Birla Institute of Technology, Mesra","India","IN","23.34316062927246","85.30940246582031","education","100.0","Asia","100.0"
"I133738476","University of Massachusetts Lowell","United States","US","42.64271545410156","-71.33453369140625","education","100.0","North America","100.0"
"I4210124484","Directorate-General for Interpretation","Belgium","BE","50.84109878540039","4.37614107131958","government","","Europe","53.71"
"I4210112832","Institut des Sciences de la Terre","France","FR","45.179969787597656","5.7893500328063965","facility","100.0","Europe","100.0"
"I4210133947","Air Liquide (United States)","United States","US","60.66950225830078","-151.36212158203125","company","","North America","29.67"
"I4210133143","Dow Chemical (United States)","United States","US","43.61558151245117","-84.24720764160156","company","100.0","North America","100.0"
"I4210099558","Shanghai Changzheng Hospital","China","CN","31.232799530029297","121.46721649169922","healthcare","100.0","Asia","100.0"
"I4210159061","ELAN Microelectronics (Taiwan)","Taiwan","TW","24.78236961364746","121.00627136230467","company","","Asia","4.93"
"I4210153608","Université Moulay Ismail de Meknes","Morocco","MA","33.89352035522461","-5.547269821166992","education","100.0","Africa","100.0"
"I4210087281","A N Bach Institute of Biochemistry","Russia","RU","55.71080017089844","37.57781219482422","facility","100.0","Europe","100.0"
"I4210138410","PathAI (United States)","United States","US","42.33272933959961","-71.1192855834961","company","","North America","20.29"
"I4210157581","Jiangsu Police Officer College","China","CN","31.993244171142575","118.75922393798828","education","100.0","Asia","100.0"
"I129826125","Södertörn University","Sweden","SE","59.21936798095703","17.94465446472168","education","100.0","Europe","100.0"
"I90183372","Université de Lorraine","France","FR","48.68439102172852","6.184959888458252","education","100.0","Europe","100.0"
"I67702648","B.P. Koirala Institute of Health Sciences","Nepal","NP","26.809406280517575","87.26429748535156","education","100.0","Asia","100.0"
"I20696738","Wuppertal Institute for Climate, Environment and Energy","Germany","DE","51.25627136230469","7.148159980773926","facility","100.0","Europe","100.0"
"I2802974365","Shanghai Innovative Research Center of Traditional Chinese Medicine","China","CN","31.20625877380371","121.58675384521484","facility","100.0","Asia","100.0"
"I4210149784","Max Planck Institute for the Structure and Dynamics of Matter","Germany","DE","53.55073165893555","9.993020057678224","facility","100.0","Europe","100.0"
"I4210113652","Sectra (Sweden)","Sweden","SE","58.71442031860352","15.2056303024292","company","","Europe","11.43"
"I2279609970","Université de Lille","France","FR","50.63296890258789","3.058579921722412","education","100.0","Europe","100.0"
"I4210130148","First Teaching Hospital of Tianjin University of Traditional Chinese Medicine","China","CN","39.11499786376953","117.16455841064452","healthcare","100.0","Asia","100.0"
"I145847075","TU Wien","Austria","AT","48.20848846435547","16.372079849243164","education","100.0","Europe","100.0"
"I163770644","Okayama University","Japan","JP","34.650001525878906","133.93333435058594","education","100.0","Asia","100.0"
"I4210099468","Shenzhen Research Institute of China University of Geosciences","China","CN","22.549999237060547","114.09489440917967","education","","Asia","14.74"
"I145897649","Minzu University of China","China","CN","39.907501220703125","116.39723205566406","education","100.0","Asia","100.0"
"I2802366037","Baylor University Medical Center","United States","US","32.783058166503906","-96.80667114257812","healthcare","100.0","North America","100.0"
"I4210134719","Postgraduate School of Molecular Medicine","Poland","PL","52.17675018310547","21.008943557739254","facility","100.0","Europe","100.0"
"I17145004","Northwestern Polytechnical University","China","CN","34.258331298828125","108.9286117553711","education","100.0","Asia","100.0"
"I1902872","EURECOM","France","FR","43.63291931152344","6.999110221862793","education","100.0","Europe","100.0"
"I4210145266","Southern Technical University","Iraq","IQ","30.45716857910156","47.76796340942383","education","191.0","Asia","95.45"
"I4210138433","Ninghai First Hospital Medicare and Health Group","China","CN","29.30058479309082","121.4388427734375","healthcare","","Asia","20.61"
"I51205905","Kedge Business School","France","FR","44.80849075317383","-0.5891500115394592","education","100.0","Europe","100.0"
"I172574986","Kaunas University of Technology","Lithuania","LT","54.9027214050293","23.909610748291016","education","100.0","Europe","100.0"
"I4401726859","Kuaishou (China)","China","CN","39.907501220703125","116.39723205566406","company","","Asia","48.51"
"I4210149559","Institute of Physics Belgrade","Serbia","RS","44.85519790649414","20.390947341918945","facility","100.0","Europe","100.0"
"I177721651","Oakland University","United States","US","42.68059158325195","-83.13381958007812","education","100.0","North America","100.0"
"I4210119942","Wuhan Textile University","China","CN","30.583330154418945","114.26667022705078","education","100.0","Asia","100.0"
"I4210099310","Consorzio Nazionale Interuniversitario per le Telecomunicazioni","Italy","IT","44.79935073852539","10.326180458068848","other","100.0","Europe","100.0"
"I41208885","Harbin University of Commerce","China","CN","45.75","126.6500015258789","education","100.0","Asia","100.0"
"I33783412","Nigerian Defence Academy","Nigeria","NG","10.526410102844238","7.4387898445129395","education","100.0","Africa","100.0"
"I27031042","University of Mines and Technology","Ghana","GH","5.303830146789551","-1.9895600080490112","education","225.0","Africa","94.15"
"I32038505","University of Central Arkansas","United States","US","35.07699966430664","-92.45700073242188","education","100.0","North America","100.0"
"I61600748","Westminster International University in Tashkent","Uzbekistan","UZ","41.2646484375","69.21627044677734","education","799.0","Asia","75.94"
"I260446899","Pabna University of Science and Technology","Bangladesh","BD","24.00643920898437","89.23719787597656","education","100.0","Asia","100.0"
"I4210122745","Buddhist Tzu Chi General Hospital","Taiwan","TW","23.99571228027344","121.59398651123048","healthcare","100.0","Asia","100.0"
"I4210128594","Waikato District Health Board","New Zealand","NZ","-37.80333709716797","175.2821502685547","healthcare","","Oceania","68.13"
"I29739308","Guangxi Normal University","China","CN","25.28022003173828","110.29638671875","education","100.0","Asia","100.0"
"I183006215","Shijiazhuang University","China","CN","38.03906631469727","114.60362243652344","education","100.0","Asia","100.0"
"I2801290870","Business School Lausanne","Switzerland","CH","46.52864456176758","6.573052883148193","education","","Europe","25.22"
"I2799391451","University Hospital Bonn","Germany","DE","50.70169448852539","7.1031107902526855","healthcare","100.0","Europe","100.0"
"I4210099699","Jeddah University","Saudi Arabia","SA","21.49011993408203","39.18624114990234","education","100.0","Asia","100.0"
"I3923682","Soochow University","China","CN","31.304079055786133","120.59538269042967","education","100.0","Asia","100.0"
"I4210115556","National Research Council - Institute of Methodologies for Environmental Analysis","Italy","IT","40.58369827270508","15.676210403442385","facility","100.0","Europe","100.0"
"I66752286","University of Milano-Bicocca","Italy","IT","45.46427154541016","9.189510345458984","education","100.0","Europe","100.0"
"I4210152629","Eastern University","Bangladesh","BD","23.742799758911133","90.38059997558594","education","","Asia","41.88"
"I60922564","Naver (South Korea)","South Korea","KR","37.36019515991211","127.10731506347656","company","100.0","Asia","100.0"
"I4210140949","Institute for Migration and Ethnic Studies","Croatia","HR","45.8144416809082","15.97797966003418","facility","","Europe","50.58"
"I4210134710","Ming Wai Lau Centre for Reparative Medicine","Hong Kong","HK","22.2783203125","114.17469024658205","facility","","Asia","7.73"
"I1293555014","Islamic Azad University of Tabriz","Iran","IR","38.08000183105469","46.291900634765625","education","100.0","Asia","100.0"
"I4210097309","Jiangxi Provincial Cancer Hospital","China","CN","28.675201416015625","115.95399475097656","healthcare","100.0","Asia","100.0"
"I4210138746","National Hospital of Pediatrics","Vietnam","VN","21.024585723876957","105.8084487915039","healthcare","100.0","Asia","100.0"
"I28185974","Maccabi Health Care Services","Israel","IL","32.104618072509766","35.18754959106445","healthcare","100.0","Asia","100.0"
"I186365177","Institute of Technology of Cambodia","Cambodia","KH","11.570561408996582","104.89827728271484","education","100.0","Asia","100.0"
"I152456871","University of Caldas","Colombia","CO","5.06889009475708","-75.51737976074219","education","100.0","South America","100.0"
"I97231232","Nelson Mandela African Institution of Science and Technology","Tanzania","TZ","-3.3666698932647705","36.68333053588867","education","100.0","Africa","100.0"
"I4210104845","First Affiliated Hospital of Hunan University of Traditional Chinese Medicine","China","CN","28.16558074951172","112.99456024169922","healthcare","100.0","Asia","100.0"
"I4210122302","ShangHai JiAi Genetics & IVF Institute","China","CN","31.211912155151367","121.48272705078124","healthcare","161.0","Asia","96.95"
"I185790649","Indian Veterinary Research Institute","India","IN","28.366779327392575","79.43167114257812","facility","100.0","Asia","100.0"
"I4210098582","ZTE (China)","China","CN","22.54553985595703","114.06829833984376","company","100.0","Asia","100.0"
"I4210153122","Delos Clinical","Spain","ES","37.38410949707031","-5.993302822113037","healthcare","","Europe","1.96"
"I70900168","Université Savoie Mont Blanc","France","FR","45.56628036499024","5.920790195465088","education","100.0","Europe","100.0"
"I20529979","University of Electro-Communications","Japan","JP","35.65583419799805","139.54417419433594","education","100.0","Asia","100.0"
"I82002896","Central University of Venezuela","Venezuela","VE","10.48801040649414","-66.87918853759766","education","100.0","South America","100.0"
"I96690311","Evotec (United States)","United States","US","37.665035247802734","-122.3853530883789","company","","North America","37.51"
"I2802444338","King Center","United States","US","33.749000549316406","-84.38797760009766","nonprofit","871.0","North America","73.74"
"I3121153395","West University of Timişoara","Romania","RO","45.753719329833984","21.225709915161133","education","100.0","Europe","100.0"
"I184647316","South Dakota School of Mines and Technology","United States","US","44.08053970336914","-103.23101043701172","education","100.0","North America","100.0"
"I6292670","Fatima Jinnah Women University","Pakistan","PK","33.59732818603516","73.04789733886719","education","100.0","Asia","100.0"
"I4210161322","École Supérieure du Commerce et des Affaires","Morocco","MA","33.593868255615234","-7.627627849578857","education","","Africa","18.11"
"I116528569","European University of Lefke","Turkey","TR","36.81195831298828","34.638858795166016","education","100.0","Asia","100.0"
"I342702707","National Institute of Food Technology Entrepreneurship and Management","India","IN","28.994779586791992","77.01937103271484","education","100.0","Asia","100.0"
"I4210145784","IBM Research - Ireland","Ireland","IE","53.3320426940918","-6.2315192222595215","facility","954.0","Europe","71.24"
"I4210144482","Shanghai Sixth People's Hospital","China","CN","31.177715301513672","121.42337036132812","healthcare","100.0","Asia","100.0"
"I4210165842","RIKEN Center for Advanced Photonics","Japan","JP","35.7894401550293","139.6233367919922","facility","100.0","Asia","100.0"
"I21193070","Beijing Jiaotong University","China","CN","39.907501220703125","116.39723205566406","education","100.0","Asia","100.0"
"I4210115377","VIB-KU Leuven Center for Microbiology","Belgium","BE","50.86638259887695","4.672924041748047","facility","100.0","Europe","100.0"
"I196349391","Universität Ulm","Germany","DE","48.39841079711914","9.99155044555664","education","100.0","Europe","100.0"
"I4210117337","Neijiang Normal University","China","CN","29.583539962768555","105.0621566772461","education","100.0","Asia","100.0"
"I3131729800","Kazi Nazrul University","India","IN","23.69491958618164","86.99481201171875","education","873.0","Asia","73.69"
"I2799807261","Tel Aviv Sourasky Medical Center","Israel","IL","32.08087921142578","34.78057098388672","healthcare","100.0","Asia","100.0"
"I4210109567","Office of Infectious Diseases","United States","US","33.798370361328125","-84.32723999023438","government","100.0","North America","100.0"
"I4210101762","Electronic Warfare Associates (United States)","United States","US","38.934757232666016","-77.42861938476562","company","","North America","2.89"
"I4400600451","Honeywell Federal Manufacturing and Technologies (United States)","United States","US","39.0997314453125","-94.5785675048828","company","34.0","North America","8.48"
"I172825728","German Meteorological Service","Germany","DE","50.10332107543945","8.74760627746582","facility","100.0","Europe","100.0"
"I66531908","Mathematica Policy Research","United States","US","40.34872055053711","-74.65904998779297","facility","100.0","North America","100.0"
"I4210107186","Hamedan University of Technology","Iran","IR","34.78628158569336","48.48852157592773","education","100.0","Asia","100.0"
"I4210106793","Cotton Research Institute","China","CN","39.907501220703125","116.39723205566406","facility","100.0","Asia","100.0"
"I59781447","Inter-University Centre for Astronomy and Astrophysics","India","IN","18.519569396972656","73.8553466796875","facility","100.0","Asia","100.0"
"I119856527","Cadi Ayyad University","Morocco","MA","31.63415908813477","-7.999939918518066","education","100.0","Africa","100.0"
"I4210112114","Royal HaskoningDHV (Netherlands)","Netherlands","NL","52.13315582275391","5.366708278656006","company","","Europe","33.12"
"I103356709","Obuda University","Hungary","HU","47.498348236083984","19.04044914245605","education","100.0","Europe","100.0"
"I1320404931","C. U. Shah University","India","IN","22.748455047607425","71.70207977294922","education","","Asia","48.5"
"I103163165","Florida State University","United States","US","30.43825912475586","-84.28073120117188","education","100.0","North America","100.0"
"I140717209","Indian Institute of Astrophysics","India","IN","12.97194004058838","77.59368896484375","facility","100.0","Asia","100.0"
"I240666556","Imam Mohammad ibn Saud Islamic University","Saudi Arabia","SA","24.68773078918457","46.72185134887695","education","100.0","Asia","100.0"
"I4210093981","Agricultural Information Institute","China","CN","39.95816421508789","116.3275375366211","facility","100.0","Asia","100.0"
"I686019","AGH University of Krakow","Poland","PL","50.061431884765625","19.936580657958984","education","100.0","Europe","100.0"
"I149137203","Guiyang Medical University","China","CN","26.583330154418945","106.71666717529295","education","100.0","Asia","100.0"
"I4210155185","Intel (Poland)","Poland","PL","54.38082885742188","18.48434257507324","company","","Europe","6.58"
"I4210162646","Bioethics International","United States","US","42.37838363647461","-71.14801788330078","nonprofit","","North America","20.99"
"I913481162","Wageningen University & Research","Netherlands","NL","51.970001220703125","5.666669845581055","education","100.0","Europe","100.0"
"I160968435","University of Sargodha","Pakistan","PK","32.074371337890625","72.68379974365234","education","100.0","Asia","100.0"
"I2799798094","UCLA Health","United States","US","34.05223083496094","-118.24368286132812","other","9.0","North America","100.0"
"I32923980","Xilinx (United States)","United States","US","37.33938980102539","-121.89495849609376","company","100.0","North America","100.0"
"I184597095","National Institute of Informatics","Japan","JP","35.68949890136719","139.69171142578125","facility","100.0","Asia","100.0"
"I4210098460","Shanghai University of Traditional Chinese Medicine","China","CN","31.22221946716309","121.45806121826172","education","100.0","Asia","100.0"
"I43369023","California State University, San Bernardino","United States","US","34.108341217041016","-117.2897720336914","education","100.0","North America","100.0"
"I135714990","North University of China","China","CN","38.01193618774414","112.44290161132812","education","100.0","Asia","100.0"
"I2801317318","Hospital for Sick Children","Canada","CA","43.65773010253906","-79.3869857788086","healthcare","100.0","North America","100.0"
"I45998257","Sohar University","Oman","OM","24.347450256347656","56.70936965942383","education","100.0","Asia","100.0"
"I90610274","University of Engineering and Technology Peshawar","Pakistan","PK","34.007999420166016","71.5784912109375","education","100.0","Asia","100.0"
"I35601441","Osun State University","Nigeria","NG","7.762731075286865","4.601260185241699","education","100.0","Africa","100.0"
"I2800437794","Federal University Lafia","Nigeria","NG","8.505677223205566","8.522515296936035","education","100.0","Africa","100.0"
"I2801686373","Critical Path Institute","United States","US","32.28718948364258","-110.94598388671876","nonprofit","157.0","North America","97.12"
"I72951846","Washington State University","United States","US","46.73126983642578","-117.17961883544922","education","100.0","North America","100.0"
"I195939026","Glasgow Caledonian University","United Kingdom","GB","55.86515045166016","-4.257629871368408","education","100.0","Europe","100.0"
"I4210101868","Institute for System Programming","Russia","RU","55.74454879760742","37.66041946411133","facility","767.0","Europe","76.89"
"I4210142124","International Centre for Genetic Engineering and Biotechnology","India","IN","28.53046417236328","77.16876220703125","facility","100.0","Asia","100.0"
"I4210091910","Noguchi Memorial Institute for Medical Research","Ghana","GH","5.55601978302002","-0.1968999952077865","nonprofit","100.0","Africa","100.0"
"I4210132741","Shanghai Tenth People's Hospital","China","CN","31.272045135498047","121.45343780517578","healthcare","100.0","Asia","100.0"
"I4210092495","Suzhou Institute of Nano-tech and Nano-bionics","China","CN","31.304079055786133","120.59538269042967","facility","100.0","Asia","100.0"
"I169335092","University of North Carolina at Greensboro","United States","US","36.07263946533203","-79.79197692871094","education","100.0","North America","100.0"
"I84909340","Institut des Hautes Études Scientifiques","France","FR","48.69981002807617","2.170639991760254","facility","100.0","Europe","100.0"
"I122346577","University of Modena and Reggio Emilia","Italy","IT","44.647830963134766","10.925390243530272","education","100.0","Europe","100.0"
"I157492648","Autonomous University of Queretaro","Mexico","MX","20.59156608581543","-100.41065979003906","education","100.0","North America","100.0"
"I4210140558","Western Regional Research Center","United States","US","37.88721084594727","-122.30486297607422","government","100.0","North America","100.0"
"I4210141142","Association for Innovation and Biomedical Research on Light and Image","Portugal","PT","40.20563888549805","-8.419549942016602","nonprofit","100.0","Europe","100.0"
"I165932596","National University of Singapore","Singapore","SG","1.2896699905395508","103.85006713867188","education","8.0","Asia","100.0"
"I177898655","Lamar University","United States","US","30.04194450378418","-94.0749969482422","education","100.0","North America","100.0"
"I4210115299","TED University","Turkey","TR","39.91986846923828","32.854270935058594","education","100.0","Asia","100.0"
"I4210125264","R2M Solution (Italy)","Italy","IT","45.19668960571289","9.15219020843506","company","","Europe","17.78"
"I4210147369","Shanghai Institute of Hematology","China","CN","31.21175193786621","121.46725463867188","facility","100.0","Asia","100.0"
"I33585257","Anna University, Chennai","India","IN","13.08784008026123","80.27847290039062","education","100.0","Asia","100.0"
"I2800360054","University Dental Hospital of Manchester","United Kingdom","GB","53.46561050415039","-2.2370200157165527","healthcare","100.0","Europe","100.0"
"I46597724","Poznań University of Technology","Poland","PL","52.40692138671875","16.929929733276367","education","100.0","Europe","100.0"
"I70374766","University of Aden","Yemen","YE","12.812024116516112","45.03915786743164","education","100.0","Asia","100.0"
"I81007117","Lucerne University of Applied Sciences and Arts","Switzerland","CH","47.050479888916016","8.306349754333496","education","100.0","Europe","100.0"
"I4210123794","Géosciences Montpellier","France","FR","43.610931396484375","3.876349925994873","facility","100.0","Europe","100.0"
"I4210091428","MRC Clinical Trials Unit at UCL","United Kingdom","GB","51.50852966308594","-0.1257400065660476","facility","9.0","Europe","100.0"
"I4210107844","Fraunhofer Institute for Translational Medicine and Pharmacology","Germany","DE","50.0956916809082","8.659135818481445","facility","100.0","Europe","100.0"
"I65837984","Kobe University","Japan","JP","34.69129943847656","135.18299865722656","education","100.0","Asia","100.0"
"I4210109357","Radboud Institute for Molecular Life Sciences","Netherlands","NL","51.84249877929688","5.852779865264893","facility","100.0","Europe","100.0"
"I159650629","University of Sassari","Italy","IT","40.725860595703125","8.555520057678223","education","100.0","Europe","100.0"
"I141930137","Mbarara University of Science and Technology","Uganda","UG","-0.604669988155365","30.648509979248047","education","100.0","Africa","100.0"
"I4210155527","Al-Furat Al-Awsat Technical University","Iraq","IQ","32.02593994140625","44.34624862670898","education","100.0","Asia","100.0"
"I7454413","École Centrale de Lille","France","FR","50.61669158935547","3.166640043258667","education","100.0","Europe","100.0"
"I4210098734","Zhejiang Cancer Hospital","China","CN","30.35250473022461","120.19107055664062","healthcare","100.0","Asia","100.0"
"I4210100097","Institute of Bioinformatics and Systems Biology","Germany","DE","48.22859573364258","11.58631706237793","facility","100.0","Europe","100.0"
"I1443707","Jimma University","Ethiopia","ET","7.684999942779541","36.831390380859375","education","100.0","Africa","100.0"
"I122991210","Istituto di Scienza e Tecnologie dell'Informazione ""Alessandro Faedo""","Italy","IT","43.70853042602539","10.403599739074709","facility","100.0","Europe","100.0"
"I58610484","Seattle University","United States","US","47.60620880126953","-122.33206939697266","education","100.0","North America","100.0"
"I83436808","Hankuk University of Foreign Studies","South Korea","KR","37.56600189208984","126.97840118408205","education","100.0","Asia","100.0"
"I4517696","National Guard Health Affairs","Saudi Arabia","SA","24.68773078918457","46.72185134887695","healthcare","100.0","Asia","100.0"
"I4210123749","Tokyo Metropolitan Neurological Hospital","Japan","JP","35.68949890136719","139.69171142578125","healthcare","100.0","Asia","100.0"
"I116419501","Universidad Mayor","Chile","CL","-33.456939697265625","-70.64826965332031","education","100.0","South America","100.0"
"I4210089864","VA Salt Lake City Healthcare System","United States","US","40.7588005065918","-111.84093475341795","healthcare","100.0","North America","100.0"
"I162290304","Scuola Superiore Sant'Anna","Italy","IT","43.70853042602539","10.403599739074709","education","100.0","Europe","100.0"
"I125485651","Constantine 1 University","Algeria","DZ","36.34944534301758","6.62166690826416","education","100.0","Africa","100.0"
"I4210141311","Staats- und Universitätsbibliothek Bremen","Germany","DE","53.108924865722656","8.853711128234863","archive","280.0","Europe","92.33"
"I1320697193","Canon (Japan)","Japan","JP","35.72709655761719","139.7066650390625","company","100.0","Asia","100.0"
"I4210153851","Unité de Modélisation Mathématique et Informatique des Systèmes Complexes","France","FR","48.85340881347656","2.34879994392395","facility","100.0","Europe","100.0"
"I145808223","Hanbat National University","South Korea","KR","36.34912872314453","127.38493347167967","education","100.0","Asia","100.0"
"I76973811","Bolu Abant İzzet Baysal University","Turkey","TR","40.7358283996582","31.606109619140625","education","100.0","Asia","100.0"
"I4210098387","Foshan Maternity and Child Health Care Hospital","China","CN","23.032411575317383","113.10539245605467","healthcare","537.0","Asia","83.85"
"I2800174090","Phillips Academy","United States","US","42.64730072021485","-71.13159942626953","education","","North America","25.28"
"I3131573596","Abbottabad University of Science and Technology","Pakistan","PK","34.06840133666992","73.14948272705078","education","100.0","Asia","100.0"
"I111199411","University of Peradeniya","Sri Lanka","LK","7.290599822998047","80.63359832763672","education","100.0","Asia","100.0"
"I4210150261","National University Health System","Singapore","SG","1.2896699905395508","103.85006713867188","education","100.0","Asia","100.0"
"I3020192730","Trường ĐH Nguyễn Tất Thành","Vietnam","VN","10.823019981384276","106.62964630126952","education","100.0","Asia","100.0"
"I4210160629","China Information Technology Security Evaluation Center","China","CN","40.0505256652832","116.29930877685548","government","978.0","Asia","70.51"
"I111567634","State University of Management","Russia","RU","55.752220153808594","37.61555862426758","education","100.0","Europe","100.0"
"I4210108695","Gheorghe Asachi Technical University of Iași","Romania","RO","47.16667175292969","27.600000381469727","education","100.0","Europe","100.0"
"I78757542","University of Newcastle Australia","Australia","AU","-32.92953109741211","151.7801055908203","education","100.0","Oceania","100.0"
"I132487946","Institute of Space Sciences","Spain","ES","41.4910888671875","2.1407899856567383","facility","100.0","Europe","100.0"
"I4210099573","United States Air Force Office of Scientific Research","United States","US","38.88100814819336","-77.10427856445312","government","917.0","North America","72.34"
"I2799950915","Wright-Patterson Air Force Base","United States","US","39.81308364868164","-84.05432891845703","other","100.0","North America","100.0"
"I4210089486","Fred Hutch Cancer Center","United States","US","47.60620880126953","-122.33206939697266","nonprofit","100.0","North America","100.0"
"I4210112293","African Institute for Mathematical Sciences Ghana","Ghana","GH","5.1681671142578125","-1.1446510553359983","nonprofit","","Africa","24.44"
"I4210152198","Education Development Center","United States","US","42.371376037597656","-71.21891021728516","nonprofit","100.0","North America","100.0"
"I4210118410","Institut thématique Génétique, génomique et bioinformatique","France","FR","48.85340881347656","2.34879994392395","government","100.0","Europe","100.0"
"I2800125567","Polish Air Force Academy","Poland","PL","51.559120178222656","21.848289489746094","education","","Europe","53.14"
"I4210090241","Xinhui People's Hospital","China","CN","22.537517547607425","113.03009033203124","healthcare","","Asia","33.5"
"I94357780","Zhongkai University of Agriculture and Engineering","China","CN","23.1091251373291","113.28040313720705","education","100.0","Asia","100.0"
"I4210163147","Traffic Management Research Institute","China","CN","31.612491607666016","120.19349670410156","facility","","Asia","39.1"
"I4210102664","Enzo Life Sciences (United States)","United States","US","40.7194938659668","-73.42781066894531","company","100.0","North America","100.0"
"I2801484940","Arab International University","Syria","SY","33.458351135253906","36.23255920410156","education","","Asia","19.55"
"I184983240","Northeast Normal University","China","CN","43.880001068115234","125.3227767944336","education","100.0","Asia","100.0"
"I4210155202","Systemic Risk Centre","United Kingdom","GB","51.50852966308594","-0.1257400065660476","other","","Europe","56.06"
"I99383213","Indian Institute of Plantation Management","India","IN","12.961285591125488","77.5051040649414","education","","Asia","44.86"
"I100086675","Al-Hussein Bin Talal University","Jordan","JO","30.196239471435547","35.73405075073242","education","100.0","Asia","100.0"
"I87048295","Wellcome Trust","United Kingdom","GB","51.50852966308594","-0.1257400065660476","other","100.0","Europe","100.0"
"I4387156359","South East Technological University","","","52.258331298828125","-7.111939907073975","education","","","50.98"
"I31595395","Chengdu University of Technology","China","CN","30.66666984558105","104.0666732788086","education","100.0","Asia","100.0"
"I2802635041","Technische Informationsbibliothek (TIB)","Germany","DE","52.37052154541016","9.733220100402832","archive","100.0","Europe","100.0"
"I9617848","Universitat Politècnica de Catalunya","Spain","ES","41.388790130615234","2.158989906311035","education","100.0","Europe","100.0"
"I84392919","Temple University","United States","US","39.9523811340332","-75.16361999511719","education","100.0","North America","100.0"
"I189949046","Integral University","India","IN","26.958499908447266","80.99810028076172","education","100.0","Asia","100.0"
"I36443711","Magna Graecia University","Italy","IT","38.882469177246094","16.600860595703125","education","100.0","Europe","100.0"
"I4210164099","Piaggio Aerospace (Italy)","Italy","IT","44.40324783325195","8.945069313049316","company","100.0","Europe","100.0"
"I4210154218","University of Science and Technology Bannu","Pakistan","PK","33.02888107299805","70.70023345947266","education","100.0","Asia","100.0"
"I154023281","British University in Egypt","Egypt","EG","30.06262969970703","31.249670028686523","education","100.0","Africa","100.0"
"I144246526","University of Trnava","Slovakia","SK","48.37741088867188","17.587230682373047","education","100.0","Europe","100.0"
"I1335518801","Texas A&M University – San Antonio","United States","US","29.42411994934082","-98.4936294555664","education","100.0","North America","100.0"
"I4210135105","China Academy of Building Research","China","CN","39.907501220703125","116.39723205566406","facility","100.0","Asia","100.0"
"I57328836","North Dakota State University","United States","US","46.87718963623047","-96.78980255126952","education","100.0","North America","100.0"
"I143150842","Urmia University of Technology","Iran","IR","37.503360748291016","45.0145263671875","education","100.0","Asia","100.0"
"I189712700","University of Konstanz","Germany","DE","47.66033172607422","9.175820350646973","education","100.0","Europe","100.0"
"I4210102928","Hôpital Saint-Antoine","France","FR","48.85340881347656","2.34879994392395","healthcare","100.0","Europe","100.0"
"I4210111779","Institute of Physics, Academia Sinica","Taiwan","TW","25.04244613647461","121.61666107177734","facility","100.0","Asia","100.0"
"I35777872","North Carolina Agricultural and Technical State University","United States","US","36.07263946533203","-79.79197692871094","education","100.0","North America","100.0"
"I4210117448","Versus Arthritis","United Kingdom","GB","53.25","-1.4166699647903442","nonprofit","100.0","Europe","100.0"
"I4210123310","Johanna-Etienne-Krankenhaus","Germany","DE","51.214637756347656","6.658743858337402","healthcare","","Europe","28.28"
"I2801558778","LabCorp (United States)","United States","US","36.09185791015625","-79.43922424316406","company","100.0","North America","100.0"
"I130823665","Ural Federal University","Russia","RU","56.851898193359375","60.61220169067383","education","100.0","Europe","100.0"
"I4210105529","Daqing Oilfield General Hospital","China","CN","46.528053283691406","124.98580932617188","healthcare","100.0","Asia","100.0"
"I180949307","Illinois Institute of Technology","United States","US","41.85002899169922","-87.6500473022461","education","100.0","North America","100.0"
"I4210143357","Sjællands Universitetshospital, Nykøbing F.","Denmark","DK","54.76905822753906","11.874250411987305","healthcare","759.0","Europe","77.15"
"I4210106106","Rafik Hariri University","Lebanon","LB","33.709774017333984","35.45453643798828","education","","Asia","30.86"
"I33932797","University of Gour Banga","India","IN","25.004470825195312","88.1457290649414","education","100.0","Asia","100.0"
"I4210097477","Nanoscribe (Germany)","Germany","DE","49.09109115600586","8.430105209350586","company","","Europe","5.45"
"I2800006345","Leiden University Medical Center","Netherlands","NL","52.158329010009766","4.493060111999512","other","100.0","Europe","100.0"
"I1286490081","Boston Medical Center","United States","US","42.358428955078125","-71.05976867675781","healthcare","100.0","North America","100.0"
"I197854408","University of Malta","Malta","MT","35.89250183105469","14.482780456542969","education","100.0","Europe","100.0"
"I3124059619","China University of Geosciences","China","CN","30.583330154418945","114.26667022705078","education","100.0","Asia","100.0"
"I67357951","KIIT University","India","IN","20.272409439086918","85.83384704589844","education","100.0","Asia","100.0"
"I2699952","Pontifical Catholic University of Rio de Janeiro","Brazil","BR","-22.90641975402832","-43.18223190307617","education","100.0","South America","100.0"
"I23946033","University of Tehran","Iran","IR","35.703468322753906","51.39519882202149","education","100.0","Asia","100.0"
"I4210135256","University Mohamed El Bachir El Ibrahimi of Bordj Bou Arreridj","Algeria","DZ","36.07389068603516","4.761390209197998","education","100.0","Africa","100.0"
"I173063890","University of Applied Sciences Utrecht","Netherlands","NL","52.0908317565918","5.122220039367676","education","100.0","Europe","100.0"
"I184896493","Sari Agricultural Sciences and Natural Resources University","Iran","IR","36.56332015991211","53.060089111328125","education","100.0","Asia","100.0"
"I130701444","Georgia Institute of Technology","United States","US","33.749000549316406","-84.38797760009766","education","65.0","North America","100.0"
"I173089394","ITMO University","Russia","RU","59.93862915039063","30.31413078308105","education","100.0","Europe","100.0"
"I112260969","Ontario Institute for Cancer Research","Canada","CA","43.70642852783203","-79.39864349365234","other","100.0","North America","100.0"
"I102893293","State University of Malang","Indonesia","ID","-7.979700088500977","112.63040161132812","education","100.0","Asia","100.0"
"I141445968","Ton Duc Thang University","Vietnam","VN","10.823019981384276","106.62964630126952","education","100.0","Asia","100.0"
"I16748637","Manisa Celal Bayar University","Turkey","TR","38.61201858520508","27.426469802856445","education","100.0","Asia","100.0"
"I159385669","Chiba University","Japan","JP","35.599998474121094","140.11666870117188","education","100.0","Asia","100.0"
"I155419210","Islamic Azad University, Science and Research Branch","Iran","IR","35.782569885253906","51.31723785400391","education","100.0","Asia","100.0"
"I2802759292","Franche-Comté Électronique Mécanique Thermique et Optique - Sciences et Technologies","France","FR","47.248779296875","6.0181498527526855","facility","100.0","Europe","100.0"
"I184558857","Royal Holloway University of London","United Kingdom","GB","51.43157958984375","-0.5523899793624878","education","100.0","Europe","100.0"
"I862322245","Universidad EAFIT","Colombia","CO","6.251840114593506","-75.56359100341797","education","100.0","South America","100.0"
"I4210164726","George E. Wahlen Department of VA Medical Center","United States","US","40.7584342956543","-111.84138488769533","healthcare","844.0","North America","74.56"
"I80251312","HUN-REN Research Centre for Natural Sciences","Hungary","HU","47.498348236083984","19.04044914245605","facility","100.0","Europe","100.0"
"I4210162246","Loudi Central Hospital","China","CN","27.730270385742188","112.01603698730467","healthcare","194.0","Asia","95.27"
"I57825437","University of Neuchâtel","Switzerland","CH","46.991790771484375","6.931000232696533","education","100.0","Europe","100.0"
"I101786783","Government Medical College","India","IN","30.328100204467773","76.38619995117188","education","100.0","Asia","100.0"
"I125656591","Effat University","Saudi Arabia","SA","21.49011993408203","39.18624114990234","education","100.0","Asia","100.0"
"I165733156","University of Georgia","United States","US","33.9609489440918","-83.37793731689453","education","100.0","North America","100.0"
"I1311060795","U.S. National Science Foundation","United States","US","38.80484008789063","-77.04692077636719","other","100.0","North America","100.0"
"I4210134318","University of Technology","Russia","RU","55.91624069213867","37.819732666015625","education","47.0","Europe","100.0"
"I2800808753","Thales (Netherlands)","Netherlands","NL","52.24816131591797","6.766477108001709","company","598.0","Europe","82.01"
"I80605987","NOAA Earth System Research Laboratory","United States","US","40.01499176025391","-105.2705535888672","other","100.0","North America","100.0"
"I4210100457","Samara University","Ethiopia","ET","11.79341983795166","41.00577926635742","education","106.0","Africa","99.67"
"I4210093000","Global Energy Interconnection Research Institute North America","United States","US","37.33938980102539","-121.89495849609376","facility","","North America","39.2"
"I122328836","Indian School of Business","India","IN","17.43566131591797","78.34072875976562","education","100.0","Asia","100.0"
"I4210165411","Centro de Investigaciones Energéticas, Medioambientales y Tecnológicas","Spain","ES","40.416500091552734","-3.702559947967529","facility","100.0","Europe","100.0"
"I4210098463","Center for Research and Interdisciplinarity","France","FR","48.85340881347656","2.34879994392395","facility","100.0","Europe","100.0"
"I154986956","European Centre for Medium-Range Weather Forecasts","United Kingdom","GB","51.45624923706055","-0.9711300134658812","other","100.0","Europe","100.0"
"I4210118731","National Observatory of Athens","Greece","GR","37.98376083374024","23.727840423583984","facility","100.0","Europe","100.0"
"I153297377","Medical University of South Carolina","United States","US","32.77656936645508","-79.93092346191406","education","100.0","North America","100.0"
"I2802326326","The University of Texas Rio Grande Valley","United States","US","26.301740646362305","-98.16333770751952","education","100.0","North America","100.0"
"I4210155268","Salesforce (United States)","United States","US","37.77492904663086","-122.41941833496094","company","325.0","North America","90.82"
"I82828225","King Mongkut's University of Technology North Bangkok","Thailand","TH","13.819555282592772","100.51480865478516","education","100.0","Asia","100.0"
"I4210130157","Institute of Informatics and Telematics","Italy","IT","43.718841552734375","10.425210952758787","facility","100.0","Europe","100.0"
"I916559398","Kindai University","Japan","JP","34.69374084472656","135.50218200683594","education","100.0","Asia","100.0"
"I4210103661","Max Planck Institute for Astrophysics","Germany","DE","48.24895858764648","11.651009559631348","facility","100.0","Europe","100.0"
"I103531236","Boston College","United States","US","42.358428955078125","-71.05976867675781","education","100.0","North America","100.0"
"I4210106682","Saku Central Hospital","Japan","JP","36.19804382324219","138.480712890625","healthcare","566.0","Asia","82.99"
"I4210126829","China Medical University Hospital","Taiwan","TW","24.157007217407227","120.68099975585938","healthcare","100.0","Asia","100.0"
"I4210105683","Universidade Regional de Blumenau","Brazil","BR","-26.9194393157959","-49.06610870361328","education","100.0","South America","100.0"
"I109935558","Ningbo University","China","CN","29.878189086914062","121.54945373535156","education","100.0","Asia","100.0"
"I110736937","Délégation Paris 5","France","FR","48.85340881347656","2.34879994392395","government","100.0","Europe","100.0"
"I4210114319","Farabi Hospital","Iran","IR","35.69438934326172","51.4215087890625","healthcare","100.0","Asia","100.0"
"I4210146936","Huawei Technologies (United States)","United States","US","33.07090377807617","-96.82003021240234","company","100.0","North America","100.0"
"I52957644","Mexican Institute of Petroleum","Mexico","MX","19.428470611572266","-99.1276626586914","government","100.0","North America","100.0"
"I79072001","International University of Health and Welfare","Japan","JP","36.871002197265625","140.06947326660156","education","100.0","Asia","100.0"
"I1337163019","Adler Planetarium","United States","US","41.867469787597656","-87.60687255859375","archive","732.0","North America","77.97"
"I152869788","Motilal Nehru National Institute of Technology","India","IN","25.444780349731445","81.84322357177734","education","100.0","Asia","100.0"
"I74969885","Southern University","Bangladesh","BD","22.35785675048828","91.82504272460938","education","","Asia","58.16"
"I1300848581","American Nurses Association","United States","US","38.99512481689453","-77.02681732177734","other","","North America","66.65"
"I196972281","Imec the Netherlands","Netherlands","NL","51.44083023071289","5.477779865264893","facility","100.0","Europe","100.0"
"I1331897569","Agriculture and Agri-Food Canada","Canada","CA","45.411170959472656","-75.6981201171875","government","100.0","North America","100.0"
"I181391015","Universidade Estadual de Campinas (UNICAMP)","Brazil","BR","-22.90555953979492","-47.060829162597656","education","100.0","South America","100.0"
"I46603895","Varian Medical Systems (United States)","United States","US","37.4177131652832","-122.14321899414062","company","100.0","North America","100.0"
"I7935750","Leibniz Institute DSMZ – German Collection of Microorganisms and Cell Cultures","Germany","DE","52.21142578125","10.531188011169434","facility","100.0","Europe","100.0"
"I4210108480","Second Affiliated Hospital of Nanchang University","China","CN","28.62301254272461","115.90357208251952","healthcare","100.0","Asia","100.0"
"I4399657950","Tamale Technical University","","","9.400790214538574","-0.8392999768257141","education","","","31.44"
"I2802153510","Norwegian Institute of Marine Research","Norway","NO","60.39299011230469","5.324150085449219","facility","100.0","Europe","100.0"
"I2799285752","Bay Institute","United States","US","37.80623626708984","-122.41191864013672","nonprofit","100.0","North America","100.0"
"I2799345387","Kuwait Petroleum Corporation (Kuwait)","Kuwait","KW","29.35465812683105","47.94166564941406","company","100.0","Asia","100.0"
"I4210106526","Northwest Institute of Eco-Environment and Resources","China","CN","36.0736083984375","103.77750396728516","facility","100.0","Asia","100.0"
"I4210162116","Singapore Clinical Research Institute","Singapore","SG","1.2654789686203003","103.8197021484375","other","813.0","Asia","75.51"
"I192664086","Northeastern State University","United States","US","35.91537094116211","-94.96996307373048","education","555.0","North America","83.31"
"I2800519576","Mubarak Al Kabeer Hospital","Kuwait","KW","29.325855255126957","48.03507614135742","healthcare","100.0","Asia","100.0"
"I4210133257","KPR Institute of Engineering and Technology","India","IN","11.005550384521484","76.96611785888672","education","100.0","Asia","100.0"
"I4210121942","SS&C Technologies (United States)","United States","US","41.85260009765625","-72.6436996459961","company","","North America","2.04"
"I4210156221","Allen Institute for Artificial Intelligence","United States","US","47.60620880126953","-122.33206939697266","nonprofit","100.0","North America","100.0"
"I4210128504","Universidad Europea del Atlántico","Spain","ES","43.4647216796875","-3.8044400215148926","education","298.0","Europe","91.7"
"I212119943","University of Victoria","Canada","CA","48.4359016418457","-123.35154724121094","education","100.0","North America","100.0"
"I1305695959","Bacha Khan University","Pakistan","PK","34.007999420166016","71.5784912109375","education","100.0","Asia","100.0"
"I123466251","Dicle University","Turkey","TR","37.91363143920898","40.21720886230469","education","100.0","Asia","100.0"
"I219193219","Purdue University West Lafayette","United States","US","40.42586898803711","-86.90807342529297","education","95.0","North America","100.0"
"I2801986924","Marine Conservation Institute","United States","US","47.6557731628418","-122.34196472167967","nonprofit","100.0","North America","100.0"
"I28615091","Kyonggi University","South Korea","KR","37.30048751831055","127.03583526611328","education","100.0","Asia","100.0"
"I68435313","Australian Psychological Society","Australia","AU","-37.81617736816406","144.96572875976562","other","165.0","Oceania","96.72"
"I2802535771","Baghdad College of Economic Sciences University","Iraq","IQ","33.3408317565918","44.334720611572266","education","","Asia","20.35"
"I4210143392","University of Pennsylvania Health System","United States","US","39.9523811340332","-75.16361999511719","healthcare","12.0","North America","100.0"
"I1294606314","Beijing Tongren Hospital","China","CN","39.90275955200195","116.41773986816406","healthcare","100.0","Asia","100.0"
"I71437568","Universidade de Pernambuco","Brazil","BR","-8.043869018554688","-34.88603210449219","education","100.0","South America","100.0"
"I4210116052","Inception Institute of Artificial Intelligence","United Arab Emirates","AE","24.500986099243164","54.386661529541016","facility","100.0","Asia","100.0"
"I168337820","Chongqing University of Science and Technology","China","CN","29.56026077270508","106.55770874023438","education","100.0","Asia","100.0"
"I57206974","New York University","United States","US","40.71427154541016","-74.00596618652344","education","39.0","North America","100.0"
"I172780181","University of the Punjab","Pakistan","PK","31.558000564575195","74.3507080078125","education","100.0","Asia","100.0"
"I2800655693","Lyceum of the Philippines University","Philippines","PH","14.60420036315918","120.9822006225586","education","936.0","Asia","71.77"
"I36197038","Taiz University","Yemen","YE","13.583331108093262","43.98594284057617","education","100.0","Asia","100.0"
"I175124709","Süleyman Demirel University","Turkey","TR","37.76443862915039","30.55221939086914","education","100.0","Asia","100.0"
"I4210100893","Indian Institute of Information Technology Vadodara","India","IN","22.299409866333008","73.20812225341797","education","943.0","Asia","71.58"
"I2800024054","Skin Cancer Foundation","United States","US","40.74622344970703","-73.9836654663086","nonprofit","","North America","54.01"
"I267325792","Mizan Tepi University","Ethiopia","ET","7.197319984436035","35.42881393432617","education","100.0","Africa","100.0"
"I40695006","Open Geospatial Consortium","United States","US","38.88100814819336","-77.10427856445312","nonprofit","","North America","59.8"
"I51783024","Brandenburg University of Technology Cottbus-Senftenberg","Germany","DE","51.525169372558594","14.00164031982422","education","100.0","Europe","100.0"
"I137982388","Janssen (Belgium)","Belgium","BE","51.30745697021485","4.875338077545166","company","100.0","Europe","100.0"
"I4210162190","China University of Petroleum, East China","China","CN","36.06488037109375","120.3804168701172","education","100.0","Asia","100.0"
"I4210124307","Ministry of Higher and Tertiary Education","ZW","ZW","-17.823974609375","31.051855087280277","government","","Other","0.47"
"I4210132580","Plymouth Marjon University","United Kingdom","GB","50.37152862548828","-4.143050193786621","education","","Europe","50.68"
"I79620101","University of Arkansas for Medical Sciences","United States","US","34.74647903442383","-92.28958892822266","education","100.0","North America","100.0"
"I1302839792","Indraprastha Apollo Hospitals","India","IN","28.528564453125","77.288330078125","healthcare","100.0","Asia","100.0"
"I4210095226","Universitas Widya Dharma Klaten","Indonesia","ID","-7.691236972808838","110.6242904663086","education","296.0","Asia","91.77"
"I2801919071","University of Illinois System","United States","US","40.11059188842773","-88.20726776123047","education","90.0","North America","100.0"
"I83809506","University of South Alabama","United States","US","30.694360733032227","-88.04305267333984","education","100.0","North America","100.0"
"I32003884","British Heart Foundation","United Kingdom","GB","51.58256912231445","-0.0259789992123842","nonprofit","100.0","Europe","100.0"
"I4210163933","Union Hospital","China","CN","26.07858085632324","119.30445861816406","healthcare","100.0","Asia","100.0"
"I118185606","Aga Khan University","Pakistan","PK","24.86079978942871","67.0103988647461","education","100.0","Asia","100.0"
"I126158947","Universidade Federal da Bahia","Brazil","BR","-12.975629806518556","-38.49095916748047","education","100.0","South America","100.0"
"I83308685","Canadian Light Source (Canada)","Canada","CA","52.13238143920898","-106.6689224243164","company","100.0","North America","100.0"
"I4392738072","CHN Energy (China)","China","CN","39.907501220703125","116.39723205566406","company","","Asia","32.52"
"I26538001","San Diego State University","United States","US","32.7157096862793","-117.16471862792967","education","100.0","North America","100.0"
"I2801824472","Jewish General Hospital","Canada","CA","45.50883865356445","-73.58780670166016","healthcare","100.0","North America","100.0"
"I4210148503","Fraunhofer Institute for Production Systems and Design Technology","Germany","DE","52.52359008789063","13.323590278625488","facility","100.0","Europe","100.0"
"I4210127591","German Centre for Cardiovascular Research","Germany","DE","52.55330657958984","13.36048984527588","facility","100.0","Europe","100.0"
"I144693123","University of Buea","CM","CM","4.1534199714660645","9.2423095703125","education","100.0","Other","100.0"
"I171711596","Romanian-American University","Romania","RO","44.4322509765625","26.106260299682617","education","","Europe","31.95"
"I290407205","Meenakshi Academy of Higher Education and Research","India","IN","13.013999938964844","80.10700225830078","education","100.0","Asia","100.0"
"I90281761","National Aviation University","Ukraine","UA","50.45465850830078","30.523799896240234","education","100.0","Europe","100.0"
"I4210164215","Fundación Universitaria Sanitas","Colombia","CO","4.609710216522217","-74.08174896240234","education","100.0","South America","100.0"
"I4210105141","Biomedical Research Networking Center in Bioengineering, Biomaterials and Nanomedicine","Spain","ES","41.65605926513672","-0.8773400187492371","other","100.0","Europe","100.0"
"I4210156023","Universidad Central de Chile","Chile","CL","-33.456939697265625","-70.64826965332031","education","100.0","South America","100.0"
"I4210092927","NOAA National Severe Storms Laboratory","United States","US","35.22256851196289","-97.43948364257812","government","100.0","North America","100.0"
"I40542001","University of Ulsan","South Korea","KR","35.54277038574219","129.25672912597656","education","100.0","Asia","100.0"
"I31590910","Jianghan University","China","CN","30.583330154418945","114.26667022705078","education","100.0","Asia","100.0"
"I4210163803","Institute for Advanced Study","Germany","DE","53.05110168457031","8.63090991973877","nonprofit","","Europe","34.04"
"I47403697","Instituto Federal de Educação, Ciência e Tecnologia de Santa Catarina","Brazil","BR","-27.59667015075684","-48.54917144775391","education","100.0","South America","100.0"
"I4210096250","Beijing Institute of Big Data Research","China","CN","39.98691177368164","116.3036880493164","facility","100.0","Asia","100.0"
"I25399158","Mahidol University","Thailand","TH","13.793405532836914","100.32251739501952","education","100.0","Asia","100.0"
"I43480833","Kyambogo University","Uganda","UG","0.3162800073623657","32.58219146728516","education","100.0","Africa","100.0"
"I143302722","University of Kentucky","United States","US","37.98868942260742","-84.47772216796875","education","100.0","North America","100.0"
"I4210139445","Khorramshahr University of Marine Science and Technology","Iran","IR","30.4407901763916","48.18428039550781","education","787.0","Asia","76.28"
"I1320553840","Amgen (United States)","United States","US","34.17055892944336","-118.83759307861328","company","100.0","North America","100.0"
"I4210141098","St. Helena Hospital","United States","US","38.54283142089844","-122.47518157958984","healthcare","","North America","43.29"
"I4210140341","Allen Institute","United States","US","47.60620880126953","-122.33206939697266","nonprofit","100.0","North America","100.0"
"I169333911","Gdańsk University of Technology","Poland","PL","54.35226821899414","18.649120330810547","education","100.0","Europe","100.0"
"I4210161538","Kokura Memorial Hospital","Japan","JP","33.851810455322266","130.850341796875","healthcare","100.0","Asia","100.0"
"I4210149843","Hospital Sírio-Libanês","Brazil","BR","-23.55635452270508","-46.654518127441406","healthcare","100.0","South America","100.0"
"I74788687","Comenius University Bratislava","Slovakia","SK","48.14815902709961","17.106740951538086","education","100.0","Europe","100.0"
"I4210152009","Protein Research Foundation","Japan","JP","34.69374084472656","135.50218200683594","other","100.0","Asia","100.0"
"I875646752","Damascus University","Syria","SY","33.51020050048828","36.29127883911133","education","100.0","Asia","100.0"
"I180857899","Pfizer (United States)","United States","US","40.71427154541016","-74.00596618652344","company","100.0","North America","100.0"
"I5023651","McGill University","Canada","CA","45.50883865356445","-73.58780670166016","education","31.0","North America","100.0"
"I177969490","University of Southern Denmark","Denmark","DK","55.395938873291016","10.388310432434082","education","100.0","Europe","100.0"
"I193365169","National Chi Nan University","Taiwan","TW","23.96639060974121","120.96952056884766","education","100.0","Asia","100.0"
"I181827316","Université Catholique de Lille","France","FR","50.63273239135742","3.04643988609314","education","100.0","Europe","100.0"
"I149717392","Siirt Üniversitesi","Turkey","TR","37.929298400878906","41.94134140014648","education","100.0","Asia","100.0"
"I4210163492","First Hospital of Lanzhou University","China","CN","36.04642105102539","103.86981201171876","healthcare","100.0","Asia","100.0"
"I145610796","Southern University and Agricultural and Mechanical College","United States","US","30.44331932067871","-91.18746948242188","education","100.0","North America","100.0"
"I4210089783","Shanghai Medical Information Center","China","CN","31.231868743896484","121.44147491455078","other","319.0","Asia","91.01"
"I12649496","INTI International University","Malaysia","MY","2.8140790462493896","101.75821685791016","education","100.0","Asia","100.0"
"I4389425234","Institut de la Mer de Villefranche","","","43.70391845703125","7.310880184173584","other","","","51.32"
"I4210151980","Badr University in Cairo","Egypt","EG","30.127477645874023","31.70325469970703","education","100.0","Africa","100.0"
"I4210104314","New York Institute of Technology","United States","US","40.71427154541016","-74.00596618652344","education","100.0","North America","100.0"
"I79060951","East Stroudsburg University","United States","US","40.994998931884766","-75.1719970703125","education","331.0","North America","90.63"
"I108279646","Earthwatch Institute","United States","US","42.362552642822266","-71.14527893066406","nonprofit","","North America","19.35"
"I4210160595","Acumen Pharmaceuticals (United States)","United States","US","38.03313827514648","-78.4765853881836","company","","North America","14.24"
"I2800494708","Government Medical College, Amritsar","India","IN","31.634307861328125","74.8736801147461","education","100.0","Asia","100.0"
"I1324989862","Federal Office of Meteorology and Climatology MeteoSwiss","Switzerland","CH","47.36666870117188","8.550000190734863","government","100.0","Europe","100.0"
"I1289910757","NEOMA Business School","France","FR","49.46294021606445","1.0643470287322998","education","100.0","Europe","100.0"
"I4210091587","Gorongosa National Park","MZ","MZ","-18.698192596435547","34.469268798828125","archive","","Other","14.59"
"I113456305","Leuphana University of Lüneburg","Germany","DE","53.25090026855469","10.414090156555176","education","100.0","Europe","100.0"
"I42894916","Data61","Australia","AU","-33.86785125732422","151.2073211669922","other","100.0","Oceania","100.0"
"I4210117195","Institute for Computer Science and Control","Hungary","HU","47.47841644287109","19.05215072631836","facility","100.0","Europe","100.0"
"I4210086248","Affiliated Hospital of Southwest Medical University","China","CN","28.890300750732425","105.42575073242188","healthcare","100.0","Asia","100.0"
"I2800372957","China Electronics Technology Group Corporation","China","CN","39.907501220703125","116.39723205566406","company","100.0","Asia","100.0"
"I157264075","Sangmyung University","South Korea","KR","36.83286666870117","127.1781005859375","education","100.0","Asia","100.0"
"I4210109493","Centro Universitario México Valle","Mexico","MX","25.68905067443848","-100.34305572509766","education","","North America","0.44"
"I142823887","St. John's University","United States","US","40.71427154541016","-74.00596618652344","education","100.0","North America","100.0"
"I129510320","University of Wisconsin–Green Bay","United States","US","44.519161224365234","-88.01982879638672","education","85.0","North America","100.0"
"I1281833243","American Heart Association","United States","US","32.783058166503906","-96.80667114257812","nonprofit","100.0","North America","100.0"
"I149704539","Deakin University","Australia","AU","-37.84978103637695","145.11900329589844","education","100.0","Oceania","100.0"
"I2800156163","German National Academy of Sciences Leopoldina","Germany","DE","51.4815788269043","11.979470252990724","other","","Europe","14.95"
"I4210097825","MIND Research Institute","United States","US","33.648475646972656","-117.85492706298828","nonprofit","100.0","North America","100.0"
"I127077003","IMT School for Advanced Studies Lucca","Italy","IT","43.84368896484375","10.504469871520996","education","100.0","Europe","100.0"
"I99041443","Mississippi State University","United States","US","33.45048904418945","-88.81961059570312","education","100.0","North America","100.0"
"I108754898","Badji Mokhtar University","Algeria","DZ","36.900001525878906","7.766670227050781","education","100.0","Africa","100.0"
"I4210088668","Institut National de Recherche pour l'Agriculture, l'Alimentation et l'Environnement","France","FR","48.85340881347656","2.34879994392395","other","100.0","Europe","100.0"
"I1325675289","Moorfields Eye Hospital NHS Foundation Trust","United Kingdom","GB","51.52763748168945","-0.0895150005817413","healthcare","100.0","Europe","100.0"
"I62396329","Université de Rouen Normandie","France","FR","49.44313049316406","1.0993200540542605","education","100.0","Europe","100.0"
"I80606768","Universidad de Extremadura","Spain","ES","38.877891540527344","-6.97061014175415","education","100.0","Europe","100.0"
"I4210156194","Addenbrooke's Hospital","United Kingdom","GB","52.17599868774414","0.1400000005960464","healthcare","100.0","Europe","100.0"
"I4210151378","Zhejiang Tongji Vocational College of Science and Technology","China","CN","30.3496150970459","120.15728759765624","education","","Asia","39.71"
"I4387154341","Office of the Royal Society","","","13.753979682922363","100.5014419555664","government","816.0","","75.4"
"I19716509","Jamia Hamdard","India","IN","28.51645851135254","77.24980926513672","education","100.0","Asia","100.0"
"I3122695212","Polytechnic University of Timişoara","Romania","RO","45.753719329833984","21.225709915161133","education","100.0","Europe","100.0"
"I4210086405","National Institute of Biological Sciences, Beijing","China","CN","40.09566879272461","116.2686538696289","facility","100.0","Asia","100.0"
"I4210154663","Kansas City VA Medical Center","United States","US","39.06392288208008","-94.52775573730467","healthcare","428.0","North America","87.4"
"I4210151581","Emotional Brain (Netherlands)","Netherlands","NL","52.366737365722656","5.1865410804748535","company","","Europe","12.56"
"I184999862","Universidad de Salamanca","Spain","ES","40.96881866455078","-5.663879871368408","education","100.0","Europe","100.0"
"I4210153869","Huaiyin Institute of Technology","China","CN","33.5886116027832","119.01917266845705","education","100.0","Asia","100.0"
"I130442723","Universidade Federal do Rio Grande do Sul","Brazil","BR","-30.03282928466797","-51.23019027709961","education","100.0","South America","100.0"
"I118757457","Philander Smith College","United States","US","34.73666000366211","-92.28241729736328","education","1.0","North America","7.8"
"I2800285241","Institut Agro Rennes-Angers","France","FR","48.11198043823242","-1.6742899417877195","education","100.0","Europe","100.0"
"I144852770","The King's College","United States","US","40.74843215942383","-73.98565673828125","education","100.0","North America","100.0"
"I2800849109","Liverpool Hospital","Australia","AU","-33.91972351074219","150.93028259277344","healthcare","100.0","Oceania","100.0"
"I908820301","Tishk International University","Iraq","IQ","36.18333053588867","44.01192855834961","education","100.0","Asia","100.0"
"I48018076","Christ University","India","IN","12.97194004058838","77.59368896484375","education","100.0","Asia","100.0"
"I142740786","University of Louisville","United States","US","38.25423812866211","-85.75940704345703","education","100.0","North America","100.0"
"I4210100293","Pfizer (Germany)","Germany","DE","52.50568008422852","13.37386703491211","company","954.0","Europe","71.21"
"I166075037","Endesa (Spain)","Spain","ES","40.43502807617188","-3.680887937545776","company","","Europe","66.36"
"I77250616","Fort Valley State University","United States","US","32.55376052856445","-83.88741302490234","education","176.0","North America","96.19"
"I154300980","University of Bridgeport","United States","US","41.179229736328125","-73.189453125","education","100.0","North America","100.0"
"I4210151962","Monterey Bay Aquarium Foundation","United States","US","36.60023880004883","-121.8946762084961","archive","","North America","41.65"
"I1283582996","Novartis (Switzerland)","Switzerland","CH","47.55839157104492","7.573269844055176","company","100.0","Europe","100.0"
"I913958620","Erasmus University Rotterdam","Netherlands","NL","51.92250061035156","4.479169845581055","education","100.0","Europe","100.0"
"I130480701","Dongbei University of Finance and Economics","China","CN","38.87762451171875","121.54965209960938","education","100.0","Asia","100.0"
"I4210086407","Institut für Medizinische Informatik, Biometrie und Epidemiologie","Germany","DE","51.43657302856445","6.989041805267334","facility","100.0","Europe","100.0"
"I74837319","Jiangxi Agricultural University","China","CN","28.763092041015625","115.833984375","education","100.0","Asia","100.0"
"I4210150763","Gran Sasso Science Institute","Italy","IT","42.35055160522461","13.399539947509766","education","100.0","Europe","100.0"
"I4210144356","Universitas Islam Kalimantan Muhammad Arsyad Al Banjary","Indonesia","ID","-3.289005994796753","114.59483337402344","education","100.0","Asia","100.0"
"I4210134310","Istituto di Fotonica e Nanotecnologie","Italy","IT","45.47866821289063","9.229181289672852","facility","100.0","Europe","100.0"
"I15704514","Greater Manchester Mental Health NHS Foundation Trust","United Kingdom","GB","53.53653335571289","-2.292625904083252","healthcare","100.0","Europe","100.0"
"I114117164","University of Science and Technology Liaoning","China","CN","41.12361145019531","122.98999786376952","education","100.0","Asia","100.0"
"I4210157822","Azienda Sanitaria Locale Roma 3","Italy","IT","41.78435897827149","12.380754470825195","government","100.0","Europe","100.0"
"I4210098836","Institut de Physique","France","FR","48.85340881347656","2.34879994392395","government","100.0","Europe","100.0"
"I43814544","Sathyabama Institute of Science and Technology","India","IN","12.872981071472168","80.22177124023438","education","100.0","Asia","100.0"
"I4210134562","HESAM Université","France","FR","48.85340881347656","2.34879994392395","education","288.0","Europe","92.05"
"I94658018","University of Memphis","United States","US","35.14952850341797","-90.04898071289062","education","100.0","North America","100.0"
"I2799788900","University of Economics and Innovation","Poland","PL","51.24584197998047","22.610870361328125","education","100.0","Europe","100.0"
"I4210112270","Qingdao Academy of Intelligent Industries","China","CN","36.08082580566406","120.38402557373048","facility","","Asia","62.4"
"I4210087865","University of Chicago Medical Center","United States","US","41.85002899169922","-87.6500473022461","healthcare","11.0","North America","100.0"
"I67328108","California State University, Fresno","United States","US","36.81333160400391","-119.75","education","100.0","North America","100.0"
"I162051807","Carol Davila University of Medicine and Pharmacy","Romania","RO","44.4322509765625","26.106260299682617","education","100.0","Europe","100.0"
"I114376631","Tomsk State University of Control Systems and Radio-Electronics","Russia","RU","56.50032043457031","84.98204040527344","education","100.0","Europe","100.0"
"I2800861319","Texas Health Dallas","United States","US","32.88100051879883","-96.76300048828124","healthcare","100.0","North America","100.0"
"I4210092774","Hôpital Cochin","France","FR","48.85340881347656","2.34879994392395","healthcare","100.0","Europe","100.0"
"I79891267","Singapore Management University","Singapore","SG","1.2896699905395508","103.85006713867188","education","100.0","Asia","100.0"
"I14689143","BT Research","United Kingdom","GB","52.05916976928711","1.1554499864578247","facility","100.0","Europe","100.0"
"I4210088963","University of Ha'il","Saudi Arabia","SA","27.521879196166992","41.690731048583984","education","100.0","Asia","100.0"
"I4210114790","Wessex Academic Health Science Network (United Kingdom)","United Kingdom","GB","50.96667098999024","-1.350000023841858","company","","Europe","6.6"
"I204585392","Usak University","Turkey","TR","38.67351150512695","29.405799865722656","education","100.0","Asia","100.0"
"I862893732","Telkom University","Indonesia","ID","-6.922220230102539","107.60694122314452","education","100.0","Asia","100.0"
"I185839726","Institut Universitaire de France","France","FR","48.847469329833984","2.348695993423462","education","100.0","Europe","100.0"
"I38335241","National Institute of Technology Raipur","India","IN","21.23332977294922","81.63333129882812","education","100.0","Asia","100.0"
"I4210150237","Dhofar University","Oman","OM","17.015050888061523","54.09236907958984","education","100.0","Asia","100.0"
"I869089601","Netflix (United States)","United States","US","37.23250198364258","-121.97110748291016","company","","North America","57.94"
"I1303077703","Ministry of Health","Turkey","TR","39.928253173828125","32.855712890625","government","100.0","Asia","100.0"
"I159389169","Ningbo University of Technology","China","CN","29.878189086914062","121.54945373535156","education","100.0","Asia","100.0"
"I127859547","Yogyakarta State University","Indonesia","ID","-7.801390171051025","110.3647232055664","education","100.0","Asia","100.0"
"I4210115813","China National Commission for Disaster Reduction","China","CN","39.88875579833984","116.48538970947266","government","","Asia","45.5"
"I967637","Gannon University","United States","US","42.12836456298828","-80.08663940429688","education","100.0","North America","100.0"
"I165525304","Edge Hill University","United Kingdom","GB","53.56684875488281","-2.881779909133911","education","100.0","Europe","100.0"
"I106841677","Mother Teresa Women's University","India","IN","10.268735885620115","77.48902130126953","education","","Asia","68.66"
"I4210114766","Muscat College","Oman","OM","23.584129333496094","58.40777969360352","education","100.0","Asia","100.0"
"I4210130664","IRCCS San Camillo Hospital","Italy","IT","45.437129974365234","12.332650184631348","healthcare","100.0","Europe","100.0"
"I179245896","Simmons University","United States","US","42.358428955078125","-71.05976867675781","education","100.0","North America","100.0"
"I4210151773","Nestlé (India)","India","IN","28.490890502929688","77.08367919921875","company","","Asia","4.19"
"I4210129159","Laboratoire de Microbiologie, Adaptation et Pathogénie","France","FR","45.76601028442383","4.879499912261963","facility","","Europe","58.78"
"I4210113480","Mohamed bin Zayed University of Artificial Intelligence","United Arab Emirates","AE","24.432750701904297","54.61820983886719","education","100.0","Asia","100.0"
"I4210165726","Shanghai Municipal Education Commission","China","CN","31.22221946716309","121.45806121826172","other","846.0","Asia","74.51"
"I19894307","Université de Montpellier","France","FR","43.610931396484375","3.876349925994873","education","100.0","Europe","100.0"
"I4210143371","Center for Free-Electron Laser Science","Germany","DE","53.55073165893555","9.993020057678224","facility","100.0","Europe","100.0"
"I56067802","Université de Rennes","France","FR","48.11198043823242","-1.6742899417877195","education","100.0","Europe","100.0"
"I4210134419","Neusoft (China)","China","CN","41.80601501464844","123.48452758789062","company","118.0","Asia","99.06"
"I4387153937","Universität Koblenz","","","50.35356903076172","7.578829765319824","education","100.0","","100.0"
"I4210120363","Higher Institute of Engineering","Egypt","EG","30.060848236083984","31.46538543701172","education","100.0","Africa","100.0"
"I54738626","University of Applied Sciences Europe","Germany","DE","53.55197143554688","9.934407234191896","education","","Europe","21.29"
"I110002522","University of Essex","United Kingdom","GB","51.88920974731445","0.9042099714279176","education","100.0","Europe","100.0"
"I4210143589","Chelsea Hospital","United States","US","42.31806945800781","-84.02181243896484","healthcare","45.0","North America","21.37"
"I4210125878","Suzhou Research Institute","China","CN","31.324094772338867","120.72341918945312","facility","100.0","Asia","100.0"
"I21028721","Eulji University","South Korea","KR","36.33333969116211","127.4049072265625","education","100.0","Asia","100.0"
"I80543232","K.N.Toosi University of Technology","Iran","IR","35.74806213378906","51.44424819946289","education","100.0","Asia","100.0"
"I164120614","Mimar Sinan Güzel Sanatlar Üniversitesi","Turkey","TR","41.01383972167969","28.94965934753418","education","100.0","Asia","100.0"
"I148128674","University of Shanghai for Science and Technology","China","CN","31.22221946716309","121.45806121826172","education","100.0","Asia","100.0"
"I4210145772","Kindeva Drug Delivery (United States)","United States","US","44.95246887207031","-92.99616241455078","company","","North America","17.27"
"I64222039","National University of Mongolia","Mongolia","MN","47.907711029052734","106.88323974609376","education","100.0","Asia","100.0"
"I140940799","Bayburt University","Turkey","TR","40.256309509277344","40.2228889465332","education","100.0","Asia","100.0"
"I4210111978","Remote Sensing Solutions (Germany)","Germany","DE","48.13349151611328","11.614447593688965","company","","Europe","26.39"
"I4210158228","Laboratoire d’Océanographie de Villefranche","France","FR","43.70391845703125","7.310880184173584","facility","100.0","Europe","100.0"
"I4210123804","International Energy Research Centre","Ireland","IE","51.897796630859375","-8.483628273010254","facility","","Europe","24.11"
"I174135032","Bellevue College","United States","US","47.58536911010742","-122.1483154296875","education","100.0","North America","100.0"
"I4210109586","Moscow Institute of Thermal Technology","Russia","RU","55.75874710083008","37.61050033569336","facility","100.0","Europe","100.0"
"I4210152252","Kyung Hee University Hospital at Gangdong","South Korea","KR","37.55458831787109","127.15756225585938","healthcare","100.0","Asia","100.0"
"I4210109871","Khatam University","Iran","IR","35.69438934326172","51.4215087890625","education","100.0","Asia","100.0"
"I1281210470","CSIRO Oceans and Atmosphere","Australia","AU","-35.2834587097168","149.06495666503906","facility","100.0","Oceania","100.0"
"I143719379","Balochistan University of Information Technology, Engineering and Management Sciences","Pakistan","PK","30.268199920654297","66.94005584716797","education","100.0","Asia","100.0"
"I143804889","Loughborough University","United Kingdom","GB","52.76667022705078","-1.2000000476837158","education","100.0","Europe","100.0"
"I4210156733","Kingdom University","Bahrain","BH","26.13606834411621","50.58320617675781","education","974.0","Asia","70.62"
"I4210133377","Centre d'Imagerie BioMedicale","Switzerland","CH","46.52006912231445","6.570089817047119","facility","100.0","Europe","100.0"
"I4210089278","Universidade do Oeste Paulista","Brazil","BR","-22.132740020751957","-51.40255737304688","education","100.0","South America","100.0"
"I4401041622","Chengdu Technological University","","","30.66666984558105","104.0666732788086","education","744.0","","77.58"
"I36314861","Beirut Arab University","Lebanon","LB","33.89331817626953","35.50157165527344","education","100.0","Asia","100.0"
"I2799835767","Adeleke University","Nigeria","NG","7.736350059509277","4.435359954833984","education","","Africa","68.92"
"I4210095603","Vietnam Posts and Telecommunications Group (Vietnam)","Vietnam","VN","10.848355293273926","106.78604125976562","company","715.0","Asia","78.47"
"I11750234","University of Science and Culture","Iran","IR","35.749610900878906","51.33409881591797","education","100.0","Asia","100.0"
"I76407603","Kharkiv National Medical University","Ukraine","UA","49.98080825805664","36.25271987915039","education","100.0","Europe","100.0"
"I4210125748","First Hospital of Shanxi Medical University","China","CN","37.853458404541016","112.55622100830078","healthcare","100.0","Asia","100.0"
"I96413208","Swinburne University of Technology Sarawak Campus","Malaysia","MY","1.533398985862732","110.3570556640625","education","100.0","Asia","100.0"
"I36243813","Universidad Nacional de Colombia","Colombia","CO","4.609710216522217","-74.08174896240234","education","100.0","South America","100.0"
"I4210116615","Universidad Internacional De La Rioja","Spain","ES","42.46667098999024","-2.450000047683716","education","100.0","Europe","100.0"
"I4210139236","Ericsson (United States)","United States","US","33.07550430297852","-96.8325424194336","company","","North America","53.37"
"I1299204452","Oeschger Centre for Climate Change Research","Switzerland","CH","46.95048904418945","7.438118934631348","facility","100.0","Europe","100.0"
"I180437899","University of Bremen","Germany","DE","53.07582092285156","8.807169914245605","education","100.0","Europe","100.0"
"I4210108110","Mohamed I University","Morocco","MA","34.65137481689453","-1.8987619876861568","education","100.0","Africa","100.0"
"I2801798921","Helmholtz-Zentrum Dresden-Rossendorf","Germany","DE","51.0508918762207","13.738320350646973","facility","100.0","Europe","100.0"
"I2803209242","University of California System","United States","US","37.80437088012695","-122.2707977294922","education","100.0","North America","100.0"
"I42405503","Gifu University","Japan","JP","35.422908782958984","136.76039123535156","education","100.0","Asia","100.0"
"I4391767747","University of Constantine 3","","","36.24589920043945","6.5671000480651855","education","100.0","","100.0"
"I1516879","Tarbiat Modares University","Iran","IR","35.69438934326172","51.4215087890625","education","100.0","Asia","100.0"
"I4210101429","Enable Ireland","Ireland","IE","53.34883880615234","-6.262878894805908","nonprofit","","Europe","17.91"
"I4210117796","Ashesi University","Ghana","GH","5.761031150817871","-0.2198259979486465","education","","Africa","16.66"
"I4210103535","Kangbuk Samsung Hospital","South Korea","KR","37.56858825683594","126.96785736083984","healthcare","100.0","Asia","100.0"
"I148751991","Sogang University","South Korea","KR","37.56600189208984","126.97840118408205","education","100.0","Asia","100.0"
"I2802054198","Erasmus Hospital","Belgium","BE","50.8136100769043","4.266110897064209","healthcare","100.0","Europe","100.0"
"I887064364","University of Amsterdam","Netherlands","NL","52.37403106689453","4.889689922332764","education","55.0","Europe","100.0"
"I200763008","University of Giessen","Germany","DE","50.580509185791016","8.677087783813477","education","100.0","Europe","100.0"
"I205490536","Dongguk University","South Korea","KR","37.56600189208984","126.97840118408205","education","100.0","Asia","100.0"
"I158929114","Tokyo Medical University","Japan","JP","35.68949890136719","139.69171142578125","education","100.0","Asia","100.0"
"I8636806","University of Sousse","Tunisia","TN","35.82538986206055","10.63698959350586","education","100.0","Africa","100.0"
"I106645853","Changchun University of Science and Technology","China","CN","43.880001068115234","125.3227767944336","education","100.0","Asia","100.0"
"I4210145924","Cardiovascular Medical Group","United States","US","34.06908416748047","-118.40397644042967","healthcare","","North America","47.66"
"I61567134","University of Wisconsin–Superior","United States","US","46.71761703491211","-92.08734130859376","education","85.0","North America","74.83"
"I4210107808","NORCE Norwegian Research Centre","Norway","NO","60.39299011230469","5.324150085449219","facility","100.0","Europe","100.0"
"I2800056074","Smithsonian Conservation Biology Institute","United States","US","38.91817092895508","-78.19444274902344","facility","1.0","North America","100.0"
"I161597582","Recep Tayyip Erdoğan University","Turkey","TR","41.02082824707031","40.52193832397461","education","100.0","Asia","100.0"
"I4210089367","Valongo Observatory","Brazil","BR","-22.90641975402832","-43.18223190307617","facility","100.0","South America","100.0"
"I128559575","University of Ruhuna","Sri Lanka","LK","6.04610013961792","80.21029663085938","education","100.0","Asia","100.0"
"I23075662","Taibah University","Saudi Arabia","SA","24.480899810791016","39.5449447631836","education","100.0","Asia","100.0"
"I131579929","Mansfield University","United States","US","41.80680084228516","-77.07080078125","education","100.0","North America","100.0"
"I4210089242","Düsseldorf University Hospital","Germany","DE","51.19879913330078","6.789299964904785","healthcare","100.0","Europe","100.0"
"I4210125697","Arçelik (Turkey)","Turkey","TR","41.04819488525391","28.94092559814453","company","","Asia","28.48"
"I4210110242","Digital Science (United States)","United States","US","42.36968994140625","-71.07798767089844","company","100.0","North America","100.0"
"I4210128584","The Alan Turing Institute","United Kingdom","GB","51.50852966308594","-0.1257400065660476","facility","100.0","Europe","100.0"
"I4210097726","Huaian First People’s Hospital","China","CN","33.625526428222656","119.01870727539062","healthcare","100.0","Asia","100.0"
"I4210139777","Berlin Institute of Health at Charité - Universitätsmedizin Berlin","Germany","DE","52.52436828613281","13.410530090332031","facility","100.0","Europe","100.0"
"I4210142595","Maison des Sciences de l’Homme de Dijon","France","FR","47.31666946411133","5.016670227050781","facility","100.0","Europe","100.0"
"I151939572","Athlone Institute of Technology","Ireland","IE","53.42277908325195","-7.937220096588135","education","100.0","Europe","100.0"
"I4210116788","Maruyama Memorial General Hospital","Japan","JP","35.945682525634766","139.69570922851562","healthcare","","Asia","20.23"
"I4210112203","CECOS University","Pakistan","PK","33.956111907958984","71.43758392333984","education","777.0","Asia","76.58"
"I2802093357","Field Museum of Natural History","United States","US","41.85002899169922","-87.6500473022461","archive","100.0","North America","100.0"
"I197347611","Korea University","South Korea","KR","37.56600189208984","126.97840118408205","education","100.0","Asia","100.0"
"I4210126756","Vitalant","United States","US","39.72783660888672","-104.8888702392578","nonprofit","861.0","North America","74.04"
"I95634034","Gazi University","Turkey","TR","39.91986846923828","32.854270935058594","education","100.0","Asia","100.0"
"I4210126753","Abbott (Germany)","Germany","DE","50.04364013671875","8.354406356811523","company","100.0","Europe","100.0"
"I4210102411","National Institute of Pharmaceutical Education and Research","India","IN","23.234699249267575","72.68995666503906","government","100.0","Asia","100.0"
"I16337185","University of Sannio","Italy","IT","41.13069915771485","14.778160095214844","education","100.0","Europe","100.0"
"I69552723","University of Pretoria","South Africa","ZA","-25.74485969543457","28.18782997131348","education","100.0","Africa","100.0"
"I138728355","High Energy Accelerator Research Organization","Japan","JP","36.20000076293945","140.10000610351562","facility","100.0","Asia","100.0"
"I20616075","Qinghai Normal University","China","CN","36.62554168701172","101.75739288330078","education","100.0","Asia","100.0"
"I254421610","School of Pedagogical and Technological Education","Greece","GR","38.04999923706055","23.799999237060547","education","345.0","Europe","90.14"
"I129798099","The NorthCap University","India","IN","28.460100173950195","77.02635192871094","education","100.0","Asia","100.0"
"I67009956","Iran University of Science and Technology","Iran","IR","35.69438934326172","51.4215087890625","education","100.0","Asia","100.0"
"I4210145716","IDEAconsult","Bulgaria","BG","42.6259651184082","23.376190185546875","other","","Europe","17.67"
"I2802359038","Hospital Italiano de Buenos Aires","Argentina","AR","-34.60658264160156","-58.42499923706055","healthcare","100.0","South America","100.0"
"I247491477","Almaty University of Power Engineering and Telecommunications","Kazakhstan","KZ","43.23616027832031","76.93218231201172","education","927.0","Asia","72.06"
"I4387152923","Research Applications Laboratory","","","40.01499176025391","-105.2705535888672","facility","","","14.11"
"I4210142730","Centre Hospitalier de l’Université de Montréal","Canada","CA","45.50883865356445","-73.58780670166016","healthcare","100.0","North America","100.0"
"I19268510","Qualcomm (United Kingdom)","United Kingdom","GB","51.29653549194336","-0.7547379732131958","company","100.0","Europe","100.0"
"I91712215","Saarland University","Germany","DE","49.23262023925781","7.009819984436035","education","100.0","Europe","100.0"
"I4210137550","University of Arts in Belgrade","Serbia","RS","44.81828689575195","20.45063018798828","education","","Europe","53.96"
"I111483173","King University","United States","US","36.58729553222656","-82.15910339355469","education","17.0","North America","100.0"
"I4210166625","Huawei German Research Center","Germany","DE","48.1802864074707","11.533093452453612","facility","","Europe","39.58"
"I7877124","Charité - Universitätsmedizin Berlin","Germany","DE","52.52436828613281","13.410530090332031","other","100.0","Europe","100.0"
"I4210135990","Instituto de Instrumentación para Imagen Molecular","Spain","ES","39.47391128540039","-0.3796600103378296","facility","","Europe","54.61"
"I94624287","University of Twente","Netherlands","NL","52.21833038330078","6.895830154418945","education","100.0","Europe","100.0"
"I129994210","Doğuş University","Turkey","TR","41.01383972167969","28.94965934753418","education","100.0","Asia","100.0"
"I99165933","University of Gujrat","Pakistan","PK","32.57419967651367","74.0754165649414","education","100.0","Asia","100.0"
"I4210124286","The Military General Hospital of Beijing PLA","China","CN","39.94186019897461","116.46837615966795","healthcare","100.0","Asia","100.0"
"I4210152758","Institute of Atmospheric Physics","China","CN","39.907501220703125","116.39723205566406","facility","100.0","Asia","100.0"
"I159176309","Universität Hamburg","Germany","DE","53.55073165893555","9.993020057678224","education","100.0","Europe","100.0"
"I4210117673","Institut de Recherche en Informatique Fondamentale","France","FR","48.85340881347656","2.34879994392395","facility","","Europe","66.08"
"I90978372","Mahatma Gandhi Institute of Medical Sciences","India","IN","20.73928642272949","78.66092681884766","healthcare","100.0","Asia","100.0"
"I212220629","Peter the Great St. Petersburg Polytechnic University","Russia","RU","60.005516052246094","30.370201110839844","education","100.0","Europe","100.0"
"I15196421","University of Applied Sciences and Arts of Southern Switzerland","Switzerland","CH","46.01356887817383","8.911029815673828","education","100.0","Europe","100.0"
"I4210166174","Joint Research Center","Spain","ES","37.39506149291992","-6.0105719566345215","government","100.0","Europe","100.0"
"I4210142469","Health Data Research UK","United Kingdom","GB","51.50852966308594","-0.1257400065660476","nonprofit","100.0","Europe","100.0"
"I12213908","Ming Chi University of Technology","Taiwan","TW","25.047760009765625","121.53185272216795","education","100.0","Asia","100.0"
"I2801715042","Consolidated Contractors Company (Greece)","Greece","GR","38.04415512084961","23.80669212341309","company","","Europe","7.27"
"I2802457231","New Generation University College","Ethiopia","ET","9.01169490814209","38.783321380615234","education","100.0","Africa","100.0"
"I134118262","Lewis University","United States","US","41.60239028930664","-88.08045196533203","education","556.0","North America","83.27"
"I6820528","Alexander Fleming Biomedical Sciences Research Center","Greece","GR","37.98376083374024","23.727840423583984","facility","100.0","Europe","100.0"
"I16391192","Tel Aviv University","Israel","IL","32.11338806152344","34.802154541015625","education","100.0","Asia","100.0"
"I102786147","Dongseo University","South Korea","KR","35.14396286010742","129.01039123535156","education","100.0","Asia","100.0"
"I111950717","Macau University of Science and Technology","MO","MO","22.200559616088867","113.54611206054688","education","100.0","Other","100.0"
"I4210143087","Fujian Provincial Hospital","China","CN","26.061389923095703","119.3061065673828","healthcare","100.0","Asia","100.0"
"I4210156643","Harvard Global Health Institute","United States","US","42.375099182128906","-71.1056137084961","education","4.0","North America","100.0"
"I207547235","Benha University","Egypt","EG","30.471111297607425","31.18166732788086","education","100.0","Africa","100.0"
"I4210126673","Berry (United States)","United States","US","37.97001647949219","-87.57000732421875","company","","North America","66.32"
"I4210087053","Microsoft (Germany)","Germany","DE","48.126953125","11.59141731262207","company","","Europe","40.68"
"I5085271","Hanken School of Economics","Finland","FI","60.16952133178711","24.935449600219727","education","100.0","Europe","100.0"
"I50441567","Universitat de les Illes Balears","Spain","ES","39.56938934326172","2.650239944458008","education","100.0","Europe","100.0"
"I4210142061","International University for Science and Technology","Syria","SY","33.18282699584961","36.29596328735352","education","","Asia","10.36"
"I4210143550","Taylor's University","Malaysia","MY","3.043839931488037","101.58061981201172","education","100.0","Asia","100.0"
"I4210133503","Central University of Haryana","India","IN","28.269350051879883","76.15252685546875","education","100.0","Asia","100.0"
"I107720978","Ain Shams University","Egypt","EG","30.07691192626953","31.290681838989254","education","100.0","Africa","100.0"
"I140786321","Tibet University","China","CN","29.647321701049805","91.1466064453125","education","100.0","Asia","100.0"
"I4210111553","AISECT University","India","IN","23.13427352905273","77.5643081665039","education","","Asia","44.5"
"I164936912","The University of Texas at El Paso","United States","US","31.75872039794922","-106.48693084716795","education","100.0","North America","100.0"
"I4210145860","VASP Software (Austria)","Austria","AT","48.20848846435547","16.372079849243164","company","100.0","Europe","100.0"
"I4210108711","University Medical Center Hamburg-Eppendorf","Germany","DE","53.55073165893555","9.993020057678224","healthcare","100.0","Europe","100.0"
"I1342924430","LAC+USC Medical Center","United States","US","34.05939865112305","-118.20850372314452","healthcare","100.0","North America","100.0"
"I154425047","University of Alberta","Canada","CA","53.550140380859375","-113.46871185302734","education","100.0","North America","100.0"
"I858936495","ZHAW Zurich University of Applied Sciences","Switzerland","CH","47.505638122558594","8.724129676818848","education","100.0","Europe","100.0"
"I4210117754","Chinese Academy of Civil Aviation Science and Technology","China","CN","39.97494888305664","116.4100112915039","nonprofit","","Asia","61.5"
"I4210150756","AstraZeneca (United States)","United States","US","39.78590774536133","-75.54895782470703","company","100.0","North America","100.0"
"I89199228","Syngenta (Switzerland)","Switzerland","CH","47.55839157104492","7.573269844055176","company","100.0","Europe","100.0"
"I4387153582","University of Technology Nuremberg","","","49.45420837402344","11.077520370483398","education","","","5.12"
"I169251466","Xavier University of Louisiana","United States","US","29.95465087890625","-90.0750732421875","education","100.0","North America","100.0"
"I1331384533","University of Hawaii System","United States","US","21.30694007873535","-157.85833740234375","education","100.0","North America","100.0"
"I890469752","Ministry of Industry and Information Technology","China","CN","39.90782928466797","116.37926483154295","government","100.0","Asia","100.0"
"I103031861","Plekhanov Russian University of Economics","Russia","RU","55.752220153808594","37.61555862426758","education","100.0","Europe","100.0"
"I1284762954","Zhejiang A & F University","China","CN","23.6025505065918","102.83091735839844","education","100.0","Asia","100.0"
"I2802229882","University Hospital of Lausanne","Switzerland","CH","46.51599884033203","6.632820129394531","other","100.0","Europe","100.0"
"I107371206","Federal Institute of São Paulo","Brazil","BR","-23.52257537841797","-46.623046875","education","100.0","South America","100.0"
"I35928602","Kyung Hee University","South Korea","KR","37.59674835205078","127.05188751220705","education","100.0","Asia","100.0"
"I4210089692","Einstein Center Digital Future","Germany","DE","52.52436828613281","13.410530090332031","facility","","Europe","33.4"
"I4210155601","Innovative Research (United States)","United States","US","42.51345443725586","-83.50743103027344","company","100.0","North America","100.0"
"I4210148663","University of Applied Sciences Stralsund","Germany","DE","54.33906173706055","13.075521469116213","education","","Europe","69.22"
"I40179345","Odessa National Polytechnic University","Ukraine","UA","46.46055603027344","30.751388549804688","education","100.0","Europe","100.0"
"I1332139074","Ministry of Communications","Brazil","BR","-15.79670238494873","-47.8671875","government","","South America","35.02"
"I33851549","Coimbatore Medical College and Hospital","India","IN","11.029471397399902","77.02262115478516","education","100.0","Asia","100.0"
"I4210137518","Westmead Institute","Australia","AU","-33.80489730834961","150.98770141601562","facility","100.0","Oceania","100.0"
"I11039511","University of Bergamo","Italy","IT","45.69601058959961","9.66720962524414","education","100.0","Europe","100.0"
"I3129555431","University Hospital Regensburg","Germany","DE","49.01512908935547","12.10161018371582","healthcare","100.0","Europe","100.0"
"I56934997","Changsha University of Science and Technology","China","CN","28.095895767211918","112.98870849609376","education","100.0","Asia","100.0"
"I98677209","University of Edinburgh","United Kingdom","GB","55.95206069946289","-3.1964800357818604","education","22.0","Europe","100.0"
"I106542073","University of Calcutta","India","IN","22.57495880126953","88.36378479003906","education","100.0","Asia","100.0"
"I1344073410","Howard Hughes Medical Institute","United States","US","39.02183532714844","-77.15630340576172","facility","100.0","North America","100.0"
"I155093810","University of Idaho","United States","US","46.73239135742188","-117.00016784667967","education","100.0","North America","100.0"
"I32246829","Guangdong University of Education","China","CN","23.116670608520508","113.25","education","100.0","Asia","100.0"
"I4387152252","Xiamen Medical College","","","24.47978973388672","118.08187103271484","education","","","63.44"
"I4210157653","Institute of Mechanics","China","CN","39.907501220703125","116.39723205566406","facility","100.0","Asia","100.0"
"I15766117","University of Graz","Austria","AT","47.06666946411133","15.449999809265137","education","100.0","Europe","100.0"
"I36515993","Eastern Mediterranean University","Cyprus","CY","35.14571762084961","33.90707778930664","education","100.0","Europe","100.0"
"I4210101901","Instituto de Física Corpuscular","Spain","ES","39.502628326416016","-0.4407899975776672","facility","100.0","Europe","100.0"
"I100135526","BGI Group (China)","China","CN","22.54553985595703","114.06829833984376","company","100.0","Asia","100.0"
"I167056439","Medway School of Pharmacy","United Kingdom","GB","51.39720153808594","0.539451003074646","education","100.0","Europe","100.0"
"I132806614","University of Dubai","United Arab Emirates","AE","25.106380462646484","55.41429901123047","education","100.0","Asia","100.0"
"I4210123993","Van Lang University","Vietnam","VN","10.823019981384276","106.62964630126952","education","100.0","Asia","100.0"
"I172828483","University of Sri Jayewardenepura","Sri Lanka","LK","6.935480117797852","79.84867858886719","education","100.0","Asia","100.0"
"I4210134482","Nanjing Institute of Geography and Limnology","China","CN","32.061668395996094","118.77777862548828","facility","100.0","Asia","100.0"
"I154099455","Shandong University","China","CN","36.66833114624024","116.99722290039062","education","100.0","Asia","100.0"
"I40120149","University of Oxford","United Kingdom","GB","51.752220153808594","-1.2559599876403809","education","3.0","Europe","100.0"
"I13402291","Joanneum Research","Austria","AT","47.07402038574219","15.4548978805542","facility","100.0","Europe","100.0"
"I4210098699","Tzu Hui Institute of Technology","Taiwan","TW","22.488109588623047","120.49020385742188","facility","","Asia","25.9"
"I4210128622","The People's Hospital of LinXia","China","CN","35.60637664794922","103.2176742553711","healthcare","","Asia","42.43"
"I99682543","University of Minho","Portugal","PT","41.55031967163086","-8.420049667358398","education","100.0","Europe","100.0"
"I4210097403","Federal College of Education, Kano","Nigeria","NG","11.987342834472656","8.486507415771484","education","100.0","Africa","100.0"
"I2799903593","Georgetown University Medical Center","United States","US","38.895111083984375","-77.03636932373047","healthcare","100.0","North America","100.0"
"I4210160583","Ospedale Valduce","Italy","IT","45.81040191650391","9.087886810302734","healthcare","100.0","Europe","100.0"
"I901861585","Vanderbilt University Medical Center","United States","US","36.16588973999024","-86.78443908691406","healthcare","100.0","North America","100.0"
"I4210100430","Google (Switzerland)","Switzerland","CH","47.36558151245117","8.52480411529541","company","100.0","Europe","100.0"
"I4210127218","Center for Integrated Nanotechnologies","United States","US","35.08449172973633","-106.65113830566406","facility","100.0","North America","100.0"
"I96733725","Shanghai Maritime University","China","CN","31.22221946716309","121.45806121826172","education","100.0","Asia","100.0"
"I4210138162","Wuhan Red Cross Hospital","China","CN","30.614294052124023","114.272705078125","healthcare","","Asia","18.89"
"I98499257","Kalasalingam Academy of Research and Education","India","IN","9.512720108032228","77.6336898803711","education","100.0","Asia","100.0"
"I4210161462","Heilongjiang Institute of Technology","China","CN","45.785099029541016","126.68553161621094","education","100.0","Asia","100.0"
"I60837268","King Mongkut's University of Technology Thonburi","Thailand","TH","13.753979682922363","100.5014419555664","education","100.0","Asia","100.0"
"I10535382","Chongqing University of Posts and Telecommunications","China","CN","29.56026077270508","106.55770874023438","education","100.0","Asia","100.0"
"I36909309","National Institute of Technology Hamirpur","India","IN","31.71194076538086","76.93273162841797","education","100.0","Asia","100.0"
"I66514158","Hacettepe University","Turkey","TR","39.91986846923828","32.854270935058594","education","100.0","Asia","100.0"
"I4210110320","Institute of Philosophy and Sociology","Bulgaria","BG","42.697509765625","23.32415008544922","facility","","Europe","8.11"
"I4210120853","Univerzitet Union Nikola Tesla","Serbia","RS","44.80400848388672","20.46512985229492","education","100.0","Europe","100.0"
"I226983648","Narsee Monjee Institute of Management Studies","India","IN","19.072830200195312","72.88260650634766","education","100.0","Asia","100.0"
"I79765343","University of Vaasa","Finland","FI","63.09600067138672","21.61577033996582","education","100.0","Europe","100.0"
"I4391768210","State Key Laboratory for Structural Chemistry of Unstable and Stable Species","","","39.907501220703125","116.39723205566406","facility","100.0","","100.0"
"I2801039369","Marconi University","Italy","IT","41.91277694702149","12.393333435058594","education","100.0","Europe","100.0"
"I4210100923","Munster Technological University","Ireland","IE","51.89796829223633","-8.470609664916992","facility","100.0","Europe","100.0"
"I75390827","Beijing University of Chemical Technology","China","CN","39.907501220703125","116.39723205566406","education","100.0","Asia","100.0"
"I154347574","University of Rijeka","Croatia","HR","45.32672882080078","14.442410469055176","education","100.0","Europe","100.0"
"I106826634","Jain University","India","IN","12.94637393951416","77.57877349853516","education","100.0","Asia","100.0"
"I4210093566","National Institute for Subatomic Physics","Netherlands","NL","52.37403106689453","4.889689922332764","facility","100.0","Europe","100.0"
"I2802599571","India Meteorological Department","India","IN","28.63575935363769","77.22444915771484","government","100.0","Asia","100.0"
"I1309140791","Royal Netherlands Meteorological Institute","Netherlands","NL","52.11000061035156","5.180560111999512","other","100.0","Europe","100.0"
"I4210145659","Mayo Hospital","Pakistan","PK","31.571701049804688","74.31584930419922","healthcare","100.0","Asia","100.0"
"I158248296","Amirkabir University of Technology","Iran","IR","35.704345703125","51.40967559814453","education","100.0","Asia","100.0"
"I4210149301","AgriBio","Australia","AU","-37.72049331665039","145.04837036132812","facility","100.0","Oceania","100.0"
"I921716337","Northeast Petroleum University","China","CN","46.58332824707031","125.0","education","100.0","Asia","100.0"
"I96852419","Capital Normal University","China","CN","39.907501220703125","116.39723205566406","education","100.0","Asia","100.0"
"I22265921","National Central University","Taiwan","TW","24.968280792236328","121.19288635253906","education","100.0","Asia","100.0"
"I153976015","University of Ljubljana","Slovenia","SI","46.05107879638672","14.50512981414795","education","100.0","Europe","100.0"
"I60065076","Pacific Lutheran University","United States","US","47.25288009643555","-122.4442901611328","education","100.0","North America","100.0"
"I4210107237","King Salman Center for Disability Research","Saudi Arabia","SA","24.68773078918457","46.72185134887695","nonprofit","","Asia","26.29"
"I183519381","Capital Medical University","China","CN","39.907501220703125","116.39723205566406","education","100.0","Asia","100.0"
"I193291145","Schiller International University","France","FR","48.83730697631836","7.799991130828857","education","100.0","Europe","100.0"
"I1343190059","VRVis GmbH (Austria)","Austria","AT","48.20848846435547","16.372079849243164","company","","Europe","59.81"
"I37574244","Sichuan Agricultural University","China","CN","29.98521041870117","102.9990005493164","education","100.0","Asia","100.0"
"I4210141135","Hôpital du Sacré-Cœur de Montréal","Canada","CA","45.50883865356445","-73.58780670166016","healthcare","100.0","North America","100.0"
"I315704651","Leibniz Association","Germany","DE","52.52436828613281","13.410530090332031","other","100.0","Europe","100.0"
"I4210094697","Belgrade Open School","Serbia","RS","44.80744552612305","20.46336555480957","education","","Europe","17.58"
"I55215948","Tata Consultancy Services (India)","India","IN","18.519569396972656","73.8553466796875","company","100.0","Asia","100.0"
"I74775410","Rice University","United States","US","29.763280868530277","-95.36327362060548","education","100.0","North America","100.0"
"I190765188","Ambedkar University Delhi","India","IN","28.65195083618164","77.23149108886719","education","100.0","Asia","100.0"
"I1662191","University of Puerto Rico at Río Piedras","PR","PR","18.46632957458496","-66.10572052001953","education","100.0","Other","100.0"
"I4210104429","Institute of Cognitive and Brain Sciences","United States","US","40.760650634765625","-73.96905517578125","education","100.0","North America","100.0"
"I4210160699","Metis Design Corporation (United States)","United States","US","42.3655891418457","-71.0619888305664","company","","North America","10.6"
"I4210131980","Instituto de Olhos de Goiânia","Brazil","BR","-16.679712295532227","-49.2716178894043","healthcare","","South America","35.26"
"I4210158630","Kyiv University of Law","Ukraine","UA","50.44981002807617","30.45214462280273","education","","Europe","26.58"
"I4210143602","Chungnam National University Hospital","South Korea","KR","36.36922073364258","127.3449478149414","healthcare","100.0","Asia","100.0"
"I932239252","SASTRA University","India","IN","10.785229682922363","79.13909149169922","education","100.0","Asia","100.0"
"I1292875679","Commonwealth Scientific and Industrial Research Organisation","Australia","AU","-35.2834587097168","149.12806701660156","other","100.0","Oceania","100.0"
"I271457894","Universidad San Ignacio de Loyola","Peru","PE","-12.043180465698242","-77.02823638916016","education","100.0","South America","100.0"
"I87303767","U.S. Army Engineer Research and Development Center","United States","US","32.3526496887207","-90.87787628173828","facility","100.0","North America","100.0"
"I4210109004","Wuhan Pulmonary Hospital","China","CN","30.585750579833984","114.42169189453124","healthcare","100.0","Asia","100.0"
"I179225836","University of Augsburg","Germany","DE","48.33388900756836","10.898332595825195","education","100.0","Europe","100.0"
"I72600253","Malaysian Agricultural Research and Development Institute","Malaysia","MY","2.9907350540161133","101.7012939453125","government","100.0","Asia","100.0"
"I4210093821","Kaohsiung Chang Gung Memorial Hospital","Taiwan","TW","22.616260528564453","120.3133316040039","healthcare","100.0","Asia","100.0"
"I173268674","Texas A&M University System","United States","US","30.617265701293945","-96.33846282958984","education","100.0","North America","100.0"
"I47853400","Misr International University","Egypt","EG","30.171899795532227","31.49169921875","education","100.0","Africa","100.0"
"I79516672","University of Louisiana at Lafayette","United States","US","30.224090576171875","-92.01983642578124","education","100.0","North America","100.0"
"I4210161490","Viet Tri University of Industry","Vietnam","VN","21.31785011291504","105.39805603027344","education","","Asia","13.57"
"I3019271933","Nicolaus Copernicus University","Poland","PL","53.01374816894531","18.59814071655273","education","100.0","Europe","100.0"
"I4210141604","Stadtwerke Straubing (Germany)","Germany","DE","48.88300704956055","12.580644607543944","company","","Europe","21.84"
"I4392738231","State Key Laboratory of Automotive Simulation and Control","","","43.880001068115234","125.3227767944336","facility","100.0","","100.0"
"I41173762","Mawlana Bhashani Science and Technology University","Bangladesh","BD","23.710399627685547","90.40744018554688","education","100.0","Asia","100.0"
"I4210111875","Max Planck Institute for the Physics of Complex Systems","Germany","DE","51.02698516845703","13.716826438903809","facility","100.0","Europe","100.0"
"I76245029","Saints Cyril and Methodius University of Skopje","MK","MK","41.9964599609375","21.43140983581543","education","100.0","Other","100.0"
"I4210098317","Quansight (United States)","United States","US","30.251296997070312","-97.8936996459961","company","100.0","North America","100.0"
"I10091056","Kanazawa University","Japan","JP","36.59999847412109","136.61666870117188","education","100.0","Asia","100.0"
"I4401726862","St. Xavier's College (Autonomous)","","","8.716050148010254","77.76042938232422","education","100.0","","100.0"
"I2801518579","XinHua Hospital","China","CN","31.27400016784668","121.51699829101562","healthcare","100.0","Asia","100.0"
"I25485817","St. Pölten University of Applied Sciences","Austria","AT","48.20000076293945","15.633330345153809","education","100.0","Europe","100.0"
"I4210105825","BTI Biotechnology Institute","Spain","ES","42.8358268737793","-2.6981608867645264","facility","","Europe","46.46"
"I143578492","Asia University","Taiwan","TW","24.146900177001957","120.68389892578124","education","100.0","Asia","100.0"
"I4210131919","Xi'an University of Technology","China","CN","34.258331298828125","108.9286117553711","education","100.0","Asia","100.0"
"I2803079837","American University of the Middle East","Kuwait","KW","29.177780151367188","48.09471893310547","education","100.0","Asia","100.0"
"I4210112253","Honda (Germany)","Germany","DE","50.11692428588867","8.728092193603516","company","","Europe","66.72"
"I1308126019","National Oceanic and Atmospheric Administration","United States","US","38.895111083984375","-77.03636932373047","other","100.0","North America","100.0"
"I154970844","Jaypee Institute of Information Technology","India","IN","28.57999992370605","77.33000183105469","education","100.0","Asia","100.0"
"I135790613","National School of Political Science and Public Administration","Romania","RO","44.4322509765625","26.106260299682617","education","100.0","Europe","100.0"
"I2801880299","Translational Health Science and Technology Institute","India","IN","28.460100173950195","77.02635192871094","government","100.0","Asia","100.0"
"I184840846","Virginia Commonwealth University","United States","US","37.55376052856445","-77.46025848388672","education","100.0","North America","100.0"
"I4210086674","Nakladatelství Lidové Noviny (Czechia)","Czech Republic","CZ","50.07454299926758","14.45156192779541","company","","Europe","0.61"
"I185852735","University of Central Lancashire","United Kingdom","GB","53.762821197509766","-2.7045199871063232","education","100.0","Europe","100.0"
"I29199639","Hanoi University of Mining and Geology","Vietnam","VN","21.02449989318848","105.84117126464844","education","100.0","Asia","100.0"
"I2800192669","Akershus University Hospital","Norway","NO","59.95597076416016","11.049180030822754","healthcare","100.0","Europe","100.0"
"I4210121101","München Klinik","Germany","DE","48.184906005859375","11.576168060302734","healthcare","100.0","Europe","100.0"
"I1283532511","Kihara Institute for Biological Research","Japan","JP","35.405643463134766","139.5505828857422","facility","100.0","Asia","100.0"
"I138564716","Prince Mohammad bin Fahd University","Saudi Arabia","SA","26.27943992614746","50.20832824707031","education","100.0","Asia","100.0"
"I40279923","Islamic University","Bangladesh","BD","23.721200942993164","89.15039825439453","education","100.0","Asia","100.0"
"I135120706","University of Baghdad","Iraq","IQ","33.273887634277344","44.37749862670898","education","100.0","Asia","100.0"
"I4210131712","Oklahoma State University Oklahoma City","United States","US","35.47516632080078","-97.58203887939452","education","100.0","North America","100.0"
"I59179055","Shri Mata Vaishno Devi University","India","IN","32.9434928894043","74.95340728759766","education","100.0","Asia","100.0"
"I122534668","Marche Polytechnic University","Italy","IT","43.594200134277344","13.50337028503418","education","100.0","Europe","100.0"
"I123565023","Vietnam National University Ho Chi Minh City","Vietnam","VN","10.823019981384276","106.62964630126952","education","100.0","Asia","100.0"
"I6498739","Indian Statistical Institute","India","IN","22.56262969970703","88.363037109375","education","100.0","Asia","100.0"
"I66946132","University of Maryland, College Park","United States","US","38.98067092895508","-76.93692016601562","education","100.0","North America","100.0"
"I4210127216","Ministry of Transport","China","CN","39.90959930419922","116.42609405517578","government","100.0","Asia","100.0"
"I4210100133","Japan Anti Tuberculosis Association","Japan","JP","35.68949890136719","139.69171142578125","other","100.0","Asia","100.0"
"I4210157890","Neurological Surgery","United States","US","40.656349182128906","-73.65103149414062","healthcare","100.0","North America","100.0"
"I4387154816","R.M.D. Engineering College","","","13.08784008026123","80.27847290039062","education","100.0","","100.0"
"I36399199","Nanjing University of Science and Technology","China","CN","32.061668395996094","118.77777862548828","education","100.0","Asia","100.0"
"I83816512","University of Genoa","Italy","IT","44.404781341552734","8.944390296936035","education","100.0","Europe","100.0"
"I4210105946","Suan Sunandha Rajabhat University","Thailand","TH","13.77750015258789","100.51976776123048","education","100.0","Asia","100.0"
"I4210087849","University of Rwanda","RW","RW","-2.596669912338257","29.73944091796875","education","100.0","Other","100.0"
"I36001604","University of Peshawar","Pakistan","PK","34.007999420166016","71.5784912109375","education","100.0","Asia","100.0"
"I79510175","Cardiff University","United Kingdom","GB","51.47999954223633","-3.180000066757202","education","100.0","Europe","100.0"
"I4210146387","Guang’anmen Hospital","China","CN","39.89083099365234","116.3520278930664","healthcare","100.0","Asia","100.0"
"I4210153300","Shanghai Research Center for Wireless Communications","China","CN","31.21794891357422","121.4178695678711","facility","673.0","Asia","79.74"
"I210557978","Lunenfeld-Tanenbaum Research Institute","Canada","CA","43.65754318237305","-79.3907241821289","facility","100.0","North America","100.0"
"I4210151745","Public Citizen","United States","US","38.9116096496582","-77.04502868652344","nonprofit","","North America","57.52"
"I4693666","GGG (France)","France","FR","48.84217071533203","2.3219730854034424","company","100.0","Europe","100.0"
"I4210087663","Southeast Georgia Health System","United States","US","31.176475524902344","-81.48456573486328","healthcare","","North America","10.41"
"I238144855","Tokat Gaziosmanpaşa Üniversitesi","Turkey","TR","40.31388854980469","36.55443954467773","education","100.0","Asia","100.0"
"I4210148374","Tyréns (Sweden)","Sweden","SE","59.319366455078125","18.06905937194824","company","","Europe","10.81"
"I23632641","Shanghai University of Electric Power","China","CN","31.26193046569824","121.51904296875","education","100.0","Asia","100.0"
"I3145578848","Institute for Cognitive Science Studies","Iran","IR","35.700950622558594","51.35527420043945","facility","100.0","Asia","100.0"
"I2800060998","Government Sadiq College Women University","Pakistan","PK","29.397859573364254","71.68363952636719","education","933.0","Asia","71.87"
"I4210137227","Queen's Medical Centre","United Kingdom","GB","52.94359970092773","-1.1857000589370728","healthcare","100.0","Europe","100.0"
"I4210105654","World Health Organization","Switzerland","CH","46.20222091674805","6.145689964294434","other","100.0","Europe","100.0"
"I114972647","University of Jordan","Jordan","JO","31.955219268798828","35.945030212402344","education","100.0","Asia","100.0"
"I201969901","Bangabandhu Sheikh Mujib Medical University","Bangladesh","BD","23.739877700805664","90.39490509033205","education","100.0","Asia","100.0"
"I62856769","Saudi Aramco (United States)","United States","US","29.763280868530277","-95.36327362060548","company","100.0","North America","100.0"
"I162281398","University of Hartford","United States","US","41.76203918457031","-72.7420425415039","education","100.0","North America","100.0"
"I44314228","Universidade Salvador","Brazil","BR","-12.981649398803713","-38.466773986816406","education","100.0","South America","100.0"
"I4210144900","Phu Yen University","Vietnam","VN","13.103528022766112","109.30984497070312","education","","Asia","33.4"
"I909854389","London School of Economics and Political Science","United Kingdom","GB","51.50852966308594","-0.1257400065660476","education","45.0","Europe","100.0"
"I126427551","Damietta University","Egypt","EG","31.416479110717773","31.81332015991211","education","100.0","Africa","100.0"
"I1320354487","Target (United States)","United States","US","44.974979400634766","-93.27445220947266","company","100.0","North America","100.0"
"I167322064","Università degli Studi eCampus","Italy","IT","45.69807815551758","9.120739936828612","education","100.0","Europe","100.0"
"I83519826","Nanjing Medical University","China","CN","32.061668395996094","118.77777862548828","education","100.0","Asia","100.0"
"I84554738","Universidade Federal Rural do Semi-Árido","Brazil","BR","-5.1875","-37.34416961669922","education","100.0","South America","100.0"
"I119045251","Huaqiao University","China","CN","24.47978973388672","118.08187103271484","education","100.0","Asia","100.0"
"I2800640726","Miriam Hospital","United States","US","41.852325439453125","-71.39766693115234","healthcare","100.0","North America","100.0"
"I178574317","Mie University","Japan","JP","34.73332977294922","136.51666259765625","education","100.0","Asia","100.0"
"I4210137873","Fraunhofer Institute for Digital Medicine","Germany","DE","53.1010971069336","8.858412742614746","facility","100.0","Europe","100.0"
"I4400600948","Microsoft Research New England (United States)","United States","US","42.375099182128906","-71.1056137084961","company","","North America","60.55"
"I4210153468","Microsoft (Canada)","Canada","CA","43.61309814453125","-79.75391387939453","company","","North America","22.05"
"I3131353278","Minhaj University Lahore","Pakistan","PK","31.558000564575195","74.3507080078125","education","234.0","Asia","93.84"
"I56435720","Université Paris Dauphine-PSL","France","FR","48.85340881347656","2.34879994392395","education","100.0","Europe","100.0"
"I4210124175","Center for Astrophysics Harvard & Smithsonian","United States","US","42.375099182128906","-71.1056137084961","education","1.0","North America","100.0"
"I52353378","Laurentian University","Canada","CA","46.4900016784668","-80.9900131225586","education","100.0","North America","100.0"
"I4210155524","Laboratoire de Biologie du Développement de Villefranche-sur-Mer","France","FR","43.70391845703125","7.310880184173584","facility","100.0","Europe","100.0"
"I27837315","University of Michigan–Ann Arbor","United States","US","42.27756118774414","-83.74088287353516","education","33.0","North America","100.0"
"I3124489027","Samara National Research University","Russia","RU","53.20006942749024","50.150001525878906","education","100.0","Europe","100.0"
"I191879574","Inha University","South Korea","KR","37.45645904541016","126.70514678955078","education","100.0","Asia","100.0"
"I4210140884","National Cancer Institute","United States","US","38.98067092895508","-77.10025787353516","government","100.0","North America","100.0"
"I2801103871","Boston Latin Academy","United States","US","42.31678771972656","-71.08473205566406","education","","North America","10.27"
"I4210160035","Mita Hospital","Japan","JP","35.653831481933594","139.74240112304688","healthcare","1.0","Asia","100.0"
"I130218214","Indonesia University of Education","Indonesia","ID","-6.91707706451416","107.61603546142578","education","100.0","Asia","100.0"
"I4210090003","Portsmouth Hospitals NHS Trust","United Kingdom","GB","50.79898834228516","-1.091249942779541","healthcare","100.0","Europe","100.0"
"I4210137999","Energy Norway","Norway","NO","59.92877960205078","10.70828628540039","nonprofit","","Europe","14.05"
"I48843708","Pamukkale University","Turkey","TR","37.774169921875","29.087499618530277","education","100.0","Asia","100.0"
"I391668","Cheju Halla University","South Korea","KR","33.477821350097656","126.4747543334961","education","634.0","Asia","80.94"
"I4210149173","Institutum Iurisprudentiae, Academia Sinica","Taiwan","TW","25.04179573059082","121.61164093017578","facility","37.0","Asia","5.37"
"I4210114173","WuXi AppTec (United States)","United States","US","39.89315032958984","-75.1660385131836","company","","North America","14.07"
"I123387679","Uppsala University","Sweden","SE","59.85882186889648","17.63888931274414","education","100.0","Europe","100.0"
"I166427055","Xinjiang Agricultural University","China","CN","43.80096054077149","87.60045623779297","education","100.0","Asia","100.0"
"I2800129641","Great Ormond Street Hospital","United Kingdom","GB","51.50852966308594","-0.1257400065660476","healthcare","100.0","Europe","100.0"
"I4210094094","People 's Hospital of Jilin Province","China","CN","43.86918640136719","125.29930877685548","healthcare","","Asia","64.31"
"I3148997608","Institute for Systems Biology","United States","US","47.62245178222656","-122.33670806884766","nonprofit","100.0","North America","100.0"
"I4210101093","St. Joseph's Institute of Technology","India","IN","13.08784008026123","80.27847290039062","education","100.0","Asia","100.0"
"I874386039","Universidad Nacional de La Plata","Argentina","AR","-34.92145156860352","-57.95452880859375","education","100.0","South America","100.0"
"I4210156165","Lenovo (China)","China","CN","39.907501220703125","116.39723205566406","company","","Asia","67.79"
"I2801349156","University of Haripur","Pakistan","PK","33.72148132324219","73.04328918457031","education","100.0","Asia","100.0"
"I4210161065","Laboratoire de Traitement de l'Information Médicale","France","FR","48.39028930664063","-4.4862799644470215","facility","100.0","Europe","100.0"
"I11932220","Institució Catalana de Recerca i Estudis Avançats","Spain","ES","41.388790130615234","2.158989906311035","nonprofit","100.0","Europe","100.0"
"I51504820","San Jose State University","United States","US","37.33938980102539","-121.89495849609376","education","100.0","North America","100.0"
"I197907453","Akdeniz University","Turkey","TR","36.90811920166016","30.695560455322266","education","100.0","Asia","100.0"
"I160547875","Namangan State University","Uzbekistan","UZ","41.00380325317383","71.67464447021484","education","100.0","Asia","100.0"
"I4391768151","Toyota Research Institute","","","37.44187927246094","-122.1430206298828","facility","100.0","","100.0"
"I107639228","University of Notre Dame","United States","US","41.700191497802734","-86.23793029785156","education","100.0","North America","100.0"
"I2800220363","Open Group","United Kingdom","GB","51.4585075378418","-0.9700790047645568","other","","Europe","25.67"
"I180629606","University of Dubrovnik","Croatia","HR","42.64125061035156","18.10909080505371","education","100.0","Europe","100.0"
"I52035452","Jawaharlal Nehru Technological University Anantapur","India","IN","14.67784023284912","77.6081314086914","education","100.0","Asia","100.0"
"I4210166758","Bradford Teaching Hospitals NHS Foundation Trust","United Kingdom","GB","53.80537414550781","-1.7946690320968628","healthcare","100.0","Europe","100.0"
"I4210148648","Ziekenhuis Oost-Limburg","Belgium","BE","50.96500015258789","5.500820159912109","other","100.0","Europe","100.0"
"I4210155230","Samsung (China)","China","CN","31.19329643249512","121.43109893798828","company","","Asia","47.92"
"I4210097717","Don State Technical University","Russia","RU","47.237430572509766","39.71213150024414","education","100.0","Europe","100.0"
"I122411786","California Institute of Technology","United States","US","34.14778137207031","-118.14452362060548","education","15.0","North America","100.0"
"I133229071","Ardahan University","Turkey","TR","41.10871124267578","42.70222091674805","education","100.0","Asia","100.0"
"I114112103","Leibniz University Hannover","Germany","DE","52.37052154541016","9.733220100402832","education","100.0","Europe","100.0"
"I96823368","German University in Cairo","Egypt","EG","29.986507415771484","31.440906524658203","education","100.0","Africa","100.0"
"I4400573182","Universitas Amikom Yogyakarta","","","-7.801390171051025","110.3647232055664","education","100.0","","100.0"
"I4210147761","Bundesdruckerei (Germany)","Germany","DE","52.50749969482422","13.401389122009276","company","","Europe","11.15"
"I204730241","Université Paris Cité","France","FR","48.85340881347656","2.34879994392395","education","100.0","Europe","100.0"
"I4210120068","IBM Research - Australia","Australia","AU","-37.80183410644531","144.9669189453125","facility","","Oceania","51.68"
"I137533716","German Sport University Cologne","Germany","DE","50.93333053588867","6.949999809265137","education","100.0","Europe","100.0"
"I155660961","University of Turku","Finland","FI","60.45148086547852","22.26869010925293","education","100.0","Europe","100.0"
"I1307034911","North Bristol NHS Trust","United Kingdom","GB","51.45523071289063","-2.5966498851776123","healthcare","100.0","Europe","100.0"
"I4210113654","IBM (Canada)","Canada","CA","43.8668212890625","-79.26629638671875","company","590.0","North America","82.26"
"I4210128644","Atria","Netherlands","NL","52.36612319946289","4.892739772796631","archive","","Europe","10.7"
"I4210099853","Roland Institute of Pharmaceutical Sciences","India","IN","19.31353759765625","84.84017181396484","education","","Asia","53.62"
"I4210144275","Dhaka University of Engineering & Technology","Bangladesh","BD","24.018165588378903","90.41866302490234","education","100.0","Asia","100.0"
"I85461943","Saveetha University","India","IN","13.08784008026123","80.27847290039062","education","100.0","Asia","100.0"
"I4210130929","Abbès Laghrour University of Khenchela","Algeria","DZ","35.435829162597656","7.143330097198486","education","504.0","Africa","84.86"
"I4390039302","Rutgers Health","United States","US","40.73566055297852","-74.17237091064453","healthcare","132.0","North America","98.4"
"I4210111807","Center for Research in Molecular Medicine and Chronic Diseases","Spain","ES","42.87203598022461","-8.561888694763184","facility","100.0","Europe","100.0"
"I4210101486","Onze Lieve Vrouwziekenhuis Hospital","Belgium","BE","50.943885803222656","4.055221080780029","healthcare","100.0","Europe","100.0"
"I137616099","Tshwane University of Technology","South Africa","ZA","-25.74485969543457","28.18782997131348","education","100.0","Africa","100.0"
"I4210114217","National Institutes for Quantum and Radiological Science and Technology","Japan","JP","35.599998474121094","140.11666870117188","facility","37.0","Asia","100.0"
"I861853513","Sapienza University of Rome","Italy","IT","41.89192962646485","12.511329650878906","education","100.0","Europe","100.0"
"I2802709434","Rigshospitalet","Denmark","DK","55.67594146728516","12.565529823303224","healthcare","100.0","Europe","100.0"
"I161301626","Lehman College","United States","US","40.872501373291016","-73.89389038085938","education","100.0","North America","100.0"
"I4210117989","Direction de la Recherche Technologique","France","FR","45.17869186401367","5.714789867401123","government","100.0","Europe","100.0"
"I82767444","Universidad de Málaga","Spain","ES","36.72016143798828","-4.420340061187744","education","100.0","Europe","100.0"
"I4432739","University of Bergen","Norway","NO","60.39299011230469","5.324150085449219","education","100.0","Europe","100.0"
"I1327237609","Ministry of Education of the People's Republic of China","China","CN","39.907501220703125","116.39723205566406","other","100.0","Asia","100.0"
"I2802519937","Institut de Recherche en Informatique et Systèmes Aléatoires","France","FR","48.11198043823242","-1.6742899417877195","facility","100.0","Europe","100.0"
"I4210120169","First Affiliated Hospital of Kunming Medical University","China","CN","25.041654586791992","102.69325256347656","healthcare","100.0","Asia","100.0"
"I124326101","University of Teramo","Italy","IT","42.66122817993164","13.699009895324709","education","100.0","Europe","100.0"
"I4210161724","Centre for Family Medicine","Canada","CA","43.452449798583984","-80.4993896484375","healthcare","764.0","North America","76.99"
"I4390039299","Vanderbilt-Ingram Cancer Center","","","36.16588973999024","-86.78443908691406","healthcare","100.0","","100.0"
"I2802437833","Baycrest Hospital","Canada","CA","43.72997283935547","-79.43397521972656","healthcare","100.0","North America","100.0"
"I4210114445","Michigan Medicine","United States","US","42.27756118774414","-83.74088287353516","healthcare","100.0","North America","100.0"
"I142476485","École Polytechnique","France","FR","48.71828079223633","2.249799966812134","education","36.0","Europe","100.0"
"I4210121240","Institute of Astronomy","Russia","RU","55.7380485534668","37.628196716308594","facility","100.0","Europe","100.0"
"I115228651","Agency for Science, Technology and Research","Singapore","SG","1.2896699905395508","103.85006713867188","government","100.0","Asia","100.0"
"I51569856","Sultan Zainal Abidin University","Malaysia","MY","5.3302001953125","103.14080047607422","education","100.0","Asia","100.0"
"I150807315","Guangxi University","China","CN","22.816669464111328","108.3166732788086","education","100.0","Asia","100.0"
"I134705546","Teerthanker Mahaveer University","India","IN","28.838930130004883","78.77684020996094","education","100.0","Asia","100.0"
"I2722730","Inner Mongolia University","China","CN","40.8105583190918","111.6522216796875","education","100.0","Asia","100.0"
"I4210135640","Laboratoire de Biométrie et Biologie Evolutive","France","FR","45.76601028442383","4.879499912261963","facility","100.0","Europe","100.0"
"I65595360","Royal Roads University","Canada","CA","48.4359016418457","-123.35154724121094","education","100.0","North America","100.0"
"I2800965796","King Faisal Specialist Hospital & Research Centre","Saudi Arabia","SA","24.67235374450684","46.67415618896485","healthcare","100.0","Asia","100.0"
"I33858575","Nagoya City University","Japan","JP","35.18146896362305","136.90640258789062","education","100.0","Asia","100.0"
"I4210087059","Technology Innovation Institute","United Arab Emirates","AE","24.436887741088867","54.61338806152344","facility","100.0","Asia","100.0"
"I4210122547","Kumamoto University Hospital","Japan","JP","32.79609298706055","130.71189880371094","healthcare","100.0","Asia","100.0"
"I4210103986","Jingdong (China)","China","CN","39.78896713256836","116.5632095336914","company","100.0","Asia","100.0"
"I4210143228","Cancer Research UK Scotland Institute","United Kingdom","GB","55.86515045166016","-4.257629871368408","facility","100.0","Europe","100.0"
"I15823474","Linyi University","China","CN","35.06306076049805","118.34278106689452","education","100.0","Asia","100.0"
"I133837150","University of Huddersfield","United Kingdom","GB","53.64904022216797","-1.784160017967224","education","100.0","Europe","100.0"
"I414166113","Nanosystems Initiative Munich","Germany","DE","48.137428283691406","11.57548999786377","facility","100.0","Europe","100.0"
"I4210144727","Tallahassee Memorial HealthCare","United States","US","30.459619522094727","-84.26040649414062","healthcare","","North America","18.46"
"I2802041192","Grandview Medical Center","United States","US","39.770790100097656","-84.20317077636719","healthcare","","North America","25.37"
"I45294948","Post Graduate Institute of Medical Education and Research","India","IN","30.736289978027344","76.78839874267578","education","100.0","Asia","100.0"
"I4210088791","Victor Babeș University of Medicine and Pharmacy Timișoara","Romania","RO","45.753719329833984","21.225709915161133","education","100.0","Europe","100.0"
"I4210159510","Research Institute of Forests and Rangelands","Iran","IR","35.69438934326172","51.4215087890625","government","100.0","Asia","100.0"
"I4210117450","Federico II University Hospital","Italy","IT","40.86650085449219","14.220749855041504","healthcare","100.0","Europe","100.0"
"I3130697706","Da Nang University of Technology","Vietnam","VN","16.067779541015625","108.22083282470705","education","903.0","Asia","72.77"
"I154381313","Pibulsongkram Rajabhat University","Thailand","TH","16.829805374145508","100.20453643798828","education","","Asia","47.83"
"I37796252","Beijing University of Technology","China","CN","39.907501220703125","116.39723205566406","education","100.0","Asia","100.0"
"I204490172","Shiraz University of Technology","Iran","IR","29.58204841613769","52.579219818115234","education","100.0","Asia","100.0"
"I192619145","University of the Witwatersrand","South Africa","ZA","-26.2022705078125","28.043630599975582","education","100.0","Africa","100.0"
"I2277624104","Fondazione Bruno Kessler","Italy","IT","46.06787109375","11.12108039855957","facility","100.0","Europe","100.0"
"I154851008","Indian Institute of Technology Roorkee","India","IN","29.86214256286621","77.89672088623047","education","100.0","Asia","100.0"
"I1336263701","Centre for Human Genetics","United Kingdom","GB","51.752220153808594","-1.2559599876403809","facility","100.0","Europe","100.0"
"I190930483","Kyorin University","Japan","JP","35.70814895629883","139.3064727783203","education","100.0","Asia","100.0"
"I4210104358","St Olav's University Hospital","Norway","NO","63.43048858642578","10.395059585571287","healthcare","100.0","Europe","100.0"
"I7882870","University of Glasgow","United Kingdom","GB","55.86515045166016","-4.257629871368408","education","100.0","Europe","100.0"
"I135598925","Kyushu University","Japan","JP","33.599998474121094","130.4166717529297","education","100.0","Asia","100.0"
"I1326872476","Maimonides Medical Center","United States","US","40.639442443847656","-73.99861145019531","healthcare","100.0","North America","100.0"
"I119057318","Al-Qasemi Academic College of Education","Israel","IL","32.421958923339844","35.03400421142578","education","","Asia","42.25"
"I66760702","Council of Scientific and Industrial Research","India","IN","28.63575935363769","77.22444915771484","government","100.0","Asia","100.0"
"I55060895","University of Greenwich","United Kingdom","GB","51.50852966308594","-0.1257400065660476","education","100.0","Europe","100.0"
"I161346416","Jimei University","China","CN","24.47978973388672","118.08187103271484","education","100.0","Asia","100.0"
"I59130452","University of Nebraska Medical Center","United States","US","41.25625991821289","-95.9404296875","other","100.0","North America","100.0"
"I203899302","Universiti Teknologi Petronas","Malaysia","MY","4.584099769592285","101.08290100097656","education","100.0","Asia","100.0"
"I75971999","Centre for Science and Environment","India","IN","28.515419006347656","77.24103546142578","nonprofit","100.0","Asia","100.0"
"I4210137046","Inte:Ligand (Austria)","Austria","AT","48.09946823120117","16.259044647216797","company","","Europe","11.21"
"I4210166946","Imaging Center","United States","US","41.04059219360352","-85.24008178710938","healthcare","100.0","North America","100.0"
"I4210155764","Islamic Azad University, Dezful Branch","Iran","IR","32.40367889404297","48.37700653076172","education","265.0","Asia","92.83"
"I129871486","Oregon Institute of Technology","United States","US","42.22486877441406","-121.78166961669922","education","100.0","North America","100.0"
"I174216632","City University of New York","United States","US","40.71427154541016","-74.00596618652344","education","100.0","North America","100.0"
"I4210156703","The Faraday Institution","United Kingdom","GB","51.60927963256836","-1.2421400547027588","nonprofit","100.0","Europe","100.0"
"I3131708325","University of Liberal Arts Bangladesh","Bangladesh","BD","23.741004943847656","90.37438201904295","education","","Asia","57.41"
"I4210135742","Shanghai First People's Hospital","China","CN","31.22221946716309","121.45806121826172","healthcare","100.0","Asia","100.0"
"I89864525","Universität Trier","Germany","DE","49.75564956665039","6.639349937438965","education","100.0","Europe","100.0"
"I4387155678","Centre Régional des Métiers de l'Éducation et de la Formation Casablanca-Settat","","","33.58831024169922","-7.611380100250244","education","","","5.96"
"I1297971548","International Computer Science Institute","United States","US","37.87158966064453","-122.2727508544922","nonprofit","100.0","North America","100.0"
"I4392738095","Ardakan University","","","32.31000900268555","54.01747131347656","education","","","67.5"
"I891860020","Federal University of Petroleum Resource Effurun","Nigeria","NG","5.517370223999023","5.750060081481934","education","100.0","Africa","100.0"
"I301324184","Xavier School of Management","India","IN","22.813364028930664","86.19070434570312","education","237.0","Asia","93.74"
"I91633459","Middle East University","Jordan","JO","31.809757232666016","35.919830322265625","education","100.0","Asia","100.0"
"I505182","National Textile University","Pakistan","PK","31.463119506835938","73.14826965332031","education","100.0","Asia","100.0"
"I2801707353","Ahmet Yesevi University","Kazakhstan","KZ","43.2890853881836","68.30187225341797","education","100.0","Asia","100.0"
"I1316535847","Beth Israel Deaconess Medical Center","United States","US","42.339786529541016","-71.10518646240234","healthcare","100.0","North America","100.0"
"I4210092032","China Institute of Water Resources and Hydropower Research","China","CN","39.907501220703125","116.39723205566406","facility","100.0","Asia","100.0"
"I28792581","University of Rochester Medical Center","United States","US","43.154781341552734","-77.61556243896484","other","100.0","North America","100.0"
"I1292842697","Environmental Systems Research Institute (United States)","United States","US","34.05609130859375","-117.19568634033205","company","850.0","North America","74.38"
"I4210152641","Bernstein Center for Computational Neuroscience Berlin","Germany","DE","52.52436828613281","13.410530090332031","government","100.0","Europe","100.0"
"I86695891","Australian Catholic University","Australia","AU","-27.378023147583008","153.0888671875","education","100.0","Oceania","100.0"
"I4210123799","Hue University of Agriculture and Forestry","Vietnam","VN","16.47754669189453","107.5718231201172","education","","Asia","42.71"
"I4210149788","Heriot-Watt University Dubai","United Arab Emirates","AE","25.129579544067383","55.4164924621582","education","","Asia","42.94"
"I59361560","Instituto Politécnico Nacional","Mexico","MX","19.501558303833008","-99.1376724243164","education","100.0","North America","100.0"
"I4210145647","Fraunhofer Institute for Cell Therapy and Immunology","Germany","DE","51.33961868286133","12.37129020690918","facility","100.0","Europe","100.0"
"I124727415","University of Wisconsin–Eau Claire","United States","US","44.7989501953125","-91.49934387207033","education","85.0","North America","100.0"
"I4210125099","Mayo Clinic in Arizona","United States","US","33.50920867919922","-111.89903259277344","healthcare","100.0","North America","100.0"
"I9694494","Parul University","India","IN","22.299409866333008","73.20812225341797","education","100.0","Asia","100.0"
"I121934306","Tufts University","United States","US","42.41843032836914","-71.10616302490234","education","100.0","North America","100.0"
"I4210157027","International Center for Advanced Studies","Argentina","AR","-34.58104705810547","-58.52312469482422","facility","","South America","39.4"
"I20497027","Cochin University of Science and Technology","India","IN","9.93988037109375","76.26022338867188","education","100.0","Asia","100.0"
"I4210151791","Genomics (United Kingdom)","United Kingdom","GB","51.75258255004883","-1.2669517993927002","company","100.0","Europe","100.0"
"I4210119869","Laboratoire de Physique Théorique et Hautes Energies","France","FR","48.85340881347656","2.34879994392395","facility","100.0","Europe","100.0"
"I163340411","Hohai University","China","CN","32.061668395996094","118.77777862548828","education","100.0","Asia","100.0"
"I199143407","Sunchon National University","South Korea","KR","34.9701042175293","127.48014068603516","education","100.0","Asia","100.0"
"I2802751956","University of the Arts Utrecht","Netherlands","NL","52.22011184692383","5.190790176391602","education","","Europe","36.86"
"I98834328","Wuyi University","China","CN","28.00473022460937","117.8113784790039","education","100.0","Asia","100.0"
"I125989756","Skolkovo Institute of Science and Technology","Russia","RU","55.68451690673828","37.3403434753418","education","100.0","Europe","100.0"
"I4403386716","Melbourne Polytechnic","Australia","AU","-37.81399917602539","144.96331787109375","education","","Oceania","15.3"
"I4210158898","MRC Institute of Genetics and Molecular Medicine","United Kingdom","GB","55.96256637573242","-3.232027053833008","facility","100.0","Europe","100.0"
"I1313416372","US Forest Service","United States","US","38.895111083984375","-77.03636932373047","government","100.0","North America","100.0"
"I4210131061","Zhejiang Provincial People's Hospital","China","CN","30.15974235534668","120.26036834716795","healthcare","100.0","Asia","100.0"
"I4210092101","Shanghai Children's Medical Center","China","CN","31.20522117614746","121.52367401123048","healthcare","100.0","Asia","100.0"
"I2801036362","Agency for Defense Development","South Korea","KR","36.42396926879883","127.31591796875","government","100.0","Asia","100.0"
"I98220444","Michael Okpara University of Agriculture","Nigeria","NG","5.472984790802002","7.547956943511963","education","100.0","Africa","100.0"
"I277688954","Université Paris-Saclay","France","FR","48.68333053588867","2.133330106735229","education","100.0","Europe","100.0"
"I24571045","University of North Dakota","United States","US","47.92219924926758","-97.07340240478516","education","100.0","North America","100.0"
"I136199984","Harvard University","United States","US","42.375099182128906","-71.1056137084961","education","4.0","North America","100.0"
"I112713213","Université Gaston Berger","SN","SN","16.06410026550293","-16.42534828186035","education","100.0","Other","100.0"
"I43579087","University of Wisconsin–Milwaukee","United States","US","43.03889846801758","-87.9064712524414","education","85.0","North America","100.0"
"I75059550","Zhejiang Gongshang University","China","CN","30.293649673461918","120.1614227294922","education","100.0","Asia","100.0"
"I4210131924","Hellenic Centre for Marine Research","Greece","GR","37.73413848876953","23.94388961791992","facility","100.0","Europe","100.0"
"I161878677","Austrian Research Institute for Artificial Intelligence","Austria","AT","48.21223449707031","16.36421775817871","facility","543.0","Europe","83.67"
"I57629906","Nile University","Egypt","EG","30.06262969970703","31.249670028686523","education","100.0","Africa","100.0"
"I4210095198","Universidad Politécnica de Pachuca","Mexico","MX","19.4442195892334","-96.40773010253906","education","","North America","61.74"
"I188329596","University of Canberra","Australia","AU","-35.2834587097168","149.12806701660156","education","100.0","Oceania","100.0"
"I4210102282","Universidad de Las Américas","Ecuador","EC","-0.2298499941825866","-78.52494812011719","education","100.0","South America","100.0"
"I185492890","University of Canterbury","New Zealand","NZ","-43.533329010009766","172.63333129882812","education","100.0","Oceania","100.0"
"I84884186","Newcastle University","United Kingdom","GB","54.97328186035156","-1.613960027694702","education","100.0","Europe","100.0"
"I4210092442","Ipsos (United States)","United States","US","40.74229431152344","-73.98554992675781","company","","North America","19.04"
"I195444995","Aichi Gakuin University","Japan","JP","35.18146896362305","136.90640258789062","education","100.0","Asia","100.0"
"I180726961","Shenzhen University","China","CN","22.54553985595703","114.06829833984376","education","100.0","Asia","100.0"
"I4210142260","Max Planck Institute for Molecular Genetics","Germany","DE","52.44444274902344","13.272777557373049","facility","100.0","Europe","100.0"
"I4210105229","City University of Hong Kong, Shenzhen Research Institute","China","CN","22.54553985595703","114.06829833984376","education","27.0","Asia","100.0"
"I4210121980","École Normale Supérieure de l'Enseignement Technique de Mohammedia","Morocco","MA","33.70534133911133","-7.360729217529297","education","100.0","Africa","100.0"
"I4210135278","Indiana University East","United States","US","39.86709976196289","-84.88618469238281","education","","North America","29.37"
"I4210119028","Beijing Anzhen Hospital","China","CN","39.973854064941406","116.40202331542967","healthcare","100.0","Asia","100.0"
"I332035737","National Institute for Health and Care Excellence","United Kingdom","GB","53.48029708862305","-2.238239049911499","government","100.0","Europe","100.0"
"I1315288073","Cliniques Universitaires Saint-Luc","Belgium","BE","50.85044860839844","4.348780155181885","healthcare","100.0","Europe","100.0"
"I185103710","University of California, Santa Cruz","United States","US","36.97412109375","-122.03079986572266","education","100.0","North America","100.0"
"I4210154188","Laboratoire d'Océanographie et du Climat : Expérimentations et Approches Numériques","France","FR","48.85340881347656","2.34879994392395","facility","100.0","Europe","100.0"
"I4210120842","Shenyang Institute of Computing Technology (China)","China","CN","41.71888732910156","123.35528564453124","company","","Asia","59.38"
"I4387152206","All India Institute of Medical Sciences Rishikesh","India","IN","30.10778045654297","78.29254913330078","government","100.0","Asia","100.0"
"I28221208","Institut National des Sciences Appliquées de Rennes","France","FR","48.11198043823242","-1.6742899417877195","education","100.0","Europe","100.0"
"I4210117728","Center For Remote Sensing (United States)","United States","US","38.8640022277832","-77.33023834228516","company","100.0","North America","100.0"
"I88761825","Korea University of Science and Technology","South Korea","KR","36.38636779785156","127.36930084228516","education","100.0","Asia","100.0"
"I4210149908","Erasmus MC Cancer Institute","Netherlands","NL","51.92250061035156","4.479169845581055","healthcare","100.0","Europe","100.0"
"I4210096112","Rutgers Sexual and Reproductive Health and Rights","Netherlands","NL","52.08233642578125","5.117863178253174","other","100.0","Europe","100.0"
"I4210145929","Lagos State Health Service Commission","Nigeria","NG","6.448729991912842","3.397052049636841","government","100.0","Africa","100.0"
"I16269868","Santa Clara University","United States","US","37.35411071777344","-121.95523834228516","education","100.0","North America","100.0"
"I145872427","Radboud University Nijmegen","Netherlands","NL","51.84249877929688","5.852779865264893","education","100.0","Europe","100.0"
"I16820183","Illinois College","United States","US","39.73082733154297","-90.24625396728516","education","100.0","North America","100.0"
"I4210099446","Huadong Hospital","China","CN","31.21829414367676","121.44154357910156","healthcare","100.0","Asia","100.0"
"I4388446393","Institut de Recerca Sant Joan de Déu","","","41.388790130615234","2.158989906311035","facility","100.0","","100.0"
"I4401727009","Sensetime (China)","China","CN","39.907501220703125","116.39723205566406","company","","Asia","4.18"
"I160992636","Toyota Technological Institute at Chicago","United States","US","41.78468704223633","-87.5922622680664","education","100.0","North America","100.0"
"I27599042","Xi'an Polytechnic University","China","CN","34.258331298828125","108.9286117553711","education","100.0","Asia","100.0"
"I4210111408","Kuwait College of Science and Technology","Kuwait","KW","29.36972045898437","47.978328704833984","education","147.0","Asia","97.63"
"I177233841","Vietnam National University, Hanoi","Vietnam","VN","21.02449989318848","105.84117126464844","education","100.0","Asia","100.0"
"I4210112962","York University","United States","US","40.86806869506836","-97.59200286865234","education","39.0","North America","100.0"
"I2800015068","VA NY Harbor Healthcare System","United States","US","40.73686981201172","-73.97705078125","healthcare","100.0","North America","100.0"
"I4391767758","State Key Laboratory of Drug Research","","","31.22221946716309","121.45806121826172","facility","","","19.52"
"I4210154929","He Eye Hospital","China","CN","41.88211441040039","123.41470336914062","healthcare","100.0","Asia","100.0"
"I4210142658","Naif Arab University for Security Sciences","Saudi Arabia","SA","24.68773078918457","46.72185134887695","education","","Asia","37.23"
"I4210090436","Hospital Universitario Virgen Macarena","Spain","ES","37.38283157348633","-5.973169803619385","healthcare","100.0","Europe","100.0"
"I923305593","Ziauddin University","Pakistan","PK","24.927623748779297","67.04139709472656","education","100.0","Asia","100.0"
"I4210091745","Eskişehir City Hospital","Turkey","TR","39.75118255615234","30.59086036682129","healthcare","100.0","Asia","100.0"
"I201164356","Red River College","Canada","CA","49.91833114624024","-97.21083068847656","education","","North America","14.11"
"I78577930","Columbia University","United States","US","40.71427154541016","-74.00596618652344","education","23.0","North America","100.0"
"I8408910","Cardiff Metropolitan University","United Kingdom","GB","51.47999954223633","-3.180000066757202","education","100.0","Europe","100.0"
"I114845381","National Institute of Technology Calicut","India","IN","11.24802017211914","75.78040313720703","education","100.0","Asia","100.0"
"I76835614","University of Missouri","United States","US","38.95170974731445","-92.33406829833984","education","100.0","North America","100.0"
"I4210161807","Taizhou Vocational and Technical College","China","CN","28.65235137939453","121.40167999267578","education","100.0","Asia","100.0"
"I4210106773","Public Health Authority of the Slovak Republic","Slovakia","SK","48.16275405883789","17.144996643066406","healthcare","","Europe","37.84"
"I86467917","James Cook University","Australia","AU","-19.26638984680176","146.80569458007812","education","100.0","Oceania","100.0"
"I4210134991","Tokyo Women's Medical University Adachi Medical Center","Japan","JP","35.68949890136719","139.69171142578125","healthcare","100.0","Asia","100.0"
"I173304897","Universidad de Granada","Spain","ES","37.18817138671875","-3.6066699028015137","education","100.0","Europe","100.0"
"I138898306","Reichman University","Israel","IL","32.1662712097168","34.82535934448242","education","100.0","Asia","100.0"
"I23277345","Berlin-Brandenburg Academy of Sciences and Humanities","Germany","DE","52.52436828613281","13.410530090332031","education","597.0","Europe","82.06"
"I42766147","University of Toyama","Japan","JP","36.70000076293945","137.2166748046875","education","100.0","Asia","100.0"
"I4210145466","Universidad Nacional Abierta y a Distancia","Colombia","CO","4.609710216522217","-74.08174896240234","education","100.0","South America","100.0"
"I165441096","National Health Research Institutes","Taiwan","TW","24.80360984802246","120.96861267089844","nonprofit","100.0","Asia","100.0"
"I55021457","World Agroforestry Centre","Kenya","KE","-1.283329963684082","36.81666946411133","nonprofit","100.0","Africa","100.0"
"I4210112283","Istituto Nazionale di Fisica Nucleare, Sezione di Bari","Italy","IT","41.12065887451172","16.86981964111328","facility","9.0","Europe","100.0"
"I4210156709","ASST Fatebenefratelli Sacco","Italy","IT","45.51825714111328","9.119808197021484","healthcare","100.0","Europe","100.0"
"I2801816099","Women's College Hospital","Canada","CA","43.66168594360352","-79.38749694824219","healthcare","100.0","North America","100.0"
"I181653535","San Diego Supercomputer Center","United States","US","32.7157096862793","-117.16471862792967","facility","100.0","North America","100.0"
"I4210150208","Molecular Oncology (United States)","United States","US","39.14390563964844","-77.2022476196289","company","100.0","North America","100.0"
"I2803004286","Taipei Veterans General Hospital","Taiwan","TW","25.047760009765625","121.53185272216795","healthcare","100.0","Asia","100.0"
"I1282311441","Lawrence Livermore National Laboratory","United States","US","37.68186950683594","-121.76801300048828","facility","100.0","North America","100.0"
"I34771391","University of Cyprus","Cyprus","CY","35.17530822753906","33.364200592041016","education","100.0","Europe","100.0"
"I4210124956","Grenoble Images Parole Signal Automatique","France","FR","45.17869186401367","5.714789867401123","facility","100.0","Europe","100.0"
"I931278978","College of Business Administration","Latvia","LV","56.95927429199219","24.10818862915039","education","100.0","Europe","100.0"
"I4210150907","Land Consolidation and Rehabilitation Center","China","CN","39.93696975708008","116.36498260498048","other","100.0","Asia","100.0"
"I2614128279","Dalle Molle Institute for Artificial Intelligence Research","Switzerland","CH","46.01007843017578","8.960040092468262","facility","100.0","Europe","100.0"
"I4210162004","New England Research (United States)","United States","US","43.69302368164063","-72.31242370605469","company","100.0","North America","100.0"
"I4210124799","Azienda Ospedaliero-Universitaria Cagliari","Italy","IT","39.22129821777344","9.112749099731444","healthcare","476.0","Europe","85.77"
"I35340524","Central University of Kerala","India","IN","12.498379707336426","74.98959350585938","education","100.0","Asia","100.0"
"I172446870","University of Cagliari","Italy","IT","39.23054122924805","9.119170188903809","education","100.0","Europe","100.0"
"I4210163796","Pudong New Area People's Hospital","China","CN","31.18958854675293","121.70374298095705","healthcare","100.0","Asia","100.0"
"I4387154394","National Kaohsiung University of Science and Technology","","","22.616260528564453","120.3133316040039","education","100.0","","100.0"
"I84524832","Alexandria University","Egypt","EG","31.201759338378903","29.91581916809082","education","100.0","Africa","100.0"
"I80849659","National Institute for Space Research","Brazil","BR","-23.17943954467773","-45.886940002441406","facility","100.0","South America","100.0"
"I279976351","University of Donja Gorica","ME","ME","42.417667388916016","19.202760696411133","education","","Other","34.63"
"I183764125","Technical University of Košice","Slovakia","SK","48.71395111083984","21.258079528808597","education","100.0","Europe","100.0"
"I4210162014","Indian Institute of Management Ranchi","India","IN","23.34316062927246","85.30940246582031","education","629.0","Asia","81.09"
"I195024194","Riphah International University","Pakistan","PK","33.59732818603516","73.04789733886719","education","100.0","Asia","100.0"
"I111398093","Kozminski University","Poland","PL","52.22977066040039","21.01177978515625","education","100.0","Europe","100.0"
"I2799980853","Korea University Medical Center","South Korea","KR","37.56600189208984","126.97840118408205","healthcare","100.0","Asia","100.0"
"I4210108113","Yango University","China","CN","26.00472068786621","119.44978332519533","education","","Asia","58.05"
"I4210160192","Consorci Institut D'Investigacions Biomediques August Pi I Sunyer","Spain","ES","41.388790130615234","2.158989906311035","facility","100.0","Europe","100.0"
"I69716792","Mirpur University of Science and Technology","Pakistan","PK","33.15065383911133","73.74519348144531","education","100.0","Asia","100.0"
"I4210106122","Southern Marine Science and Engineering Guangdong Laboratory (Guangzhou)","China","CN","23.116670608520508","113.25","facility","100.0","Asia","100.0"
"I4076070","Bharathidasan University","India","IN","10.815500259399414","78.6965103149414","education","100.0","Asia","100.0"
"I4210138609","George Institute for Global Health","India","IN","28.53741455078125","77.28691864013672","nonprofit","100.0","Asia","100.0"
"I4210143795","AstraZeneca (Sweden)","Sweden","SE","59.56682205200195","17.553089141845703","company","100.0","Europe","100.0"
"I4210092323","Nello Carrara Institute of Applied Physics","Italy","IT","43.81770324707031","11.200468063354492","facility","100.0","Europe","100.0"
"I4210135200","Institute of Geophysics","Poland","PL","52.24630355834961","20.939533233642575","facility","100.0","Europe","100.0"
"I291863076","University of Energy and Natural Resources","Ghana","GH","7.350450992584228","-2.343094110488892","education","100.0","Africa","100.0"
"I4210154425","Centre Hospitalier Universitaire de Saint-Pierre","Belgium","BE","50.85044860839844","4.348780155181885","healthcare","100.0","Europe","100.0"
"I4210098947","National Institute of Science and Technology","India","IN","19.31151008605957","84.79290008544922","education","665.0","Asia","79.97"
"I132586189","Zhongyuan University of Technology","China","CN","34.75777816772461","113.64861297607422","education","100.0","Asia","100.0"
"I183638586","Parthenope University of Naples","Italy","IT","40.8521614074707","14.268110275268556","education","100.0","Europe","100.0"
"I32915989","University of the Ryukyus","Japan","JP","26.33583068847656","127.8013916015625","education","100.0","Asia","100.0"
"I4210166499","Henan Polytechnic University","China","CN","35.23971939086914","113.23306274414062","education","100.0","Asia","100.0"
"I47639616","Centurion University of Technology and Management","India","IN","20.272409439086918","85.83384704589844","education","100.0","Asia","100.0"
"I16609230","Hunan University","China","CN","28.198740005493164","112.97087097167967","education","100.0","Asia","100.0"
"I134626604","Jiujiang University","China","CN","29.72126007080078","115.9988250732422","education","100.0","Asia","100.0"
"I4210095996","IBM (Germany)","Germany","DE","48.68212127685547","9.011710166931152","company","917.0","Europe","72.36"
"I111455621","Queens College, CUNY","United States","US","40.71427154541016","-74.00596618652344","education","100.0","North America","100.0"
"I250383648","Izmir Kâtip Çelebi University","Turkey","TR","38.4127311706543","27.13838005065918","education","100.0","Asia","100.0"
"I4210105419","Lahore Garrison University","Pakistan","PK","31.464006423950195","74.442626953125","education","100.0","Asia","100.0"
"I7478328","Waterford Institute of Technology","Ireland","IE","52.258331298828125","-7.111939907073975","nonprofit","100.0","Europe","100.0"
"I4210148790","Hangzhou First People's Hospital","China","CN","30.25476837158203","120.1666030883789","healthcare","100.0","Asia","100.0"
"I129902397","Dalhousie University","Canada","CA","44.6426887512207","-63.576881408691406","education","100.0","North America","100.0"
"I1850255","University of Basel","Switzerland","CH","47.55839157104492","7.573269844055176","education","100.0","Europe","100.0"
"I70908550","Anhui Polytechnic University","China","CN","31.35259056091309","118.4294662475586","education","100.0","Asia","100.0"
"I24201400","Chengdu University of Information Technology","China","CN","30.66666984558105","104.0666732788086","education","100.0","Asia","100.0"
"I4210088243","National Institute of Biomedical Imaging and Bioengineering","United States","US","39.001556396484375","-77.10059356689453","facility","100.0","North America","100.0"
"I169381384","University of Groningen","Netherlands","NL","53.21944427490234","6.5629658699035645","education","100.0","Europe","100.0"
"I3132180716","Larbi Ben M'hidi University of Oum El Bouaghi","Algeria","DZ","35.87540817260742","7.113530158996582","education","100.0","Africa","100.0"
"I169090423","Tunghai University","Taiwan","TW","24.177961349487305","120.6036605834961","education","100.0","Asia","100.0"
"I4210116194","NHS Forth Valley","United Kingdom","GB","56.13623046875","-3.962088108062744","healthcare","","Europe","51.36"
"I160932699","Al-Quds Open University","Palestine","PS","31.921222686767575","35.20754623413086","education","","Asia","37.61"
"I83863532","Polytechnic Institute of Porto","Portugal","PT","41.14960861206055","-8.610989570617676","education","100.0","Europe","100.0"
"I102208913","Shihezi University","China","CN","44.30229949951172","86.03694152832031","education","100.0","Asia","100.0"
"I121980950","Utah State University","United States","US","41.73548889160156","-111.83438873291016","education","100.0","North America","100.0"
"I4210163141","Yes Technologies (United States)","United States","US","20.02141761779785","-155.6764678955078","company","539.0","North America","83.8"
"I4210114701","Laboratoire d'Anthropologie et de Psychologie Cognitives et Sociales","France","FR","43.69480895996094","7.252099990844727","facility","","Europe","45.1"
"I4210157891","NOAA National Centers for Environmental Information","United States","US","35.600948333740234","-82.55402374267578","other","100.0","North America","100.0"
"I4210128910","Group Sense (China)","China","CN","22.33023452758789","114.1929168701172","company","100.0","Asia","100.0"
"I71637028","University of Brighton","United Kingdom","GB","50.8283805847168","-0.1394699960947036","education","100.0","Europe","100.0"
"I12003341","National University of Science and Technology","Russia","RU","55.752220153808594","37.61555862426758","education","100.0","Europe","100.0"
"I4210137766","Institute for Advanced Study","Germany","DE","52.49151992797852","13.27650547027588","facility","100.0","Europe","100.0"
"I101479585","South China Agricultural University","China","CN","23.116670608520508","113.25","education","100.0","Asia","100.0"
"I185573737","Mokpo National Maritime University","South Korea","KR","34.79179763793945","126.36509704589844","education","","Asia","68.16"
"I157614274","University of Cape Town","South Africa","ZA","-33.96332931518555","18.476390838623047","education","100.0","Africa","100.0"
"I173911158","Iowa State University","United States","US","42.03470993041992","-93.61994171142578","education","100.0","North America","100.0"
"I4210114783","VA Center for Clinical Management Research","United States","US","42.28295135498047","-83.74524688720703","healthcare","100.0","North America","100.0"
"I4210106663","International University of Rabat","Morocco","MA","33.98527908325195","-6.723610877990723","education","100.0","Africa","100.0"
"I808010","University of Worcester","United Kingdom","GB","52.19834518432617","-2.241904020309448","education","100.0","Europe","100.0"
"I4210159575","Huashan Hospital","China","CN","31.22221946716309","121.45806121826172","healthcare","100.0","Asia","100.0"
"I191378831","Kazakh National Medical University","Kazakhstan","KZ","43.25302505493164","76.93189239501953","education","100.0","Asia","100.0"
"I4210095413","Ijinkai Takeda General Hospital","Japan","JP","34.940391540527344","135.80380249023438","healthcare","576.0","Asia","82.67"
"I161028277","Institute for Advanced Studies in Basic Sciences","Iran","IR","36.7062873840332","48.50742721557617","education","100.0","Asia","100.0"
"I78715868","University of Arkansas at Fayetteville","United States","US","36.067901611328125","-94.17365264892578","education","100.0","North America","100.0"
"I4210097159","Assistance Publique – Hôpitaux de Paris","France","FR","48.85340881347656","2.34879994392395","other","100.0","Europe","100.0"
"I227486990","University of Szeged","Hungary","HU","46.25299835205078","20.148239135742188","education","100.0","Europe","100.0"
"I1338678786","Center for Disease Dynamics, Economics & Policy","United States","US","38.90936279296875","-77.03721618652344","nonprofit","100.0","North America","100.0"
"I4400573291","Dayananda Sagar University","","","12.97194004058838","77.59368896484375","education","100.0","","100.0"
"I4400573299","Unité de Recherche Clinique Côte d'Azur","","","43.70312881469727","7.266079902648926","facility","","","2.45"
"I283776267","Clatterbridge Cancer Centre NHS Foundation Trust","United Kingdom","GB","53.35296249389648","-3.007780075073242","healthcare","100.0","Europe","100.0"
"I142934699","California State University, Fullerton","United States","US","33.87028884887695","-117.9253387451172","education","100.0","North America","100.0"
"I141074466","Vancouver Coastal Health","Canada","CA","49.26386260986328","-123.11801147460938","healthcare","100.0","North America","100.0"
"I131651094","University of Denver","United States","US","39.73915100097656","-104.98470306396484","education","100.0","North America","100.0"
"I29801172","Thomas Jefferson National Accelerator Facility","United States","US","36.98038101196289","-76.42974853515625","facility","100.0","North America","100.0"
"I4210087516","Gunadarma University","Indonesia","ID","-6.400000095367432","106.81861114501952","education","100.0","Asia","100.0"
"I68947357","Université de Strasbourg","France","FR","48.58391952514648","7.745530128479004","education","100.0","Europe","100.0"
"I23906160","University of Tripoli","LY","LY","32.887428283691406","13.18733024597168","education","100.0","Other","100.0"
"I4210120485","Academy of Mathematics and Systems Science","China","CN","39.907501220703125","116.39723205566406","facility","100.0","Asia","100.0"
"I45204951","University of Calabria","Italy","IT","39.331539154052734","16.180410385131836","education","100.0","Europe","100.0"
"I121486552","Helsinki Metropolia University of Applied Sciences","Finland","FI","60.16952133178711","24.935449600219727","education","100.0","Europe","100.0"
"I4210113516","IBM Research - Brazil","Brazil","BR","-22.94968032836914","-43.17708587646485","facility","","South America","54.75"
"I4210153400","King's College Hospital","United Kingdom","GB","51.50852966308594","-0.1257400065660476","healthcare","100.0","Europe","100.0"
"I874055015","Teesside University","United Kingdom","GB","54.57622909545898","-1.234830021858215","education","100.0","Europe","100.0"
"I170726198","University of Novi Sad","Serbia","RS","45.25167083740234","19.83694076538086","education","100.0","Europe","100.0"
"I4210130714","Heilongjiang Provincial Hospital","China","CN","45.76311874389648","126.6418228149414","healthcare","100.0","Asia","100.0"
"I176611909","California Lutheran University","United States","US","34.22472381591797","-118.87889099121094","education","914.0","North America","72.45"
"I141595442","University of Bucharest","Romania","RO","44.4322509765625","26.106260299682617","education","100.0","Europe","100.0"
"I4210116247","Jingchu University of Technology","China","CN","31.03360939025879","112.20471954345705","education","100.0","Asia","100.0"
"I59225215","Bahria University","Pakistan","PK","33.72148132324219","73.04328918457031","education","100.0","Asia","100.0"
"I158809036","Shenzhen Institute of Information Technology","China","CN","22.56668281555176","114.0958023071289","education","100.0","Asia","100.0"
"I4210131870","Institute of Psychology, Chinese Academy of Sciences","China","CN","39.907501220703125","116.39723205566406","facility","100.0","Asia","100.0"
"I64663401","Center for Scientific Research and Higher Education at Ensenada","Mexico","MX","31.86938095092773","-116.66627502441406","facility","100.0","North America","100.0"
"I3130814776","University of Okara","Pakistan","PK","30.81028938293457","73.45155334472656","education","100.0","Asia","100.0"
"I34077901","Juntendo University","Japan","JP","35.70222091674805","139.76083374023438","education","100.0","Asia","100.0"
"I119025939","Shahed University","Iran","IR","35.69438934326172","51.4215087890625","education","100.0","Asia","100.0"
"I4210156604","Azienda Usl Toscana Centro","Italy","IT","43.93505096435547","10.918353080749512","healthcare","100.0","Europe","100.0"
"I4210102358","Mahsa University","Malaysia","MY","3.118014097213745","101.64920043945312","education","100.0","Asia","100.0"
"I283429734","Kazimierz Pułaski University of Technology and Humanities in Radom","Poland","PL","51.402530670166016","21.147140502929688","education","100.0","Europe","100.0"
"I9224756","Northeastern University","China","CN","41.79222106933594","123.43277740478516","education","100.0","Asia","100.0"
"I1285739803","MedStar Washington Hospital Center","United States","US","38.93000030517578","-77.01499938964844","healthcare","100.0","North America","100.0"
"I57589565","Reutlingen University","Germany","DE","48.49143981933594","9.204270362854004","education","100.0","Europe","100.0"
"I4210117389","Forest Science and Research Institute","Brazil","BR","-22.707141876220703","-47.62905883789063","nonprofit","100.0","South America","100.0"
"I20126385","Inonu University","Turkey","TR","38.35018157958984","38.31666946411133","education","100.0","Asia","100.0"
"I183874917","Urbana University","United States","US","40.09878921508789","-83.76094818115234","education","100.0","North America","100.0"
"I3133014862","Sulaimani Polytechnic University","Iraq","IQ","35.53725814819336","45.46867370605469","education","100.0","Asia","100.0"
"I75689368","Communication University of China","China","CN","39.907501220703125","116.39723205566406","education","100.0","Asia","100.0"
"I4210139090","Lam Research (United States)","United States","US","37.48794174194336","-121.95502471923828","company","923.0","North America","72.15"
"I82783531","Penn State Milton S. Hershey Medical Center","United States","US","40.26406097412109","-76.67450714111328","healthcare","100.0","North America","100.0"
"I4210153650","Viet Duc Hospital","Vietnam","VN","21.02839469909668","105.84703063964844","healthcare","363.0","Asia","89.56"
"I4210152227","Infrared Laboratories (United States)","United States","US","32.2139892578125","-110.94479370117188","company","","North America","56.71"
"I267592682","Williams (United States)","United States","US","36.15501022338867","-95.99031066894533","company","100.0","North America","100.0"
"I4210097606","GNA University","India","IN","31.622339248657227","74.8753433227539","education","294.0","Asia","91.84"
"I16528096","Aichi Medical University","Japan","JP","35.173248291015625","137.05667114257812","education","100.0","Asia","100.0"
"I4210129002","Andalusian Institute of Agricultural and Fisheries Research and Training","Spain","ES","37.89154815673828","-4.772749900817871","facility","100.0","Europe","100.0"
"I4068193","University of Belgrade","Serbia","RS","44.80400848388672","20.46512985229492","education","100.0","Europe","100.0"
"I4210107780","Xi'an Medical University","China","CN","34.258331298828125","108.9286117553711","education","100.0","Asia","100.0"
"I18003638","Mando Corporation (South Korea)","South Korea","KR","37.39773941040039","127.1108856201172","company","","Asia","25.08"
"I4210164771","Sunyani Technical University","Ghana","GH","7.321011066436768","-2.316701889038086","education","","Africa","58.57"
"I592451","Indiana University","United States","US","39.16532897949219","-86.5263900756836","education","100.0","North America","100.0"
"I4210152560","National Institute of Chemistry","Slovenia","SI","46.05107879638672","14.50512981414795","facility","100.0","Europe","100.0"
"I4210143517","National Water Research Center","Egypt","EG","30.106393814086918","31.242734909057617","facility","100.0","Africa","100.0"
"I4210087560","Stony Brook School","United States","US","40.92283248901367","-73.13116455078125","education","100.0","North America","100.0"
"I4210116924","Chinese University of Hong Kong, Shenzhen","China","CN","22.68784523010254","114.20993041992188","education","27.0","Asia","100.0"
"I4210106473","Shri Ramswaroop Memorial University","India","IN","26.891645431518555","81.0735092163086","education","226.0","Asia","94.11"
"I4210088951","Synopsys (United States)","United States","US","37.39534759521485","-122.05255889892578","company","100.0","North America","100.0"
"I4401200284","Tobruk University","","","32.089630126953125","23.95384979248047","education","","","15.9"
"I4210129856","Cancer Registry of Norway","Norway","NO","59.9127311706543","10.746089935302734","archive","100.0","Europe","100.0"
"I12469534","Quaid-i-Azam University","Pakistan","PK","33.747222900390625","73.13888549804688","education","100.0","Asia","100.0"
"I3123915005","Universitat Internacional de Catalunya","Spain","ES","41.388790130615234","2.158989906311035","education","100.0","Europe","100.0"
"I4210126395","Inform (Germany)","Germany","DE","50.71454620361328","6.142548084259033","company","100.0","Europe","100.0"
"I4210091828","Universidad Santiago de Cali","Colombia","CO","3.403605937957764","-76.54821014404297","education","100.0","South America","100.0"
"I4210105428","Turku PET Centre","Finland","FI","60.45207595825195","22.291261672973636","facility","100.0","Europe","100.0"
"I2799939184","Home Depot (United States)","United States","US","33.94798278808594","-84.6204833984375","company","","North America","7.34"
"I1332387789","Siriraj Hospital","Thailand","TH","13.753979682922363","100.5014419555664","healthcare","100.0","Asia","100.0"
"I4210144891","Science Systems and Applications (United States)","United States","US","38.99178314208984","-76.828369140625","company","100.0","North America","100.0"
"I4210139732","Shanghai Academy of Agricultural Sciences","China","CN","31.22221946716309","121.45806121826172","facility","100.0","Asia","100.0"
"I148158369","State University of Semarang","Indonesia","ID","-6.993060111999512","110.42082977294922","education","100.0","Asia","100.0"
"I191217947","NOAA Geophysical Fluid Dynamics Laboratory","United States","US","40.34872055053711","-74.65904998779297","government","100.0","North America","100.0"
"I21491767","Aix-Marseille Université","France","FR","43.29695129394531","5.381070137023926","education","100.0","Europe","100.0"
"I106079672","Hebei University of Engineering","China","CN","36.609989166259766","114.48764038085938","education","100.0","Asia","100.0"
"I65143321","Hitachi (Japan)","Japan","JP","35.68949890136719","139.69171142578125","company","100.0","Asia","100.0"
"I4210167273","Infrared Processing and Analysis Center","United States","US","34.14778137207031","-118.14452362060548","facility","100.0","North America","100.0"
"I91277730","Maulana Azad National Institute of Technology","India","IN","23.25469017028809","77.40289306640625","education","100.0","Asia","100.0"
"I4391767896","State Key Laboratory of New Ceramics and Fine Processing","","","39.907501220703125","116.39723205566406","facility","100.0","","100.0"
"I4210152718","Indian Institute of Technology Dharwad","India","IN","15.460049629211426","75.00778198242188","education","100.0","Asia","100.0"
"I4210151799","Siemens Healthcare (United States)","United States","US","40.03622055053711","-75.51380920410156","company","100.0","North America","100.0"
"I12708293","SIB Swiss Institute of Bioinformatics","Switzerland","CH","46.51599884033203","6.632820129394531","other","100.0","Europe","100.0"
"I155125353","Università Campus Bio-Medico","Italy","IT","41.768333435058594","12.470000267028809","education","100.0","Europe","100.0"
"I182023848","Petronas (Malaysia)","Malaysia","MY","3.141200065612793","101.68653106689452","company","100.0","Asia","100.0"
"I4210119561","Digital Research Centre of Sfax","Tunisia","TN","34.8389892578125","10.756543159484863","facility","790.0","Africa","76.19"
"I2800191209","Pennsylvania Hospital","United States","US","39.945343017578125","-75.15571594238281","healthcare","100.0","North America","100.0"
"I4210149664","Hôpital Jean-Verdier","France","FR","48.90973663330078","2.4895761013031006","healthcare","100.0","Europe","100.0"
"I162608824","University of Sussex","United Kingdom","GB","50.8283805847168","-0.1394699960947036","education","100.0","Europe","100.0"
"I95350115","Technological Institute of the Philippines","Philippines","PH","14.595356941223145","120.98797607421876","education","","Asia","58.68"
"I119668213","Karunya University","India","IN","11.005550384521484","76.96611785888672","education","100.0","Asia","100.0"
"I2801237587","London Centre for Nanotechnology","United Kingdom","GB","51.52548599243164","-0.1327719986438751","facility","100.0","Europe","100.0"
"I141649914","Nanchang University","China","CN","28.6839599609375","115.85305786132812","education","100.0","Asia","100.0"
"I98358874","Delft University of Technology","Netherlands","NL","52.00667190551758","4.355559825897217","education","47.0","Europe","100.0"
"I3130915990","Al Zawiya University","LY","LY","32.75709915161133","12.72764015197754","education","810.0","Other","75.59"
"I43313876","Dalian Maritime University","China","CN","38.9122200012207","121.60221862792967","education","100.0","Asia","100.0"
"I205571821","Ibero American University","Mexico","MX","19.428470611572266","-99.1276626586914","education","100.0","North America","100.0"
"I4399598460","Unity Health Toronto","Canada","CA","43.70642852783203","-79.39864349365234","healthcare","100.0","North America","100.0"
"I168719708","City University of Hong Kong","Hong Kong","HK","22.2783203125","114.17469024658205","education","27.0","Asia","100.0"
"I198265615","Niğde Ömer Halisdemir Üniversitesi","Turkey","TR","37.9658317565918","34.679351806640625","education","100.0","Asia","100.0"
"I2801809904","Nuffield Orthopaedic Centre","United Kingdom","GB","51.75442123413086","-1.2093349695205688","healthcare","100.0","Europe","100.0"
"I251738","Edinburgh Napier University","United Kingdom","GB","55.95206069946289","-3.1964800357818604","education","100.0","Europe","100.0"
"I90527594","University of Nouakchott Al Aasriya","MR","MR","18.08922004699707","-15.969136238098145","education","844.0","Other","74.55"
"I4210132550","Cosine (Netherlands)","Netherlands","NL","52.16888046264648","4.464950084686279","company","","Europe","19.65"
"I3018473509","Fraunhofer Institute for Manufacturing Engineering and Automation","Germany","DE","48.74121475219727","9.100274085998535","facility","34.0","Europe","100.0"
"I142208455","VSB - Technical University of Ostrava","Czech Republic","CZ","49.83464813232422","18.282039642333984","education","100.0","Europe","100.0"
"I184531372","OsloMet – Oslo Metropolitan University","Norway","NO","59.9127311706543","10.746089935302734","education","100.0","Europe","100.0"
"I91656880","China Medical University","China","CN","41.79222106933594","123.43277740478516","education","100.0","Asia","100.0"
"I4210158190","Institute of Crop Sciences","China","CN","39.907501220703125","116.39723205566406","nonprofit","100.0","Asia","100.0"
"I17389662","University of Nicosia","Cyprus","CY","35.17530822753906","33.364200592041016","education","100.0","Europe","100.0"
"I4401726870","Didi Chuxing (China)","China","CN","39.907501220703125","116.39723205566406","company","","Asia","34.4"
"I2801296886","Institut de Recherche de l’École Navale","France","FR","48.39028930664063","-4.4862799644470215","facility","716.0","Europe","78.44"
"I4390039325","Rutgers Cancer Institute of New Jersey","United States","US","40.48622131347656","-74.45182037353516","healthcare","100.0","North America","100.0"
"I4210111138","Oncode Institute","Netherlands","NL","52.0908317565918","5.122220039367676","education","100.0","Europe","100.0"
"I17747738","Beijing University of Chinese Medicine","China","CN","39.907501220703125","116.39723205566406","education","100.0","Asia","100.0"
"I4210093141","Hualien Armed Forces General Hospital","Taiwan","TW","23.976940155029297","121.60443878173828","healthcare","","Asia","35.22"
"I108907416","Tishreen University","Syria","SY","35.531681060791016","35.79011154174805","education","100.0","Asia","100.0"
"I4210108865","Zhejiang Institute of Communications","China","CN","30.293649673461918","120.1614227294922","education","","Asia","63.02"
"I120221655","Research Studios Austria","Austria","AT","47.79360961914063","13.278082847595217","nonprofit","","Europe","23.71"
"I65106266","University for the Creative Arts","United Kingdom","GB","51.21443939208984","-0.8005399703979492","education","","Europe","43.87"
"I145380033","Amman Arab University","Jordan","JO","32.11648178100586","35.88145446777344","education","100.0","Asia","100.0"
"I4210144925","Technological University Dublin","Ireland","IE","53.33306121826172","-6.248889923095703","education","100.0","Europe","100.0"
"I58028834","Universidade da Madeira","Portugal","PT","32.665679931640625","-16.92547035217285","education","100.0","Europe","100.0"
"I4210112471","Istanbul University-Cerrahpaşa","Turkey","TR","41.01383972167969","28.94965934753418","education","100.0","Asia","100.0"
"I2800394112","Helsinki University Hospital","Finland","FI","60.1886100769043","24.905277252197266","healthcare","100.0","Europe","100.0"
"I4210158984","National Supercomputing Center in Wuxi","China","CN","31.54596710205078","120.25511932373048","other","","Asia","55.17"
"I918919364","Switch","Switzerland","CH","47.36666870117188","8.550000190734863","nonprofit","100.0","Europe","100.0"
"I4210162065","Sudan Meteorological Authority","SD","SD","15.50877857208252","32.55404281616211","government","683.0","Other","79.44"
"I92039509","Guangzhou Medical University","China","CN","23.13623809814453","113.25353240966795","education","100.0","Asia","100.0"
"I45644089","Albion College","United States","US","42.24309921264648","-84.7530288696289","education","100.0","North America","100.0"
"I16835326","University of St Andrews","United Kingdom","GB","56.33871078491211","-2.7990200519561768","education","100.0","Europe","100.0"
"I4210139717","Finnish Museum of Natural History","Finland","FI","60.16952133178711","24.935449600219727","archive","100.0","Europe","100.0"
"I68368234","Center for Research and Advanced Studies of the National Polytechnic Institute","Mexico","MX","19.509166717529297","-99.1294403076172","facility","100.0","North America","100.0"
"I79238269","Universidad de Sevilla","Spain","ES","37.38283157348633","-5.973169803619385","education","100.0","Europe","100.0"
"I87395487","Shukutoku University","Japan","JP","35.599998474121094","140.11666870117188","education","","Asia","18.53"
"I39147953","Universidad de Cádiz","Spain","ES","36.52671813964844","-6.289100170135498","education","100.0","Europe","100.0"
"I4210141865","Hertie Institute for Clinical Brain Research","Germany","DE","48.531681060791016","9.042139053344728","other","100.0","Europe","100.0"
"I4210098361","First Affiliated Hospital of Guangzhou Medical University","China","CN","23.112611770629883","113.26228332519533","healthcare","100.0","Asia","100.0"
"I81365321","Old Dominion University","United States","US","36.84680938720703","-76.28521728515625","education","100.0","North America","100.0"
"I4210089472","Envoi Specialist Pathologists","Australia","AU","-27.443044662475582","153.0087890625","facility","","Oceania","29.1"
"I104914703","Université du Québec à Chicoutimi","Canada","CA","48.416751861572266","-71.06572723388672","education","100.0","North America","100.0"
"I5936373","University of Montenegro","ME","ME","42.44110870361328","19.26361083984375","education","100.0","Other","100.0"
"I13751521","Tanzania Wildlife Research Institute","Tanzania","TZ","-3.41248106956482","36.70643615722656","facility","305.0","Africa","91.48"
"I4210136115","Healthcare Global Enterprises","India","IN","12.964320182800291","77.5896987915039","healthcare","","Asia","43.42"
"I87806610","Ibero-American University Puebla","Mexico","MX","19.03792953491211","-98.20346069335938","education","100.0","North America","100.0"
"I4210090903","Liuzhou General Hospital","China","CN","24.325740814208984","109.44509887695312","healthcare","888.0","Asia","73.22"
"I4210096473","Muhammad Nawaz Shareef University of Agriculture","Pakistan","PK","30.19679069519043","71.47824096679688","education","100.0","Asia","100.0"
"I4210147796","University of Faisalabad","Pakistan","PK","31.41554069519043","73.08969116210938","education","100.0","Asia","100.0"
"I4210104933","Biruni University","Turkey","TR","40.99441146850586","28.9041690826416","education","100.0","Asia","100.0"
"I79741316","University of Pecs","Hungary","HU","46.0724983215332","18.2308292388916","education","100.0","Europe","100.0"
"I2802952180","Open Data Institute","United Kingdom","GB","51.522117614746094","-0.0833510011434555","nonprofit","100.0","Europe","100.0"
"I2801582476","Islamic Azad University of Kashan","Iran","IR","34.0117073059082","51.40238952636719","education","","Asia","34.48"
"I177639307","University of Dundee","United Kingdom","GB","56.46913146972656","-2.9748899936676025","education","100.0","Europe","100.0"
"I4210129520","Ministry of Health","Kuwait","KW","29.323070526123047","47.88149642944336","government","100.0","Asia","100.0"
"I4210150880","The Maria Sklodowska-Curie National Research Institute of Oncology","Poland","PL","52.22977066040039","21.01177978515625","healthcare","100.0","Europe","100.0"
"I109703491","Rochester Institute of Technology - Dubai","United Arab Emirates","AE","25.12254524230957","55.37813568115234","education","","Asia","34.73"
"I4210137052","Associazione Italiana Vulvodinia Onlus","Italy","IT","45.48416519165039","9.212697982788086","other","","Europe","36.62"
"I4210091137","NetEase (China)","China","CN","39.90593719482422","116.31217956542967","company","","Asia","42.03"
"I2801240073","University Medical Center Freiburg","Germany","DE","48.00629806518555","7.84062385559082","healthcare","100.0","Europe","100.0"
"I102555177","Universitas Kristen Indonesia","Indonesia","ID","-6.252161979675293","106.87223052978516","education","100.0","Asia","100.0"
"I174878644","University of Patras","Greece","GR","38.24443817138672","21.73443984985352","education","100.0","Europe","100.0"
"I4210155628","Guangzhou Chest Hospital","China","CN","23.14693832397461","113.28968048095705","healthcare","","Asia","46.2"
"I1316194761","Museum of Vertebrate Zoology","United States","US","37.87144088745117","-122.26221466064452","archive","100.0","North America","100.0"
"I79839527","Roger Williams University","United States","US","41.67705154418945","-71.26615905761719","education","100.0","North America","100.0"
"I4210159532","Federal Scientific Agroengineering Center VIM","Russia","RU","55.72898864746094","37.78212738037109","facility","100.0","Europe","100.0"
"I301027571","Universidad Azteca","Mexico","MX","19.25264358520508","-98.90321350097656","education","","North America","17.71"
"I464993","Barkatullah University","India","IN","23.20484733581543","77.45232391357422","education","100.0","Asia","100.0"
"I4210136522","Tokyo Women's Medical University","Japan","JP","35.68949890136719","139.69171142578125","education","100.0","Asia","100.0"
"I4210092303","Polytechnic Institute of Bragança","Portugal","PT","41.80582046508789","-6.757190227508545","education","100.0","Europe","100.0"
"I42852656","Shenyang University","China","CN","41.79222106933594","123.43277740478516","education","100.0","Asia","100.0"
"I4210145724","Centre d'Etudes et De Recherche en Informatique et Communications","France","FR","48.86676788330078","2.355410099029541","facility","100.0","Europe","100.0"
"I874769580","Tenaga Nasional Berhad (Malaysia)","Malaysia","MY","3.141200065612793","101.68653106689452","company","100.0","Asia","100.0"
"I27768575","University of Anbar","Iraq","IQ","33.42055892944336","43.30778121948242","education","100.0","Asia","100.0"
"I113979032","Twitter (United States)","United States","US","37.77492904663086","-122.41941833496094","company","100.0","North America","100.0"
"I61641377","Universitatea Națională de Știință și Tehnologie Politehnica București","Romania","RO","44.4322509765625","26.106260299682617","education","100.0","Europe","100.0"
"I29770179","Budapest University of Technology and Economics","Hungary","HU","47.498348236083984","19.04044914245605","education","100.0","Europe","100.0"
"I12615008","Beijing Normal University - Hong Kong Baptist University United International College","China","CN","22.276939392089844","113.56777954101562","education","100.0","Asia","100.0"
"I102939073","Universidade Estadual do Ceará","Brazil","BR","-3.717220067977905","-38.543060302734375","education","100.0","South America","100.0"
"I112859197","Università di Camerino","Italy","IT","43.1386604309082","13.06785011291504","education","100.0","Europe","100.0"
"I105126617","Zhejiang International Studies University","China","CN","30.27831268310547","120.14214324951172","education","100.0","Asia","100.0"
"I4210101898","GESIS - Leibniz-Institute for the Social Sciences","Germany","DE","49.48910140991211","8.466939926147461","facility","100.0","Europe","100.0"
"I4210133036","Laboratoire Matériaux et Phénomènes Quantiques","France","FR","48.85340881347656","2.34879994392395","facility","100.0","Europe","100.0"
"I4210162447","Institute of Electronics and Computer Science","Latvia","LV","56.97737121582031","24.19431495666504","facility","","Europe","39.91"
"I236004819","Babasaheb Bhimrao Ambedkar Bihar University","India","IN","26.11355781555176","85.37841033935547","education","100.0","Asia","100.0"
"I142631665","École nationale des ponts et chaussées","France","FR","48.85340881347656","2.34879994392395","education","100.0","Europe","100.0"
"I292192723","Pakistan Academy of Sciences","Pakistan","PK","33.72148132324219","73.04328918457031","government","","Asia","43.45"
"I4210123843","Advanced Technologies Group (United States)","United States","US","27.14817237854004","-80.20954132080078","company","","North America","60.08"
"I4210143826","Institut National des Sciences Appliquées Centre Val de Loire","France","FR","47.59431838989258","1.3291200399398804","education","100.0","Europe","100.0"
"I181727666","University of Economics Ho Chi Minh City","Vietnam","VN","10.823019981384276","106.62964630126952","education","100.0","Asia","100.0"
"I4210113394","Dutch Expert Centre for Screening","Netherlands","NL","51.825931549072266","5.796322345733643","other","123.0","Europe","98.82"
"I2799829267","Simula Research Laboratory","Norway","NO","59.90993881225586","10.63545036315918","facility","100.0","Europe","100.0"
"I4210092944","Dalian University","China","CN","38.9122200012207","121.60221862792967","education","100.0","Asia","100.0"
"I138549579","Scuola Internazionale Superiore di Studi Avanzati","Italy","IT","45.64952850341797","13.776780128479004","education","100.0","Europe","100.0"
"I4210103279","IBM Research - India","India","IN","28.543174743652344","77.14822387695312","facility","100.0","Asia","100.0"
"I100205273","Universidad Técnica Particular de Loja","Ecuador","EC","-3.993129968643189","-79.2042236328125","education","100.0","South America","100.0"
"I4210153560","Acellera (Spain)","Spain","ES","41.3972053527832","2.1990859508514404","company","","Europe","9.56"
"I4210121771","First Affiliated Hospital of Xi'an Jiaotong University","China","CN","34.219993591308594","108.93870544433594","healthcare","100.0","Asia","100.0"
"I4210123583","Weihai Municipal Hospital","China","CN","37.50226211547852","122.11524963378906","healthcare","122.0","Asia","98.88"
"I19002584","JAMK University of Applied Sciences","Finland","FI","62.24147033691406","25.72088050842285","education","","Europe","47.53"
"I4210101403","Cistel Technology (Canada)","Canada","CA","45.34534454345703","-75.70986938476562","company","","North America","9.91"
"I2801080794","Government of Thailand","Thailand","TH","13.753979682922363","100.5014419555664","government","","Asia","36.0"
"I24227732","University of Applied Sciences Ravensburg-Weingarten","Germany","DE","47.810089111328125","9.638629913330078","education","724.0","Europe","78.2"
"I4387152454","Instituto de Tecnologias Interativas","","","38.71667098999024","-9.133330345153809","facility","","","44.74"
"I4210144214","Jiangsu University of Technology","China","CN","31.773590087890625","119.95401000976562","education","100.0","Asia","100.0"
"I4210165309","Sampoerna University","Indonesia","ID","-6.214620113372803","106.84513092041016","education","","Asia","56.78"
"I10008193","Dharmsinh Desai University","India","IN","22.693849563598636","72.861572265625","education","582.0","Asia","82.5"
"I1311914864","Scripps Health","United States","US","32.88936996459961","-117.20853424072266","healthcare","100.0","North America","100.0"
"I203951103","Keio University","Japan","JP","35.68949890136719","139.69171142578125","education","100.0","Asia","100.0"
"I112536369","Yazd University","Iran","IR","31.897220611572266","54.36750030517578","education","100.0","Asia","100.0"
"I1290523313","Magyar Agrár- és Élettudományi Egyetem","Hungary","HU","47.5965690612793","19.35515022277832","education","100.0","Europe","100.0"
"I2801663869","Newcastle upon Tyne Hospitals NHS Foundation Trust","United Kingdom","GB","54.976863861083984","-1.6461999416351318","healthcare","100.0","Europe","100.0"
"I4210158339","Fondazione Toscana Gabriele Monasterio","Italy","IT","43.718509674072266","10.423130989074709","other","100.0","Europe","100.0"
"I129774422","University of Vienna","Austria","AT","48.20848846435547","16.372079849243164","education","100.0","Europe","100.0"
"I4210100714","Earlham Institute","United Kingdom","GB","52.62169647216797","1.2189350128173828","facility","100.0","Europe","100.0"
"I87213936","Drake University","United States","US","41.60054016113281","-93.6091079711914","education","100.0","North America","100.0"
"I4210108754","Enrico Fermi Center for Study and Research","Italy","IT","41.89192962646485","12.511329650878906","archive","100.0","Europe","100.0"
"I4210107262","Amhara Regional Agricultural Research Institute","Ethiopia","ET","11.593640327453612","37.390769958496094","other","419.0","Africa","87.68"
"I99861883","University of Zanjan","Iran","IR","36.67641830444336","48.496280670166016","education","100.0","Asia","100.0"
"I4210113520","Brain (Germany)","Germany","DE","49.72811508178711","8.610663414001465","company","100.0","Europe","100.0"
"I145722265","University of Thessaly","Greece","GR","39.36922836303711","22.947689056396484","education","100.0","Europe","100.0"
"I95013407","Universidad Pablo de Olavide","Spain","ES","37.38283157348633","-5.973169803619385","education","100.0","Europe","100.0"
"I4210086740","Institut des Neurosciences Paris-Saclay","France","FR","48.73260116577149","2.1692299842834477","facility","100.0","Europe","100.0"
"I168416876","Northern Kentucky University","United States","US","39.03311920166016","-84.45188903808594","education","100.0","North America","100.0"
"I4210124037","Chengdu Surveying Geotechnical Research Institute","China","CN","30.59552001953125","103.95101928710938","facility","859.0","Asia","74.1"
"I4210136909","Dilla University","Ethiopia","ET","6.416669845581055","38.31666946411133","education","100.0","Africa","100.0"
"I4210108983","The Third People's Hospital of Dalian City","China","CN","38.979400634765625","121.57887268066406","healthcare","","Asia","35.64"
"I4210112099","Valeo (Germany)","Germany","DE","49.99090194702149","8.414690017700195","company","","Europe","12.78"
"I4210119981","Centre of Social and Psychological Sciences of the Slovak Academy of Sciences","Slovakia","SK","48.14815902709961","17.106740951538086","facility","","Europe","30.67"
"I4210166749","Universitäre Psychiatrische Kliniken Basel","Switzerland","CH","47.55839157104492","7.573269844055176","healthcare","100.0","Europe","100.0"
"I4387156409","Bremer Institut für Produktion und Logistik GmbH","","","53.07582092285156","8.807169914245605","facility","","","28.96"
"I166433441","Hochschule Bremen","Germany","DE","53.07582092285156","8.807169914245605","education","100.0","Europe","100.0"
"I125602781","Tokyo Medical and Dental University","Japan","JP","35.68949890136719","139.69171142578125","education","100.0","Asia","100.0"
"I82952536","King Khalid University","Saudi Arabia","SA","18.21639060974121","42.505279541015625","education","100.0","Asia","100.0"
"I165690674","Oregon Health & Science University","United States","US","45.5234489440918","-122.67620849609376","education","100.0","North America","100.0"
"I4210099455","National Radio Research Agency","South Korea","KR","35.02920150756836","126.71749877929688","government","","Asia","22.34"
"I16471300","Manipur University","India","IN","24.80805015563965","93.94419860839844","education","100.0","Asia","100.0"
"I75092371","University of Hradec Králové","Czech Republic","CZ","50.209228515625","15.832770347595217","education","100.0","Europe","100.0"
"I4210118815","University of Human Development","Iraq","IQ","35.56496047973633","45.432899475097656","education","463.0","Asia","86.22"
"I4210160430","CIRCE - Centro Tecnológico","Spain","ES","41.65605926513672","-0.8773400187492371","facility","100.0","Europe","100.0"
"I150744194","Waseda University","Japan","JP","35.68949890136719","139.69171142578125","education","100.0","Asia","100.0"
"I140744787","University of Pardubice","Czech Republic","CZ","50.040748596191406","15.77659034729004","education","100.0","Europe","100.0"
"I184889055","Washington and Lee University","United States","US","37.78401947021485","-79.44281768798828","education","100.0","North America","100.0"
"I2799472390","Norfolk and Norwich University Hospital","United Kingdom","GB","52.617000579833984","1.2200000286102295","healthcare","100.0","Europe","100.0"
"I319841309","Hadhramout University","Yemen","YE","14.6080322265625","49.2341423034668","education","265.0","Asia","92.83"
"I4210089489","Health Services Research & Development","United States","US","38.895111083984375","-77.03636932373047","facility","100.0","North America","100.0"
"I4210127441","Indian Institute of Technology Jammu","India","IN","32.73527908325195","74.8616714477539","education","100.0","Asia","100.0"
"I171210897","Aligarh Muslim University","India","IN","27.917369842529297","78.07785034179688","education","100.0","Asia","100.0"
"I163795733","Calvin University","United States","US","42.96335983276367","-85.6680908203125","education","100.0","North America","100.0"
"I4210161235","Fasa University of Medical Sciences","Iran","IR","28.93829917907715","53.64820098876953","education","100.0","Asia","100.0"
"I119868032","Shanxi Agricultural University","China","CN","37.4263916015625","112.5441665649414","education","100.0","Asia","100.0"
"I134446601","Berkeley College","United States","US","40.75411987304688","-73.97945404052734","education","10.0","North America","100.0"
"I1331500379","Centre for Development of Advanced Computing","India","IN","18.519569396972656","73.8553466796875","facility","100.0","Asia","100.0"
"I142974352","National Sun Yat-sen University","Taiwan","TW","22.62666702270508","120.26583099365234","education","100.0","Asia","100.0"
"I2250653659","Tencent (China)","China","CN","22.54553985595703","114.06829833984376","company","100.0","Asia","100.0"
"I160856358","University of San Diego","United States","US","32.7157096862793","-117.16471862792967","education","100.0","North America","100.0"
"I15664174","Madurai Medical College","India","IN","9.927848815917969","78.13682556152344","education","100.0","Asia","100.0"
"I58956616","Case Western Reserve University","United States","US","41.4995002746582","-81.6954116821289","education","100.0","North America","100.0"
"I63190737","University at Buffalo, State University of New York","United States","US","42.886451721191406","-78.87837219238281","education","100.0","North America","100.0"
"I4387153646","BGI Research","","","22.54553985595703","114.06829833984376","nonprofit","","","51.2"
"I45230691","Ladoke Akintola University of Technology","Nigeria","NG","8.133729934692383","4.240139961242676","education","100.0","Africa","100.0"
"I2801148111","McLean Hospital","United States","US","42.39365768432617","-71.19107818603516","healthcare","100.0","North America","100.0"
"I200166805","Guy's and St Thomas' NHS Foundation Trust","United Kingdom","GB","51.5048828125","-0.0889390036463737","healthcare","100.0","Europe","100.0"
"I884043246","Hamburg University of Technology","Germany","DE","53.55073165893555","9.993020057678224","education","100.0","Europe","100.0"
"I4210110931","Jinan Institute of Quantum Technology","China","CN","36.67444610595703","117.13257598876952","facility","37.0","Asia","69.68"
"I4388891809","Dong A University","","","16.067779541015625","108.22083282470705","education","","","24.34"
"I92178344","Anhui University of Technology","China","CN","31.523239135742188","118.6201400756836","education","100.0","Asia","100.0"
"I56404289","Indian Institute of Technology BHU","India","IN","25.316680908203125","83.01040649414062","education","100.0","Asia","100.0"
"I1331374319","National Bureau of Statistics of China","China","CN","39.91427230834961","116.34315490722656","other","","Asia","41.53"
"I140172145","University of Connecticut","United States","US","41.80842971801758","-72.24951934814453","education","100.0","North America","100.0"
"I2801045807","Shenzhen Stock Exchange","China","CN","22.54553985595703","114.06829833984376","other","549.0","Asia","83.5"
"I16969244","University of Eswatini","SZ","SZ","-26.575916290283203","31.17748069763184","education","100.0","Other","100.0"
"I22716965","National Geophysical Research Institute","India","IN","17.413015365600586","78.55120086669922","facility","100.0","Asia","100.0"
"I875944469","Koneru Lakshmaiah Education Foundation","India","IN","16.507450103759766","80.64659881591797","education","100.0","Asia","100.0"
"I4210108836","Craig Technologies (United States)","United States","US","28.39435386657715","-80.60852813720703","company","","North America","24.2"
"I2801887358","Einstein Medical Center Philadelphia","United States","US","40.03673553466797","-75.1434555053711","healthcare","100.0","North America","100.0"
"I1320355602","Statistics Denmark","Denmark","DK","55.71049499511719","12.56325340270996","government","","Europe","68.32"
"I125749732","Western University","Canada","CA","42.98339080810547","-81.23303985595703","education","48.0","North America","100.0"
"I32589535","Technical University of Malaysia Malacca","Malaysia","MY","2.196000099182129","102.2405014038086","education","100.0","Asia","100.0"
"I4576418","University of Technology Malaysia","Malaysia","MY","1.465499997138977","103.75779724121094","education","100.0","Asia","100.0"
"I93131583","Emporia State University","United States","US","38.403900146484375","-96.1816635131836","education","100.0","North America","100.0"
"I4210109619","National Institutes of Pharmaceutical Research and Development (China)","China","CN","40.133819580078125","116.27427673339844","company","","Asia","18.37"
"I124386471","Khulna University","Bangladesh","BD","22.809789657592773","89.56439208984375","education","100.0","Asia","100.0"
"I20388574","SUNY Upstate Medical University","United States","US","43.048118591308594","-76.14742279052734","education","100.0","North America","100.0"
"I13511017","Texas State University","United States","US","29.883270263671875","-97.94139099121094","education","100.0","North America","100.0"
"I141431873","Periyar University","India","IN","11.71905517578125","78.07740020751953","education","100.0","Asia","100.0"
"I4210093609","Digital China Health (China)","China","CN","39.9795036315918","116.3065948486328","company","","Asia","27.48"
"I4210103720","BAM Nuttall (United Kingdom)","United Kingdom","GB","51.33682632446289","-0.742484986782074","company","","Europe","4.54"
"I51780484","Mersin Üniversitesi","Turkey","TR","36.81195831298828","34.638858795166016","education","100.0","Asia","100.0"
"I4210089928","Czech Academy of Sciences, Institute of Biophysics","Czech Republic","CZ","49.195220947265625","16.607959747314453","facility","100.0","Europe","100.0"
"I1325784139","Yahoo (United Kingdom)","United Kingdom","GB","51.514007568359375","-0.1284990012645721","company","100.0","Europe","100.0"
"I4210108443","Advanced Digital Sciences Center","Singapore","SG","1.2896699905395508","103.85006713867188","facility","435.0","Asia","87.15"
"I177909021","Universidade Federal de São Carlos","Brazil","BR","-22.01749992370605","-47.89083099365234","education","100.0","South America","100.0"
"I4210128921","The First Affiliated Hospital, Sun Yat-sen University","China","CN","23.116670608520508","113.25","healthcare","100.0","Asia","100.0"
"I4210102436","Net7 (Italy)","Italy","IT","43.72695541381836","10.420804977416992","company","","Europe","3.33"
"I4210130371","Centre d'Enseignement et de Recherche en Environnement Atmosphérique","France","FR","48.84999847412109","2.5999999046325684","facility","100.0","Europe","100.0"
"I75420490","Louisiana State University Health Sciences Center New Orleans","United States","US","29.95465087890625","-90.0750732421875","education","100.0","North America","100.0"
"I142108993","Southwest University","China","CN","29.56026077270508","106.55770874023438","education","100.0","Asia","100.0"
"I4210152380","Shenzhen Technology University","China","CN","22.54553985595703","114.06829833984376","education","100.0","Asia","100.0"
"I6289922","Universidade de Vigo","Spain","ES","42.232818603515625","-8.722640037536621","education","100.0","Europe","100.0"
"I159743108","Dortmund University of Applied Sciences and Arts","Germany","DE","51.50653076171875","7.457053184509277","education","100.0","Europe","100.0"
"I154549908","Indian Institute of Technology Jodhpur","India","IN","26.268409729003903","73.00594329833984","education","100.0","Asia","100.0"
"I4391767858","State Key Laboratory of Synthetical Automation for Process Industries","","","41.79222106933594","123.43277740478516","facility","100.0","","100.0"
"I4210151833","Amsterdam University Medical Centers","Netherlands","NL","52.37403106689453","4.889689922332764","other","100.0","Europe","100.0"
"I83558840","Universidade Nova de Lisboa","Portugal","PT","38.71667098999024","-9.133330345153809","education","100.0","Europe","100.0"
"I926076166","Texas Tech University Health Sciences Center","United States","US","33.57786178588867","-101.85517120361328","education","100.0","North America","100.0"
"I4210159460","NIHR Manchester Biomedical Research Centre","United Kingdom","GB","53.48094940185547","-2.2374300956726074","facility","100.0","Europe","100.0"
"I4210109354","Institut de Recherche contre les Cancers de l’Appareil Digestif","France","FR","48.58391952514648","7.745530128479004","facility","100.0","Europe","100.0"
"I4210120929","Zhujiang Hospital","China","CN","23.080291748046875","113.26963806152344","healthcare","100.0","Asia","100.0"
"I99364266","Academy of Scientific and Innovative Research","India","IN","28.66534996032715","77.43914794921875","education","100.0","Asia","100.0"
"I2800906782","Hong Kong Science and Technology Parks Corporation","China","CN","22.423999786376957","114.21295928955078","nonprofit","100.0","Asia","100.0"
"I2799283415","Fisher College","United States","US","42.35533142089844","-71.07420349121094","education","100.0","North America","100.0"
"I107766831","NSF National Center for Atmospheric Research","United States","US","40.01499176025391","-105.2705535888672","facility","100.0","North America","100.0"
"I23582244","Ho Chi Minh City University of Science","Vietnam","VN","10.823019981384276","106.62964630126952","education","100.0","Asia","100.0"
"I35566140","Loyola Marymount University","United States","US","34.05223083496094","-118.24368286132812","education","100.0","North America","100.0"
"I4210115141","Third Hospital of Nanchang","China","CN","28.661272048950195","115.89706420898438","healthcare","","Asia","62.78"
"I4210123366","Health Information Management","Belgium","BE","50.851051330566406","4.345861911773682","other","100.0","Europe","100.0"
"I4210093127","MRC Laboratory for Molecular Cell Biology","United Kingdom","GB","51.52419662475586","-0.1324519962072372","facility","100.0","Europe","100.0"
"I4210155088","Institute of Chemistry","China","CN","39.907501220703125","116.39723205566406","facility","100.0","Asia","100.0"
"I95023434","University of KwaZulu-Natal","South Africa","ZA","-29.85790061950684","31.029199600219727","education","100.0","Africa","100.0"
"I10052268","New Mexico State University","United States","US","32.31232070922852","-106.7783432006836","education","100.0","North America","100.0"
"I2405095","University of Guayaquil","Ecuador","EC","-2.181607961654663","-79.89762878417969","education","100.0","South America","100.0"
"I4210153902","Siemens Healthcare (Germany)","Germany","DE","50.14328002929688","8.571109771728516","company","100.0","Europe","100.0"
"I35886859","Korea University of Technology and Education","South Korea","KR","36.76374816894531","127.28160858154295","education","100.0","Asia","100.0"
"I32870303","University of South Carolina Sumter","United States","US","33.93305587768555","-80.37388610839844","education","100.0","North America","100.0"
"I55547365","Payame Noor University","Iran","IR","35.80083465576172","51.50249862670898","education","100.0","Asia","100.0"
"I7899908","NOSM University","Canada","CA","46.50008010864258","-80.99974060058594","education","100.0","North America","100.0"
"I158878888","Nile Valley University","SD","SD","17.698183059692383","33.9806022644043","education","","Other","43.19"
"I126824641","JSS Academy of Higher Education and Research","India","IN","12.2979097366333","76.63925170898438","education","100.0","Asia","100.0"
"I2800249161","Military University of Technology in Warsaw","Poland","PL","52.22977066040039","21.01177978515625","education","100.0","Europe","100.0"
"I192392021","University of Central Punjab","Pakistan","PK","31.558000564575195","74.3507080078125","education","100.0","Asia","100.0"
"I204710742","Ministry of Ecology and Environment","China","CN","39.907501220703125","116.39723205566406","other","100.0","Asia","100.0"
"I4210159865","Xiangya Hospital Central South University","China","CN","28.198740005493164","112.97087097167967","healthcare","100.0","Asia","100.0"
"I1337719021","Australian Research Council","Australia","AU","-35.2834587097168","149.12806701660156","government","100.0","Oceania","100.0"
"I2738703131","Commissariat à l'Énergie Atomique et aux Énergies Alternatives","France","FR","48.85340881347656","2.34879994392395","other","100.0","Europe","100.0"
"I4210141030","SickKids Foundation","Canada","CA","43.70642852783203","-79.39864349365234","other","100.0","North America","100.0"
"I167694869","Bu-Ali Sina University","Iran","IR","34.79922103881836","48.51456069946289","education","100.0","Asia","100.0"
"I106245021","Çankaya University","Turkey","TR","39.91986846923828","32.854270935058594","education","100.0","Asia","100.0"
"I100633361","University of Massachusetts Dartmouth","United States","US","41.63526153564453","-70.92700958251953","education","100.0","North America","100.0"
"I130438778","Memorial University of Newfoundland","Canada","CA","47.56494140625","-52.70930862426758","education","100.0","North America","100.0"
"I4389425287","Maldives Business School","","","4.175209999084473","73.50916290283203","education","","","1.66"
"I119182057","Showa University","Japan","JP","35.68949890136719","139.69171142578125","education","100.0","Asia","100.0"
"I68415526","Federal Reserve Bank of Dallas","United States","US","32.791900634765625","-96.80072784423828","other","100.0","North America","100.0"
"I4210127078","Sunshine Hospital","Australia","AU","-37.74496078491211","144.8004913330078","healthcare","566.0","Oceania","82.99"
"I165911609","Changsha Medical University","China","CN","28.201311111450195","112.92897033691406","education","100.0","Asia","100.0"
"I2800326109","Detroit Medical Center","United States","US","42.35341262817383","-83.0546646118164","healthcare","100.0","North America","100.0"
"I55952717","Universidad Rovira i Virgili","Spain","ES","41.119049072265625","1.2454400062561035","education","100.0","Europe","100.0"
"I4210148697","Institute of Bioinformatics","India","IN","12.97194004058838","77.59368896484375","nonprofit","100.0","Asia","100.0"
"I193649603","Hawassa University","Ethiopia","ET","7.062049865722656","38.476348876953125","education","100.0","Africa","100.0"
"I61565387","Dalian Minzu University","China","CN","38.9122200012207","121.60221862792967","education","100.0","Asia","100.0"
"I138876546","Vels University","India","IN","13.08784008026123","80.27847290039062","education","100.0","Asia","100.0"
"I130217899","Åbo Akademi University","Finland","FI","60.45148086547852","22.26869010925293","education","100.0","Europe","100.0"
"I79266365","MRC Mitochondrial Biology Unit","United Kingdom","GB","52.176513671875","0.141744002699852","facility","1.0","Europe","100.0"
"I4210135308","Servier (France)","France","FR","48.88460159301758","2.2696499824523926","company","100.0","Europe","100.0"
"I201799495","Middle East Technical University","Turkey","TR","39.91986846923828","32.854270935058594","education","100.0","Asia","100.0"
"I4401726839","Delhi Skill and Entrepreneurship University","India","IN","28.62137031555176","77.21479797363281","education","","Asia","18.66"
"I44666525","University of the South Pacific","Fiji","FJ","-18.136829376220703","178.42530822753906","education","100.0","Oceania","100.0"
"I4210094380","SRH Wald-Klinikum Gera","Germany","DE","50.86833953857422","12.05100917816162","healthcare","854.0","Europe","74.27"
"I111971639","Qiqihar University","China","CN","47.33921813964844","123.96154022216795","education","100.0","Asia","100.0"
"I2801148539","Synchrotron soleil","France","FR","48.68333053588867","2.133330106735229","facility","100.0","Europe","100.0"
"I1334415907","University Medical Center Groningen","Netherlands","NL","53.21916961669922","6.566669940948486","other","100.0","Europe","100.0"
"I4210118133","Universidade Federal dos Vales do Jequitinhonha e Mucuri","Brazil","BR","-18.199678421020508","-43.57392883300781","education","100.0","South America","100.0"
"I4210104072","Ubisoft (Canada)","Canada","CA","45.527099609375","-73.59733581542969","company","","North America","9.32"
"I7876267","Open University of the Netherlands","Netherlands","NL","50.88365173339844","5.981540203094482","education","100.0","Europe","100.0"
"I4210113818","China Electronic Product Reliability and Environmental Test Institute","China","CN","23.15471839904785","113.33699798583984","facility","232.0","Asia","93.93"
"I876237426","Gombe State University","Nigeria","NG","10.289690017700195","11.16728973388672","education","100.0","Africa","100.0"
"I2802466933","Cambridge University Hospitals NHS Foundation Trust","United Kingdom","GB","52.20000076293945","0.1166699975728988","other","2.0","Europe","100.0"
"I4210106879","Ohio University","United States","US","39.32923889160156","-82.10125732421875","education","100.0","North America","100.0"
"I4210133019","NOAA Center for Satellite Applications and Research","United States","US","38.98067092895508","-76.93692016601562","government","100.0","North America","100.0"
"I192454743","Sandia National Laboratories California","United States","US","37.68186950683594","-121.76801300048828","facility","100.0","North America","100.0"
"I202735123","Thi Qar University","Iraq","IQ","31.0579891204834","46.25725936889648","education","100.0","Asia","100.0"
"I26604189","Shiv Nadar University","India","IN","28.552570343017575","77.55403137207031","education","100.0","Asia","100.0"
"I4210153522","South Eastern Finland University of Applied Sciences","Finland","FI","61.688568115234375","27.27227020263672","education","","Europe","40.73"
"I133731052","University of Helsinki","Finland","FI","60.16952133178711","24.935449600219727","education","100.0","Europe","100.0"
"I188922065","University of Economics in Katowice","Poland","PL","50.2584114074707","19.02754020690918","education","100.0","Europe","100.0"
"I98381234","University of Oulu","Finland","FI","65.01235961914062","25.46816062927246","education","100.0","Europe","100.0"
"I155837530","National Institute of Technology Durgapur","India","IN","23.51582908630371","87.3080062866211","education","100.0","Asia","100.0"
"I4210090017","Sana Klinikum Lichtenberg","Germany","DE","52.51420593261719","13.4951810836792","healthcare","919.0","Europe","72.27"
"I1313458441","Catholic Medical Center","United States","US","42.99563980102539","-71.45478820800781","healthcare","100.0","North America","100.0"
"I4210153313","Hartwig Medical Foundation","Netherlands","NL","52.357059478759766","4.958179950714111","healthcare","","Europe","20.01"
"I178254495","Dayalbagh Educational Institute","India","IN","27.183330535888672","78.01667022705078","education","100.0","Asia","100.0"
"I4210108942","Department of Aerospace Science and Technology","Brazil","BR","-23.17943954467773","-45.886940002441406","government","","South America","5.33"
"I4210100942","Tri-Institutional PhD Program in Chemical Biology","United States","US","40.76527786254883","-73.95769500732422","education","100.0","North America","100.0"
"I143868143","Anhui University","China","CN","31.863889694213867","117.28083038330078","education","100.0","Asia","100.0"
"I80693520","American University in Cairo","Egypt","EG","30.06262969970703","31.249670028686523","education","100.0","Africa","100.0"
"I4104125","Universidade Federal de Santa Catarina","Brazil","BR","-27.59667015075684","-48.54917144775391","education","100.0","South America","100.0"
"I4210156081","Tech-X Corporation (United States)","United States","US","40.01726531982422","-105.22264862060548","company","","North America","57.93"
"I4387155729","Usman Institute of Technology","","","24.86079978942871","67.0103988647461","education","","","10.47"
"I4210117425","Google (Israel)","Israel","IL","32.79960250854492","34.94673538208008","company","","Asia","26.77"
"I116067653","University of Rome Tor Vergata","Italy","IT","41.89192962646485","12.511329650878906","education","100.0","Europe","100.0"
"I4210143225","Ministry of Education and Science of the Republic of Kazakhstan","Kazakhstan","KZ","51.18009948730469","71.44597625732422","other","468.0","Asia","86.06"
"I4210151615","Wuyi University","China","CN","22.599273681640625","113.08660125732422","education","100.0","Asia","100.0"
"I4210096102","Miwa Hospital","Japan","JP","36.639259338378906","137.21263122558594","healthcare","106.0","Asia","99.66"
"I169556180","GSI Helmholtz Centre for Heavy Ion Research","Germany","DE","49.87166976928711","8.650270462036133","facility","100.0","Europe","100.0"
"I4388891846","Politeknik Negeri Semarang","","","-6.993060111999512","110.42082977294922","education","100.0","","100.0"
"I1282462722","United States Department of Transportation","United States","US","38.895111083984375","-77.03636932373047","government","100.0","North America","100.0"
"I2799318839","Universitätsmedizin Greifswald","Germany","DE","54.093109130859375","13.387860298156738","education","100.0","Europe","100.0"
"I905734797","Maharshi Dayanand University","India","IN","28.89447021484375","76.58917236328125","education","100.0","Asia","100.0"
"I157773358","Sun Yat-sen University","China","CN","23.116670608520508","113.25","education","100.0","Asia","100.0"
"I89652312","Northwest A&F University","China","CN","34.271728515625","108.07891082763672","education","100.0","Asia","100.0"
"I90097577","Red Sea University","SD","SD","19.61090469360352","37.22014617919922","education","","Other","32.36"
"I86501945","University of Delaware","United States","US","39.683719635009766","-75.7496566772461","education","100.0","North America","100.0"
"I42923333","Private University of the North","Peru","PE","-8.115989685058594","-79.02998352050781","education","100.0","South America","100.0"
"I951315","Graduate Institute of International and Development Studies","Switzerland","CH","46.20222091674805","6.145689964294434","education","100.0","Europe","100.0"
"I4210113733","Medignition (Switzerland)","Switzerland","CH","47.37086868286133","8.527395248413086","company","","Europe","10.4"
"I1303153112","European Bioinformatics Institute","United Kingdom","GB","52.20000076293945","0.1166699975728988","facility","100.0","Europe","100.0"
"I4392738263","Thonburi University","","","13.753979682922363","100.5014419555664","education","","","13.21"
"I2801228662","Peking Union Medical College Hospital","China","CN","39.91328811645508","116.41742706298828","healthcare","100.0","Asia","100.0"
"I158842170","Chongqing University","China","CN","29.56026077270508","106.55770874023438","education","100.0","Asia","100.0"
"I134892692","Chaitanya Bharathi Institute of Technology","India","IN","17.384050369262695","78.45635986328125","education","100.0","Asia","100.0"
"I183898223","International Hellenic University","Greece","GR","40.64360809326172","22.93086051940918","education","100.0","Europe","100.0"
"I2800663845","Bigelow Laboratory for Ocean Sciences","United States","US","43.87646865844727","-69.63365936279297","nonprofit","100.0","North America","100.0"
"I4210152471","Weill Cornell Medical College in Qatar","Qatar","QA","25.285449981689453","51.53096008300781","education","100.0","Asia","100.0"
"I933318745","Dehradun Institute of Technology University","India","IN","30.32443046569824","78.03392028808594","education","100.0","Asia","100.0"
"I3132238960","Institute of Electrical and Electronics Engineers","United States","US","40.499271392822266","-74.39904022216797","education","100.0","North America","100.0"
"I4387152817","ImViA - Imagerie et Vision Artificielle","","","47.31666946411133","5.016670227050781","facility","","","11.69"
"I158716096","University of Peloponnese","Greece","GR","37.508888244628906","22.379440307617188","education","100.0","Europe","100.0"
"I4210161785","First Technical University","Nigeria","NG","7.377560138702393","3.905910015106201","education","100.0","Africa","100.0"
"I137967721","Mapúa University","Philippines","PH","14.590576171875","120.9785614013672","facility","100.0","Asia","100.0"
"I113358080","Champalimaud Foundation","Portugal","PT","38.71667098999024","-9.133330345153809","facility","100.0","Europe","100.0"
"I4210099352","Pauls Stradiņš Clinical University Hospital","Latvia","LV","56.94599914550781","24.10589027404785","healthcare","100.0","Europe","100.0"
"I83328450","Miami University","United States","US","39.50699996948242","-84.74523162841797","education","100.0","North America","100.0"
"I4210147322","Shanghai Institute of Microsystem and Information Technology","China","CN","31.22221946716309","121.45806121826172","facility","100.0","Asia","100.0"
"I4402554038","Microsoft Research Montréal (Canada)","Canada","CA","45.50883865356445","-73.58780670166016","company","","North America","10.06"
"I4210123005","ARC Centre of Excellence for Mathematical and Statistical Frontiers","Australia","AU","-37.783329010009766","144.9499969482422","facility","","Oceania","51.3"
"I120163777","Regensburg University of Applied Sciences","Germany","DE","49.01512908935547","12.10161018371582","education","100.0","Europe","100.0"
"I4387153973","Laboratoire des 2 Infinis Toulouse","","","43.6042594909668","1.4436700344085691","facility","","","16.15"
"I4210125886","Al-Azhar University","Indonesia","ID","3.683506965637207","98.65632629394533","education","100.0","Asia","100.0"
"I39534123","Gwangju Institute of Science and Technology","South Korea","KR","35.154720306396484","126.91555786132812","education","100.0","Asia","100.0"
"I1323252656","Information Technology University","Pakistan","PK","31.558000564575195","74.3507080078125","education","100.0","Asia","100.0"
"I4210105396","Laboratoire d’Etudes du Rayonnement et de la Matière en Astrophysique et Atmosphères","France","FR","48.85340881347656","2.34879994392395","facility","100.0","Europe","100.0"
"I4210097985","University Hospital in Motol","Czech Republic","CZ","50.08803939819336","14.42076015472412","healthcare","100.0","Europe","100.0"
"I64519617","Hanoi University","Vietnam","VN","20.988927841186523","105.79646301269533","education","100.0","Asia","100.0"
"I4210108594","Amsterdam Neuroscience","Netherlands","NL","52.37403106689453","4.889689922332764","facility","100.0","Europe","100.0"
"I94626330","University of Bamberg","Germany","DE","49.89873123168945","10.900670051574709","education","100.0","Europe","100.0"
"I240042149","Abdelmalek Essaâdi University","Morocco","MA","35.57844924926758","-5.368370056152344","education","100.0","Africa","100.0"
"I2803092587","St. Cloud Hospital","United States","US","45.57390594482422","-94.16956329345705","healthcare","","North America","40.91"
"I4210123591","Tottori University Hospital","Japan","JP","35.43333053588867","133.3333282470703","healthcare","280.0","Asia","92.31"
"I123044942","Universitat Autònoma de Barcelona","Spain","ES","41.4910888671875","2.1407899856567383","education","100.0","Europe","100.0"
"I2802176441","Basque Center for Applied Mathematics","Spain","ES","43.26271057128906","-2.9252800941467285","education","100.0","Europe","100.0"
"I4210113136","National Zoological Park","United States","US","38.895111083984375","-77.03636932373047","archive","100.0","North America","100.0"
"I4210157667","IPS Research (United States)","United States","US","35.479373931884766","-97.52487182617188","company","986.0","North America","70.26"
"I288011450","Comilla University","Bangladesh","BD","23.46186065673828","91.18502807617188","education","100.0","Asia","100.0"
"I4210126360","Inria Saclay - Île de France","France","FR","48.71828079223633","2.249799966812134","government","100.0","Europe","100.0"
"I2799345741","CMH Lahore Medical College and Institute of Dentistry","Pakistan","PK","31.539159774780277","74.37056732177734","healthcare","100.0","Asia","100.0"
"I20107917","Sri Ramachandra Institute of Higher Education and Research","India","IN","13.041498184204102","80.14395141601562","education","100.0","Asia","100.0"
"I166416128","DEVCOM Army Research Laboratory","United States","US","39.00317001342773","-76.97191619873047","government","100.0","North America","100.0"
"I31512782","Technical University of Darmstadt","Germany","DE","49.87166976928711","8.650270462036133","education","100.0","Europe","100.0"
"I164928964","Merck (Germany)","Germany","DE","49.89741516113281","8.648750305175781","company","100.0","Europe","100.0"
"I4210163000","Tetra Tech (Canada)","Canada","CA","43.83053970336914","-79.05514526367188","company","","North America","6.92"
"I100072489","Yeditepe University","Turkey","TR","41.01383972167969","28.94965934753418","education","100.0","Asia","100.0"
"I4394709102","IAIN Syekh Nurjati Cirebon","","","-6.706299781799316","108.55699920654295","education","100.0","","100.0"
"I4400600977","Posts and Telecommunications Institute of Technology","","","20.971359252929688","105.7787628173828","education","600.0","","81.94"
"I4210116730","Universitätsmedizin Göttingen","Germany","DE","51.53443145751953","9.932279586791992","other","100.0","Europe","100.0"
"I4210126505","Amity University","United Arab Emirates","AE","25.12328338623047","55.41938400268555","education","1.0","Asia","100.0"
"I2801845744","Toronto General Hospital","Canada","CA","43.70011138916016","-79.41629791259766","healthcare","100.0","North America","100.0"
"I4210096723","Technologie- und Förderzentrum","Germany","DE","48.88512802124024","12.583650588989258","facility","","Europe","23.82"
"I4210125507","Chouaib Doukkali University","Morocco","MA","33.25682067871094","-8.508819580078125","education","100.0","Africa","100.0"
"I4210100255","Beijing Academy of Artificial Intelligence","China","CN","39.99357223510742","116.3315200805664","other","100.0","Asia","100.0"
"I130785548","Clark University","United States","US","42.26258850097656","-71.80229187011719","education","100.0","North America","100.0"
"I135218257","Swiss Center for Electronics and Microtechnology (Switzerland)","Switzerland","CH","46.991790771484375","6.931000232696533","company","100.0","Europe","100.0"
"I43439940","University of Southampton","United Kingdom","GB","50.90394973754883","-1.4042799472808838","education","100.0","Europe","100.0"
"I39063666","University of Catania","Italy","IT","37.49222946166992","15.070409774780272","education","100.0","Europe","100.0"
"I4390039268","Données et algorithmes pour une ville intelligente et durable","","","48.8035888671875","2.134239912033081","facility","","","16.48"
"I4210131701","Institute for Computational Science and Technology","Vietnam","VN","10.823019981384276","106.62964630126952","facility","","Asia","46.72"
"I4210110026","Hertford County Hospital","United Kingdom","GB","51.7964973449707","-0.0888170003890991","healthcare","","Europe","6.96"
"I4210098293","Qatar Orthopaedic and Sports Medicine Hospital","Qatar","QA","25.285449981689453","51.53096008300781","healthcare","100.0","Asia","100.0"
"I4210094054","University of Lay Adventists of Kigali","RW","RW","-1.965559005737305","30.09729385375977","education","","Other","15.11"
"I4401726770","Cambricon (China)","China","CN","39.907501220703125","116.39723205566406","company","","Asia","5.09"
"I1311688040","Amazon (United States)","United States","US","47.60620880126953","-122.33206939697266","company","100.0","North America","100.0"
"I87182695","Universidad del Noreste","Mexico","MX","22.28339958190918","-97.87220001220705","education","100.0","North America","100.0"
"I42014448","Sardar Vallabhbhai National Institute of Technology Surat","India","IN","21.161317825317383","72.78534698486328","education","100.0","Asia","100.0"
"I22128151","University of Derby","United Kingdom","GB","52.92277145385742","-1.4766299724578855","education","100.0","Europe","100.0"
"I99977706","FH Aachen","Germany","DE","50.75486755371094","6.098174095153809","education","100.0","Europe","100.0"
"I4210158922","Integris Health","United States","US","35.529300689697266","-97.57630157470705","healthcare","","North America","15.0"
"I4210160344","Tongji Hospital","China","CN","30.583330154418945","114.26667022705078","healthcare","100.0","Asia","100.0"
"I4210147585","National Public Health Organization","Greece","GR","38.03312301635742","23.790117263793945","government","983.0","Europe","70.34"
"I4210116208","Linkou Chang Gung Memorial Hospital","Taiwan","TW","24.99367904663086","121.29695892333984","healthcare","100.0","Asia","100.0"
"I25217355","University of Pavia","Italy","IT","45.19205093383789","9.159170150756836","education","100.0","Europe","100.0"
"I4210100229","Institute of Engineering Physics","Russia","RU","54.90189743041992","37.40299606323242","facility","100.0","Europe","100.0"
"I75380228","McKinsey & Company (United States)","United States","US","40.75901412963867","-73.97346496582031","company","100.0","North America","100.0"
"I4210123525","Neuro-Dol","France","FR","45.77968978881836","3.086819887161255","facility","","Europe","43.13"
"I143593769","East China University of Science and Technology","China","CN","31.22221946716309","121.45806121826172","education","100.0","Asia","100.0"
"I153648349","University of Leicester","United Kingdom","GB","52.63859939575195","-1.1316900253295898","education","100.0","Europe","100.0"
"I4210136696","NIHR Surgical Reconstruction and Microbiology Research Centre","United Kingdom","GB","52.48141860961914","-1.899829983711243","facility","100.0","Europe","100.0"
"I32881790","Université de Poitiers","France","FR","46.582611083984375","0.3434799909591675","education","100.0","Europe","100.0"
"I50760025","Hangzhou Dianzi University","China","CN","30.293649673461918","120.1614227294922","education","100.0","Asia","100.0"
"I4210140357","Renmin Hospital of Wuhan University","China","CN","30.583330154418945","114.26667022705078","healthcare","100.0","Asia","100.0"
"I204553293","China University of Petroleum, Beijing","China","CN","39.907501220703125","116.39723205566406","education","100.0","Asia","100.0"
"I4210112221","Institute of Petroleum Chemistry","Russia","RU","56.47431564331055","85.0501708984375","facility","100.0","Europe","100.0"
"I120250893","New York University Abu Dhabi","United Arab Emirates","AE","24.45117950439453","54.3969612121582","education","39.0","Asia","100.0"
"I87216513","Michigan State University","United States","US","42.73698043823242","-84.48387145996094","education","100.0","North America","100.0"
"I4210105746","Regional Health","United States","US","44.05878448486328","-103.22530364990234","healthcare","100.0","North America","100.0"
"I25974101","University of Würzburg","Germany","DE","49.79391098022461","9.951210021972656","education","100.0","Europe","100.0"
"I89630735","Yokohama City University","Japan","JP","35.43333053588867","139.64999389648438","education","100.0","Asia","100.0"
"I4210097016","International Institute of Information Technology","India","IN","20.29490089416504","85.74369812011719","education","499.0","Asia","85.02"
"I154338468","University of Fribourg","Switzerland","CH","46.8023681640625","7.151279926300049","education","100.0","Europe","100.0"
"I105454292","Guru Gobind Singh Indraprastha University","India","IN","28.595016479492188","77.0189437866211","education","100.0","Asia","100.0"
"I4210157616","Institut Agronomique et Vétérinaire Hassan II","Morocco","MA","34.01324844360352","-6.832550048828125","education","100.0","Africa","100.0"
"I2801766832","McGill University Health Centre","Canada","CA","45.50883865356445","-73.58780670166016","other","31.0","North America","100.0"
"I4210163196","Signify (Netherlands)","Netherlands","NL","51.44083023071289","5.477779865264893","company","","Europe","26.63"
"I4210145099","Xian Yang Central Hospital","China","CN","34.337703704833984","108.72705841064452","healthcare","100.0","Asia","100.0"
"I51923648","Life University","United States","US","33.93210220336914","-84.51415252685547","education","100.0","North America","100.0"
"I1309191912","Research Triangle Park Foundation","United States","US","35.90805435180664","-78.86277770996094","nonprofit","100.0","North America","100.0"
"I4210109544","Second Institute of Oceanography","China","CN","30.293649673461918","120.1614227294922","facility","100.0","Asia","100.0"
"I869660684","University of the Western Cape","South Africa","ZA","-33.925838470458984","18.423219680786133","education","100.0","Africa","100.0"
"I4210114604","Beijing Luhe Hospital Affiliated to Capital Medical University","China","CN","39.90143966674805","116.65898895263672","healthcare","100.0","Asia","100.0"
"I926137907","Marist College","United States","US","41.6698112487793","-73.90702819824219","education","100.0","North America","100.0"
"I1334950195","Australian Nuclear Science and Technology Organisation","Australia","AU","-33.86785125732422","151.2073211669922","other","9.0","Oceania","100.0"
"I88060688","Universidad Politécnica de Madrid","Spain","ES","40.416500091552734","-3.702559947967529","education","100.0","Europe","100.0"
"I4210127555","China Guodian Corporation (China)","China","CN","39.907501220703125","116.39723205566406","company","","Asia","60.29"
"I34352273","Maastricht University","Netherlands","NL","50.848331451416016","5.688889980316162","education","100.0","Europe","100.0"
"I4210088687","Université Ibn Zohr","Morocco","MA","30.42017936706543","-9.598150253295898","education","100.0","Africa","100.0"
"I4210104335","Institute for Basic Science","South Korea","KR","36.34912872314453","127.38493347167967","facility","100.0","Asia","100.0"
"I4210091087","Yessenov University","Kazakhstan","KZ","43.681148529052734","51.169227600097656","education","","Asia","12.83"
"I4210091204","Joint Center for Structural Genomics","United States","US","32.832698822021484","-117.26985931396484","other","100.0","North America","100.0"
"I137613304","Al-Baath University","Syria","SY","34.71277618408203","36.70861053466797","education","","Asia","59.54"
"I2801970007","Turku University Hospital","Finland","FI","60.45148086547852","22.26869010925293","healthcare","100.0","Europe","100.0"
"I112991645","Airbus (France)","France","FR","43.6042594909668","1.4436700344085691","company","100.0","Europe","100.0"
"I4210136903","Airbus (Germany)","Germany","DE","53.550086975097656","9.990960121154783","company","100.0","Europe","100.0"
"I138690464","University of Ghana","Ghana","GH","5.55601978302002","-0.1968999952077865","education","100.0","Africa","100.0"
"I1287551835","National Skin Centre","Singapore","SG","1.319923996925354","103.84901428222656","healthcare","100.0","Asia","100.0"
"I117532281","Guangzhou University of Chinese Medicine","China","CN","23.116670608520508","113.25","education","100.0","Asia","100.0"
"I29617571","University of Indonesia","Indonesia","ID","-6.400000095367432","106.81861114501952","education","100.0","Asia","100.0"
"I158934434","Zhongnan University of Economics and Law","China","CN","30.47522354125977","114.3935317993164","education","100.0","Asia","100.0"
"I163151358","Cyprus University of Technology","Cyprus","CY","34.684059143066406","33.037940979003906","education","100.0","Europe","100.0"
"I4210146732","The Arab Academic College for Education in Israel","Israel","IL","32.79882049560547","35.01612854003906","education","","Asia","28.27"
"I2252078561","Meta (Israel)","Israel","IL","32.08087921142578","34.78057098388672","company","100.0","Asia","100.0"
"I4210117090","Tenet 3 (United States)","United States","US","39.66172790527344","-84.19485473632812","company","","North America","0.74"
"I1294504835","Marshall Space Flight Center","United States","US","34.683868408203125","-86.64763641357422","facility","100.0","North America","100.0"
"I114277686","James S. McDonnell Foundation","United States","US","38.63725662231445","-90.34386444091795","nonprofit","100.0","North America","100.0"
"I4210093216","Institut Català de Nanociència i Nanotecnologia","Spain","ES","41.388790130615234","2.158989906311035","facility","100.0","Europe","100.0"
"I4210145761","Shenzhen Institutes of Advanced Technology","China","CN","22.54553985595703","114.06829833984376","facility","100.0","Asia","100.0"
"I2802416562","Ideon Science Park","Sweden","SE","55.71390151977539","13.216699600219728","archive","","Europe","59.04"
"I205612303","Chinese Culture University","Taiwan","TW","25.13615226745605","121.5392837524414","education","100.0","Asia","100.0"
"I68956291","Martin Luther University Halle-Wittenberg","Germany","DE","51.4815788269043","11.979470252990724","education","100.0","Europe","100.0"
"I2802832906","Vancouver General Hospital","Canada","CA","49.26119995117188","-123.12305450439452","healthcare","100.0","North America","100.0"
"I4392738113","China Electric Power Research Institute","","","39.907501220703125","116.39723205566406","facility","100.0","","100.0"
"I4210086253","Silicon Valley Community Foundation","United States","US","37.39945602416992","-122.10885620117188","nonprofit","","North America","24.73"
"I87074743","University of the Philippines Diliman","Philippines","PH","14.654861450195312","121.06446838378906","education","100.0","Asia","100.0"
"I4210125884","Saiseikai Suita Hospital","Japan","JP","34.761661529541016","135.53463745117188","healthcare","","Asia","45.27"
"I33003672","Indian Institute of Management Indore","India","IN","22.625675201416016","75.79092407226562","education","100.0","Asia","100.0"
"I13591777","University of Nottingham Ningbo China","China","CN","29.878189086914062","121.54945373535156","education","100.0","Asia","100.0"
"I110346614","University of Central Asia","KG","KG","42.8724479675293","74.59405517578125","education","","Other","42.07"
"I39824353","National Institute of Astrophysics, Optics and Electronics","Mexico","MX","19.03792953491211","-98.20346069335938","facility","100.0","North America","100.0"
"I90965887","SUNY Polytechnic Institute","United States","US","43.10089874267578","-75.23265838623047","education","100.0","North America","100.0"
"I165560825","Mashhad University of Medical Sciences","Iran","IR","36.29806900024414","59.60567092895508","education","100.0","Asia","100.0"
"I4210161954","Département d'Informatique","France","FR","48.85340881347656","2.34879994392395","facility","100.0","Europe","100.0"
"I4210127033","Siemens (Austria)","Austria","AT","48.26947784423828","16.422746658325195","company","267.0","Europe","92.76"
"I180519160","Copenhagen Business School","Denmark","DK","55.67594146728516","12.565529823303224","education","100.0","Europe","100.0"
"I4210090609","Environmental Software and Services (Austria)","Austria","AT","48.06832504272461","16.286670684814453","company","","Europe","2.0"
"I4210094396","National Centre for Nuclear Energy, Science and Technology","Morocco","MA","34.13374710083008","-6.6394758224487305","facility","9.0","Africa","100.0"
"I4210086973","Affiliated Eye Hospital of Wenzhou Medical College","China","CN","27.999420166015625","120.66681671142578","healthcare","100.0","Asia","100.0"
"I54713919","Geisinger Health System","United States","US","40.96788787841797","-76.60507202148438","healthcare","100.0","North America","100.0"
"I67415387","Lancaster University","United Kingdom","GB","54.04648971557617","-2.799880027770996","education","100.0","Europe","100.0"
"I4391767673","State Key Laboratory of ASIC and System","","","31.22221946716309","121.45806121826172","facility","100.0","","100.0"
"I4210124148","Microbiology Institute of Shaanxi","China","CN","34.26069641113281","109.03032684326172","facility","100.0","Asia","100.0"
"I1292020679","Institute on Governance","Canada","CA","45.42692947387695","-75.69219207763672","nonprofit","353.0","North America","89.9"
"I3132999081","Marwadi University","India","IN","22.29161071777344","70.79322052001953","education","100.0","Asia","100.0"
"I63169043","United International University","Bangladesh","BD","23.710399627685547","90.40744018554688","education","100.0","Asia","100.0"
"I4210119101","Tangshan Normal University","China","CN","39.67451858520508","118.17640686035156","education","944.0","Asia","71.52"
"I4210135750","Prevent Alzheimer’s Disease 2020","United States","US","39.08951950073242","-77.15113830566406","nonprofit","","North America","42.12"
"I221716585","The University of Texas at Tyler","United States","US","32.351261138916016","-95.30106353759766","education","100.0","North America","100.0"
"I4210139271","GIET University","India","IN","19.080400466918945","83.80879211425781","education","100.0","Asia","100.0"
"I135117807","Université de Sherbrooke","Canada","CA","45.40008163452149","-71.89907836914062","education","100.0","North America","100.0"
"I177097968","University of Tennessee at Chattanooga","United States","US","35.045631408691406","-85.30967712402344","education","100.0","North America","100.0"
"I97750245","Software (Spain)","Spain","ES","40.60102462768555","-3.715553998947144","company","100.0","Europe","100.0"
"I72375662","Osaka Institute of Technology","Japan","JP","34.69374084472656","135.50218200683594","education","100.0","Asia","100.0"
"I3132702812","Uttaranchal University","India","IN","30.32443046569824","78.03392028808594","education","100.0","Asia","100.0"
"I51158804","Massey University","New Zealand","NZ","-40.35636138916016","175.6111297607422","education","100.0","Oceania","100.0"
"I4210088767","Dustin (Norway)","Norway","NO","59.44362258911133","10.682905197143556","company","","Europe","1.67"
"I4388482673","U.S. Air Force Research Laboratory Information Directorate","","","43.21284866333008","-75.45572662353516","government","","","16.96"
"I4210089853","ASTRO-3D","Australia","AU","-33.276405334472656","115.72318267822266","facility","100.0","Oceania","100.0"
"I3019308854","Moffitt Cancer Center","United States","US","27.947519302368164","-82.45842742919922","healthcare","100.0","North America","100.0"
"I4210163873","Zhengzhou University of Industrial Technology","China","CN","34.75777816772461","113.64861297607422","education","180.0","Asia","95.98"
"I4210149696","Zhytomyr Polytechnic State University","Ukraine","UA","50.244720458984375","28.635705947875977","education","100.0","Europe","100.0"
"I11874761","University of North Florida","United States","US","30.33218002319336","-81.65564727783203","education","100.0","North America","100.0"
"I2802430469","Nederlandse Spoorwegen","Netherlands","NL","52.088077545166016","5.112872123718262","company","","Europe","18.24"
"I83467386","IT University of Copenhagen","Denmark","DK","55.67594146728516","12.565529823303224","education","100.0","Europe","100.0"
"I4210131257","Universidad Nacional Santiago Antúnez de Mayolo","Peru","PE","-9.527790069580078","-77.52777862548828","education","","South America","68.15"
"I9507","Sangji University","South Korea","KR","37.37046051025391","127.92853546142578","education","100.0","Asia","100.0"
"I271888150","Sriwijaya University","Indonesia","ID","-2.9167299270629883","104.74579620361328","education","100.0","Asia","100.0"
"I114531698","Tokyo Institute of Technology","Japan","JP","35.68949890136719","139.69171142578125","education","100.0","Asia","100.0"
"I195573530","Janelia Research Campus","United States","US","39.04372024536133","-77.48748779296875","facility","100.0","North America","100.0"
"I4210137358","Quy Nhon University","Vietnam","VN","13.759395599365234","109.21765899658205","education","100.0","Asia","100.0"
"I97565354","University of Lausanne","Switzerland","CH","46.51599884033203","6.632820129394531","education","100.0","Europe","100.0"
"I66890659","Saint Mary's University","Canada","CA","44.6426887512207","-63.576881408691406","education","100.0","North America","100.0"
"I4210138560","European Molecular Biology Laboratory","Germany","DE","49.38454818725586","8.711315155029297","government","100.0","Europe","100.0"
"I4210113377","Ningbo Medical Center Lihuili Hospital","China","CN","29.855127334594727","121.56208038330078","healthcare","100.0","Asia","100.0"
"I13955877","Bar-Ilan University","Israel","IL","32.067779541015625","34.842498779296875","education","100.0","Asia","100.0"
"I14243506","Hong Kong Polytechnic University","Hong Kong","HK","22.2783203125","114.17469024658205","education","100.0","Asia","100.0"
"I4210146682","Intel (India)","India","IN","12.92692756652832","77.68433380126953","company","939.0","Asia","71.69"
"I146655781","University of Liverpool","United Kingdom","GB","53.41057968139648","-2.977940082550049","education","100.0","Europe","100.0"
"I102064193","University of Siena","Italy","IT","43.31821823120117","11.330639839172363","education","100.0","Europe","100.0"
"I1629065","Central Michigan University","United States","US","43.59780883789063","-84.76750946044922","education","100.0","North America","100.0"
"I177064439","Université de Bourgogne","France","FR","47.31666946411133","5.016670227050781","education","100.0","Europe","100.0"
"I127073530","OhioHealth","United States","US","40.0313835144043","-83.02606964111328","healthcare","100.0","North America","100.0"
"I4210095787","NOAA National Weather Service","United States","US","38.99066925048828","-77.02609252929688","government","100.0","North America","100.0"
"I4210107738","CCTEG Shenyang Research Institute","China","CN","39.907501220703125","116.39723205566406","facility","","Asia","59.02"
"I165390105","University of South Africa","South Africa","ZA","-25.768573760986328","28.20124244689941","education","100.0","Africa","100.0"
"I198091727","Tianjin Polytechnic University","China","CN","39.14221954345703","117.17666625976562","education","100.0","Asia","100.0"
"I1456306","North China University of Technology","China","CN","39.907501220703125","116.39723205566406","education","100.0","Asia","100.0"
"I4210135740","Haier Group (China)","China","CN","36.06488037109375","120.3804168701172","company","384.0","Asia","88.86"
"I2801278263","Komar University of Science and Technology","Iraq","IQ","35.56496047973633","45.432899475097656","education","","Asia","64.01"
"I4210151023","Quanzhou Institute of Equipment Manufacturing Haixi Institute","China","CN","24.874208450317383","118.67564392089844","education","34.0","Asia","59.43"
"I4210137962","Centre for Genomic Regulation","Spain","ES","41.388790130615234","2.158989906311035","other","100.0","Europe","100.0"
"I4400600935","Akanu Ibiam, Federal Polytechnic Unwana","","","5.795839786529541","7.937170028686523","education","34.0","","27.65"
"I2802288015","Hennepin County Medical Center","United States","US","44.97196578979492","-93.26148986816406","healthcare","100.0","North America","100.0"
"I4210090209","Institute of Microelectronics","Singapore","SG","1.2895560264587402","103.7793197631836","facility","100.0","Asia","100.0"
"I100722782","Fukuoka Institute of Technology","Japan","JP","33.695556640625","130.43943786621094","education","100.0","Asia","100.0"
"I4210160302","Amran University","Yemen","YE","15.65939998626709","43.94385147094727","education","","Asia","58.94"
"I138168422","SUNY Old Westbury","United States","US","40.78871154785156","-73.59957122802734","education","100.0","North America","100.0"
"I157417397","Bowling Green State University","United States","US","41.37477111816406","-83.65132141113281","education","100.0","North America","100.0"
"I193181351","Universidad de Guadalajara","Mexico","MX","20.666820526123047","-103.3918228149414","education","100.0","North America","100.0"
"I4210112872","Haywards Heath Hospital","United Kingdom","GB","51.00838088989258","-0.106013000011444","healthcare","","Europe","31.31"
"I4210134178","Sohu (China)","China","CN","39.983489990234375","116.32511138916016","company","","Asia","36.65"
"I162254961","National University of Lesotho","LS","LS","-29.316669464111328","27.48332977294922","education","100.0","Other","100.0"
"I4210144223","Metropolitan University of Technology","Chile","CL","-33.44749450683594","-70.65763854980469","education","100.0","South America","100.0"
"I4210113030","Leibniz Centre for Agricultural Landscape Research","Germany","DE","52.50703811645508","14.137160301208496","facility","100.0","Europe","100.0"
"I111575329","Bharathiar University","India","IN","11.039769172668455","76.87881469726562","education","100.0","Asia","100.0"
"I4210102412","Yan'an University","China","CN","36.61919021606445","109.46259307861328","education","100.0","Asia","100.0"
"I30809798","ShanghaiTech University","China","CN","31.22221946716309","121.45806121826172","education","100.0","Asia","100.0"
"I1307195382","St Bartholomew's Hospital","United Kingdom","GB","51.517459869384766","-0.1001280024647712","healthcare","100.0","Europe","100.0"
"I4210125929","University Cancer Center Hamburg","Germany","DE","53.58929443359375","9.975975036621094","healthcare","100.0","Europe","100.0"
"I4210090508","Azienda Sanitaria Unità Locale di Reggio Emilia","Italy","IT","44.68681716918945","10.666740417480469","healthcare","100.0","Europe","100.0"
"I4210148712","Silicon Valley University","United States","US","37.4006462097168","-121.89414978027344","education","","North America","45.81"
"I1329578906","WWF-India","India","IN","28.62137031555176","77.21479797363281","nonprofit","","Asia","31.53"
"I4210094231","Boreskov Institute of Catalysis","Russia","RU","54.85334014892578","83.10499572753906","facility","100.0","Europe","100.0"
"I141576021","Université Le Havre Normandie","France","FR","49.49346160888672","0.1078500002622604","education","100.0","Europe","100.0"
"I186903577","University of Luxembourg","Luxembourg","LU","49.61167144775391","6.130000114440918","education","100.0","Europe","100.0"
"I4210117258","BioTechMed-Graz","Austria","AT","47.06666946411133","15.449999809265137","facility","100.0","Europe","100.0"
"I1324925910","St Thomas' Hospital","United Kingdom","GB","51.498817443847656","-0.11910080909729","healthcare","100.0","Europe","100.0"
"I2800401438","Hospital Universitario de Canarias","Spain","ES","28.46824073791504","-16.254619598388672","healthcare","100.0","Europe","100.0"
"I47689461","Northeast Forestry University","China","CN","45.75","126.6500015258789","education","100.0","Asia","100.0"
"I4210114444","Meta (United States)","United States","US","37.45383071899414","-122.18218994140624","company","100.0","North America","100.0"
"I2800102766","Idaho National Laboratory","United States","US","43.46657943725586","-112.03414154052734","facility","100.0","North America","100.0"
"I4210147295","Institut Jean Lamour","France","FR","48.68439102172852","6.184959888458252","facility","100.0","Europe","100.0"
"I141596103","University of Lisbon","Portugal","PT","38.71667098999024","-9.133330345153809","education","100.0","Europe","100.0"
"I243754102","Universidade Federal do Ceará","Brazil","BR","-3.717220067977905","-38.543060302734375","education","100.0","South America","100.0"
"I4210114501","Wollo University","Ethiopia","ET","11.133330345153809","39.633331298828125","education","100.0","Africa","100.0"
"I2801005815","Egyptian e-Learning University","Egypt","EG","30.037288665771484","31.219730377197266","education","","Africa","9.79"
"I4210136064","Reliance Industries (India)","India","IN","19.08349609375","72.87430572509766","company","100.0","Asia","100.0"
"I4210087171","Bernstein Center for Computational Neuroscience Göttingen","Germany","DE","51.560821533203125","9.967602729797363","government","601.0","Europe","81.91"
"I4210114246","UMIT - Private Universität für Gesundheitswissenschaften, Medizinische Informatik und Technik","Austria","AT","47.28369522094727","11.517337799072266","education","1.0","Europe","100.0"
"I176601375","Khalifa University of Science and Technology","United Arab Emirates","AE","24.447925567626957","54.39486312866211","education","100.0","Asia","100.0"
"I4210105015","Stanford Health Care","United States","US","37.433475494384766","-122.1755828857422","healthcare","5.0","North America","100.0"
"I4210147852","Ideon Innovation (Sweden)","Sweden","SE","55.71201705932617","13.21489715576172","company","","Europe","5.05"
"I37189167","Gono University","Bangladesh","BD","23.710399627685547","90.40744018554688","education","","Asia","61.52"
"I92528248","Qatar Foundation","Qatar","QA","25.285449981689453","51.53096008300781","other","100.0","Asia","100.0"
"I157674565","University of Liège","Belgium","BE","50.633731842041016","5.567490100860596","education","100.0","Europe","100.0"
"I4210090332","Kyushu Economic Research Center","Japan","JP","33.58291244506836","130.40528869628906","facility","","Asia","4.83"
"I228664971","National University of General San Martín","Argentina","AR","-34.61315155029297","-58.37723159790039","education","100.0","South America","100.0"
"I115067436","Changzhi University","China","CN","36.20996475219727","113.10689544677734","education","100.0","Asia","100.0"
"I2799810409","Hospital of the University of Pennsylvania","United States","US","39.94988250732422","-75.1931381225586","healthcare","12.0","North America","100.0"
"I147962203","Democritus University of Thrace","Greece","GR","41.119171142578125","25.405349731445312","education","100.0","Europe","100.0"
"I44675526","Shanghai Ocean University","China","CN","31.22221946716309","121.45806121826172","education","100.0","Asia","100.0"
"I129708740","Fujian Medical University","China","CN","26.061389923095703","119.3061065673828","education","100.0","Asia","100.0"
"I4210122761","Arish University","Egypt","EG","31.136478424072266","33.82891845703125","education","100.0","Africa","100.0"
"I4210130944","HeartFlow (United States)","United States","US","37.51409530639648","-122.19995880126952","company","","North America","24.11"
"I94588446","Hongik University","South Korea","KR","37.55054473876953","126.92535400390624","education","100.0","Asia","100.0"
"I3125743391","China University of Geosciences (Beijing)","China","CN","39.907501220703125","116.39723205566406","education","100.0","Asia","100.0"
"I114203471","University of Gloucestershire","United Kingdom","GB","51.90005874633789","-2.079720020294189","education","100.0","Europe","100.0"
"I19820366","Chinese Academy of Sciences","China","CN","39.907501220703125","116.39723205566406","other","100.0","Asia","100.0"
"I141670070","Willamette University","United States","US","44.942901611328125","-123.03510284423828","education","100.0","North America","100.0"
"I4210137423","Zhuzhou Central Hospital","China","CN","27.813232421875","113.14191436767578","healthcare","100.0","Asia","100.0"
"I37446213","Indra (Spain)","Spain","ES","40.52985000610352","-3.641690969467163","company","100.0","Europe","100.0"
"I204308271","Medical College of Wisconsin","United States","US","43.03889846801758","-87.9064712524414","education","100.0","North America","100.0"
"I4210163551","South Western Sydney Local Health District","Australia","AU","-33.92103576660156","150.93434143066406","government","100.0","Oceania","100.0"
"I11855966","Diponegoro University","Indonesia","ID","-6.993060111999512","110.42082977294922","education","100.0","Asia","100.0"
"I4387155935","HUTECH University","","","10.823019981384276","106.62964630126952","education","100.0","","100.0"
"I1283473643","Honda (Japan)","Japan","JP","35.54557418823242","139.44989013671875","company","100.0","Asia","100.0"
"I70768539","École Nationale Supérieure des Mines de Paris","France","FR","48.85340881347656","2.34879994392395","education","100.0","Europe","100.0"
"I1308548392","Santa Fe Institute","United States","US","35.686981201171875","-105.93779754638672","other","100.0","North America","100.0"
"I922845939","Philadelphia University","United States","US","39.9523811340332","-75.16361999511719","education","100.0","North America","100.0"
"I113940042","Shanghai University","China","CN","31.22221946716309","121.45806121826172","education","100.0","Asia","100.0"
"I24714338","Youngsan University","South Korea","KR","35.42974853515625","129.14585876464844","education","","Asia","61.03"
"I159247623","Mansoura University","Egypt","EG","31.03636932373047","31.38068962097168","education","100.0","Africa","100.0"
"I122941322","Institut Supérieur d'Électronique de Paris","France","FR","48.84527206420898","2.3280229568481445","education","","Europe","62.71"
"I368840534","University of Mississippi","United States","US","34.36650085449219","-89.51924896240234","education","100.0","North America","100.0"
"I4210116875","AstraZeneca (Brazil)","Brazil","BR","-23.59675025939941","-46.864219665527344","company","100.0","South America","100.0"
"I4388482725","Mangalmay Institute of Management and Technology","India","IN","28.49614906311035","77.5360107421875","education","","Asia","3.24"
"I124633538","University of Seoul","South Korea","KR","37.58332443237305","127.05838775634766","education","100.0","Asia","100.0"
"I2802730090","Yale Cancer Center","United States","US","41.30815124511719","-72.92816162109375","facility","100.0","North America","100.0"
"I4210115359","Radiology Associates","United States","US","44.04633331298828","-123.0825424194336","healthcare","100.0","North America","100.0"
"I90678064","University of Colombo","Sri Lanka","LK","6.935480117797852","79.84867858886719","education","100.0","Asia","100.0"
"I88830068","Shaanxi Normal University","China","CN","34.258331298828125","108.9286117553711","education","100.0","Asia","100.0"
"I193775966","Yonsei University","South Korea","KR","37.56600189208984","126.97840118408205","education","100.0","Asia","100.0"
"I4210094981","Community Link","United States","US","38.58958435058594","-121.41847229003906","nonprofit","100.0","North America","100.0"
"I119439378","University of Verona","Italy","IT","45.43854141235352","10.993800163269045","education","100.0","Europe","100.0"
"I91041137","Assiut University","Egypt","EG","27.18095970153809","31.18367958068848","education","100.0","Africa","100.0"
"I4391767964","State Key Laboratory of Wireless Mobile Communications","","","39.907501220703125","116.39723205566406","facility","","","24.26"
"I2800301432","IMS Unison University","India","IN","30.399606704711918","78.07793426513672","education","100.0","Asia","100.0"
"I4210102361","Showa University Northern Yokohama Hospital","Japan","JP","35.43333053588867","139.64999389648438","healthcare","100.0","Asia","100.0"
"I173388201","University of Houston - Victoria","United States","US","28.816164016723636","-96.97640991210938","education","100.0","North America","100.0"
"I138841263","E.ON (Germany)","Germany","DE","51.68690872192383","7.274298191070557","company","","Europe","28.17"
"I4322298","Towson University","United States","US","39.4015007019043","-76.60191345214844","education","100.0","North America","100.0"
"I6026837","Tuskegee University","United States","US","32.42414855957031","-85.69096374511719","education","100.0","North America","100.0"
"I98259816","Birkbeck, University of London","United Kingdom","GB","51.50852966308594","-0.1257400065660476","education","100.0","Europe","100.0"
"I4210094226","Mi̇lli̇ Eği̇ti̇m Bakanliği","Turkey","TR","39.91986846923828","32.854270935058594","other","100.0","Asia","100.0"
"I4210127430","Lucky Technology (China)","China","CN","22.33600807189941","114.19705963134766","company","","Asia","16.12"
"I94271068","ESCP Business School","Germany","DE","52.52436828613281","13.410530090332031","education","100.0","Europe","100.0"
"I4210103525","Universitas Informatika dan Bisnis Indonesia","Indonesia","ID","-6.940530776977539","107.65098571777344","education","100.0","Asia","100.0"
"I4210155331","Institut Méditerranéen d’Océanologie","France","FR","43.29695129394531","5.381070137023926","facility","100.0","Europe","100.0"
"I35462925","Southern Connecticut State University","United States","US","41.30815124511719","-72.92816162109375","education","100.0","North America","100.0"
"I865915315","Vrije Universiteit Amsterdam","Netherlands","NL","52.37403106689453","4.889689922332764","education","100.0","Europe","100.0"
"I4210160189","Institut Polytechnique de Bordeaux","France","FR","44.84043884277344","-0.5805000066757202","education","100.0","Europe","100.0"
"I184834183","Al-Azhar University","Egypt","EG","30.06262969970703","31.249670028686523","education","100.0","Africa","100.0"
"I1324360087","Infinera (United States)","United States","US","37.413692474365234","-122.01873016357422","company","632.0","North America","80.98"
"I104411113","Alaska Department of Fish and Game","United States","US","58.29951858520508","-134.42434692382812","government","100.0","North America","100.0"
"I58716616","Korea Institute of Science and Technology","South Korea","KR","37.56600189208984","126.97840118408205","facility","100.0","Asia","100.0"
"I4210160169","Jeroen Bosch Ziekenhuis","Netherlands","NL","51.695411682128906","5.184388160705566","healthcare","100.0","Europe","100.0"
"I185443292","Wayne State University","United States","US","42.33142852783203","-83.0457534790039","education","100.0","North America","100.0"
"I4210110116","Institute of Applied Technology","China","CN","31.79096031188965","117.45706939697266","facility","100.0","Asia","100.0"
"I4210152403","Universidad Cooperativa de Colombia","Colombia","CO","4.609710216522217","-74.08174896240234","education","100.0","South America","100.0"
"I4210100437","Boramae Medical Center","South Korea","KR","37.49344253540039","126.9245834350586","healthcare","100.0","Asia","100.0"
"I4210155232","Fiberhome Technology Group (China)","China","CN","30.583330154418945","114.26667022705078","company","157.0","Asia","97.12"
"I2765519514","Al-Buraimi University College","Oman","OM","24.237001419067383","55.78001403808594","education","","Asia","26.92"
"I78277041","University of Diyala","Iraq","IQ","33.7540283203125","44.60517883300781","education","100.0","Asia","100.0"
"I41055640","Bitlis Eren University","Turkey","TR","38.47885894775391","42.1632080078125","education","100.0","Asia","100.0"
"I47367911","United Kingdom Atomic Energy Authority","United Kingdom","GB","51.65803909301758","-1.2320159673690796","other","100.0","Europe","100.0"
"I1335043937","UF Health Shands Hospital","United States","US","29.639862060546875","-82.34358215332031","healthcare","100.0","North America","100.0"
"I108403487","Warsaw University of Technology","Poland","PL","52.22977066040039","21.01177978515625","education","100.0","Europe","100.0"
"I1320133117","Royal Adelaide Hospital","Australia","AU","-34.92866134643555","138.5986328125","other","100.0","Oceania","100.0"
"I94575722","Harz University of Applied Sciences","Germany","DE","51.82670211791992","10.76024055480957","education","","Europe","57.46"
"I171256487","University of Technology - Iraq","Iraq","IQ","33.340579986572266","44.40087890625","education","100.0","Asia","100.0"
"I4210122709","Hospital de Santa Cruz","Portugal","PT","38.74878692626953","-9.16136360168457","healthcare","100.0","Europe","100.0"
"I4210113131","Barkhausen Institute","Germany","DE","51.0307731628418","13.711929321289062","facility","","Europe","19.4"
"I120230055","Poznan University of Medical Sciences","Poland","PL","52.40692138671875","16.929929733276367","education","100.0","Europe","100.0"
"I899635006","Université Grenoble Alpes","France","FR","45.1786994934082","5.762810230255127","education","100.0","Europe","100.0"
"I4210124644","Houston Institute for Clinical Research","United States","US","29.69486618041992","-95.52297973632812","facility","","North America","60.18"
"I112862951","University of Messina","Italy","IT","38.193939208984375","15.552559852600098","education","100.0","Europe","100.0"
"I9736820","École de Technologie Supérieure","Canada","CA","45.50883865356445","-73.58780670166016","education","100.0","North America","100.0"
"I4391767668","State Key Laboratory of Modern Optical Instruments","","","30.293649673461918","120.1614227294922","facility","100.0","","100.0"
"I87650153","Emerson College","United States","US","42.358428955078125","-71.05976867675781","education","100.0","North America","100.0"
"I4210133586","Institute for Molecular Medicine Finland","Finland","FI","60.19139099121094","24.903942108154297","facility","100.0","Europe","100.0"
"I115980683","Oriental Institute of Technology","Taiwan","TW","24.995899200439453","121.45269775390624","education","100.0","Asia","100.0"
"I4210119317","CK-CARE","Switzerland","CH","46.804290771484375","9.83722972869873","healthcare","109.0","Europe","99.55"
"I889458895","University of Hong Kong","Hong Kong","HK","22.2783203125","114.17469024658205","education","27.0","Asia","100.0"
"I87710204","Beijing Sport University","China","CN","40.02413558959961","116.3177719116211","education","100.0","Asia","100.0"
"I159129438","Université du Québec à Montréal","Canada","CA","45.50883865356445","-73.58780670166016","education","100.0","North America","100.0"
"I180825142","City, University of London","United Kingdom","GB","51.50852966308594","-0.1257400065660476","education","100.0","Europe","100.0"
"I4210119896","King's College School","United Kingdom","GB","51.421756744384766","-0.2260449975728988","education","100.0","Europe","100.0"
"I3129903175","Sri Sri University","India","IN","20.46496963500977","85.8792724609375","education","100.0","Asia","100.0"
"I114493937","Creighton University","United States","US","41.25625991821289","-95.9404296875","education","100.0","North America","100.0"
"I4210112150","Institute of Automation","China","CN","39.907501220703125","116.39723205566406","facility","100.0","Asia","100.0"
"I867280407","The University of Texas Southwestern Medical Center","United States","US","32.783058166503906","-96.80667114257812","education","100.0","North America","100.0"
"I4387155180","Samsung SDS (South Korea)","","","37.56600189208984","126.97840118408205","company","","","30.44"
"I4210129380","Sidel (Italy)","Italy","IT","44.7798080444336","10.283099174499512","company","","Europe","2.94"
"I4210119835","Canon (United States)","United States","US","40.77915191650391","-73.42902374267578","company","","North America","61.08"
"I23171815","Zhengzhou University of Light Industry","China","CN","34.75777816772461","113.64861297607422","education","100.0","Asia","100.0"
"I127845322","University of South Carolina Upstate","United States","US","34.997501373291016","-81.9705581665039","education","433.0","North America","87.23"
"I17120543","National University of Modern Languages","Pakistan","PK","33.66681289672852","73.0514907836914","education","100.0","Asia","100.0"
"I76661892","Federal University of Technology Minna","Nigeria","NG","9.65935516357422","6.528575897216797","education","100.0","Africa","100.0"
"I4210098396","Indo-American Center","United States","US","41.9967041015625","-87.70001220703125","nonprofit","644.0","North America","80.63"
"I4210156809","Future Academy","Egypt","EG","30.05413055419922","31.24515724182129","education","","Africa","5.34"
"I2801357902","Instituto de Salud Carlos III","Spain","ES","40.416500091552734","-3.702559947967529","other","100.0","Europe","100.0"
"I31079310","Al al-Bayt University","Jordan","JO","32.36100006103516","36.21900177001953","education","100.0","Asia","100.0"
"I4210109712","Max Planck Institute for Informatics","Germany","DE","49.25777816772461","7.04555606842041","facility","100.0","Europe","100.0"
"I876193797","Vellore Institute of Technology University","India","IN","12.918399810791016","79.13255310058594","education","100.0","Asia","100.0"
"I2800403580","University of Minnesota System","United States","US","44.9799690246582","-93.26383972167967","education","100.0","North America","100.0"
"I125968788","Norwegian Geotechnical Institute","Norway","NO","59.94850540161133","10.730605125427246","other","100.0","Europe","100.0"
"I4210143931","Rhodium Group (United States)","United States","US","40.747928619384766","-73.97181701660156","company","","North America","19.27"
"I137534880","Southern Federal University","Russia","RU","47.23134994506836","39.72328186035156","education","100.0","Europe","100.0"
"I91935597","University of South China","China","CN","26.88945960998535","112.61888122558594","education","100.0","Asia","100.0"
"I4210089887","Dyson (United Kingdom)","United Kingdom","GB","51.59606552124024","-2.103789091110229","company","100.0","Europe","100.0"
"I1290206253","Microsoft (United States)","United States","US","47.67398834228516","-122.12151336669922","company","100.0","North America","100.0"
"I4210128045","Abai Kazakh National Pedagogical University","Kazakhstan","KZ","43.256473541259766","76.9552230834961","education","100.0","Asia","100.0"
"I919208787","Louisiana Tech University","United States","US","32.52320861816406","-92.63793182373048","education","100.0","North America","100.0"
"I2799600842","Durham Technical Community College","United States","US","35.974761962890625","-78.88027954101562","education","100.0","North America","100.0"
"I185163786","King Abdulaziz University","Saudi Arabia","SA","21.49388885498047","39.25027847290039","education","100.0","Asia","100.0"
"I170253739","Singidunum University","Serbia","RS","44.78240585327149","20.478973388671875","education","100.0","Europe","100.0"
"I152429107","Jawaharlal Nehru University","India","IN","28.62137031555176","77.21479797363281","education","100.0","Asia","100.0"
"I4210138309","Center for Innovation","United States","US","38.90866470336914","-77.04178619384766","facility","100.0","North America","100.0"
"I4210099079","Institute of Intelligent Machines","China","CN","31.901731491088867","117.17012786865234","facility","100.0","Asia","100.0"
"I868834043","University of the West of Scotland","United Kingdom","GB","55.831729888916016","-4.432539939880371","education","100.0","Europe","100.0"
"I9927081","Aalto University","Finland","FI","60.2052001953125","24.65220069885254","education","100.0","Europe","100.0"
"I150209017","Scripps Institution of Oceanography","United States","US","32.84727096557617","-117.27420043945312","facility","100.0","North America","100.0"
"I4210136362","APEC Climate Center","South Korea","KR","35.139671325683594","129.03346252441406","government","","Asia","42.92"
"I3123046734","Lorestan University","Iran","IR","33.4877815246582","48.35583114624024","education","100.0","Asia","100.0"
"I4210130445","Max Planck Institute for Human Cognitive and Brain Sciences","Germany","DE","51.33573532104492","12.388835906982422","facility","100.0","Europe","100.0"
"I65674248","Visvesvaraya Technological University","India","IN","15.852120399475098","74.50447082519531","education","100.0","Asia","100.0"
"I4210120238","PowerChina (China)","China","CN","39.9315071105957","116.32023620605467","company","100.0","Asia","100.0"
"I4210145292","Shenzhen University Health Science Center","China","CN","22.533105850219727","113.9328155517578","education","100.0","Asia","100.0"
"I1321296531","National Institute of Standards and Technology","United States","US","39.14344024658203","-77.20137023925781","other","100.0","North America","100.0"
"I185940356","Soochow University","Taiwan","TW","25.09528541564941","121.545654296875","education","100.0","Asia","100.0"
"I5681781","University of Adelaide","Australia","AU","-34.92866134643555","138.5986328125","education","100.0","Oceania","100.0"
"I32021983","Kiel University","Germany","DE","54.32133102416992","10.134889602661133","education","100.0","Europe","100.0"
"I153230381","Charles Sturt University","Australia","AU","-33.430023193359375","149.56556701660156","education","100.0","Oceania","100.0"
"I4210153049","Vidyasirimedhi Institute of Science and Technology","Thailand","TH","12.680950164794922","101.25798034667967","education","100.0","Asia","100.0"
"I186217134","Future University in Egypt","Egypt","EG","30.027433395385746","31.491596221923828","education","100.0","Africa","100.0"
"I4210148743","Institute of Biomembranes, Bioenergetics and Molecular Biotechnologies","Italy","IT","41.11938095092773","16.881893157958984","facility","100.0","Europe","100.0"
"I1332353952","NSW Department of Planning and Environment","Australia","AU","-33.86785125732422","151.2073211669922","government","100.0","Oceania","100.0"
"I4210118939","Montimage (France)","France","FR","48.85340881347656","2.34879994392395","company","","Europe","13.16"
"I4210140007","Ramathibodi Hospital","Thailand","TH","13.753979682922363","100.5014419555664","healthcare","100.0","Asia","100.0"
"I198244214","Université Clermont Auvergne","France","FR","45.77968978881836","3.086819887161255","education","100.0","Europe","100.0"
"I20121455","Bielefeld University","Germany","DE","52.033329010009766","8.533329963684082","education","100.0","Europe","100.0"
"I4210121838","Laboratoire Lorrain de Recherche en Informatique et ses Applications","France","FR","48.68439102172852","6.184959888458252","facility","100.0","Europe","100.0"
"I2802390878","Sir Run Run Shaw Hospital","China","CN","30.293649673461918","120.1614227294922","healthcare","100.0","Asia","100.0"
"I98947143","California State Polytechnic University","United States","US","34.06210708618164","-117.82123565673828","education","100.0","North America","100.0"
"I4210102099","VA Ann Arbor Healthcare System","United States","US","42.28639221191406","-83.71514892578125","healthcare","100.0","North America","100.0"
"I4210149013","Sydney Children’s Hospitals Network","Australia","AU","-33.91565704345703","151.24087524414062","healthcare","100.0","Oceania","100.0"
"I4387155965","Alagappa Chettiar Government College of Engineering and Technology","","","9.847009658813477","78.48358154296875","education","","","23.25"
"I232005693","Universidad Francisco de Vitoria","Spain","ES","40.43292999267578","-3.813380002975464","education","100.0","Europe","100.0"
"I4210144025","Center for Excellence in Tibetan Plateau Earth Sciences","China","CN","40.005496978759766","116.37577056884766","facility","100.0","Asia","100.0"
"I79940851","University of Brescia","Italy","IT","45.53557968139648","10.214719772338867","education","100.0","Europe","100.0"
"I4210129636","Addis Ababa Science and Technology University","Ethiopia","ET","8.892447471618652","38.80986404418945","education","100.0","Africa","100.0"
"I4210112527","Luxembourg Institute of Science and Technology","Luxembourg","LU","49.51013946533203","5.924139976501465","education","100.0","Europe","100.0"
"I4210107336","Społeczna Akademia Nauk","Poland","PL","51.77058029174805","19.473949432373047","education","100.0","Europe","100.0"
"I4210107594","Zhongshan People's Hospital","China","CN","22.530170440673828","113.38038635253906","healthcare","100.0","Asia","100.0"
"I73779912","Manipal University Jaipur","","","26.919620513916016","75.78781127929688","education","100.0","","100.0"
"I1285985921","International Labour Organization","Switzerland","CH","46.22939300537109","6.134265899658203","government","100.0","Europe","100.0"
"I187204187","Gyeongju University","South Korea","KR","35.83034133911133","129.1620635986328","education","","Asia","34.92"
"I130828816","University of Leeds","United Kingdom","GB","53.796478271484375","-1.5478500127792358","education","100.0","Europe","100.0"
"I166595947","Federal University of São João del-Rei","Brazil","BR","-21.13555908203125","-44.26166915893555","education","100.0","South America","100.0"
"I82571370","GLA University","India","IN","27.50349998474121","77.67214965820312","education","100.0","Asia","100.0"
"I4210116486","Western Health","Australia","AU","-37.81399917602539","144.96331787109375","healthcare","100.0","Oceania","100.0"
"I4210098746","Indigenous Wellbeing Centre","Australia","AU","-24.88801383972168","152.35861206054688","other","","Oceania","39.07"
"I4210141508","Synelixis (Greece)","Greece","GR","38.02707290649414","23.732986450195312","company","","Europe","11.23"
"I185071736","Chapman University","United States","US","33.78778839111328","-117.85311126708984","education","100.0","North America","100.0"
"I72769676","Gautam Buddha University","India","IN","28.49614906311035","77.5360107421875","education","100.0","Asia","100.0"
"I161463649","Audencia Business School","France","FR","47.21725082397461","-1.5533599853515625","education","100.0","Europe","100.0"
"I102373834","Bryn Mawr College","United States","US","40.01982879638672","-75.30462646484375","education","100.0","North America","100.0"
"I3131644003","ISBAT University","Uganda","UG","0.3355050086975097","32.601219177246094","education","","Africa","3.3"
"I4210157426","Istituto Nazionale di Fisica Nucleare, Sezione di Roma I","Italy","IT","41.89192962646485","12.511329650878906","facility","9.0","Europe","100.0"
"I74796645","Birla Institute of Technology and Science, Pilani","India","IN","28.367250442504883","75.60352325439453","education","100.0","Asia","100.0"
"I146367977","Applied Science Private University","Jordan","JO","31.955219268798828","35.945030212402344","education","100.0","Asia","100.0"
"I4210089050","NOAA National Environmental Satellite Data and Information Service","United States","US","38.99066925048828","-77.02609252929688","other","100.0","North America","100.0"
"I4210102957","Département Mathématiques et Informatique Appliquées","France","FR","48.85340881347656","2.34879994392395","government","100.0","Europe","100.0"
"I143288331","Hasso Plattner Institute","Germany","DE","52.39886093139648","13.06566047668457","facility","100.0","Europe","100.0"
"I4210160625","Institut de Chirurgie Guidée par l'Image","France","FR","48.58391952514648","7.745530128479004","facility","","Europe","56.91"
"I8692664","University of Oklahoma","United States","US","35.22256851196289","-97.43948364257812","education","100.0","North America","100.0"
"I190085865","Universidade Federal de Sergipe","Brazil","BR","-10.911109924316406","-37.07167053222656","education","100.0","South America","100.0"
"I45542416","Atilim University","Turkey","TR","39.91986846923828","32.854270935058594","education","100.0","Asia","100.0"
"I4401200363","Modèles et simulations pour l'Architecture et le Patrimoine","","","43.29695129394531","5.381070137023926","education","","","20.57"
"I4210121585","Terra Quantum (Switzerland)","Switzerland","CH","47.47903823852539","9.486713409423828","company","37.0","Europe","11.63"
"I76569877","Southeast University","China","CN","32.061668395996094","118.77777862548828","education","100.0","Asia","100.0"
"I4210107087","BASF (Germany)","Germany","DE","49.49515914916992","8.432817459106445","company","100.0","Europe","100.0"
"I132053463","Université Libre de Bruxelles","Belgium","BE","50.85044860839844","4.348780155181885","education","100.0","Europe","100.0"
"I2801852214","University of Washington Medical Center","United States","US","47.650001525878906","-122.3080596923828","healthcare","75.0","North America","100.0"
"I176834541","Guangdong Medical College","China","CN","21.233909606933597","110.38748931884766","education","100.0","Asia","100.0"
"I11662577","Monash University Malaysia","Malaysia","MY","3.043839931488037","101.58061981201172","education","42.0","Asia","100.0"
"I4210160144","Seoul St. Mary's Hospital","South Korea","KR","37.58589172363281","127.00431823730467","healthcare","100.0","Asia","100.0"
"I132735039","University of Debrecen","Hungary","HU","47.53166961669922","21.624439239501957","education","100.0","Europe","100.0"
"I138164181","Alexandru Ioan Cuza University","Romania","RO","47.16667175292969","27.600000381469727","education","100.0","Europe","100.0"
"I92864154","University of Buckingham","United Kingdom","GB","51.99967956542969","-0.9877899885177612","education","100.0","Europe","100.0"
"I79563041","N. I. Lobachevsky State University of Nizhny Novgorod","Russia","RU","56.32867050170898","44.00204849243164","education","100.0","Europe","100.0"
"I210043505","North-Caucasus Federal University","Russia","RU","45.04083251953125","41.9102783203125","education","100.0","Europe","100.0"
"I57664883","Ajou University","South Korea","KR","37.29111099243164","127.0088882446289","education","100.0","Asia","100.0"
"I126863827","Pace University","United States","US","40.71427154541016","-74.00596618652344","education","100.0","North America","100.0"
"I4210121405","Centre for Artificial Intelligence and Robotics","India","IN","12.986627578735352","77.66790008544922","facility","","Asia","69.72"
"I82951845","RMIT University","Australia","AU","-37.80674743652344","144.9625701904297","education","1.0","Oceania","100.0"
"I179026463","Beijing Technology and Business University","China","CN","39.720340728759766","116.16999816894533","education","100.0","Asia","100.0"
"I91988273","Odessa National Maritime University","Ukraine","UA","46.485721588134766","30.74382972717285","education","100.0","Europe","100.0"
"I4210086036","Heim Pál Gyermekkórház","Hungary","HU","47.47883605957031","19.09351921081543","healthcare","619.0","Europe","81.39"
"I149594827","Xidian University","China","CN","34.258331298828125","108.9286117553711","education","100.0","Asia","100.0"
"I3129367976","A P J Abdul Kalam Technological University","India","IN","8.48550033569336","76.9492416381836","education","100.0","Asia","100.0"
"I4210112515","Joint Space Science Institute","United States","US","38.987422943115234","-76.94266510009766","facility","243.0","North America","93.56"
"I4210133934","Bernstein Center for Computational Neuroscience Tübingen","Germany","DE","48.53169631958008","9.041913032531738","government","100.0","Europe","100.0"
"I19772626","Yeshiva University","United States","US","40.71427154541016","-74.00596618652344","education","100.0","North America","100.0"
"I4210136804","Natel Energy (United States)","United States","US","37.786109924316406","-122.30975341796876","company","","North America","3.52"
"I132358288","Al-Azhar University – Gaza","Palestine","PS","31.51499938964844","34.436668395996094","education","100.0","Asia","100.0"
"I2801179840","Churchill Hospital","United Kingdom","GB","51.7638053894043","-1.21875","healthcare","100.0","Europe","100.0"
"I4210134598","Scientific Research Group in Egypt","Egypt","EG","30.027175903320312","31.20649719238281","facility","","Africa","60.33"
"I51622183","Shaanxi University of Science and Technology","China","CN","34.258331298828125","108.9286117553711","education","100.0","Asia","100.0"
"I106938459","University of New Brunswick","Canada","CA","45.945411682128906","-66.66558074951172","education","19.0","North America","100.0"
"I153265617","Sebha University","LY","LY","27.035011291503903","14.434269905090332","education","520.0","Other","84.39"
"I155173764","Rochester Institute of Technology","United States","US","43.154781341552734","-77.61556243896484","education","100.0","North America","100.0"
"I4210133325","Institute of Process Engineering","China","CN","39.907501220703125","116.39723205566406","facility","100.0","Asia","100.0"
"I67348948","Bayer (Germany)","Germany","DE","51.03030014038086","6.984320163726807","company","100.0","Europe","100.0"
"I49232843","Changchun University","China","CN","43.880001068115234","125.3227767944336","education","100.0","Asia","100.0"
"I4210112722","Ahold Delhaize (Netherlands)","Netherlands","NL","52.43597412109375","4.815680980682373","company","","Europe","6.61"
"I4210086977","Astrophysique, Instrumentation et Modélisation","France","FR","48.68333053588867","2.133330106735229","facility","100.0","Europe","100.0"
"I202500258","Research Institute for Nature and Forest","Belgium","BE","50.77342987060547","3.882230043411255","facility","100.0","Europe","100.0"
"I2802076133","University of Koblenz and Landau","Germany","DE","49.98419189453125","8.27910041809082","education","100.0","Europe","100.0"
"I120089902","Ho Chi Minh City University of Transport","Vietnam","VN","10.804328918457031","106.71525573730467","education","636.0","Asia","80.86"
"I98704320","Icahn School of Medicine at Mount Sinai","United States","US","40.71427154541016","-74.00596618652344","education","100.0","North America","100.0"
"I4210133362","Institut National de Physique Nucléaire et de Physique des Particules","France","FR","48.85340881347656","2.34879994392395","facility","9.0","Europe","100.0"
"I39587148","Wichita State University","United States","US","37.69224166870117","-97.33753967285156","education","100.0","North America","100.0"
"I4210153543","European Molecular Biology Laboratory","Germany","DE","53.55073165893555","9.993020057678224","government","100.0","Europe","100.0"
"I916541031","Universidad de Colima","Mexico","MX","19.249969482421875","-103.72714233398438","education","100.0","North America","100.0"
"I4210095140","National Institute of Environmental Health Sciences","United States","US","35.88383102416992","-78.88176727294922","facility","100.0","North America","100.0"
"I63596082","Tunis El Manar University","Tunisia","TN","36.8189697265625","10.165789604187012","education","100.0","Africa","100.0"
"I203303854","University of the Andes","Venezuela","VE","8.579906463623047","-71.15758514404297","education","100.0","South America","100.0"
"I51716468","International Burch University","BA","BA","43.81880569458008","18.312026977539062","education","699.0","Other","78.95"
"I79223203","Guangdong Ocean University","China","CN","21.233909606933597","110.38748931884766","education","100.0","Asia","100.0"
"I4210156771","Grandomics (China)","China","CN","39.90858840942383","116.2519302368164","company","","Asia","20.94"
"I4210111959","Shanghai Advanced Research Institute","China","CN","31.19031524658203","121.5882797241211","facility","100.0","Asia","100.0"
"I4210088809","Hormozgan University","Iran","IR","27.186500549316406","56.280799865722656","education","100.0","Asia","100.0"
"I4210155949","European Public Health Association","Netherlands","NL","52.09907150268555","5.110260009765625","other","","Europe","24.33"
"I4210104151","Shangdong Agriculture and Engineering University","China","CN","36.66833114624024","116.99722290039062","education","","Asia","59.25"
"I4210159082","Institut für Assistenzsysteme und Qualifizierung","Germany","DE","48.99918746948242","8.38510799407959","facility","","Europe","4.17"
"I4210143448","Instituto Biofisika","Spain","ES","43.32685852050781","-2.988840103149414","facility","100.0","Europe","100.0"
"I157543744","Royal College of Surgeons of Edinburgh","United Kingdom","GB","55.94681167602539","-3.183487892150879","education","","Europe","53.42"
"I4210166889","Anyang Hospital of Traditional Chinese Medicine","China","CN","36.10463333129883","114.35553741455078","healthcare","287.0","Asia","92.08"
"I4210164332","Shenzhen Second People's Hospital","China","CN","22.54553985595703","114.06829833984376","healthcare","100.0","Asia","100.0"
"I124227911","Ben-Gurion University of the Negev","Israel","IL","31.262191772460938","34.801509857177734","education","100.0","Asia","100.0"
"I4210152146","Islamic Azad University Kerman","Iran","IR","30.24216651916504","57.077186584472656","education","100.0","Asia","100.0"
"I4387155292","Indian Institute of Information Technology Sri City","","","13.529919624328612","79.99519348144531","education","","","39.99"
"I157637111","Naval Academy","Turkey","TR","41.01383972167969","28.94965934753418","education","100.0","Asia","100.0"
"I157227730","University of East London","United Kingdom","GB","51.50852966308594","-0.1257400065660476","education","100.0","Europe","100.0"
"I173093425","Chang Gung University","Taiwan","TW","25.03724670410156","121.38954162597656","education","100.0","Asia","100.0"
"I4210088715","FH Campus Wien","Austria","AT","48.20848846435547","16.372079849243164","education","100.0","Europe","100.0"
"I4210137217","Women's Hospital, School of Medicine, Zhejiang University","China","CN","30.255863189697266","120.16851043701172","healthcare","44.0","Asia","100.0"
"I32394136","Northumbria University","United Kingdom","GB","54.97328186035156","-1.613960027694702","education","100.0","Europe","100.0"
"I1299022934","United States Department of Health and Human Services","United States","US","38.895111083984375","-77.03636932373047","government","100.0","North America","100.0"
"I110166357","University of Delhi","India","IN","28.62137031555176","77.21479797363281","education","100.0","Asia","100.0"
"I4210132857","Ghent University Global Campus","South Korea","KR","37.37606048583984","126.66493225097656","education","","Asia","69.35"
"I4210109699","Atos (Spain)","Spain","ES","40.434715270996094","-3.632599115371704","company","","Europe","37.36"
"I4210160763","Shaanxi Provincial People's Hospital","China","CN","37.84722518920898","112.57738494873048","healthcare","100.0","Asia","100.0"
"I71270174","Victoria University","Australia","AU","-37.81399917602539","144.96331787109375","education","100.0","Oceania","100.0"
"I84776176","Shimadzu (Japan)","Japan","JP","35.02106857299805","135.75384521484375","company","100.0","Asia","100.0"
"I2800586481","Assuta Medical Center","Israel","IL","32.1078987121582","34.83880615234375","healthcare","100.0","Asia","100.0"
"I4210142324","CY Cergy Paris Université","France","FR","49.0389404296875","2.078049898147583","education","100.0","Europe","100.0"
"I4210139412","University of Southampton Malaysia","Malaysia","MY","1.4307600259780884","103.61164093017578","education","","Asia","42.77"
"I2799535048","Centre National d'Études Spatiales","France","FR","48.85340881347656","2.34879994392395","other","100.0","Europe","100.0"
"I8488066","Chiba Institute of Technology","Japan","JP","35.68912124633789","140.02134704589844","education","100.0","Asia","100.0"
"I32078218","National Penghu University of Science and Technology","Taiwan","TW","23.574583053588867","119.5810089111328","education","100.0","Asia","100.0"
"I443046","Indian River State College","United States","US","27.423303604125977","-80.3579330444336","education","100.0","North America","100.0"
"I4210142628","Institute of Problems of Mechanical Engineering","Russia","RU","59.93573760986328","30.26880645751953","facility","100.0","Europe","100.0"
"I4210135619","Instituto de Tecnología Química","Spain","ES","39.47391128540039","-0.3796600103378296","facility","100.0","Europe","100.0"
"I112312016","Hamedan University of Medical Sciences","Iran","IR","34.79922103881836","48.51456069946289","education","100.0","Asia","100.0"
"I1309796872","National Pingtung University","Taiwan","TW","22.6697998046875","120.49859619140624","education","100.0","Asia","100.0"
"I4210143651","Northern Technical University","Iraq","IQ","36.37692260742188","43.150150299072266","education","100.0","Asia","100.0"
"I4210148560","Helmholtz Institute Freiberg for Resource Technology","Germany","DE","50.910888671875","13.338809967041016","government","100.0","Europe","100.0"
"I17533244","An-Najah National University","Palestine","PS","32.22037124633789","35.244468688964844","education","100.0","Asia","100.0"
"I881427289","University of Gothenburg","Sweden","SE","57.70716094970703","11.966790199279783","education","100.0","Europe","100.0"
"I139398662","South Carolina State University","United States","US","33.497222900390625","-80.8499984741211","education","","North America","66.11"
"I4210131174","Southwest Hospital","China","CN","29.56026077270508","106.55770874023438","healthcare","100.0","Asia","100.0"
"I65220239","Karpagam Academy of Higher Education","India","IN","11.005550384521484","76.96611785888672","education","100.0","Asia","100.0"
"I4210161097","Bolin Centre for Climate Research","Sweden","SE","59.32938003540039","18.06871032714844","facility","100.0","Europe","100.0"
"I4210093674","Zhoukou Normal University","China","CN","33.633331298828125","114.63333129882812","education","100.0","Asia","100.0"
"I2801954517","Dudley Group NHS Foundation Trust","United Kingdom","GB","52.50234603881836","-2.1186978816986084","healthcare","168.0","Europe","96.6"
"I4210130028","National Library of Israel","Israel","IL","31.76903915405273","35.216331481933594","archive","918.0","Asia","72.33"
"I84339108","Sunway University","Malaysia","MY","3.10725998878479","101.6067123413086","education","100.0","Asia","100.0"
"I2801769982","First Affiliated Hospital of Wenzhou Medical University","China","CN","27.938800811767575","120.69619750976562","healthcare","100.0","Asia","100.0"
"I65734018","American University of Nigeria","Nigeria","NG","9.19947338104248","12.498647689819336","education","","Africa","68.29"
"I106296451","University of Foggia","Italy","IT","41.45845031738281","15.5518798828125","education","100.0","Europe","100.0"
"I198371094","Yaroslavl State University","Russia","RU","57.6298713684082","39.873680114746094","education","100.0","Europe","100.0"
"I1279858714","Center for Economic and Policy Research","United States","US","38.91168212890625","-77.04424285888672","nonprofit","100.0","North America","100.0"
"I4210157006","Centre Hospitalier Universitaire de Saint-Étienne","France","FR","45.43394088745117","4.391851902008057","healthcare","100.0","Europe","100.0"
"I52354020","University of Almería","Spain","ES","36.838138580322266","-2.459739923477173","education","100.0","Europe","100.0"
"I142024983","Prince Sultan University","Saudi Arabia","SA","24.68773078918457","46.72185134887695","education","100.0","Asia","100.0"
"I222726646","Bangabandhu Sheikh Mujibur Rahman Agricultural University","Bangladesh","BD","23.710399627685547","90.40744018554688","education","100.0","Asia","100.0"
"I116891498","Siddhartha Medical College","India","IN","16.517488479614258","80.67132568359375","education","100.0","Asia","100.0"
"I111058918","Calcutta National Medical College and Hospital","India","IN","22.546178817749023","88.37113952636719","education","100.0","Asia","100.0"
"I177657909","Université de Mostaganem","Algeria","DZ","35.931148529052734","0.0891800001263618","education","100.0","Africa","100.0"
"I21370196","Aristotle University of Thessaloniki","Greece","GR","40.64360809326172","22.93086051940918","education","100.0","Europe","100.0"
"I4210118689","Joint Research Centre","Italy","IT","45.81480026245117","8.612939834594727","government","100.0","Europe","100.0"
"I181355716","Allama Iqbal Open University","Pakistan","PK","33.685733795166016","73.05445861816406","education","100.0","Asia","100.0"
"I4210127390","State Council of the People's Republic of China","China","CN","39.907501220703125","116.39723205566406","government","100.0","Asia","100.0"
"I2802619606","Klinikum rechts der Isar","Germany","DE","48.137428283691406","11.57548999786377","healthcare","100.0","Europe","100.0"
"I157725225","University of Illinois Urbana-Champaign","United States","US","40.11059188842773","-88.20726776123047","education","90.0","North America","100.0"
"I4210155067","The Wilson Centre","Canada","CA","43.66166687011719","-79.3949966430664","facility","103.0","North America","99.84"
"I32762134","Harokopio University of Athens","Greece","GR","37.98376083374024","23.727840423583984","education","100.0","Europe","100.0"
"I97553796","University of Craiova","Romania","RO","44.31666946411133","23.799999237060547","education","100.0","Europe","100.0"
"I5237613","Frankfurt University of Applied Sciences","Germany","DE","50.11552047729492","8.68416976928711","education","100.0","Europe","100.0"
"I6507939","China United Network Communications Group (China)","China","CN","39.91457748413086","116.35852813720705","company","100.0","Asia","100.0"
"I4387152096","Universidad de Ciencias Médicas de Pinar del Río","","","22.41666984558105","-83.69667053222656","education","","","45.45"
"I138367206","Central Institute of Agricultural Engineering","India","IN","23.282609939575195","77.29946899414062","facility","665.0","Asia","79.98"
"I4210139004","Nanolayers","United Kingdom","GB","53.372554779052734","-1.4951889514923096","facility","","Europe","3.38"
"I19370010","Orange (France)","France","FR","48.83502197265625","2.2924718856811523","company","100.0","Europe","100.0"
"I201537933","Tohoku University","Japan","JP","38.26667022705078","140.86666870117188","education","100.0","Asia","100.0"
"I1343180700","Intel (United States)","United States","US","37.35411071777344","-121.95523834228516","company","100.0","North America","100.0"
"I103406327","Western Carolina University","United States","US","35.3137092590332","-83.17652893066406","education","100.0","North America","100.0"
"I3130958653","Jagran Lakecity University","India","IN","23.17670440673828","77.38751220703125","education","","Asia","21.29"
"I34002243","Mae Fah Luang University","Thailand","TH","20.045000076293945","99.89472198486328","education","100.0","Asia","100.0"
"I186771145","Covenant University","Nigeria","NG","6.688670158386231","3.2320199012756348","education","100.0","Africa","100.0"
"I75421653","University of Missouri–Kansas City","United States","US","39.03354644775391","-94.57557678222656","education","100.0","North America","100.0"
"I31766871","Sookmyung Women's University","South Korea","KR","37.54600524902344","126.96452331542967","education","100.0","Asia","100.0"
"I24648388","Bradley University","United States","US","40.69364929199219","-89.5889892578125","education","100.0","North America","100.0"
"I4210161335","University Hospital of Alexandroupolis","Greece","GR","40.84626770019531","25.873872756958008","healthcare","100.0","Europe","100.0"
"I198587356","Adıyaman University","Turkey","TR","37.764408111572266","38.27629089355469","education","100.0","Asia","100.0"
"I4210127568","Max Planck Institute for Dynamics of Complex Technical Systems","Germany","DE","52.12773132324219","11.629159927368164","facility","100.0","Europe","100.0"
"I89015989","Dankook University","South Korea","KR","37.32270812988281","127.12674713134766","education","100.0","Asia","100.0"
"I4210087488","Bostwick Laboratories","United States","US","37.650611877441406","-77.58865356445312","facility","","North America","43.28"
"I4387152840","Kebri Dehar University","","","7.0","44.0","education","","","23.36"
"I60388903","University of Puerto Rico-Mayaguez","PR","PR","18.20107078552246","-67.13961791992188","education","100.0","Other","100.0"
"I51556381","University of Virginia","United States","US","38.0293083190918","-78.47667694091797","education","100.0","North America","100.0"
"I21256249","Tashkent University of Information Technology","Uzbekistan","UZ","41.2646484375","69.21627044677734","education","100.0","Asia","100.0"
"I319074055","Cégep de l'Outaouais","Canada","CA","45.45953750610352","-75.76944732666016","education","","North America","22.11"
"I95793202","Otto-von-Guericke University Magdeburg","Germany","DE","52.12773132324219","11.629159927368164","education","100.0","Europe","100.0"
"I189210763","Yunnan University","China","CN","25.038890838623047","102.71833038330078","education","100.0","Asia","100.0"
"I4210165547","Dezhou University","China","CN","37.469573974609375","116.3315887451172","education","100.0","Asia","100.0"
"I268303160","Medical University of Warsaw","Poland","PL","52.22977066040039","21.01177978515625","education","100.0","Europe","100.0"
"I216306336","Selye János University","Slovakia","SK","47.7635612487793","18.12262916564941","education","","Europe","65.35"
"I119744171","Higher Colleges of Technology","United Arab Emirates","AE","24.5","54.5","education","100.0","Asia","100.0"
"I141591182","University of Aizu","Japan","JP","37.52367401123047","139.93807983398438","education","100.0","Asia","100.0"
"I11947397","Tata Institute of Fundamental Research","India","IN","19.072830200195312","72.88260650634766","education","100.0","Asia","100.0"
"I118347636","Australian National University","Australia","AU","-35.2834587097168","149.12806701660156","education","34.0","Oceania","100.0"
"I40347166","University of Chicago","United States","US","41.85002899169922","-87.6500473022461","education","11.0","North America","100.0"
"I128433138","West Los Angeles College","United States","US","34.005577087402344","-118.38758087158205","education","100.0","North America","100.0"
"I87890613","Epigenomics (Germany)","Germany","DE","52.52261734008789","13.400501251220703","company","100.0","Europe","100.0"
"I4210152536","Combustion Science & Engineering (United States)","United States","US","39.240379333496094","-76.83941650390625","company","","North America","11.99"
"I4210138233","Beijing Urban Systems Engineering Research Center","China","CN","39.94840240478516","116.30886840820312","facility","","Asia","24.6"
"I4210109053","NOAA National Marine Fisheries Service Alaska Fisheries Science Center","United States","US","47.60620880126953","-122.33206939697266","government","100.0","North America","100.0"
"I4210127304","Fondation de Rothschild","France","FR","48.83932495117188","2.484163999557495","nonprofit","100.0","Europe","100.0"
"I882248123","Delta University for Science and Technology","Egypt","EG","31.03636932373047","31.38068962097168","education","100.0","Africa","100.0"
"I184942183","University of Oslo","Norway","NO","59.9127311706543","10.746089935302734","education","100.0","Europe","100.0"
"I60488453","Middlesex University","United Kingdom","GB","51.50852966308594","-0.1257400065660476","education","100.0","Europe","100.0"
"I4210090567","National Institute of Diabetes and Digestive and Kidney Diseases","United States","US","38.98067092895508","-77.10025787353516","facility","100.0","North America","100.0"
"I131868736","Prince of Songkla University","Thailand","TH","7.198820114135742","100.59510040283205","education","100.0","Asia","100.0"
"I4401200256","Nansen Environmental and Remote Sensing Center","","","60.39299011230469","5.324150085449219","nonprofit","100.0","","100.0"
"I4210159520","Mizuho (Japan)","Japan","JP","35.68949890136719","139.69171142578125","company","100.0","Asia","100.0"
"I4210153118","North Carolina Clinical Research","United States","US","35.81727981567383","-78.70692443847656","facility","","North America","11.28"
"I4210098017","Wuhan Institute of Bioengineering","China","CN","30.583330154418945","114.26667022705078","education","100.0","Asia","100.0"
"I2801954088","Islamic Azad University of Kermanshah","Iran","IR","34.28901290893555","47.02372741699219","education","100.0","Asia","100.0"
"I1280414376","United States Air Force Research Laboratory","United States","US","39.81113052368164","-84.05731201171875","facility","100.0","North America","100.0"
"I2800154431","Keck Hospital of USC","United States","US","34.05223083496094","-118.24368286132812","healthcare","100.0","North America","100.0"
"I1327163397","State University of New York","United States","US","42.65258026123047","-73.75623321533203","education","100.0","North America","100.0"
"I2802684530","University of Hawaii Maui College","United States","US","20.89061737060547","-156.47967529296875","education","","North America","19.79"
"I126633494","University of Basrah","Iraq","IQ","30.508520126342773","47.780399322509766","education","100.0","Asia","100.0"
"I67900169","Chung-Ang University","South Korea","KR","37.504150390625","126.95693969726562","education","100.0","Asia","100.0"
"I1288970718","Mohamed-Cherif Messaadia University","Algeria","DZ","36.2863883972168","7.951109886169434","education","151.0","Africa","97.45"
"I40597779","Federal Urdu University","Pakistan","PK","24.86079978942871","67.0103988647461","education","100.0","Asia","100.0"
"I64189623","Kitasato University","Japan","JP","35.64255905151367","139.7256317138672","education","100.0","Asia","100.0"
"I3004594783","Institute of High Performance Computing","Singapore","SG","1.2896699905395508","103.85006713867188","facility","100.0","Asia","100.0"
"I182083151","Universidad Rey Juan Carlos","Spain","ES","40.416500091552734","-3.702559947967529","education","100.0","Europe","100.0"
"I2801227569","Ghent University Hospital","Belgium","BE","51.025169372558594","3.725213050842285","healthcare","100.0","Europe","100.0"
"I102607778","Cleveland State University","United States","US","41.4995002746582","-81.6954116821289","education","100.0","North America","100.0"
"I2799634920","Rama University","India","IN","26.556352615356445","80.2232437133789","education","","Asia","55.91"
"I4210151645","Policlinico San Matteo Fondazione","Italy","IT","45.19612121582031","9.148805618286133","healthcare","100.0","Europe","100.0"
"I4210120196","ISMA University","Latvia","LV","56.93820190429688","24.158641815185547","education","","Europe","8.34"
"I4210100151","Institut d'Électronique et des Technologies du numéRique","France","FR","48.11198043823242","-1.6742899417877195","facility","100.0","Europe","100.0"
"I4387154005","State Key Laboratory of Digital Medical Engineering","","","32.061668395996094","118.77777862548828","facility","100.0","","100.0"
"I4210151956","Robert Bosch (India)","India","IN","12.946561813354492","77.60552978515625","company","100.0","Asia","100.0"
"I4210151290","Islamic University of Madinah","Saudi Arabia","SA","24.468610763549805","39.61417007446289","education","100.0","Asia","100.0"
"I86755215","MedStar Health","United States","US","39.21844100952149","-76.85684967041016","healthcare","100.0","North America","100.0"
"I146230289","Omron (Japan)","Japan","JP","35.02106857299805","135.75384521484375","company","100.0","Asia","100.0"
"I189448455","General Electric (Spain)","Spain","ES","40.47384262084961","-3.825985908508301","company","100.0","Europe","100.0"
"I4210110712","Universidade de Cuiabá","Brazil","BR","-15.61378002166748","-56.11735153198242","education","100.0","South America","100.0"
"I4210148176","Kalpavriksh","India","IN","18.519575119018555","73.83877563476562","nonprofit","","Asia","17.42"
"I64946176","National Institute of Environmental Research","South Korea","KR","37.45645904541016","126.70514678955078","government","100.0","Asia","100.0"
"I1336834208","Management and Science University","Malaysia","MY","3.0850698947906494","101.53280639648438","education","100.0","Asia","100.0"
"I4210129183","German Center for Lung Research","Germany","DE","50.5872688293457","8.67553997039795","facility","100.0","Europe","100.0"
"I4210127762","Coventry (United Kingdom)","United Kingdom","GB","52.40217971801758","-1.5043070316314695","company","100.0","Europe","100.0"
"I4210113759","Leibniz Institute for Prevention Research and Epidemiology - BIPS","Germany","DE","53.10015487670898","8.858344078063965","facility","100.0","Europe","100.0"
"I179193067","Khon Kaen University","Thailand","TH","16.44671058654785","102.83300018310548","education","100.0","Asia","100.0"
"I4210161994","Dana-Farber Brigham Cancer Center","United States","US","42.358428955078125","-71.05976867675781","healthcare","100.0","North America","100.0"
"I2802594446","Islamic Azad University of Parand","Iran","IR","35.47407913208008","50.99642562866211","education","","Asia","50.82"
"I4392021143","University of Warith Al-Anbiyaa","","","32.61603164672852","44.024879455566406","education","591.0","","82.24"
"I4210159876","Institute of Physics","China","CN","39.907501220703125","116.39723205566406","facility","100.0","Asia","100.0"
"I11957088","Michigan Technological University","United States","US","47.12186813354492","-88.56900787353516","education","100.0","North America","100.0"
"I5996616","De La Salle University","Philippines","PH","14.60420036315918","120.9822006225586","education","100.0","Asia","100.0"
"I4210147815","International Institute of Refrigeration","France","FR","48.88656234741211","2.305032968521118","nonprofit","","Europe","7.88"
"I63739035","All India Institute of Medical Sciences","India","IN","28.585018157958984","77.20922088623047","education","100.0","Asia","100.0"
"I100066346","University of Stuttgart","Germany","DE","48.782318115234375","9.177020072937012","education","100.0","Europe","100.0"
"I17477748","Rajshahi University of Engineering and Technology","Bangladesh","BD","24.36394691467285","88.6282730102539","education","100.0","Asia","100.0"
"I4210090951","Advanced Pharma","United States","US","25.849082946777344","-80.24494934082031","facility","165.0","North America","96.74"
"I43267033","Quinnipiac University","United States","US","41.39593124389648","-72.89676666259766","education","100.0","North America","100.0"
"I4210087345","Barmherzige Schwestern Krankenhaus Wien","Austria","AT","48.192481994628906","16.345901489257812","healthcare","100.0","Europe","100.0"
"I4210130807","Instituto de Astrofísica de Canarias","Spain","ES","28.46824073791504","-16.254619598388672","facility","100.0","Europe","100.0"
"I164389053","Fordham University","United States","US","40.71427154541016","-74.00596618652344","education","100.0","North America","100.0"
"I4210091534","Institut de Chimie Radicalaire","France","FR","43.29695129394531","5.381070137023926","facility","100.0","Europe","100.0"
"I139894009","University of Bradford","United Kingdom","GB","53.79391098022461","-1.752060055732727","education","100.0","Europe","100.0"
"I4210093658","Seojeong University","South Korea","KR","37.85722351074219","127.03792572021484","education","","Asia","9.97"
"I4210125795","Bristol-Myers Squibb (United Kingdom)","United Kingdom","GB","51.55595779418945","-0.4803059995174408","company","968.0","Europe","70.81"
"I4210087691","Beijing Tian Tan Hospital","China","CN","39.907501220703125","116.39723205566406","healthcare","100.0","Asia","100.0"
"I2802317023","European Society of Radiology","Austria","AT","48.20848846435547","16.372079849243164","other","","Europe","31.92"
"I108192572","HEC Montréal","Canada","CA","45.50883865356445","-73.58780670166016","education","100.0","North America","100.0"
"I4210140689","Technical Institute of Physics and Chemistry","China","CN","39.907501220703125","116.39723205566406","facility","100.0","Asia","100.0"
"I4210146328","Scripps Clinic","United States","US","32.893882751464844","-117.2011947631836","healthcare","100.0","North America","100.0"
"I4210121761","First Affiliated Hospital of Fujian Medical University","China","CN","26.06971740722656","119.30193328857422","healthcare","100.0","Asia","100.0"
"I95858998","Hungkuang University","Taiwan","TW","24.21718406677246","120.58267211914062","education","100.0","Asia","100.0"
"I4210134825","Dr. Shroff’s Charity Eye Hospital","India","IN","28.65195083618164","77.23149108886719","healthcare","","Asia","54.53"
"I85507684","Yarmouk University","Jordan","JO","32.55556106567383","35.849998474121094","education","100.0","Asia","100.0"
"I123754550","Moog (United States)","United States","US","42.803741455078125","-78.65201568603516","company","","North America","48.37"
"I4210134673","The Institute of Statistical Mathematics","Japan","JP","35.68949890136719","139.69171142578125","facility","100.0","Asia","100.0"
"I3129492623","University of Da Nang","Vietnam","VN","16.067779541015625","108.22083282470705","education","100.0","Asia","100.0"
"I119217307","Opole University of Technology","Poland","PL","50.67211151123047","17.925329208374023","education","100.0","Europe","100.0"
"I1332124652","Centre for Environment, Fisheries and Aquaculture Science","United Kingdom","GB","52.4752311706543","1.751670002937317","facility","100.0","Europe","100.0"
"I4387155925","Istituto di Ricovero e Cura a Carattere Scientifico San Raffaele","","","41.89192962646485","12.511329650878906","healthcare","100.0","","100.0"
"I2801239119","Australian Regenerative Medicine Institute","Australia","AU","-37.91049575805664","145.12930297851562","facility","100.0","Oceania","100.0"
"I4210161214","École Nationale Supérieure d'Architecture de Lyon","France","FR","45.74845886230469","4.846710205078125","education","","Europe","17.04"
"I110217816","Dongduk Women's University","South Korea","KR","37.606563568115234","127.0417938232422","education","100.0","Asia","100.0"
"I98600543","Seoul Women's University","South Korea","KR","37.62836456298828","127.0904541015625","education","100.0","Asia","100.0"
"I4210167254","Singapore-MIT Alliance for Research and Technology","Singapore","SG","1.3038949966430664","103.77373504638672","education","1.0","Asia","100.0"
"I129975664","Albert Einstein College of Medicine","United States","US","40.84984970092773","-73.86640930175781","education","100.0","North America","100.0"
"I8679417","Hong Kong Metropolitan University","Hong Kong","HK","22.2783203125","114.17469024658205","education","100.0","Asia","100.0"
"I2799532815","Madan Mohan Malaviya University of Technology","India","IN","26.73073005676269","83.43328094482422","education","100.0","Asia","100.0"
"I4387153298","École de management de Normandie","","","49.185848236083984","-0.3591200113296509","education","100.0","","100.0"
"I98865867","Lindenwood University","United States","US","38.783939361572266","-90.48123168945312","education","812.0","North America","75.54"
"I180923762","University of Cologne","Germany","DE","50.93333053588867","6.949999809265137","education","100.0","Europe","100.0"
"I884992110","Broward College","United States","US","26.08036994934082","-80.23397064208984","education","","North America","24.62"
"I4210159778","National Research Council Canada","Canada","CA","45.411170959472656","-75.6981201171875","government","100.0","North America","100.0"
"I86310350","Aswan University","Egypt","EG","24.0908203125","32.89942169189453","education","100.0","Africa","100.0"
"I4210158702","Resonance Research (United States)","United States","US","42.5190544128418","-71.23004150390625","company","100.0","North America","100.0"
"I4210154361","Shanghai Jian Qiao University","China","CN","31.23995018005371","121.50093841552734","education","100.0","Asia","100.0"
"I176861719","University of Shahrood","Iran","IR","36.418190002441406","54.97628021240234","education","100.0","Asia","100.0"
"I93860229","Politecnico di Milano","Italy","IT","45.46427154541016","9.189510345458984","education","100.0","Europe","100.0"
"I2802797706","Prin. L. N. Welingkar Institute of Management Development and Research","India","IN","19.072830200195312","72.88260650634766","education","","Asia","35.14"
"I4210116528","Swiss Distance University of Applied Sciences","Switzerland","CH","46.95969772338867","7.434372901916504","education","","Europe","21.23"
"I4921948","Pusan National University","South Korea","KR","35.101680755615234","129.03004455566406","education","100.0","Asia","100.0"
"I97663771","Kyushu Tokai University","Japan","JP","32.80588912963867","130.69180297851562","education","326.0","Asia","90.79"
"I4210139383","Topcon (Japan)","Japan","JP","35.77520751953125","139.68321228027344","company","","Asia","30.75"
"I4210121023","Chifeng Municipal Hospital","China","CN","42.26930236816406","118.95274353027344","healthcare","","Asia","43.22"
"I4210128445","Torino e-district","Italy","IT","45.071319580078125","7.687420845031738","facility","100.0","Europe","100.0"
"I24027795","University of Johannesburg","South Africa","ZA","-26.2022705078125","28.043630599975582","education","100.0","Africa","100.0"
"I4210158428","Meander Medisch Centrum","Netherlands","NL","52.15499877929688","5.387499809265137","healthcare","100.0","Europe","100.0"
"I2801112126","University Hospital of Bern","Switzerland","CH","46.948089599609375","7.447440147399902","healthcare","100.0","Europe","100.0"
"I306340464","Constantine the Philosopher University in Nitra","Slovakia","SK","48.3076286315918","18.084529876708984","education","100.0","Europe","100.0"
"I4210089382","Cancer Research UK Cambridge Center","United Kingdom","GB","52.177207946777344","0.1355209946632385","facility","2.0","Europe","100.0"
"I157286207","National University of Ireland, Maynooth","Ireland","IE","53.3849983215332","-6.593609809875488","education","100.0","Europe","100.0"
"I67061984","Norwegian Institute for Air Research","Norway","NO","59.95597076416016","11.049180030822754","nonprofit","100.0","Europe","100.0"
"I174025329","University of the Sunshine Coast","Australia","AU","-26.65682029724121","153.0795440673828","education","100.0","Oceania","100.0"
"I4210108664","International Peace Maternity & Child Health Hospital","China","CN","31.22221946716309","121.45806121826172","healthcare","100.0","Asia","100.0"
"I73077576","Imation (United States)","United States","US","44.97776412963867","-92.9744644165039","company","100.0","North America","100.0"
"I84475105","Embry–Riddle Aeronautical University","United States","US","29.18796730041504","-81.04686737060547","education","100.0","North America","100.0"
"I66883779","Weifang University","China","CN","36.713565826416016","119.16545104980467","education","100.0","Asia","100.0"
"I4210151885","Linköping University Hospital","Sweden","SE","58.41085815429688","15.621569633483888","healthcare","100.0","Europe","100.0"
"I4210139293","Comunidad de Madrid","Spain","ES","40.416500091552734","-3.702559947967529","government","100.0","Europe","100.0"
"I21215505","Al-Quds University","Palestine","PS","31.75590705871582","35.26137924194336","education","100.0","Asia","100.0"
"I186667990","Neurosciences Institute","United States","US","32.8449592590332","-117.2748031616211","nonprofit","100.0","North America","100.0"
"I894372087","Olabisi Onabanjo University","Nigeria","NG","6.848499774932861","3.646330118179321","education","100.0","Africa","100.0"
"I74319210","Chitkara University","India","IN","30.736289978027344","76.78839874267578","education","100.0","Asia","100.0"
"I43337087","Hebei University","China","CN","38.87287902832031","115.46246337890624","education","100.0","Asia","100.0"
"I4210163178","Alfred Health","Australia","AU","-37.84554290771485","144.98162841796875","healthcare","100.0","Oceania","100.0"
"I22248866","AgroParisTech","France","FR","48.71828079223633","2.249799966812134","education","100.0","Europe","100.0"
"I1355163","Sinai University","Egypt","EG","31.11481666564941","33.69071960449219","education","102.0","Africa","99.9"
"I185641255","Virginia Military Institute","United States","US","37.78401947021485","-79.44281768798828","education","100.0","North America","100.0"
"I118574674","Jiangsu Normal University","China","CN","34.19940185546875","117.1841812133789","education","100.0","Asia","100.0"
"I4210150675","University of Agricultural and Horticultural Sciences","India","IN","13.931570053100586","75.56790924072266","education","632.0","Asia","80.99"
"I4210142920","Global Policy Institute","United States","US","38.900611877441406","-77.03459930419922","nonprofit","656.0","North America","80.26"
"I82509713","Mälardalen University","Sweden","SE","59.61616897583008","16.552759170532227","education","100.0","Europe","100.0"
"I4210122580","Taunton & Somerset NHS Foundation Trust","United Kingdom","GB","51.01493835449219","-3.1029300689697266","nonprofit","100.0","Europe","100.0"
"I4399598468","Canon Medical Systems Corporation (Japan)","","","36.70000076293945","139.81666564941406","company","","","21.31"
"I91357014","Banaras Hindu University","India","IN","25.266632080078125","82.99057006835938","education","100.0","Asia","100.0"
"I162577319","The University of Texas at Dallas","United States","US","32.94818115234375","-96.72972106933594","education","100.0","North America","100.0"
"I40963666","Central China Normal University","China","CN","30.518009185791016","114.3636245727539","education","100.0","Asia","100.0"
"I161675122","Cooperative Institute for Research in Environmental Sciences","United States","US","40.01499176025391","-105.2705535888672","facility","100.0","North America","100.0"
"I4210117113","Verlab (Bosnia and Herzegovina)","BA","BA","44.59579086303711","17.620540618896484","company","","Other","23.07"
"I33926330","Al-Balqa Applied University","Jordan","JO","32.03916931152344","35.72721862792969","education","100.0","Asia","100.0"
"I4210111460","National Center for Tumor Diseases","Germany","DE","49.40768051147461","8.690790176391602","other","37.0","Europe","100.0"
"I4210099778","Saint Göran Hospital","Sweden","SE","59.333980560302734","18.022336959838867","healthcare","100.0","Europe","100.0"
"I4210103604","Instituto de Novas Tecnologias","Portugal","PT","38.73515319824219","-9.141332626342772","nonprofit","","Europe","34.05"
"I4210088105","Istituto Nazionale di Fisica Nucleare, Centro Nazionale Analisi Fotogrammi","Italy","IT","44.49380874633789","11.338749885559082","facility","9.0","Europe","42.55"
"I4210154879","KIST Medical College","Nepal","NP","27.66486358642578","85.33399200439453","education","","Asia","69.14"
"I165735259","Gunma University","Japan","JP","36.43027877807617","139.0449981689453","education","100.0","Asia","100.0"
"I3018323443","Centre Hospitalier Universitaire de Bordeaux","France","FR","44.84043884277344","-0.5805000066757202","healthcare","100.0","Europe","100.0"
"I162827531","Indian Institute of Technology Bombay","India","IN","19.072830200195312","72.88260650634766","education","100.0","Asia","100.0"
"I4210158168","Melbourne Health","Australia","AU","-37.81399917602539","144.96331787109375","healthcare","100.0","Oceania","100.0"
"I4210111179","Michigan United","United States","US","42.28024291992188","-85.56851959228516","nonprofit","100.0","North America","100.0"
"I4210107997","Finland University","Finland","FI","60.1698112487793","24.938404083251957","education","100.0","Europe","100.0"
"I4210157013","Universitas Tunas Pembangunan","Indonesia","ID","-7.55610990524292","110.83167266845705","education","100.0","Asia","100.0"
"I1285764155","Merck & Co., Inc., Rahway, NJ, USA (United States)","United States","US","40.608158111572266","-74.27764892578125","company","100.0","North America","100.0"
"I4210106188","Institut für angewandte Arbeitswissenschaft","Germany","DE","51.25099182128906","6.766195774078369","facility","","Europe","13.68"
"I4210106926","Max-Planck-Institut für Nachhaltige Materialien","Germany","DE","51.22172164916992","6.776159763336182","facility","100.0","Europe","100.0"
"I83737708","REVA University","India","IN","12.97194004058838","77.59368896484375","education","100.0","Asia","100.0"
"I75951250","Freie Universität Berlin","Germany","DE","52.52436828613281","13.410530090332031","education","100.0","Europe","100.0"
"I4210096386","Bridge University","SS","SS","4.835000038146973","31.600000381469727","education","100.0","Other","100.0"
"I50180762","Chongqing Three Gorges University","China","CN","29.56026077270508","106.55770874023438","education","100.0","Asia","100.0"
"I204778367","Norwegian University of Science and Technology","Norway","NO","63.43048858642578","10.395059585571287","education","100.0","Europe","100.0"
"I4210149540","Beijing Proteome Research Center","China","CN","40.097801208496094","116.2796859741211","facility","100.0","Asia","100.0"
"I55240360","Yeungnam University","South Korea","KR","35.83416748046875","128.758056640625","education","100.0","Asia","100.0"
"I4210098666","Jiangsu Province Special Equipment Safety Supervision and Inspection Institute","China","CN","31.92921257019043","120.31118774414062","other","","Asia","46.07"
"I4210165339","Ningbo Institute of Industrial Technology","China","CN","29.878189086914062","121.54945373535156","facility","100.0","Asia","100.0"
"I194450716","Jilin University","China","CN","43.880001068115234","125.3227767944336","education","100.0","Asia","100.0"
"I27804330","Brown University","United States","US","41.82398986816406","-71.41282653808594","education","80.0","North America","100.0"
"I208470662","Iuliu Hațieganu University of Medicine and Pharmacy","Romania","RO","46.76667022705078","23.600000381469727","education","34.0","Europe","100.0"
"I4210095677","Instituto Andaluz de Ciencias de la Tierra","Spain","ES","37.18817138671875","-3.6066699028015137","facility","100.0","Europe","100.0"
"I4387154438","Dambi Dollo University","","","8.533329963684082","34.79999923706055","education","","","31.68"
"I294845491","Technical University of Mombasa","Kenya","KE","-4.054659843444824","39.66358947753906","education","968.0","Africa","70.79"
"I188760350","Ollscoil na Gaillimhe – University of Galway","Ireland","IE","53.2724494934082","-9.050950050354004","education","100.0","Europe","100.0"
"I4403386549","Munich Center for Machine Learning","","","48.137428283691406","11.57548999786377","education","","","23.83"
"I4210101388","Health Sciences and Nutrition","Australia","AU","-34.92742919921875","138.5998992919922","facility","100.0","Oceania","100.0"
"I2800996824","Howard County General Hospital","United States","US","39.21455383300781","-76.8863754272461","healthcare","","North America","20.97"
"I4210121705","Pitié-Salpêtrière Hospital","France","FR","48.85340881347656","2.34879994392395","healthcare","100.0","Europe","100.0"
"I4210150921","RIKEN Center for Integrative Medical Sciences","Japan","JP","35.43333053588867","139.64999389648438","facility","100.0","Asia","100.0"
"I1281400175","Oslo University Hospital","Norway","NO","59.94860076904297","10.715299606323242","healthcare","100.0","Europe","100.0"
"I157674215","Presidency University","India","IN","22.56262969970703","88.363037109375","education","100.0","Asia","100.0"
"I4210144709","Wenzhou Polytechnic","China","CN","27.999420166015625","120.66681671142578","education","100.0","Asia","100.0"
"I157358134","RMIT Vietnam","Vietnam","VN","10.729443550109863","106.69527435302734","education","1.0","Asia","100.0"
"I4391768205","State Key Laboratory of Powder Metallurgy","","","28.198740005493164","112.97087097167967","facility","100.0","","100.0"
"I4210144662","Xi'an Institute of Optics and Precision Mechanics","China","CN","34.258331298828125","108.9286117553711","facility","100.0","Asia","100.0"
"I119004910","Silesian University of Technology","Poland","PL","50.297611236572266","18.67658042907715","education","100.0","Europe","100.0"
"I2802074625","Bridgeport Hospital","United States","US","41.18880081176758","-73.16639709472656","nonprofit","100.0","North America","100.0"
"I125956826","Arkansas State University","United States","US","35.84230041503906","-90.70427703857422","education","100.0","North America","100.0"
"I4210117378","Taihe Hospital","China","CN","32.62227249145508","110.77889251708984","healthcare","100.0","Asia","100.0"
"I319193654","Jayoti Vidyapeeth Women's University","India","IN","26.919620513916016","75.78781127929688","education","","Asia","21.66"
"I4210105990","Institute of Geodesy and Geophysics","China","CN","30.583330154418945","114.26667022705078","facility","100.0","Asia","100.0"
"I4210138624","University of Washington Bothell","United States","US","47.76232147216797","-122.20539855957033","education","75.0","North America","100.0"
"I64925351","Munzur University","Turkey","TR","39.09920883178711","39.54351043701172","education","100.0","Asia","100.0"
"I4210117827","Guangzhou Development Zone Hospital","China","CN","23.05750274658203","113.52810668945312","healthcare","","Asia","44.34"
"I77079311","Wonkwang University","South Korea","KR","35.970577239990234","126.95735931396484","education","100.0","Asia","100.0"
"I139660479","Central South University","China","CN","28.198740005493164","112.97087097167967","education","100.0","Asia","100.0"
"I4210114174","National Institute of Food and Drug Safety Evaluation","South Korea","KR","36.6401596069336","127.33026123046876","facility","100.0","Asia","100.0"
"I4210148373","Information Today (United States)","United States","US","39.89818572998047","-74.83984375","company","787.0","North America","76.29"
"I4210152478","State Key Laboratory of Polymer Physics and Chemistry","China","CN","39.907501220703125","116.39723205566406","facility","100.0","Asia","100.0"
"I4210119420","Stellar Solutions (United States)","United States","US","37.4294319152832","-122.14447784423828","company","","North America","19.03"
"I138006243","University of Arizona","United States","US","32.22174072265625","-110.92648315429688","education","100.0","North America","100.0"
"I56590836","Monash University","Australia","AU","-37.81399917602539","144.96331787109375","education","42.0","Oceania","100.0"
"I4210117840","Institut de Biologie Valrose","France","FR","43.70312881469727","7.266079902648926","facility","100.0","Europe","100.0"
"I2799810450","Sheba Medical Center","Israel","IL","32.0487060546875","34.84511947631836","healthcare","100.0","Asia","100.0"
"I4210164135","Birla Institute of Technology and Science, Pilani - Dubai Campus","United Arab Emirates","AE","25.130979537963867","55.41830825805664","education","130.0","Asia","98.45"
"I39555362","University of Warwick","United Kingdom","GB","52.37943649291992","-1.5615019798278809","education","100.0","Europe","100.0"
"I47996466","University of Warmia and Mazury in Olsztyn","Poland","PL","53.77994918823242","20.494159698486328","education","100.0","Europe","100.0"
"I4210092640","Cancer Research Malaysia","Malaysia","MY","3.043839931488037","101.58061981201172","nonprofit","722.0","Asia","78.27"
"I194601409","Cooperative Institute for Mesoscale Meteorological Studies","United States","US","35.18138885498047","-97.44000244140624","facility","100.0","North America","100.0"
"I24943067","Fudan University","China","CN","31.22221946716309","121.45806121826172","education","50.0","Asia","100.0"
"I128993996","University of South Wales","United Kingdom","GB","51.4801139831543","-3.1689329147338867","education","100.0","Europe","100.0"
"I4210089433","Government of Alberta","Canada","CA","53.550140380859375","-113.46871185302734","other","","North America","36.42"
"I3123212020","Universidad Politécnica de Cartagena","Spain","ES","37.60197067260742","-0.9839699864387512","education","100.0","Europe","100.0"
"I105818395","University of Kashan","Iran","IR","34.002281188964844","51.43878936767578","education","100.0","Asia","100.0"
"I184693016","China Medical University","Taiwan","TW","24.146900177001957","120.68389892578124","education","100.0","Asia","100.0"
"I1343551460","The University of Texas MD Anderson Cancer Center","United States","US","29.763280868530277","-95.36327362060548","other","100.0","North America","100.0"
"I33217400","Université du Québec en Outaouais","Canada","CA","45.47723007202149","-75.7016372680664","education","100.0","North America","100.0"
"I337778094","Pirogov Russian National Research Medical University","Russia","RU","55.752220153808594","37.61555862426758","education","100.0","Europe","100.0"
"I1341412227","IBM (United States)","United States","US","41.10853958129883","-73.72046661376953","company","100.0","North America","100.0"
"I7863295","Villanova University","United States","US","40.04621887207031","-75.35990905761719","education","100.0","North America","100.0"
"I4210155175","Agri Food and Biosciences Institute","United Kingdom","GB","54.59682083129883","-5.92540979385376","facility","100.0","Europe","100.0"
"I4210133125","Mitsubishi Electric (Japan)","Japan","JP","35.678367614746094","139.76487731933594","company","1.0","Asia","100.0"
"I4210140243","Samueli Institute","United States","US","38.8072395324707","-77.05851745605469","nonprofit","100.0","North America","100.0"
"I2818286","LG (United States)","United States","US","40.885379791259766","-73.95236206054688","company","734.0","North America","77.88"
"I24830596","Hertie School","Germany","DE","52.51277923583984","13.389166831970217","education","100.0","Europe","100.0"
"I4210088711","Max Planck Institute for Dynamics and Self-Organization","Germany","DE","51.56092834472656","9.96741008758545","facility","100.0","Europe","100.0"
"I4210114115","IBM Research - Thomas J. Watson Research Center","United States","US","41.27093124389648","-73.77763366699219","facility","100.0","North America","100.0"
"I4210103155","Institut de Recherche sur les ArchéoMATériaux","France","FR","47.642181396484375","6.8538498878479","facility","100.0","Europe","100.0"
"I4210111500","Fraunhofer Institute of Optronics, System Technologies and Image Exploitation","Germany","DE","49.01585388183594","8.425821304321289","facility","100.0","Europe","100.0"
"I3018483916","University Medical Center Utrecht","Netherlands","NL","52.0908317565918","5.122220039367676","other","100.0","Europe","100.0"
"I4210156470","Vitenparken","Norway","NO","59.66654968261719","10.770109176635742","archive","100.0","Europe","100.0"
"I4210141426","Agricultural Research & Education Organization","Iran","IR","35.79604721069336","51.39946746826172","nonprofit","100.0","Asia","100.0"
"I9916479","Air Force Medical University","China","CN","34.258331298828125","108.9286117553711","education","100.0","Asia","100.0"
"I153845743","Moscow Institute of Physics and Technology","Russia","RU","55.94958114624024","37.5018310546875","education","100.0","Europe","100.0"
"I4210133912","Jülich Aachen Research Alliance","Germany","DE","50.92148971557617","6.362669944763184","facility","100.0","Europe","100.0"
"I26080491","Kunming Medical University","China","CN","25.04415702819824","102.68695831298828","education","100.0","Asia","100.0"
"I124357947","University of London","United Kingdom","GB","51.50852966308594","-0.1257400065660476","education","100.0","Europe","100.0"
"I4210104858","Bavarian State Research Center for Agriculture","Germany","DE","48.39874649047852","11.727424621582031","government","100.0","Europe","100.0"
"I172980758","Kennesaw State University","United States","US","34.02342987060547","-84.61549377441406","education","100.0","North America","100.0"
"I52590639","Nottingham Trent University","United Kingdom","GB","52.9536018371582","-1.1504700183868408","education","100.0","Europe","100.0"
"I4210116314","Leibniz Institute of Freshwater Ecology and Inland Fisheries","Germany","DE","52.52436828613281","13.410530090332031","facility","100.0","Europe","100.0"
"I53831458","Abasyn University","Pakistan","PK","34.03185272216797","71.5879898071289","education","100.0","Asia","100.0"
"I4210131387","Texas A&M University School of Law","United States","US","32.748504638671875","-97.3255386352539","education","100.0","North America","100.0"
"I4210102181","Mallinckrodt (United States)","United States","US","38.77143859863281","-90.3709487915039","company","100.0","North America","100.0"
"I153954893","Jaypee University of Information Technology","India","IN","30.909080505371094","77.10868835449219","education","100.0","Asia","100.0"
"I124158823","Conservatoire National des Arts et Métiers","France","FR","48.85340881347656","2.34879994392395","education","100.0","Europe","100.0"
"I4210099136","Circuit Therapeutics (United States)","United States","US","37.477012634277344","-122.14263153076172","company","","North America","32.08"
"I122879082","Natural Sciences and Engineering Research Council","Canada","CA","45.411170959472656","-75.6981201171875","government","100.0","North America","100.0"
"I4210093194","Fudan University Shanghai Cancer Center","China","CN","31.29743385314941","121.50360870361328","healthcare","50.0","Asia","100.0"
"I120238654","Saudi Electronic University","Saudi Arabia","SA","24.68773078918457","46.72185134887695","education","100.0","Asia","100.0"
"I929597975","National University of Sciences and Technology","Pakistan","PK","33.72148132324219","73.04328918457031","education","100.0","Asia","100.0"
"I13985625","East China Jiaotong University","China","CN","28.6839599609375","115.85305786132812","education","100.0","Asia","100.0"
"I4210100607","Institute of Electronics, Computer and Telecommunication Engineering","Italy","IT","45.06315994262695","7.66071081161499","facility","100.0","Europe","100.0"
"I4210121988","Film Independent","United States","US","34.052024841308594","-118.25933074951172","nonprofit","100.0","North America","100.0"
"I4405392","Boğaziçi University","Turkey","TR","41.01383972167969","28.94965934753418","education","100.0","Asia","100.0"
"I56475706","Mid Sweden University","Sweden","SE","62.39128875732422","17.306299209594727","education","100.0","Europe","100.0"
"I2801133538","Federal Institute for Risk Assessment","Germany","DE","52.52436828613281","13.410530090332031","government","100.0","Europe","100.0"
"I4210127363","Institute of Management Sciences Peshawar","Pakistan","PK","34.007999420166016","71.5784912109375","education","664.0","Asia","80.01"
"I15517640","Shri Venkateshwara University","India","IN","28.839088439941406","78.3494873046875","education","100.0","Asia","100.0"
"I143396566","Fırat University","Turkey","TR","38.67430877685547","39.22320938110352","education","100.0","Asia","100.0"
"I94722563","University of Jyväskylä","Finland","FI","62.24147033691406","25.72088050842285","education","100.0","Europe","100.0"
"I163753206","Chungbuk National University","South Korea","KR","36.628902435302734","127.45751953125","education","100.0","Asia","100.0"
"I181565077","Georgia State University","United States","US","33.749000549316406","-84.38797760009766","education","100.0","North America","100.0"
"I37987034","Guangzhou University","China","CN","23.116670608520508","113.25","education","100.0","Asia","100.0"
"I4210145362","Institute of Technology Management","India","IN","30.455829620361328","78.10491180419922","facility","100.0","Asia","100.0"
"I4210124598","Palo Alto Institute","United States","US","37.44709777832031","-122.16151428222656","nonprofit","100.0","North America","100.0"
"I78744979","La Rochelle Université","France","FR","46.16307830810547","-1.1522200107574463","education","100.0","Europe","100.0"
"I55022517","Heilongjiang University","China","CN","45.75","126.6500015258789","education","100.0","Asia","100.0"
"I70886390","Karlsruhe University of Applied Sciences","Germany","DE","49.01559829711914","8.390800476074219","education","100.0","Europe","100.0"
"I4210160007","M.V. Hospital for Diabetes and Diabetes Research Centre","India","IN","13.112049102783203","80.29527282714844","healthcare","","Asia","53.54"
"I181326427","Donghua University","China","CN","31.22221946716309","121.45806121826172","education","100.0","Asia","100.0"
"I13236232","TOBB University of Economics and Technology","Turkey","TR","39.91986846923828","32.854270935058594","education","100.0","Asia","100.0"
"I161913731","Al Ain University","United Arab Emirates","AE","24.191669464111328","55.76055908203125","education","100.0","Asia","100.0"
"I185020484","Catholic University of Ávila","Spain","ES","40.65724182128906","-4.699510097503662","education","100.0","Europe","100.0"
"I101407740","Chandigarh University","India","IN","30.679950714111328","76.72210693359375","education","100.0","Asia","100.0"
"I4210099662","State Key Laboratory of Hydrology-Water Resources and Hydraulic Engineering","China","CN","32.061668395996094","118.77777862548828","facility","100.0","Asia","100.0"
"I4210088621","Know Center Research GmbH (Austria)","Austria","AT","47.06666946411133","15.449999809265137","company","296.0","Europe","91.79"
"I187494767","Syiah Kuala University","Indonesia","ID","5.541669845581055","95.33332824707033","education","100.0","Asia","100.0"
"I150468666","Emory University","United States","US","33.749000549316406","-84.38797760009766","education","100.0","North America","100.0"
"I4387155940","Fundación Universitaria Internacional de Colombia","","","5.0","-74.16667175292969","education","","","3.86"
"I75430998","National Ilan University","Taiwan","TW","24.74740028381348","121.74759674072266","education","100.0","Asia","100.0"
"I4210103685","South China Sea Institute Of Oceanology","China","CN","23.116670608520508","113.25","facility","100.0","Asia","100.0"
"I4210099329","Tianjin Anding Hospital","China","CN","39.075225830078125","117.28433990478516","healthcare","962.0","Asia","70.98"
"I4210103621","Fujian Jiangxia University","China","CN","26.061389923095703","119.3061065673828","education","138.0","Asia","98.05"
"I25355098","Chang'an University","China","CN","34.258331298828125","108.9286117553711","education","100.0","Asia","100.0"
"I181418319","SKEMA Business School","France","FR","50.63296890258789","3.058579921722412","education","100.0","Europe","100.0"
"I4210143525","Oklahoma Biological Survey","United States","US","35.18923568725586","-97.4411163330078","other","100.0","North America","100.0"
"I4210128947","Kirchhoff (Germany)","Germany","DE","51.37789916992188","7.69520092010498","company","100.0","Europe","100.0"
"I4210147525","AviChina Industry & Technology (China)","China","CN","39.93643951416016","116.42213439941406","company","100.0","Asia","100.0"
"I4210165441","Hangzhou Medical College","China","CN","30.17346954345703","120.15950775146484","education","100.0","Asia","100.0"
"I3129196102","Desh Bhagat University","India","IN","30.62636947631836","76.24980926513672","education","493.0","Asia","85.22"
"I115364640","Baldwin–Wallace College","United States","US","41.36616134643555","-81.85430145263672","education","","North America","59.3"
"I4210091335","Kunming Children's Hospital","China","CN","25.03208351135254","102.71117401123048","healthcare","876.0","Asia","73.6"
"I282159120","İstanbul Nişantaşı Üniversitesi","Turkey","TR","41.01383972167969","28.94965934753418","education","100.0","Asia","100.0"
"I4210138055","Agriculture and Food","Australia","AU","-35.27627182006836","149.1461181640625","facility","100.0","Oceania","100.0"
"I4210166723","Universidad Señor de Sipán","Peru","PE","-6.794672012329102","-79.88530731201172","education","100.0","South America","100.0"
"I4210163778","Istituto Nazionale di Fisica Nucleare, Sezione di Perugia","Italy","IT","43.11220169067383","12.388779640197754","facility","9.0","Europe","100.0"
"I60158472","Concordia University","Canada","CA","45.50883865356445","-73.58780670166016","education","100.0","North America","100.0"
"I60587646","Brno University of Technology","Czech Republic","CZ","49.195220947265625","16.607959747314453","education","100.0","Europe","100.0"
"I4210153474","Simula Metropolitan Center for Digital Engineering","Norway","NO","59.9127311706543","10.746089935302734","nonprofit","864.0","Europe","73.97"
"I185241533","Clayton State University","United States","US","33.59479904174805","-84.3291244506836","education","585.0","North America","82.41"
"I4210148872","Magic Leap (United States)","United States","US","26.14550399780273","-80.25323486328125","company","","North America","32.88"
"I4210111628","Affiliated Hospital of Jiangsu University","China","CN","32.21247100830078","119.4527587890625","healthcare","100.0","Asia","100.0"
"I20791572","Indira Gandhi Institute of Technology","India","IN","20.9345703125","85.26061248779297","education","100.0","Asia","100.0"
"I6750721","University of Montana","United States","US","46.87215042114258","-113.99400329589844","education","100.0","North America","100.0"
"I56085075","University of Tartu","Estonia","EE","58.380619049072266","26.72509002685547","education","100.0","Europe","100.0"
"I1282105669","Argonne National Laboratory","United States","US","41.673641204833984","-88.0017318725586","facility","100.0","North America","100.0"
"I75900474","Hubei University","China","CN","30.583330154418945","114.26667022705078","education","100.0","Asia","100.0"
"I4210125590","Institute for Systems Engineering and Computers","Portugal","PT","38.71667098999024","-9.133330345153809","nonprofit","100.0","Europe","100.0"
"I4210090439","The Gate","United Kingdom","GB","51.49157333374024","-3.168478012084961","other","","Europe","2.66"
"I4210149021","CS Diagnostics","Germany","DE","51.19347381591797","6.705087184906006","facility","100.0","Europe","100.0"
"I1297363086","St. Michael's Hospital","Canada","CA","43.70642852783203","-79.39864349365234","healthcare","100.0","North America","100.0"
"I4210124057","Universitätsklinik Balgrist","Switzerland","CH","47.36666870117188","8.550000190734863","healthcare","100.0","Europe","100.0"
"I4210119991","Laboratoire Informatique d'Avignon","France","FR","43.948341369628906","4.808919906616211","facility","100.0","Europe","100.0"
"I4210123429","Institut Icare","Switzerland","CH","46.28291320800781","7.537957191467285","facility","","Europe","23.28"
"I4210106397","Lahey Medical Center","United States","US","42.53701019287109","-70.94669342041016","healthcare","100.0","North America","100.0"
"I87482320","University of Management and Technology","Pakistan","PK","31.452579498291016","74.29358673095703","education","100.0","Asia","100.0"
"I1299725459","Barnes-Jewish Hospital","United States","US","38.62726974487305","-90.19789123535156","healthcare","100.0","North America","100.0"
"I4210129465","Wuhan Ship Development & Design Institute","China","CN","30.532835006713867","114.30894470214844","facility","100.0","Asia","100.0"
"I176279760","University of Phoenix","United States","US","33.40238952636719","-111.96599578857422","education","100.0","North America","100.0"
"I4210106153","Magee-Womens Hospital","United States","US","40.43632507324219","-79.96171569824219","healthcare","100.0","North America","100.0"
"I54157616","Swiss Finance Institute","Switzerland","CH","47.36666870117188","8.550000190734863","education","100.0","Europe","100.0"
"I865572129","Adama Science and Technology University","Ethiopia","ET","8.550000190734863","39.26667022705078","education","100.0","Africa","100.0"
"I110594554","Ikerbasque","Spain","ES","43.26271057128906","-2.9252800941467285","other","100.0","Europe","100.0"
"I4210120076","University Gastroenterology","United States","US","41.80807876586914","-71.41136932373047","education","100.0","North America","100.0"
"I4210147955","Bangladesh University of Business and Technology","Bangladesh","BD","23.710399627685547","90.40744018554688","education","805.0","Asia","75.75"
"I4210136518","Maharaja Ranjit Singh Punjab Technical University","India","IN","30.17289161682129","74.9249038696289","education","100.0","Asia","100.0"
"I2802992173","NOAA Oceanic and Atmospheric Research","United States","US","38.99066925048828","-77.02609252929688","government","100.0","North America","100.0"
"I4210126794","IBM Research (China)","China","CN","39.907501220703125","116.39723205566406","company","100.0","Asia","100.0"
"I115602675","United Nations Institute for Training and Research","Switzerland","CH","46.20016479492188","6.136928081512451","facility","","Europe","16.18"
"I127251866","Alfred-Wegener-Institut Helmholtz-Zentrum für Polar- und Meeresforschung","Germany","DE","53.53615188598633","8.59298038482666","facility","100.0","Europe","100.0"
"I111979921","Northwestern University","United States","US","42.041141510009766","-87.6900634765625","education","48.0","North America","100.0"
"I4210144541","Social Change and Development","India","IN","8.72741985321045","77.68379974365234","nonprofit","","Asia","66.66"
"I178000100","Kurukshetra University","India","IN","30.0","76.75","education","100.0","Asia","100.0"
"I1299528221","Engineering and Physical Sciences Research Council","United Kingdom","GB","51.55796813964844","-1.7811599969863892","government","100.0","Europe","100.0"
"I197251160","Hebrew University of Jerusalem","Israel","IL","31.76903915405273","35.216331481933594","education","100.0","Asia","100.0"
"I4210093057","Faculty (United Kingdom)","United Kingdom","GB","51.51740264892578","-0.1494240015745163","company","100.0","Europe","100.0"
"I1283613182","Universidade Tecnológica Federal do Paraná","Brazil","BR","-25.427780151367188","-49.2730598449707","education","100.0","South America","100.0"
"I4210102005","Rajiv Gandhi University","India","IN","27.08694076538086","93.60987091064452","education","100.0","Asia","100.0"
"I64281891","College of New Jersey","United States","US","40.27122116088867","-74.78289031982422","education","100.0","North America","100.0"
"I102254642","University of Kirkuk","Iraq","IQ","35.44632339477539","44.37956619262695","education","100.0","Asia","100.0"
"I4401726783","VIT-AP University","","","16.299739837646484","80.45729064941406","education","100.0","","100.0"
"I114150738","Fu Jen Catholic University","Taiwan","TW","25.047760009765625","121.53185272216795","education","100.0","Asia","100.0"
"I4210105583","Royal Observatory","United Kingdom","GB","55.92305755615234","-3.1877779960632324","facility","100.0","Europe","100.0"
"I52179390","University of Waikato","New Zealand","NZ","-37.783329010009766","175.2833251953125","education","100.0","Oceania","100.0"
"I192891849","University of Wah","Pakistan","PK","33.74265670776367","72.79044342041016","education","100.0","Asia","100.0"
"I2802531901","Millennium Science Initiative","Chile","CL","-33.456939697265625","-70.64826965332031","government","100.0","South America","100.0"
"I4210133638","Nune Eye Hospital","South Korea","KR","35.87028121948242","128.5911102294922","healthcare","","Asia","60.04"
"I29955533","Center for Information Technology","United States","US","39.00131988525391","-77.10456848144531","facility","100.0","North America","100.0"
"I174101054","Changwon National University","South Korea","KR","35.24576187133789","128.69189453125","education","100.0","Asia","100.0"
"I1340206300","Defence Research and Development Organisation","India","IN","28.63575935363769","77.22444915771484","government","100.0","Asia","100.0"
"I8204097","Ludwig-Maximilians-Universität München","Germany","DE","48.137428283691406","11.57548999786377","education","100.0","Europe","100.0"
"I102913810","Universiti Malaysia Pahang Al-Sultan Abdullah","Malaysia","MY","3.483599901199341","103.39959716796876","education","100.0","Asia","100.0"
"I3130327861","University of Cundinamarca","Colombia","CO","4.331176280975342","-74.363525390625","education","807.0","South America","75.68"
"I4390039310","NYU Langone’s Laura and Isaac Perlmutter Cancer Center","","","40.71427154541016","-74.00596618652344","healthcare","39.0","","100.0"
"I4210157736","Qom University of Technology","Iran","IR","34.640098571777344","50.87639999389648","education","716.0","Asia","78.42"
"I45928872","Alibaba Group (China)","China","CN","30.293649673461918","120.1614227294922","company","100.0","Asia","100.0"
"I4210152469","Hennepin Healthcare Research Institute","United States","US","44.9799690246582","-93.26383972167967","facility","100.0","North America","100.0"
"I4210120293","Max Planck Institute of Quantum Optics","Germany","DE","48.24895858764648","11.651009559631348","facility","37.0","Europe","100.0"
"I4210117619","Novartis (United States)","United States","US","40.71427154541016","-74.00596618652344","company","100.0","North America","100.0"
"I4210085935","IBM Research - Almaden","United States","US","37.21099853515625","-121.80500030517578","facility","100.0","North America","100.0"
"I4210140583","Cerro Tololo Inter-American Observatory","Chile","CL","-29.904529571533203","-71.24893951416016","facility","100.0","South America","100.0"
"I182980787","University of Dallas","United States","US","32.84510803222656","-96.9258041381836","education","100.0","North America","100.0"
"I4210119858","National Center for Theoretical Sciences","Taiwan","TW","25.047760009765625","121.53185272216795","facility","100.0","Asia","100.0"
"I86831216","Universidad Tecnológica de Panamá","PA","PA","8.993599891662598","-79.51972961425781","education","100.0","Other","100.0"
"I42934936","Dublin City University","Ireland","IE","53.33306121826172","-6.248889923095703","education","100.0","Europe","100.0"
"I4210103346","Nanfang Hospital","China","CN","23.116670608520508","113.25","healthcare","100.0","Asia","100.0"
"I4210145693","Guangdong Academy of Medical Sciences","China","CN","23.128231048583984","113.28233337402344","healthcare","100.0","Asia","100.0"
"I82288201","Institute of Technology Sligo","Ireland","IE","54.26969146728516","-8.469429969787598","education","100.0","Europe","100.0"
"I136830121","Islamic Azad University South Tehran Branch","Iran","IR","35.71319580078125","51.41930770874024","education","100.0","Asia","100.0"
"I4210110558","Xi'an Technological University","China","CN","34.258331298828125","108.9286117553711","education","100.0","Asia","100.0"
"I21196054","Wellcome/MRC Cambridge Stem Cell Institute","United Kingdom","GB","52.20000076293945","0.1166699975728988","facility","2.0","Europe","100.0"
"I21449261","Masaryk University","Czech Republic","CZ","49.195220947265625","16.607959747314453","education","100.0","Europe","100.0"
"I4210103132","Hamad General Hospital","Qatar","QA","25.293975830078125","51.502811431884766","healthcare","100.0","Asia","100.0"
"I123758333","İstanbul Sabahattin Zaim Üniversitesi","Turkey","TR","41.01383972167969","28.94965934753418","education","100.0","Asia","100.0"
"I2800740805","Haukeland University Hospital","Norway","NO","60.39299011230469","5.324150085449219","healthcare","100.0","Europe","100.0"
"I63346067","Maulana Abul Kalam Azad Institute of Asian Studies","India","IN","22.57096672058105","88.41364288330078","facility","","Asia","50.87"
"I4390039253","Koch Institute for Integrative Cancer Research At MIT","","","42.375099182128906","-71.1056137084961","healthcare","1.0","","100.0"
"I134353371","SK Group (South Korea)","South Korea","KR","37.56600189208984","126.97840118408205","company","100.0","Asia","100.0"
"I4210111288","Meta (United Kingdom)","United Kingdom","GB","51.50852966308594","-0.1257400065660476","company","","Europe","18.01"
"I47327664","Universidade Federal do Maranhão","Brazil","BR","-2.5297200679779053","-44.30278015136719","education","100.0","South America","100.0"
"I4210159454","Serviço Geológico do Brasil - CPRM","Brazil","BR","-22.90641975402832","-43.18223190307617","government","136.0","South America","98.15"
"I142617266","University of Crete","Greece","GR","35.36555099487305","24.48232078552246","education","100.0","Europe","100.0"
"I183067279","Islamic Azad University North Tehran Branch","Iran","IR","35.76530838012695","51.47394561767578","education","100.0","Asia","100.0"
"I150609352","Australian Maritime College","Australia","AU","-41.38969039916992","147.1139678955078","education","100.0","Oceania","100.0"
"I166337079","Queen Mary University of London","United Kingdom","GB","51.50852966308594","-0.1257400065660476","education","100.0","Europe","100.0"
"I4210157613","Riverside Technology (United States)","United States","US","40.54147720336914","-105.04322052001952","company","","North America","20.25"
"I2898336195","The Netherlands Cancer Institute","Netherlands","NL","52.37403106689453","4.889689922332764","healthcare","100.0","Europe","100.0"
"I4210106353","Donald & Barbara Zucker School of Medicine at Hofstra/Northwell","United States","US","40.70621109008789","-73.61873626708984","education","100.0","North America","100.0"
"I148314036","Uniformed Services University of the Health Sciences","United States","US","38.98067092895508","-77.10025787353516","education","100.0","North America","100.0"
"I4210112085","Navarre Institute of Health Research","Spain","ES","42.816871643066406","-1.6432299613952637","education","100.0","Europe","100.0"
"I4210143635","State Radio Regulation Of China","China","CN","39.92610931396485","116.35375213623048","other","","Asia","33.03"
"I4210123235","Centro de Estudos e Sistemas Avançados do Recife","Brazil","BR","-8.05829906463623","-34.87178039550781","other","","South America","67.58"
"I1281226547","Providence St. Vincent Medical Center","United States","US","45.510440826416016","-122.77198791503906","healthcare","","North America","63.04"
"I150545927","MODUL University Vienna","Austria","AT","48.27472305297852","16.335750579833984","education","607.0","Europe","81.75"
"I207624831","Slovak Academy of Sciences","Slovakia","SK","48.14815902709961","17.106740951538086","other","100.0","Europe","100.0"
"I4210153373","Inha University Hospital","South Korea","KR","37.45645904541016","126.70514678955078","healthcare","100.0","Asia","100.0"
"I894721429","EAE Business School","Spain","ES","41.388790130615234","2.158989906311035","education","100.0","Europe","100.0"
"I31649931","Saint Anselm College","United States","US","42.99563980102539","-71.45478820800781","education","","North America","65.05"
"I8977528","Dr. Hari Singh Gour University","India","IN","23.82793426513672","78.77153015136719","education","100.0","Asia","100.0"
"I145286018","SRM Institute of Science and Technology","India","IN","12.82361125946045","80.0441665649414","education","100.0","Asia","100.0"
"I32597200","Ghent University","Belgium","BE","51.04999923706055","3.716670036315918","education","100.0","Europe","100.0"
"I168346926","Science Foundation Ireland","Ireland","IE","53.33306121826172","-6.248889923095703","other","559.0","Europe","83.21"
"I4210161528","Qilu Hospital of Shandong University","China","CN","36.66833114624024","116.99722290039062","healthcare","100.0","Asia","100.0"
"I4210100061","Hong Kong Sanatorium and Hospital","Hong Kong","HK","22.2783203125","114.17469024658205","other","100.0","Asia","100.0"
"I132976966","Universität für Weiterbildung Krems","Austria","AT","48.409210205078125","15.614150047302246","education","100.0","Europe","100.0"
"I22586776","Cheongju University","South Korea","KR","36.6372184753418","127.4897232055664","education","100.0","Asia","100.0"
"I130929987","University of Mons","Belgium","BE","50.45412826538086","3.9522900581359854","education","100.0","Europe","100.0"
"I2802203029","Johnson University","United States","US","35.93661117553711","-83.75050354003906","education","100.0","North America","100.0"
"I137853757","Howard University","United States","US","38.895111083984375","-77.03636932373047","education","100.0","North America","100.0"
"I4210119240","Conseil Européen de l'Industrie des Peintures des Encres d'Imprimerie et des Couleurs d'Art","Belgium","BE","50.81332015991211","4.419662952423096","government","","Europe","7.84"
"I2801952686","Erasmus MC","Netherlands","NL","51.92250061035156","4.479169845581055","other","100.0","Europe","100.0"
"I2801345734","China Academy of Engineering Physics","China","CN","31.46784019470215","104.68167877197266","facility","100.0","Asia","100.0"
"I181647926","University of Strathclyde","United Kingdom","GB","55.86515045166016","-4.257629871368408","education","100.0","Europe","100.0"
"I1339471597","Humanitas University","Italy","IT","45.38193130493164","9.15590000152588","education","100.0","Europe","100.0"
"I118292597","National Taipei University of Technology","Taiwan","TW","25.04399681091309","121.53784942626952","education","100.0","Asia","100.0"
"I10947320","South African Medical Research Council","South Africa","ZA","-33.91628646850586","18.604434967041016","other","100.0","Africa","100.0"
"I4210158934","Research Organization of Information and Systems","Japan","JP","35.68949890136719","139.69171142578125","facility","100.0","Asia","100.0"
"I114395901","University of Nebraska–Lincoln","United States","US","40.79999923706055","-96.66696166992188","education","100.0","North America","100.0"
"I4210141966","China Academy of Railway Sciences","China","CN","39.907501220703125","116.39723205566406","facility","100.0","Asia","100.0"
"I4210119234","Xiangyang Central Hospital","China","CN","32.01924133300781","112.15599822998048","healthcare","100.0","Asia","100.0"
"I47720641","Huazhong University of Science and Technology","China","CN","30.583330154418945","114.26667022705078","education","100.0","Asia","100.0"
"I2803066834","Fondazione IRCCS Ca' Granda Ospedale Maggiore Policlinico","Italy","IT","45.46427154541016","9.189510345458984","healthcare","100.0","Europe","100.0"
"I4210113896","Qingdao National Laboratory for Marine Science and Technology","China","CN","36.06488037109375","120.3804168701172","facility","100.0","Asia","100.0"
"I76442945","Hamilton Health Sciences","Canada","CA","43.2501106262207","-79.8496322631836","healthcare","100.0","North America","100.0"
"I4391768253","State Key Laboratory of Millimeter Waves","","","32.061668395996094","118.77777862548828","facility","100.0","","100.0"
"I4210109870","Vi Technology (United States)","United States","US","32.95664596557617","-96.71497344970705","company","","North America","66.6"
"I324100","Bowie State University","United States","US","39.01948165893555","-76.75826263427734","education","365.0","North America","89.48"
"I4210128769","Centre For Cold Ocean Resources Engineering","Canada","CA","45.411170959472656","-75.6981201171875","facility","","North America","51.16"
"I2802751111","Royal National Orthopaedic Hospital","United Kingdom","GB","51.63166427612305","-0.3100880086421966","healthcare","100.0","Europe","100.0"
"I113409471","Kumoh National Institute of Technology","South Korea","KR","36.14459609985352","128.3931884765625","education","100.0","Asia","100.0"
"I1330693074","Walmart (United States)","United States","US","36.36548614501953","-94.21794891357422","company","739.0","North America","77.73"
"I4210092744","Basque Centre for Climate Change","Spain","ES","43.26271057128906","-2.9252800941467285","nonprofit","100.0","Europe","100.0"
"I2799360765","Thomas Jefferson University Hospital","United States","US","39.94969177246094","-75.1571273803711","healthcare","100.0","North America","100.0"
"I4210152580","Tokyo Metropolitan Geriatric Hospital","Japan","JP","35.744041442871094","139.2222137451172","healthcare","100.0","Asia","100.0"
"I204483917","Ahi Evran University","Turkey","TR","39.1379280090332","34.155452728271484","education","100.0","Asia","100.0"
"I196272386","Providence College","United States","US","41.82398986816406","-71.41282653808594","education","100.0","North America","100.0"
"I2750212522","Cold Spring Harbor Laboratory","United States","US","40.871490478515625","-73.456787109375","nonprofit","100.0","North America","100.0"
"I4210130653","Guru Nanak Institutions","India","IN","17.504270553588867","78.54263305664062","education","","Asia","65.7"
"I4210107892","Planmeca (Finland)","Finland","FI","60.19852066040039","25.04108619689941","company","","Europe","2.93"
"I4210129527","Cancer Research UK Manchester Institute","United Kingdom","GB","53.42931365966797","-2.2279529571533203","facility","100.0","Europe","100.0"
"I4210133756","Center for Advanced Systems Understanding","Germany","DE","51.155181884765625","14.988530158996582","facility","","Europe","49.41"
"I96426537","Bangladesh University of Professionals","Bangladesh","BD","23.840087890625","90.35760498046876","education","100.0","Asia","100.0"
"I1290900354","Tufts Medical Center","United States","US","42.34951019287109","-71.06330871582031","healthcare","100.0","North America","100.0"
"I4210143841","Saudi Aramco (Saudi Arabia)","Saudi Arabia","SA","26.34372901916504","50.12286376953125","company","100.0","Asia","100.0"
"I4210114974","IMEC","Belgium","BE","50.87958908081055","4.700930118560791","nonprofit","100.0","Europe","100.0"
"I91600406","American University in the Emirates","United Arab Emirates","AE","25.123855590820312","55.41061782836914","education","","Asia","65.09"
"I2800207870","Høyskolen Kristiania","Norway","NO","59.9127311706543","10.746089935302734","education","100.0","Europe","100.0"
"I111277659","Chonnam National University","South Korea","KR","35.176387786865234","126.9080581665039","education","100.0","Asia","100.0"
"I9341345","University of Lübeck","Germany","DE","53.86893081665039","10.68729019165039","education","100.0","Europe","100.0"
"I191996457","Dalian Medical University","China","CN","38.9122200012207","121.60221862792967","education","100.0","Asia","100.0"
"I4210119392","Institute of Microelectronics","China","CN","39.907501220703125","116.39723205566406","facility","100.0","Asia","100.0"
"I2803058125","Seoul National University Bundang Hospital","South Korea","KR","37.4386100769043","127.13777923583984","healthcare","41.0","Asia","100.0"
"I53964585","Weizmann Institute of Science","Israel","IL","31.894210815429688","34.811988830566406","education","100.0","Asia","100.0"
"I3131779051","Iraqi University","Iraq","IQ","33.366634368896484","44.35979080200195","education","100.0","Asia","100.0"
"I47265099","Ho Chi Minh City University of Technology","Vietnam","VN","10.823019981384276","106.62964630126952","education","100.0","Asia","100.0"
"I64134780","Atatürk University","Turkey","TR","39.90861129760742","41.27693939208984","education","100.0","Asia","100.0"
"I17877952","Sechenov University","Russia","RU","55.752220153808594","37.61555862426758","education","100.0","Europe","100.0"
"I4210109528","PSG INSTITUTE OF TECHNOLOGY AND APPLIED RESEARCH","India","IN","11.005550384521484","76.96611785888672","education","100.0","Asia","100.0"
"I111262870","Universitat de Miguel Hernández d'Elx","Spain","ES","38.26218032836914","-0.7010700106620789","education","100.0","Europe","100.0"
"I189643551","Hanoi Medical University","Vietnam","VN","21.02449989318848","105.84117126464844","education","100.0","Asia","100.0"
"I4401727011","Instituto Tecnologico Superior de Misantla","","","19.98196029663086","-96.8924789428711","education","","","9.83"
"I21376657","Tanta University","Egypt","EG","30.788469314575195","31.00192070007324","education","100.0","Africa","100.0"
"I68891433","Indian Institute of Technology Delhi","India","IN","28.62137031555176","77.21479797363281","education","100.0","Asia","100.0"
"I4210162334","Hebei Provincial Department of Science and Technology","China","CN","38.02507400512695","114.51842498779295","government","100.0","Asia","100.0"
"I58995867","Civil Aviation Flight University of China","China","CN","30.976194381713867","104.28239440917967","education","100.0","Asia","100.0"
"I4210093491","Alberta Biodiversity Monitoring Institute","Canada","CA","53.551387786865234","-113.49549865722656","nonprofit","","North America","30.2"
"I10595761","American College of Radiology","United States","US","38.94151306152344","-77.33953094482422","nonprofit","100.0","North America","100.0"
"I241749","University of Cambridge","United Kingdom","GB","52.20000076293945","0.1166699975728988","education","2.0","Europe","100.0"
"I200284239","Universidade de Santiago de Compostela","Spain","ES","42.88051986694336","-8.545689582824707","education","100.0","Europe","100.0"
"I177918364","Providence University","Taiwan","TW","24.22694396972656","120.58000183105467","education","100.0","Asia","100.0"
"I132118926","Austrian Institute of Technology","Austria","AT","48.20848846435547","16.372079849243164","facility","100.0","Europe","100.0"
"I92869138","BOKU University","Austria","AT","48.20848846435547","16.372079849243164","education","100.0","Europe","100.0"
"I183859904","Islamic Azad University, Mashhad","Iran","IR","36.29806900024414","59.60567092895508","education","100.0","Asia","100.0"
"I4210150948","Zewail City of Science and Technology","Egypt","EG","30.06262969970703","31.249670028686523","education","100.0","Africa","100.0"
"I4210162715","Googol Technology (China)","China","CN","22.31355857849121","114.2171630859375","company","","Asia","4.42"
"I40053085","Australian Defence Force Academy","Australia","AU","-35.2834587097168","149.12806701660156","education","100.0","Oceania","100.0"
"I201292520","Bingham University","Nigeria","NG","8.956658363342285","7.699666023254394","education","333.0","Africa","90.54"
"I4210147389","Hunan Provincial People's Hospital","China","CN","28.198740005493164","112.97087097167967","healthcare","100.0","Asia","100.0"
"I71209653","Bocconi University","Italy","IT","45.46427154541016","9.189510345458984","education","100.0","Europe","100.0"
"I132153292","Indian Institute of Technology Patna","India","IN","25.59407997131348","85.13562774658203","education","100.0","Asia","100.0"
"I4210145257","Agricultural Biotechnology Research Institute of Iran","Iran","IR","35.83266067504883","50.99155044555664","facility","100.0","Asia","100.0"
"I51235708","Universidade Federal do Espírito Santo","Brazil","BR","-20.319440841674805","-40.3377799987793","education","100.0","South America","100.0"
"I4210100283","Laboratoire des Sciences de l'Ingénieur, de l'Informatique et de l'Imagerie","France","FR","48.52893829345703","7.715229988098144","facility","100.0","Europe","100.0"
"I4391768041","State Key Laboratory of Diagnosis and Treatment of Infectious Diseases","","","30.293649673461918","120.1614227294922","facility","100.0","","100.0"
"I4210117576","Hewlett-Packard (India)","India","IN","12.98456573486328","77.6622085571289","company","","Asia","16.06"
"I2799392579","Jakarta State Polytechnic","Indonesia","ID","-6.371453762054443","106.8243637084961","education","100.0","Asia","100.0"
"I4210131026","Institute of Ophthalmology","Mexico","MX","19.422527313232425","-99.14257049560548","nonprofit","100.0","North America","100.0"
"I161296585","Tokyo University of Science","Japan","JP","35.69966125488281","139.74298095703125","education","100.0","Asia","100.0"
"I4210121323","Derbyshire Community Health Services NHS Foundation Trust","United Kingdom","GB","53.239402770996094","-1.4775689840316772","healthcare","","Europe","20.21"
"I3132425485","Shanghai American School","China","CN","31.22221946716309","121.45806121826172","education","","Asia","19.72"
"I4210138523","UCL Biomedical Research Centre","United Kingdom","GB","51.50852966308594","-0.1257400065660476","other","9.0","Europe","100.0"
"I4210120396","Sumatera Institute of Technology","Indonesia","ID","-5.357778072357178","105.3147201538086","education","100.0","Asia","100.0"
"I103922791","QB3","United States","US","37.77492904663086","-122.41941833496094","nonprofit","100.0","North America","100.0"
"I4210118629","NARI Group (China)","China","CN","32.0521240234375","118.7906723022461","facility","100.0","Asia","100.0"
"I59411706","Adam Mickiewicz University in Poznań","Poland","PL","52.40692138671875","16.929929733276367","education","100.0","Europe","100.0"
"I2802656227","Universidad César Vallejo","Peru","PE","-12.043180465698242","-77.02823638916016","education","100.0","South America","100.0"
"I200420086","IULM University","Italy","IT","45.46427154541016","9.189510345458984","education","213.0","Europe","94.56"
"I244572783","Symbiosis International University","India","IN","18.53724670410156","73.73201751708984","education","100.0","Asia","100.0"
"I4210102069","CognIT (Norway)","Norway","NO","59.90501022338867","10.625897407531738","company","","Europe","1.48"
"I4210092324","Research Institute of Agriculture of Crimea","Russia","RU","55.74380111694336","37.56758117675781","facility","100.0","Europe","100.0"
"I2802834092","Population Health Research Institute","Canada","CA","43.2501106262207","-79.8496322631836","healthcare","100.0","North America","100.0"
"I4210160791","Yonsei University Health System","South Korea","KR","37.5657844543457","126.93856811523438","healthcare","100.0","Asia","100.0"
"I4210132950","Stomatology Hospital","China","CN","34.2740592956543","108.94375610351562","healthcare","100.0","Asia","100.0"
"I181903023","Xi'an Shiyou University","China","CN","34.102840423583984","108.64700317382812","education","100.0","Asia","100.0"
"I4210143601","Decision Systems (United States)","United States","US","42.151893615722656","-87.80496215820312","company","100.0","North America","100.0"
"I2801594805","University Kebangsaan Malaysia Medical Centre","Malaysia","MY","3.141200065612793","101.68653106689452","healthcare","100.0","Asia","100.0"
"I4387153357","Cornell Lab of Ornithology","","","42.44063186645508","-76.49661254882812","facility","100.0","","100.0"
"I4210164401","Sidney Kimmel Comprehensive Cancer Center","United States","US","39.29037857055664","-76.61219024658203","facility","100.0","North America","100.0"
"I205274468","Trinity College Dublin","Ireland","IE","53.33306121826172","-6.248889923095703","education","100.0","Europe","100.0"
"I182534213","Universidade do Porto","Portugal","PT","41.14960861206055","-8.610989570617676","education","100.0","Europe","100.0"
"I187400657","South China Normal University","China","CN","23.116670608520508","113.25","education","100.0","Asia","100.0"
"I138535024","Aeronautical Development Agency","India","IN","12.978857040405272","77.64988708496094","government","491.0","Asia","85.27"
"I184843921","Hebei University of Technology","China","CN","39.14221954345703","117.17666625976562","education","100.0","Asia","100.0"
"I181233156","University of Oregon","United States","US","44.05207061767578","-123.08674621582033","education","100.0","North America","100.0"
"I102345215","Xihua University","China","CN","30.66666984558105","104.0666732788086","education","100.0","Asia","100.0"
"I4387152927","Cancer Center Amsterdam","","","52.37403106689453","4.889689922332764","other","100.0","","100.0"
"I4210145572","Institute of Neuroimmunology of the Slovak Academy of Sciences","Slovakia","SK","48.14815902709961","17.106740951538086","facility","100.0","Europe","100.0"
"I136750679","Garvan Institute of Medical Research","Australia","AU","-33.878360748291016","151.22164916992188","nonprofit","100.0","Oceania","100.0"
"I4210114546","College of Applied Sciences, Nizwa","Oman","OM","22.901824951171875","57.5848274230957","education","100.0","Asia","100.0"
"I157386601","North South University","Bangladesh","BD","23.710399627685547","90.40744018554688","education","100.0","Asia","100.0"
"I51601045","University of Bath","United Kingdom","GB","51.375099182128906","-2.361720085144043","education","100.0","Europe","100.0"
"I4210127494","Collaborative Innovation Center of Quantum Matter","China","CN","39.99968338012695","116.3264389038086","facility","37.0","Asia","100.0"
"I4210162753","First Affiliated Hospital of Jinan University","China","CN","23.12613296508789","113.35041046142578","healthcare","100.0","Asia","100.0"
"I90610280","South China University of Technology","China","CN","23.116670608520508","113.25","education","100.0","Asia","100.0"
"I2800906181","St. Petersburg Department of Steklov Institute of Mathematics","Russia","RU","59.93397903442383","30.342754364013672","facility","100.0","Europe","100.0"
"I4210095084","Zhongji Test Equipment (China)","China","CN","40.011268615722656","116.3742446899414","company","","Asia","36.02"
"I106165777","University of Central Florida","United States","US","28.538339614868164","-81.37924194335938","education","100.0","North America","100.0"
"I132369690","Tianjin University of Science and Technology","China","CN","39.14221954345703","117.17666625976562","education","100.0","Asia","100.0"
"I55167344","University of Kairouan","Tunisia","TN","35.692806243896484","10.074016571044922","education","100.0","Africa","100.0"
"I3133415137","Aryabhatta Knowledge University","India","IN","25.592456817626957","85.13497161865234","education","","Asia","24.58"
"I1287339526","Reserve Bank of India","India","IN","19.072830200195312","72.88260650634766","other","821.0","Asia","75.25"
"I2802282215","Shri Maharaja Hari Singh Hospital","India","IN","34.086204528808594","74.79773712158203","healthcare","","Asia","31.47"
"I2799997741","Changjiang Water Resources Commission","China","CN","30.606828689575195","114.30857849121094","government","100.0","Asia","100.0"
"I121750182","National Institute of Technology Warangal","India","IN","18.0","79.58332824707031","education","100.0","Asia","100.0"
"I4210146297","ARC Centre of Excellence in Advanced Molecular Imaging","Australia","AU","-37.91139221191406","145.1340789794922","facility","100.0","Oceania","100.0"
"I75381157","Wilfrid Laurier University","Canada","CA","43.46680068969727","-80.51638793945312","education","100.0","North America","100.0"
"I90023481","National Institute of Information and Communications Technology","Japan","JP","35.68949890136719","139.69171142578125","facility","100.0","Asia","100.0"
"I4210108273","Agence Nationale de Sécurité du Médicament et des Produits de Santé","France","FR","45.74845886230469","4.846710205078125","government","","Europe","68.98"
"I1328775524","Zhejiang Sci-Tech University","China","CN","30.293649673461918","120.1614227294922","education","100.0","Asia","100.0"
"I83041322","Brooklyn College","United States","US","40.63104248046875","-73.95445251464844","education","100.0","North America","100.0"
"I8901234","Foundation for Research and Technology Hellas","Greece","GR","35.3278694152832","25.143409729003903","facility","100.0","Europe","100.0"
"I155671955","Korea Atomic Energy Research Institute","South Korea","KR","36.34199523925781","127.39566802978516","facility","100.0","Asia","100.0"
"I4210156571","Collaborative Innovation Center of Chemistry for Energy Materials","China","CN","31.22221946716309","121.45806121826172","facility","100.0","Asia","100.0"
"I4210095535","Université Internationale de Casablanca","Morocco","MA","33.49622344970703","-7.61051082611084","education","","Africa","6.73"
"I83123760","Shahid Rajaee Teacher Training University","Iran","IR","35.69438934326172","51.4215087890625","education","100.0","Asia","100.0"
"I4210118596","Water Research Institute","Italy","IT","41.11734771728516","16.815624237060547","facility","100.0","Europe","100.0"
"I2800958632","Institut des Nanotechnologies de Lyon","France","FR","45.74845886230469","4.846710205078125","facility","100.0","Europe","100.0"
"I2801697266","FOM University of Applied Sciences for Economics and Management","Germany","DE","51.45656967163086","7.012279987335205","education","100.0","Europe","100.0"
"I4210154055","Histoindex (Singapore)","Singapore","SG","1.31033194065094","103.77914428710938","company","","Asia","4.02"
"I4210087277","National Institute of Hydrology and Water Management","Romania","RO","44.5117073059082","26.07929992675781","government","","Europe","25.76"
"I4210109636","NIHR Imperial Biomedical Research Centre","United Kingdom","GB","51.50852966308594","-0.1257400065660476","facility","100.0","Europe","100.0"
"I186129607","Canadian University of Dubai","United Arab Emirates","AE","25.209896087646484","55.27012252807617","education","628.0","Asia","81.09"
"I1286959531","United Nations","United States","US","40.71427154541016","-74.00596618652344","other","100.0","North America","100.0"
"I4210152878","Helmholtz Centre Potsdam - GFZ German Research Centre for Geosciences","Germany","DE","52.39886093139648","13.06566047668457","facility","100.0","Europe","100.0"
"I4210140816","Gilead Sciences (United States)","United States","US","37.56748962402344","-122.28157043457033","company","100.0","North America","100.0"
"I196758499","Fryske Akademy","Netherlands","NL","53.20367813110352","5.7927350997924805","facility","642.0","Europe","80.68"
"I4210140176","Takeda (United States)","United States","US","42.153785705566406","-87.87816619873047","company","100.0","North America","100.0"
"I33256026","German Research Centre for Artificial Intelligence","Germany","DE","49.44300079345703","7.771609783172607","other","100.0","Europe","100.0"
"I2802773633","Christchurch Hospital","New Zealand","NZ","-43.534400939941406","172.62550354003906","healthcare","100.0","Oceania","100.0"
"I119939252","Indraprastha Institute of Information Technology Delhi","India","IN","28.65195083618164","77.23149108886719","education","100.0","Asia","100.0"
"I4210121775","FORTH Institute of Computer Science","Greece","GR","35.33839797973633","25.1280574798584","facility","100.0","Europe","100.0"
"I2801030728","German Centre for Integrative Biodiversity Research","Germany","DE","51.33961868286133","12.37129020690918","facility","100.0","Europe","100.0"
"I67080706","Alzahra University","Iran","IR","35.69438934326172","51.4215087890625","education","100.0","Asia","100.0"
"I4210146711","Sun Yat-sen University Cancer Center","China","CN","23.116670608520508","113.25","healthcare","100.0","Asia","100.0"
"I4210095809","Digital Proteomics (United States)","United States","US","32.901084899902344","-117.23500061035156","company","","North America","23.93"
"I21803372","University of Évora","Portugal","PT","38.56666946411133","-7.900000095367432","education","100.0","Europe","100.0"
"I101202996","Semmelweis University","Hungary","HU","47.498348236083984","19.04044914245605","education","100.0","Europe","100.0"
"I2802690428","Shanghai Mental Health Center","China","CN","31.18744659423828","121.4486846923828","healthcare","100.0","Asia","100.0"
"I146824383","Hallym University","South Korea","KR","37.86879348754883","127.69733428955078","education","100.0","Asia","100.0"
"I103146751","University of the Faroe Islands","FO","FO","62.00973129272461","-6.771639823913574","education","100.0","Other","100.0"
"I4210155455","Korea Brain Research Institute","South Korea","KR","35.87028121948242","128.5911102294922","facility","381.0","Asia","88.95"
"I63664421","Swiss Federal Institute of Aquatic Science and Technology","Switzerland","CH","47.397239685058594","8.618720054626465","facility","100.0","Europe","100.0"
"I3132364740","University of Fiji","Fiji","FJ","-17.66781234741211","177.4078826904297","education","","Oceania","43.96"
"I203455613","Schrodinger (United States)","United States","US","40.757205963134766","-73.98400115966797","company","100.0","North America","100.0"
"I4210096034","Centre for Quantum Computation and Communication Technology","Australia","AU","-33.86785125732422","151.2073211669922","facility","37.0","Oceania","100.0"
"I5728261","University of Sunderland","United Kingdom","GB","54.9046516418457","-1.3822200298309326","education","100.0","Europe","100.0"
"I181840440","Odesa I. I. Mechnikov National University","Ukraine","UA","46.485721588134766","30.74382972717285","education","100.0","Europe","100.0"
"I4401727010","Berlin Institute for the Foundations of Learning and Data","","","52.52436828613281","13.410530090332031","facility","","","16.97"
"I4210147117","Huaiyin Normal University","China","CN","33.5886116027832","119.01917266845705","education","100.0","Asia","100.0"
"I33213144","University of Florida","United States","US","29.651630401611328","-82.3248291015625","education","100.0","North America","100.0"
"I4210129188","A. O. Ordine Mauriziano di Torino","Italy","IT","45.05281448364258","7.665857791900635","healthcare","100.0","Europe","100.0"
"I1307098950","Salk Institute for Biological Studies","United States","US","32.84727096557617","-117.27420043945312","nonprofit","100.0","North America","100.0"
"I36373038","Cleveland Clinic Lerner College of Medicine","United States","US","41.50030517578125","-81.61927032470703","healthcare","100.0","North America","100.0"
"I4210141715","Keio University Shonan Fujisawa","Japan","JP","35.38851547241211","139.42742919921875","education","100.0","Asia","100.0"
"I2801081054","The Francis Crick Institute","United Kingdom","GB","51.52548599243164","-0.1354569196701049","facility","100.0","Europe","100.0"
"I8588240","Saitama Medical University","Japan","JP","35.9355583190918","139.304443359375","education","100.0","Asia","100.0"
"I9340077","Comisión Nacional de Energía Atómica","Argentina","AR","-34.61315155029297","-58.37723159790039","other","100.0","South America","100.0"
"I53110688","University of Córdoba","Spain","ES","37.89154815673828","-4.772749900817871","education","100.0","Europe","100.0"
"I4401200274","Univerzitet Privredna akademija u Novom Sadu","Serbia","RS","45.25167083740234","19.83694076538086","education","","Europe","61.55"
"I72341708","University of Mohaghegh Ardabili","Iran","IR","38.24980163574219","48.29330062866211","education","100.0","Asia","100.0"
"I30771326","Italian Institute of Technology","Italy","IT","44.404781341552734","8.944390296936035","facility","100.0","Europe","100.0"
"I204250578","University of California, Irvine","United States","US","33.66946029663086","-117.82311248779295","education","100.0","North America","100.0"
"I137428128","Franklin W. Olin College of Engineering","United States","US","42.2934684753418","-71.263916015625","education","677.0","North America","79.61"
"I59028903","Ocean University of China","China","CN","36.06488037109375","120.3804168701172","education","100.0","Asia","100.0"
"I182526193","Thuyloi University","Vietnam","VN","21.02449989318848","105.84117126464844","education","100.0","Asia","100.0"
"I161941770","University of Lucerne","Switzerland","CH","47.050479888916016","8.306349754333496","education","100.0","Europe","100.0"
"I126527374","Peoples' Friendship University of Russia","Russia","RU","55.752220153808594","37.61555862426758","education","100.0","Europe","100.0"
"I4210138654","University Hospital of Heraklion","Greece","GR","35.30736541748047","25.082609176635746","healthcare","100.0","Europe","100.0"
"I4210087348","National Cancer Centre Japan","Japan","JP","35.68949890136719","139.69171142578125","healthcare","100.0","Asia","100.0"
"I4210165678","Yuxian People's Hospital","China","CN","38.08753967285156","113.39950561523438","healthcare","","Asia","60.91"
"I4210163072","Ibermática (Spain)","Spain","ES","40.416500091552734","-3.702559947967529","company","","Europe","2.3"
"I3132651366","World Islamic Sciences and Education University","Jordan","JO","31.955219268798828","35.945030212402344","education","","Asia","64.93"
"I4210125312","National Observatory","Brazil","BR","-22.89504623413086","-43.225685119628906","facility","100.0","South America","100.0"
"I123534392","University of North Texas","United States","US","33.21199417114258","-97.14913940429688","education","100.0","North America","100.0"
"I4210092773","UK Centre for Ecology & Hydrology","United Kingdom","GB","51.59981918334961","-1.1247999668121338","other","100.0","Europe","100.0"
"I4210115624","Hunan Cancer Hospital","China","CN","28.21283721923828","112.9387664794922","healthcare","100.0","Asia","100.0"
"I4210119350","Istituto Nazionale per l'Assicurazione Contro gli Infortuni sul Lavoro","Italy","IT","41.90536880493164","12.471254348754885","facility","100.0","Europe","100.0"
"I29680605","Morgridge Institute for Research","United States","US","43.073360443115234","-89.40813446044922","nonprofit","100.0","North America","100.0"
"I2802123492","Oxford Research Group","United Kingdom","GB","51.52457809448242","-0.0846159979701042","nonprofit","3.0","Europe","100.0"
"I4210124427","City College of Dongguan University of Technology","China","CN","22.983028411865234","113.8361587524414","education","","Asia","63.61"
"I4210153637","Asklepios Klinik Barmbek","Germany","DE","53.60634231567383","10.035774230957031","healthcare","100.0","Europe","100.0"
"I119241673","Indian Institute of Technology Ropar","India","IN","30.96895980834961","76.52694702148438","education","100.0","Asia","100.0"
"I16285277","William & Mary","United States","US","37.27069854736328","-76.70745849609375","education","100.0","North America","100.0"
"I2251586001","Singapore General Hospital","Singapore","SG","1.2896699905395508","103.85006713867188","healthcare","100.0","Asia","100.0"
"I4210089285","Ji Hua Laboratory","China","CN","23.026769638061523","113.13147735595705","facility","100.0","Asia","100.0"
"I4210147875","Community Impact","United States","US","42.14348602294922","-71.51411437988281","nonprofit","","North America","19.67"
"I133999245","University of Nevada, Las Vegas","United States","US","36.17496871948242","-115.13722229003906","education","100.0","North America","100.0"
"I4210144228","Eunice Kennedy Shriver National Institute of Child Health and Human Development","United States","US","39.001094818115234","-77.10041809082031","facility","100.0","North America","100.0"
"I119449181","Technische Universität Ilmenau","Germany","DE","50.68321990966797","10.918580055236816","education","100.0","Europe","100.0"
"I132091411","A. Alikhanyan National Laboratory","AM","AM","40.18111038208008","44.51361083984375","facility","100.0","Other","100.0"
"I430192","Appalachian State University","United States","US","36.21678924560547","-81.67455291748047","education","100.0","North America","100.0"
"I2799390153","Leeds Teaching Hospitals NHS Trust","United Kingdom","GB","53.80502700805664","-1.521880030632019","healthcare","100.0","Europe","100.0"
"I48912391","Istanbul Technical University","Turkey","TR","41.01383972167969","28.94965934753418","education","100.0","Asia","100.0"
"I121748325","Universidad Complutense de Madrid","Spain","ES","40.416500091552734","-3.702559947967529","education","100.0","Europe","100.0"
"I4210153325","Institute of Mathematical Statistics","United States","US","41.473087310791016","-81.53370666503906","other","100.0","North America","100.0"
"I4210130369","Genevention (Germany)","Germany","DE","51.555267333984375","9.89330768585205","company","","Europe","2.67"
"I102239671","Hamdan Bin Mohammed Smart University","United Arab Emirates","AE","25.105148315429688","55.39236831665039","education","","Asia","51.23"
"I2800278093","Sony Corporation (United States)","United States","US","40.717281341552734","-74.00550079345703","company","100.0","North America","100.0"
"I4210165351","Toyota Central Research and Development Laboratories (Japan)","Japan","JP","35.16972351074219","137.054443359375","company","100.0","Asia","100.0"
"I4210091246","Sri Venkateswara Medical College and Ruia Hospital","India","IN","13.635510444641112","79.41989135742188","healthcare","","Asia","49.49"
"I98301712","Baidu (China)","China","CN","39.907501220703125","116.39723205566406","company","100.0","Asia","100.0"
"I53620714","Arab American University","Palestine","PS","32.40664291381836","35.34244918823242","education","100.0","Asia","100.0"
"I4210097307","Medisch Centrum Haaglanden","Netherlands","NL","52.0766716003418","4.298610210418701","healthcare","100.0","Europe","100.0"
"I33586908","Pandit Deendayal Petroleum University","India","IN","23.15613174438477","72.66459655761719","education","100.0","Asia","100.0"
"I4210110987","IIT@MIT","United States","US","42.362300872802734","-71.09395599365234","facility","1.0","North America","100.0"
"I4210159815","Ovation Fertility","United States","US","30.34580421447754","-97.75215911865234","healthcare","","North America","42.41"
"I12700597","Sivas Cumhuriyet Üniversitesi","Turkey","TR","39.748329162597656","37.016109466552734","education","100.0","Asia","100.0"
"I139290212","Hofstra University","United States","US","40.70621109008789","-73.61873626708984","education","100.0","North America","100.0"
"I3141673221","Ministerul Sanatatii","Romania","RO","44.4389533996582","26.098621368408203","government","","Europe","15.26"
"I1311643757","Commercial Aircraft Corporation of China (China)","China","CN","31.22221946716309","121.45806121826172","company","100.0","Asia","100.0"
"I4210150789","Universitas Muhammadiyah Tapanuli Selatan","Indonesia","ID","1.3915189504623413","99.27127838134766","education","34.0","Asia","100.0"
"I159098566","Monroe College","United States","US","40.86547470092773","-73.90028381347656","education","","North America","20.35"
"I4210122489","NaMLab (Germany)","Germany","DE","51.02461624145508","13.726921081542969","company","100.0","Europe","100.0"
"I2800424308","Finnish Environment Institute","Finland","FI","60.16952133178711","24.935449600219727","government","100.0","Europe","100.0"
"I4387930218","NOAA Environmental Modeling Center","","","38.98067092895508","-76.93692016601562","government","100.0","","100.0"
"I56409017","Nahrain University","Iraq","IQ","33.340579986572266","44.40087890625","education","100.0","Asia","100.0"
"I4391012619","Shanghai Artificial Intelligence Laboratory","China","CN","31.22221946716309","121.45806121826172","facility","100.0","Asia","100.0"
"I2802582725","Gentofte Hospital","Denmark","DK","55.73863983154297","12.548274993896484","healthcare","100.0","Europe","100.0"
"I127727965","Magadh University","India","IN","24.68721580505371","84.96526336669922","education","968.0","Asia","70.81"
"I135237710","Zhejiang Normal University","China","CN","29.106779098510746","119.64421081542967","education","100.0","Asia","100.0"
"I4210090988","Optibrium (United Kingdom)","United Kingdom","GB","52.2923583984375","0.1706349998712539","company","","Europe","5.0"
"I26415053","University of L'Aquila","Italy","IT","42.35055160522461","13.399539947509766","education","100.0","Europe","100.0"
"I4210109718","Shandong Transportation Research Institute","China","CN","36.68342971801758","116.9848861694336","facility","100.0","Asia","100.0"
"I4210111867","Office of Naval Research","United Kingdom","GB","51.56889343261719","-0.4420729875564575","other","","Europe","44.23"
"I134276161","Pakistan Institute of Engineering and Applied Sciences","Pakistan","PK","33.72148132324219","73.04328918457031","education","100.0","Asia","100.0"
"I4210139035","Agroscope","Switzerland","CH","46.948089599609375","7.447440147399902","facility","100.0","Europe","100.0"
"I4210101378","Cheng Hsin General Hospital","Taiwan","TW","25.117549896240234","121.52246856689452","healthcare","100.0","Asia","100.0"
"I2799858192","London School of Business and Management","United Kingdom","GB","51.52239990234375","-0.1316000074148178","education","415.0","Europe","87.82"
"I4401726752","Somerset NHS Foundation Trust","","","50.94158935546875","-2.632110118865967","healthcare","","","47.49"
"I119635470","Universidad de Las Palmas de Gran Canaria","Spain","ES","28.099729537963867","-15.413430213928224","education","100.0","Europe","100.0"
"I63098007","Liverpool John Moores University","United Kingdom","GB","53.41057968139648","-2.977940082550049","education","100.0","Europe","100.0"
"I4210107260","Apple (United Kingdom)","United Kingdom","GB","51.51417541503906","-0.1425669938325882","company","","Europe","55.53"
"I4210148469","Visa (United States)","United States","US","37.55855178833008","-122.27108001708984","company","","North America","22.96"
"I4387155932","Centre for the Governance of AI","","","51.752220153808594","-1.2559599876403809","nonprofit","","","3.38"
"I5847235","University of Petroleum and Energy Studies","India","IN","30.32443046569824","78.03392028808594","education","100.0","Asia","100.0"
"I4210136185","Ospedale Regina Margherita","Italy","IT","45.036888122558594","7.673817157745361","healthcare","100.0","Europe","100.0"
"I173029219","Multimedia University","Malaysia","MY","2.196000099182129","102.2405014038086","education","100.0","Asia","100.0"
"I199172307","Columbus State University","United States","US","32.46097946166992","-84.98770904541016","education","100.0","North America","100.0"
"I94509681","Technische Universität Braunschweig","Germany","DE","52.26594161987305","10.526729583740234","education","100.0","Europe","100.0"
"I4210163460","Midwest Orthopaedic Research Foundation","United States","US","44.97100830078125","-93.25911712646484","nonprofit","","North America","37.18"
"I882953328","Furtwangen University","Germany","DE","48.05149841308594","8.2076997756958","education","100.0","Europe","100.0"
"I4210149821","University Hospitals of Derby and Burton NHS Foundation Trust","United Kingdom","GB","52.91066360473633","-1.5140360593795776","healthcare","100.0","Europe","100.0"
"I4210134174","Montavid Thermodynamic Research Group","Hungary","HU","47.45302200317383","19.031383514404297","facility","877.0","Europe","73.57"
"I180910786","Universidad de la República","Uruguay","UY","-34.90327835083008","-56.18815994262695","education","100.0","South America","100.0"
"I165368041","University of Iceland","Iceland","IS","64.13548278808594","-21.895410537719727","education","100.0","Europe","100.0"
"I4210142140","Walt Disney (United States)","United States","US","34.18129348754883","-118.30976104736328","company","100.0","North America","100.0"
"I4210094701","Centre de Mise en Forme des Matériaux","France","FR","43.70312881469727","7.266079902648926","facility","100.0","Europe","100.0"
"I4210124077","Duke Institute for Health Innovation","United States","US","35.9940299987793","-78.89862060546875","other","100.0","North America","100.0"
"I4210088379","Anova Corp (Vietnam)","Vietnam","VN","10.790146827697754","106.6833267211914","company","","Asia","8.56"
"I201841394","Université Côte d'Azur","France","FR","43.70312881469727","7.266079902648926","education","100.0","Europe","100.0"
"I158438070","Universidad de La Laguna","Spain","ES","28.485300064086918","-16.320140838623047","education","100.0","Europe","100.0"
"I4210129200","O. P. Jindal Global University","India","IN","28.994779586791992","77.01937103271484","education","100.0","Asia","100.0"
"I118612203","Hunan Police Academy","China","CN","28.224609375","113.13004302978516","education","100.0","Asia","100.0"
"I4210117112","South Kazakhstan Medical Academy","Kazakhstan","KZ","42.31616973876953","69.58894348144531","education","","Asia","60.02"
"I184468904","University of Qom","Iran","IR","34.60145568847656","50.82552719116211","education","100.0","Asia","100.0"
"I4210116810","RIKEN Center for Biosystems Dynamics Research","Japan","JP","34.69129943847656","135.18299865722656","facility","100.0","Asia","100.0"
"I4210102512","Cotton University","India","IN","26.18440055847168","91.74579620361328","education","100.0","Asia","100.0"
"I4210097173","Shandong Yingcai University","China","CN","36.68489837646485","117.32618713378906","education","","Asia","45.02"
"I3130607311","Changsha Normal University","China","CN","28.255634307861328","113.08287048339844","education","100.0","Asia","100.0"
"I4210087936","Hôpital Farhat Hached","Tunisia","TN","35.82961654663086","10.62773895263672","healthcare","100.0","Africa","100.0"
"I189158943","University of Milan","Italy","IT","45.46427154541016","9.189510345458984","education","100.0","Europe","100.0"
"I122558511","Universidade Federal de Mato Grosso do Sul","Brazil","BR","-20.442779541015625","-54.64638900756836","education","100.0","South America","100.0"
"I3017910207","Natural Resources Institute Finland","Finland","FI","60.16952133178711","24.935449600219727","government","100.0","Europe","100.0"
"I60325297","International Water Management Institute","Sri Lanka","LK","6.892146110534668","79.9268569946289","facility","100.0","Asia","100.0"
"I55769427","Indiana University – Purdue University Indianapolis","United States","US","39.76837921142578","-86.15804290771484","education","95.0","North America","100.0"
"I106157433","University of Kassel","Germany","DE","51.31666946411133","9.5","education","100.0","Europe","100.0"
"I4210122157","Hubei Polytechnic University","China","CN","30.209651947021484","115.0321044921875","education","100.0","Asia","100.0"
"I4210126318","Tampere University Hospital","Finland","FI","61.49911117553711","23.7871208190918","healthcare","100.0","Europe","100.0"
"I4210127558","Australian Centre for Robotic Vision","Australia","AU","-27.46793937683105","153.02809143066406","facility","100.0","Oceania","100.0"
"I114564095","University of Ouargla","Algeria","DZ","31.942646026611328","5.3065571784973145","education","100.0","Africa","100.0"
"I106778892","Princess Nourah bint Abdulrahman University","Saudi Arabia","SA","24.68773078918457","46.72185134887695","education","100.0","Asia","100.0"
"I1308906816","NortonLifeLock (United States)","United States","US","37.39705657958984","-122.0539093017578","company","","North America","40.61"
"I4387152169","Institute of Informatics & Telecommunications","","","39.142311096191406","23.425079345703125","facility","373.0","","89.23"
"I4210107720","CentraleSupélec","France","FR","48.68333053588867","2.133330106735229","facility","100.0","Europe","100.0"
"I230495080","University of Limerick","Ireland","IE","52.66471862792969","-8.62306022644043","education","100.0","Europe","100.0"
"I4210092907","Oxford Biomedical Research","United States","US","42.64635848999024","-83.17765808105469","company","3.0","North America","58.77"
"I8833935","Universidad de León","Spain","ES","42.60002899169922","-5.570320129394531","education","100.0","Europe","100.0"
"I2803066836","Warneford Hospital","United Kingdom","GB","51.75083160400391","-1.222499966621399","healthcare","100.0","Europe","100.0"
"I158708052","Chulalongkorn University","Thailand","TH","13.738496780395508","100.5308609008789","education","100.0","Asia","100.0"
"I4210133865","Center for Cultural Heritage Technology","Italy","IT","45.47396469116211","12.252346992492676","facility","","Europe","6.26"
"I1325886976","Siemens (Germany)","Germany","DE","48.137428283691406","11.57548999786377","company","100.0","Europe","100.0"
"I206046566","VicRoads","Australia","AU","-37.810054779052734","145.0287322998047","government","","Oceania","14.21"
"I4210107033","Leibniz Institute for Educational Media | Georg Eckert Institute","Germany","DE","52.26594161987305","10.526729583740234","facility","","Europe","22.63"
"I134820265","Consejo Superior de Investigaciones Científicas","Spain","ES","40.416500091552734","-3.702559947967529","other","100.0","Europe","100.0"
"I4210116476","MVJ Medical College and Research Hospital","India","IN","13.07069969177246","77.79814147949219","healthcare","100.0","Asia","100.0"
"I17866349","Université de Toulouse","France","FR","43.6042594909668","1.4436700344085691","education","100.0","Europe","100.0"
"I161103922","Philipps University of Marburg","Germany","DE","50.80904006958008","8.770689964294434","education","100.0","Europe","100.0"
"I154526488","Inserm","France","FR","48.85340881347656","2.34879994392395","other","100.0","Europe","100.0"
"I131781684","Intel (Ireland)","Ireland","IE","53.37211608886719","-6.513026237487793","company","","Europe","37.73"
"I204593131","College of Charleston","United States","US","32.77656936645508","-79.93092346191406","education","100.0","North America","100.0"
"I4210151627","National Energy Research Scientific Computing Center","United States","US","37.87158966064453","-122.2727508544922","facility","384.0","North America","88.85"
"I2801838318","Institut Jules Bordet","Belgium","BE","50.83340835571289","4.346601963043213","healthcare","100.0","Europe","100.0"
"I4210155647","National Institutes of Health Clinical Center","United States","US","39.00166702270508","-77.10444641113281","healthcare","100.0","North America","100.0"
"I110120368","National Agency for New Technologies, Energy and Sustainable Economic Development","Italy","IT","41.89192962646485","12.511329650878906","other","100.0","Europe","100.0"
"I173207729","University of Engineering and Technology Taxila","Pakistan","PK","33.59732818603516","73.04789733886719","education","100.0","Asia","100.0"
"I206895457","University of Siegen","Germany","DE","50.87480926513672","8.024310111999512","education","100.0","Europe","100.0"
"I4210164802","Mila - Quebec Artificial Intelligence Institute","Canada","CA","45.50883865356445","-73.58780670166016","facility","100.0","North America","100.0"
"I4210094970","Energy Research Institute","China","CN","36.669246673583984","117.07591247558594","facility","100.0","Asia","100.0"
"I4210097214","Shandong Management University","China","CN","36.66833114624024","116.99722290039062","education","100.0","Asia","100.0"
"I116953780","Tongji University","China","CN","31.22221946716309","121.45806121826172","education","100.0","Asia","100.0"
"I4388891891","Southwestern Medical Center","","","34.60868835449219","-98.39032745361328","healthcare","100.0","","100.0"
"I4210136950","Hochschule Aalen","Germany","DE","48.8377685546875","10.093299865722656","education","100.0","Europe","100.0"
"I4210146358","Raisoni Group of Institutions","India","IN","21.14631080627441","79.08490753173828","education","100.0","Asia","100.0"
"I4210104252","Air Force Engineering University","China","CN","34.258331298828125","108.9286117553711","education","100.0","Asia","100.0"
"I124261006","École Supérieure des Sciences Économiques et Commerciales","France","FR","49.03644943237305","2.076129913330078","other","100.0","Europe","100.0"
"I261330113","Sidho Kanho Birsa University","India","IN","23.36159896850586","86.33977508544922","education","365.0","Asia","89.47"
"I1304278710","Children's Hospital of Orange County","United States","US","33.78097152709961","-117.8658218383789","healthcare","100.0","North America","100.0"
"I4210096782","Laboratoire Pluridisciplinaire de Recherche en Ingénierie des Systèmes, Mécanique et Energétique","France","FR","47.90288925170898","1.9038900136947632","facility","100.0","Europe","100.0"
"I53411278","Chengdu University of Traditional Chinese Medicine","China","CN","30.653383255004883","104.05712890625","education","100.0","Asia","100.0"
"I4210115305","German Center for Infection Research","Germany","DE","52.21121597290039","10.531220436096191","facility","100.0","Europe","100.0"
"I860003557","Punjab Engineering College","India","IN","30.736289978027344","76.78839874267578","education","100.0","Asia","100.0"
"I4387153466","Weill Cornell Medicine","United States","US","40.71427154541016","-74.00596618652344","education","100.0","North America","100.0"
"I2802164966","University Hospital Heidelberg","Germany","DE","49.40768051147461","8.690790176391602","healthcare","100.0","Europe","100.0"
"I4210109070","Prince Mohammed bin Abdulaziz Hospital","Saudi Arabia","SA","24.71002769470215","46.79240036010742","healthcare","390.0","Asia","88.66"
"I25041050","Augusta University","United States","US","33.470970153808594","-81.97483825683594","education","100.0","North America","100.0"
"I4210157875","Institute of Advanced Research in Artificial Intelligence","Austria","AT","48.20574569702149","16.386137008666992","facility","","Europe","6.87"
"I3129975082","Sami Shamoon College of Engineering","Israel","IL","31.25181007385254","34.79130172729492","education","100.0","Asia","100.0"
"I4210114632","Ambo University","Ethiopia","ET","8.983329772949219","37.84999847412109","education","100.0","Africa","100.0"
"I70640408","Tehran University of Medical Sciences","Iran","IR","35.69438934326172","51.4215087890625","education","100.0","Asia","100.0"
"I4210143646","Ingham Institute","Australia","AU","-33.86785125732422","151.2073211669922","nonprofit","100.0","Oceania","100.0"
"I25399270","Southwest Forestry University","China","CN","25.038890838623047","102.71833038330078","education","100.0","Asia","100.0"
"I2799289540","Indian Institute of Management Kashipur","India","IN","29.184675216674805","79.00003051757812","education","","Asia","54.42"
"I3123573182","Transylvania University of Brașov","Romania","RO","45.64860916137695","25.606130599975582","education","100.0","Europe","100.0"
"I67337280","Egyptian Russian University","Egypt","EG","30.14289665222168","31.716920852661133","education","100.0","Africa","100.0"
"I59606676","Universidade Federal do Pará","Brazil","BR","-1.4558299779891968","-48.50444030761719","education","100.0","South America","100.0"
"I917324061","Marian University - Indiana","United States","US","39.76837921142578","-86.15804290771484","education","640.0","North America","80.75"
"I81605866","Sidi Mohamed Ben Abdellah University","Morocco","MA","34.03313064575195","-5.000279903411865","education","100.0","Africa","100.0"
"I2802939634","Chinese PLA General Hospital","China","CN","39.907501220703125","116.39723205566406","healthcare","100.0","Asia","100.0"
"I20382870","Missouri University of Science and Technology","United States","US","37.95143127441406","-91.77127075195312","education","100.0","North America","100.0"
"I4210151107","Osaka Medical Center for Cancer and Cardiovascular Diseases","Japan","JP","34.69374084472656","135.50218200683594","facility","100.0","Asia","100.0"
"I2800600548","Aberdeen Royal Infirmary","United Kingdom","GB","57.154598236083984","-2.135999917984009","healthcare","100.0","Europe","100.0"
"I4210137126","Council for Scientific and Industrial Research","Ghana","GH","5.55601978302002","-0.1968999952077865","facility","100.0","Africa","100.0"
"I195459967","Mizoram University","India","IN","23.728939056396484","92.71791076660156","education","100.0","Asia","100.0"
"I83399316","Rockefeller University","United States","US","40.71427154541016","-74.00596618652344","education","100.0","North America","100.0"
"I146399215","University of Tsukuba","Japan","JP","36.20000076293945","140.10000610351562","education","100.0","Asia","100.0"
"I149899117","Max Planck Society","Germany","DE","48.137428283691406","11.57548999786377","other","100.0","Europe","100.0"
"I207223250","Indian Institute of Information Technology Design and Manufacturing Jabalpur","India","IN","23.166969299316406","79.95005798339844","education","34.0","Asia","100.0"
"I207123951","New Mexico Institute of Mining and Technology","United States","US","34.05839920043945","-106.89141845703124","education","100.0","North America","100.0"
"I4210165602","JenLab (Germany)","Germany","DE","52.43098831176758","13.677680015563965","company","","Europe","18.52"
"I4387152804","Technological University of the Shannon: Midlands Midwest","","","53.42277908325195","-7.937220096588135","education","","","28.41"
"I1321305853","National Bureau of Economic Research","United States","US","42.375099182128906","-71.1056137084961","nonprofit","100.0","North America","100.0"
"I71030271","Heidelberg Institute for Theoretical Studies","Germany","DE","49.40768051147461","8.690790176391602","facility","100.0","Europe","100.0"
"I96749437","Texas A&M University – Corpus Christi","United States","US","27.80057907104492","-97.39637756347656","education","100.0","North America","100.0"
"I4210093734","Taoyuan Chang Gung Memorial Hospital","Taiwan","TW","25.029634475708008","121.36632537841795","healthcare","776.0","Asia","76.63"
"I4210152080","Yichang Central People's Hospital","China","CN","30.683744430541992","111.30643463134766","healthcare","100.0","Asia","100.0"
"I4210127031","Uninova","Portugal","PT","38.66178894042969","-9.20032024383545","other","100.0","Europe","100.0"
"I65079550","Universiti Malaysia Perlis","Malaysia","MY","6.441400051116943","100.19862365722656","education","100.0","Asia","100.0"
"I4210127693","Penn Center for AIDS Research","United States","US","39.94993591308594","-75.1987075805664","facility","100.0","North America","100.0"
"I126345244","Portland State University","United States","US","45.5234489440918","-122.67620849609376","education","100.0","North America","100.0"
"I1295585255","European Union Agency for Network and Information Security","Greece","GR","35.31571578979492","25.035245895385746","government","","Europe","5.85"
"I4210114455","Cambridge Quantum Computing (United Kingdom)","United Kingdom","GB","52.20000076293945","0.1166699975728988","company","2.0","Europe","31.82"
"I170013655","Isfahan University of Technology","Iran","IR","32.7203254699707","51.52477264404297","education","100.0","Asia","100.0"
"I68763199","Universidad Católica San Antonio de Murcia","Spain","ES","37.98704147338867","-1.1300400495529177","education","100.0","Europe","100.0"
"I206573129","Islamia College University","Pakistan","PK","34.00028610229492","71.47667694091797","education","100.0","Asia","100.0"
"I4210165963","Barnet and Chase Farm NHS Hospitals Trust","United Kingdom","GB","51.512657165527344","-0.12915900349617","healthcare","","Europe","21.03"
"I4210090662","University of Phayao","Thailand","TH","19.19202995300293","99.87882995605467","education","100.0","Asia","100.0"
"I4387152582","A'Sharqiyah University","","","22.690570831298828","58.53337097167969","education","","","45.42"
"I4210130660","Xi'an High Tech University","China","CN","34.08451843261719","108.89649963378906","education","100.0","Asia","100.0"
"I4210109170","Laboratoire de Physique Théorique","France","FR","43.6042594909668","1.4436700344085691","facility","100.0","Europe","100.0"
"I4210105644","Häme University of Applied Sciences","Finland","FI","60.9959602355957","24.464340209960938","education","898.0","Europe","72.92"
"I155381812","University of Trás-os-Montes and Alto Douro","Portugal","PT","41.30062103271485","-7.744130134582519","education","100.0","Europe","100.0"
"I214977574","University Canada West","Canada","CA","49.24966049194336","-123.1193389892578","education","","North America","26.04"
"I4210121509","Institute of Mechanical Engineering and Industrial Mangement","Portugal","PT","41.14960861206055","-8.610989570617676","facility","100.0","Europe","100.0"
"I150993360","Hamamatsu Photonics (Japan)","Japan","JP","34.70000076293945","137.73333740234375","company","100.0","Asia","100.0"
"I4210155703","San Diego Fertility Center","United States","US","32.9266471862793","-117.23754119873048","healthcare","","North America","9.38"
"I168639165","Singapore Institute of Technology","Singapore","SG","1.301867961883545","103.78032684326172","education","100.0","Asia","100.0"
"I116943215","Dr. A.P.J. Abdul Kalam Technical University","India","IN","26.839279174804688","80.92312622070312","education","100.0","Asia","100.0"
"I191420491","Universidad de Jaén","Spain","ES","37.76921844482422","-3.790280103683472","education","100.0","Europe","100.0"
"I1307323311","Hospital Sant Joan de Déu Barcelona","Spain","ES","41.388790130615234","2.158989906311035","healthcare","100.0","Europe","100.0"
"I292310028","San Raffaele University of Rome","Italy","IT","41.89306640625","12.40334129333496","education","100.0","Europe","100.0"
"I80281795","University of Otago","New Zealand","NZ","-45.87416076660156","170.5036163330078","education","100.0","Oceania","100.0"
"I24881138","Cracow University of Technology","Poland","PL","50.061431884765625","19.936580657958984","education","100.0","Europe","100.0"
"I4210134091","Yahoo (United States)","United States","US","37.41718292236328","-122.02499389648438","company","100.0","North America","100.0"
"I121797337","Leiden University","Netherlands","NL","52.158329010009766","4.493060111999512","education","100.0","Europe","100.0"
"I4210164233","Health & Life (Taiwan)","Taiwan","TW","24.997577667236328","121.48773956298828","company","286.0","Asia","92.13"
"I276256525","Babu Banarasi Das University","India","IN","26.88881492614746","81.05683898925781","education","100.0","Asia","100.0"
"I103635307","University of California, Riverside","United States","US","33.95335006713867","-117.39615631103516","education","100.0","North America","100.0"
"I4210137370","Institute of Mathematics","Poland","PL","52.22977066040039","21.01177978515625","facility","100.0","Europe","100.0"
"I4391767796","Laboratório Nacional de Nanotecnologia","","","-22.90555953979492","-47.060829162597656","facility","","","48.25"
"I4210087340","Kobe Medical Center","Japan","JP","34.68034744262695","135.08444213867188","healthcare","100.0","Asia","100.0"
"I4210118777","North Florida/South Georgia Veterans Health System","United States","US","29.63942527770996","-82.3507080078125","healthcare","100.0","North America","100.0"
"I4210152645","Fondazione Humanitas per la Ricerca","Italy","IT","45.37202835083008","9.16948699951172","nonprofit","100.0","Europe","100.0"
"I4210106076","Istituto di Fisiologia Clinica","Italy","IT","43.70853042602539","10.403599739074709","facility","100.0","Europe","100.0"
"I4210141674","Cedars-Sinai Smidt Heart Institute","United States","US","34.07451629638672","-118.38099670410156","healthcare","100.0","North America","100.0"
"I15766328","Universitat de Lleida","Spain","ES","41.61674118041992","0.6221799850463867","education","100.0","Europe","100.0"
"I190249584","Universität Innsbruck","Austria","AT","47.26266098022461","11.394539833068848","education","100.0","Europe","100.0"
"I4210086143","Alibaba Group (Cayman Islands)","KY","KY","19.291900634765625","-81.36798095703125","company","","Other","51.9"
"I4210094574","Science et Ingénierie des Matériaux et Procédés","France","FR","45.1786994934082","5.762810230255127","facility","100.0","Europe","100.0"
"I181547552","Baylor College of Medicine","United States","US","29.763280868530277","-95.36327362060548","education","100.0","North America","100.0"
"I4210150574","Moorfields Eye Hospital","United Kingdom","GB","51.50852966308594","-0.1257400065660476","healthcare","100.0","Europe","100.0"
"I1306687154","Sher-e-Kashmir University of Agricultural Sciences and Technology of Kashmir","India","IN","34.14964294433594","74.78843688964844","education","100.0","Asia","100.0"
"I4210158205","Aschaffenburg University of Applied Sciences","Germany","DE","49.9770393371582","9.152139663696287","education","413.0","Europe","87.89"
"I50632499","Chongqing University of Technology","China","CN","29.56026077270508","106.55770874023438","education","100.0","Asia","100.0"
"I14140830","Shih Chien University","Taiwan","TW","25.08919906616211","121.5457992553711","education","100.0","Asia","100.0"
"I4210162215","Naval Aeronautical and Astronautical University","China","CN","37.4630126953125","121.44405364990234","education","100.0","Asia","100.0"
"I4210103194","Dr. D.Y. Patil Vidyapeeth, Pune","India","IN","18.62479591369629","73.82139587402344","education","100.0","Asia","100.0"
"I4210100083","Centre d'Études Spatiales de la Biosphère","France","FR","43.6042594909668","1.4436700344085691","facility","100.0","Europe","100.0"
"I4210153139","Hospital Universitario Virgen del Rocío","Spain","ES","37.38283157348633","-5.973169803619385","healthcare","100.0","Europe","100.0"
"I207623266","Kao Corporation (Japan)","Japan","JP","35.68949890136719","139.69171142578125","company","100.0","Asia","100.0"
"I4210146410","Science Oxford","United Kingdom","GB","51.751075744628906","-1.2386599779129028","nonprofit","3.0","Europe","100.0"
"I4210088227","MIT World Peace University","India","IN","18.519569396972656","73.8553466796875","education","1.0","Asia","100.0"
"I26489229","Louisiana State University in Shreveport","United States","US","32.525150299072266","-93.75018310546876","education","100.0","North America","100.0"
"I4210138023","Medicina","Poland","PL","50.05171203613281","19.92902565002441","healthcare","100.0","Europe","100.0"
"I244923355","Mangalayatan University","India","IN","27.64297866821289","77.89527893066406","education","","Asia","34.4"
"I84027002","Leeds Beckett University","United Kingdom","GB","53.796478271484375","-1.5478500127792358","education","100.0","Europe","100.0"
"I4210090782","Max-Planck-Institut für Kohlenforschung","Germany","DE","51.43217849731445","6.879670143127441","facility","100.0","Europe","100.0"
"I4210092517","Shanghai Eye Disease Prevention & Treatment Center","China","CN","31.2352294921875","121.44872283935548","healthcare","519.0","Asia","84.42"
"I4210161301","Enza Zaden (Netherlands)","Netherlands","NL","52.72283172607422","5.280355930328369","company","","Europe","15.84"
"I2802393258","Sefako Makgatho Health Sciences University","South Africa","ZA","-25.74485969543457","28.18782997131348","education","100.0","Africa","100.0"
"I4387152553","HKBK College of Engineering","","","12.97194004058838","77.59368896484375","education","","","30.81"
"I118298837","Sankara Nethralaya","India","IN","13.001667022705078","80.19940948486328","healthcare","100.0","Asia","100.0"
"I69050122","Near East University","Cyprus","CY","35.17530822753906","33.364200592041016","education","100.0","Europe","100.0"
"I98227222","China National Petroleum Corporation (China)","China","CN","39.907501220703125","116.39723205566406","company","100.0","Asia","100.0"
"I4210121559","Human Reliability (United Kingdom)","United Kingdom","GB","53.57233047485352","-2.763008117675781","company","","Europe","5.94"
"I3122011922","University of Žilina","Slovakia","SK","49.22314834594727","18.739410400390625","education","100.0","Europe","100.0"
"I39012071","Kyoto College of Graduate Studies for Informatics","Japan","JP","35.030982971191406","135.7792205810547","education","100.0","Asia","100.0"
"I177308816","Christopher Newport University","United States","US","37.06305694580078","-76.49305725097656","education","100.0","North America","100.0"
"I69179986","Ateneo de Davao University","Philippines","PH","7.073060035705566","125.61277770996094","education","","Asia","23.84"
"I4210094683","Advanced Institute of Materials Science","Japan","JP","38.26667022705078","140.86666870117188","facility","100.0","Asia","100.0"
"I117222138","Abu Dhabi University","United Arab Emirates","AE","24.365610122680664","54.56290817260742","education","100.0","Asia","100.0"
"I2800556661","China Tobacco","China","CN","39.91411972045898","116.3440170288086","government","100.0","Asia","100.0"
"I878213199","Savitribai Phule Pune University","India","IN","18.519569396972656","73.8553466796875","education","100.0","Asia","100.0"
"I118590987","Northern Border University","Saudi Arabia","SA","30.97530937194824","41.03807830810547","education","100.0","Asia","100.0"
"I12012874","Ştefan cel Mare University of Suceava","Romania","RO","47.633331298828125","26.25","education","100.0","Europe","100.0"
"I4210140553","BioSurfaces (United States)","United States","US","42.25979995727539","-71.4571304321289","company","100.0","North America","100.0"
"I4210137980","European Centre for Living Technology","Italy","IT","45.43290710449219","12.329572677612305","facility","","Europe","34.57"
"I250520410","Prairie View A&M University","United States","US","30.09193992614746","-95.98944091796876","education","100.0","North America","100.0"
"I4210097373","Teikyo University Hospital","Japan","JP","35.75898742675781","139.7139129638672","healthcare","100.0","Asia","100.0"
"I1316902750","Cleveland Clinic","United States","US","41.3841438293457","-81.7184066772461","healthcare","100.0","North America","100.0"
"I12315562","Texas Tech University","United States","US","33.57786178588867","-101.85517120361328","education","100.0","North America","100.0"
"I37823250","University of Development Alternative","Bangladesh","BD","23.75254249572754","90.36671447753906","education","","Asia","36.86"
"I64295750","Indian Institute of Technology Indore","India","IN","22.717920303344727","75.83329772949219","education","100.0","Asia","100.0"
"I4210144112","Military Institute of Telecommunications and Informatization","Ukraine","UA","49.61407470703125","34.530818939208984","education","","Europe","25.83"
"I4210156865","Dentsply Sirona (United States)","United States","US","39.96260070800781","-76.72773742675781","company","","North America","36.55"
"I37802460","Northwest University","China","CN","34.258331298828125","108.9286117553711","education","100.0","Asia","100.0"
"I64189192","International Institute of Information Technology, Hyderabad","India","IN","17.384050369262695","78.45635986328125","education","100.0","Asia","100.0"
"I257903683","National University of Civil Engineering","Vietnam","VN","21.02449989318848","105.84117126464844","education","100.0","Asia","100.0"
"I82495205","University of Alabama in Huntsville","United States","US","34.73040008544922","-86.5859375","education","100.0","North America","100.0"
"I4210137115","Data & Society Research Institute","United States","US","40.71427154541016","-74.00596618652344","nonprofit","","North America","39.56"
"I4210114028","Atma Jaya University Yogyakarta","Indonesia","ID","-7.801390171051025","110.3647232055664","education","100.0","Asia","100.0"
"I90425906","South Asian University","India","IN","28.63575935363769","77.22444915771484","education","100.0","Asia","100.0"
"I4210150657","Chenzhou First People's Hospital","China","CN","25.80628204345703","113.04232788085938","healthcare","100.0","Asia","100.0"
"I1743320","Palo Alto University","United States","US","37.38228225708008","-122.1875457763672","education","100.0","North America","100.0"
"I4210150980","Boston Children's Museum","United States","US","42.35283660888672","-71.05003356933594","archive","100.0","North America","100.0"
"I4210138836","Texas Liver Institute","United States","US","29.43640899658203","-98.48927307128906","healthcare","","North America","50.08"
"I4210134421","INTRASOFT International (Luxembourg)","Luxembourg","LU","49.60506820678711","6.086080074310303","company","","Europe","36.07"
"I4210106256","University Hospital of Geneva","Switzerland","CH","46.19381713867188","6.148997783660889","healthcare","100.0","Europe","100.0"
"I3125581668","Universidade de Fortaleza","Brazil","BR","-3.717220067977905","-38.543060302734375","education","100.0","South America","100.0"
"I96908189","Xinjiang University","China","CN","43.80096054077149","87.60045623779297","education","100.0","Asia","100.0"
"I7597260","Hungarian Academy of Sciences","Hungary","HU","47.498348236083984","19.04044914245605","other","100.0","Europe","100.0"
"I4210143514","Thuringian Institute of Sustainability and Climate Protection (Germany)","Germany","DE","50.92958450317383","11.58469009399414","company","","Europe","10.23"
"I4400573233","Jilin Business and Technology College","","","43.880001068115234","125.3227767944336","education","","","53.66"
"I4210124541","Hanyang University Guri Hospital","South Korea","KR","37.60128402709961","127.1323699951172","healthcare","100.0","Asia","100.0"
"I4210165198","Beijing Advanced Sciences and Innovation Center","China","CN","39.98908996582031","116.36002349853516","facility","100.0","Asia","100.0"
"I64427410","Hong Kong Shue Yan University","China","CN","22.286775588989254","114.19768524169922","education","100.0","Asia","100.0"
"I1330342723","Mayo Clinic","United States","US","44.021629333496094","-92.46990203857422","other","100.0","North America","100.0"
"I113643904","Beni-Suef University","Egypt","EG","29.07440948486328","31.097850799560547","education","100.0","Africa","100.0"
"I4210154490","K. J. Somaiya Hospital & Research Centre","India","IN","19.04737663269043","72.8747329711914","healthcare","","Asia","19.04"
"I4210138169","Osaka Research Institute of Industrial Science and Technology","Japan","JP","34.69374084472656","135.50218200683594","facility","100.0","Asia","100.0"
"I5100685","University of Education","Pakistan","PK","31.558000564575195","74.3507080078125","education","100.0","Asia","100.0"
"I264262938","Kırklareli University","Turkey","TR","41.73508071899414","27.225210189819336","education","100.0","Asia","100.0"
"I4210142290","Nepal Agricultural Research Council","Nepal","NP","27.701690673828125","85.32060241699219","government","100.0","Asia","100.0"
"I203847022","Instituto Politécnico de Lisboa","Portugal","PT","38.71667098999024","-9.133330345153809","education","100.0","Europe","100.0"
"I35913352","Prague University of Economics and Business","Czech Republic","CZ","50.08803939819336","14.42076015472412","education","100.0","Europe","100.0"
"I4210160793","Institute of Geographic Sciences and Natural Resources Research","China","CN","39.907501220703125","116.39723205566406","facility","100.0","Asia","100.0"
"I106118109","Eötvös Loránd University","Hungary","HU","47.498348236083984","19.04044914245605","education","100.0","Europe","100.0"
"I4210163131","Max Planck Institute for Meteorology","Germany","DE","53.56779479980469","9.975467681884766","facility","100.0","Europe","100.0"
"I906608882","St Xavier’s College","India","IN","23.03228187561035","72.55277252197266","education","100.0","Asia","100.0"
"I4210112761","Kunming Metallurgical Research Institute","China","CN","25.05953788757324","102.70904541015624","facility","","Asia","40.81"
"I114090438","Goethe University Frankfurt","Germany","DE","50.11552047729492","8.68416976928711","education","100.0","Europe","100.0"
"I125904092","Shenyang Aerospace University","China","CN","41.79222106933594","123.43277740478516","education","100.0","Asia","100.0"
"I4210136895","Institute for the Future","United States","US","37.44429016113281","-122.16161346435548","nonprofit","100.0","North America","100.0"
"I4210087915","Massachusetts General Hospital","United States","US","42.358428955078125","-71.05976867675781","healthcare","100.0","North America","100.0"
"I91045830","Texas A&M University","United States","US","30.627979278564453","-96.33441162109376","education","100.0","North America","100.0"
"I203474044","National Centre of Scientific Research ""Demokritos""","Greece","GR","37.98376083374024","23.727840423583984","facility","100.0","Europe","100.0"
"I2252096349","Fujitsu (Japan)","Japan","JP","35.66564178466797","139.76087951660156","company","100.0","Asia","100.0"
"I4210143896","Citrine Informatics (United States)","United States","US","37.48660659790039","-122.22246551513672","company","","North America","11.4"
"I4210120726","Eye Center","Saudi Arabia","SA","24.68773078918457","46.72185134887695","healthcare","100.0","Asia","100.0"
"I116631150","Ulsan College","South Korea","KR","35.49578094482422","129.41567993164062","education","100.0","Asia","100.0"
"I4210154325","Institute for Biomedical Diagnostics and Research NALAZ","BA","BA","43.85542297363281","18.414819717407227","facility","","Other","1.96"
"I17937529","German Cancer Research Center","Germany","DE","49.40768051147461","8.690790176391602","facility","100.0","Europe","100.0"
"I2802934949","Radboud University Medical Center","Netherlands","NL","51.84249877929688","5.852779865264893","other","100.0","Europe","100.0"
"I4210097010","Korea National Institute of Health","South Korea","KR","36.63800811767578","127.33184814453124","government","100.0","Asia","100.0"
"I155781252","University of South Carolina","United States","US","34.000709533691406","-81.0348129272461","education","100.0","North America","100.0"
"I885392262","GITAM University","India","IN","17.680089950561523","83.20160675048828","education","100.0","Asia","100.0"
"I3017902709","Bülent Ecevit University","Turkey","TR","41.45138931274414","31.79305076599121","education","100.0","Asia","100.0"
"I4210106108","Xinjiang Technical Institute of Physics & Chemistry","China","CN","43.80096054077149","87.60045623779297","facility","100.0","Asia","100.0"
"I39854758","Auckland University of Technology","New Zealand","NZ","-36.85323333740234","174.76649475097656","education","100.0","Oceania","100.0"
"I108108428","Thammasat University","Thailand","TH","13.753979682922363","100.5014419555664","education","100.0","Asia","100.0"
"I126231945","Queen's University Belfast","United Kingdom","GB","54.59682083129883","-5.92540979385376","education","100.0","Europe","100.0"
"I4210153656","Holst Centre (Netherlands)","Netherlands","NL","51.4138298034668","5.456286907196045","company","100.0","Europe","100.0"
"I1288214837","United States Naval Research Laboratory","United States","US","38.895111083984375","-77.03636932373047","facility","100.0","North America","100.0"
"I141301092","China Meteorological Administration","China","CN","39.907501220703125","116.39723205566406","government","100.0","Asia","100.0"
"I2801556517","Ruijin Hospital","China","CN","31.22221946716309","121.45806121826172","healthcare","100.0","Asia","100.0"
"I16733864","National Taiwan University","Taiwan","TW","25.016000747680664","121.53600311279295","education","100.0","Asia","100.0"
"I4210128801","Helmholtz Center for Information Security","Germany","DE","49.23262023925781","7.009819984436035","facility","100.0","Europe","100.0"
"I4210087596","Qualcomm (United States)","United States","US","32.89516830444336","-117.19572448730467","company","100.0","North America","100.0"
"I36234482","University of Bristol","United Kingdom","GB","51.45523071289063","-2.5966498851776123","education","100.0","Europe","100.0"
"I4210153126","Istituti di Ricovero e Cura a Carattere Scientifico","Italy","IT","41.89192962646485","12.511329650878906","healthcare","100.0","Europe","100.0"
"I4210118728","State Key Laboratory of Information Engineering in Surveying Mapping and Remote Sensing","China","CN","30.583330154418945","114.26667022705078","facility","100.0","Asia","100.0"
"I4210128866","Sejong General Hospital","South Korea","KR","37.48102569580078","126.7912139892578","healthcare","178.0","Asia","96.07"
"I169016828","Shimane University","Japan","JP","35.48666763305664","133.0680694580078","education","100.0","Asia","100.0"
"I4210137033","Istituto di Matematica Applicata e Tecnologie Informatiche","Italy","IT","45.20236587524414","9.13697338104248","education","100.0","Europe","100.0"
"I5124864","École Polytechnique Fédérale de Lausanne","Switzerland","CH","46.51599884033203","6.632820129394531","education","36.0","Europe","100.0"
"I37445192","University of Wollongong Malaysia","Malaysia","MY","3.0850698947906494","101.53280639648438","education","","Asia","30.92"
"I159885104","École Pratique des Hautes Études","France","FR","48.85340881347656","2.34879994392395","education","100.0","Europe","100.0"
"I4210143016","Changchun Institute of Technology","China","CN","43.880001068115234","125.3227767944336","education","100.0","Asia","100.0"
"I78137547","Ibb University","Yemen","YE","13.962997436523438","44.17323303222656","education","100.0","Asia","100.0"
"I4210128482","Jiangsu Cancer Hospital","China","CN","32.061668395996094","118.77777862548828","healthcare","100.0","Asia","100.0"
"I37553959","Université de technologie de belfort-montbéliard","France","FR","47.642181396484375","6.8538498878479","education","100.0","Europe","100.0"
"I124391630","Arab Open University","Oman","OM","23.59110641479492","58.45695877075195","education","","Asia","23.08"
"I90090648","Shijiazhuang Tiedao University","China","CN","38.04138946533203","114.47860717773438","education","100.0","Asia","100.0"
"I4210099379","Zimmer Biomet (Germany)","Germany","DE","52.40946960449219","13.270167350769045","company","100.0","Europe","100.0"
"I4210102893","Instituto de Biomedicina y Biotecnología de Cantabria","Spain","ES","43.4647216796875","-3.8044400215148926","facility","724.0","Europe","78.21"
"I2799973717","IHE Delft Institute for Water Education","Netherlands","NL","52.00667190551758","4.355559825897217","education","100.0","Europe","100.0"
"I114234892","Beijing Union University","China","CN","39.907501220703125","116.39723205566406","education","100.0","Asia","100.0"
"I4210112801","Orygen","Australia","AU","-37.780704498291016","144.94760131835938","other","100.0","Oceania","100.0"
"I65181880","Indian Institute of Technology Hyderabad","India","IN","17.62476921081543","78.0866928100586","education","100.0","Asia","100.0"
"I3132975163","KLE Technological University","India","IN","15.347760200500488","75.13378143310547","education","100.0","Asia","100.0"
"I1288051870","Organisation de Coopération et de Développement Economiques","France","FR","48.85340881347656","2.34879994392395","other","100.0","Europe","100.0"
"I4210161496","A*STAR Graduate Academy","Singapore","SG","1.3042750358581543","103.79193115234376","education","322.0","Asia","90.92"
"I63562232","Bucheon University","South Korea","KR","37.48986053466797","126.77872467041016","education","100.0","Asia","100.0"
"I1293487830","Geisinger Medical Center","United States","US","40.96753692626953","-76.60446166992188","healthcare","100.0","North America","100.0"
"I86987016","KTH Royal Institute of Technology","Sweden","SE","59.32938003540039","18.06871032714844","education","100.0","Europe","100.0"
"I3132855970","University of Antique","Philippines","PH","10.789999961853027","122.0177993774414","education","","Asia","12.37"
"I4210134648","Hôpital Raymond-Poincaré","France","FR","48.84225845336914","2.1823201179504395","healthcare","100.0","Europe","100.0"
"I183974707","Perimeter Institute","Canada","CA","43.46680068969727","-80.51638793945312","facility","100.0","North America","100.0"
"I166825849","Tampere University","Finland","FI","61.49911117553711","23.7871208190918","education","100.0","Europe","100.0"
"I4210138399","City Clinical Hospital No 31","Russia","RU","59.97234725952149","30.280033111572266","healthcare","","Europe","34.53"
"I4210095969","Universitas Majalengka","Indonesia","ID","-6.832921981811523","108.21484375","education","100.0","Asia","100.0"
"I108103353","Universidad de Valladolid","Spain","ES","41.655181884765625","-4.723720073699951","education","100.0","Europe","100.0"
"I4210088053","Universitätsklinikum Erlangen","Germany","DE","49.59098815917969","11.007829666137695","healthcare","100.0","Europe","100.0"
"I4210109530","Institut Català de Retina","Spain","ES","41.40156936645508","2.1318519115448","healthcare","","Europe","18.99"
"I1323236076","Sage Bionetworks","United States","US","47.60620880126953","-122.33206939697266","nonprofit","100.0","North America","100.0"
"I4210102222","Laboratoire de Physique Corpusculaire","France","FR","45.75082015991211","3.110780000686645","facility","100.0","Europe","100.0"
"I181401687","American University","United States","US","38.895111083984375","-77.03636932373047","education","100.0","North America","100.0"
"I4210090624","National Institute of Agricultural Science and Technology","South Korea","KR","37.2645263671875","126.98792266845705","other","100.0","Asia","100.0"
"I2802641067","Leverhulme Trust","United Kingdom","GB","51.50602722167969","-0.132868006825447","nonprofit","100.0","Europe","100.0"
"I23574469","Krakow University of Economics","Poland","PL","50.061431884765625","19.936580657958984","education","100.0","Europe","100.0"
"I4210127411","Dmitry Rogachev National Research Center of Pediatric Hematology, Oncology and Immunology","Russia","RU","55.65439987182617","37.533817291259766","facility","1.0","Europe","100.0"
"I2802225915","Changi General Hospital","Singapore","SG","1.2896699905395508","103.85006713867188","healthcare","100.0","Asia","100.0"
"I83714178","Shenyang Jianzhu University","China","CN","41.79222106933594","123.43277740478516","education","100.0","Asia","100.0"
"I4210129353","Huawei Technologies (Germany)","Germany","DE","51.22196578979492","6.8117218017578125","company","271.0","Europe","92.63"
"I4210150554","Universitas Dr. Soetomo","Indonesia","ID","-7.297023773193359","112.76513671875","education","100.0","Asia","100.0"
"I4210114996","Vizzuality (Spain)","Spain","ES","40.430606842041016","-3.703404903411865","company","","Europe","3.81"
"I4210108503","Fejér Megyei Szent György Egyetemi Oktató Kórház","Hungary","HU","47.19314193725586","18.4357852935791","healthcare","","Europe","34.39"
"I22188714","University of Prince Edward Island","Canada","CA","46.25717926025391","-63.13921356201172","education","100.0","North America","100.0"
"I166455938","University of Babylon","Iraq","IQ","32.46366882324219","44.41962814331055","education","100.0","Asia","100.0"
"I193619901","Constructor University","Germany","DE","53.07582092285156","8.807169914245605","education","100.0","Europe","100.0"
"I2799435774","State Administration of Traditional Chinese Medicine of the People's Republic of China","China","CN","39.93779754638672","116.42621612548828","government","100.0","Asia","100.0"
"I83790135","Whirlpool (United States)","United States","US","42.139835357666016","-86.44139099121094","company","","North America","27.67"
"I200296433","Chinese Academy of Medical Sciences & Peking Union Medical College","China","CN","39.907501220703125","116.39723205566406","education","100.0","Asia","100.0"
"I4210091343","Shanghai Stomatological Hospital","China","CN","31.240558624267575","121.48326110839844","healthcare","100.0","Asia","100.0"
"I53368042","Campbellsville University","United States","US","37.34416580200195","-85.3477783203125","education","","North America","17.18"
"I2801195679","Laboratoire Kastler Brossel","France","FR","48.85340881347656","2.34879994392395","facility","100.0","Europe","100.0"
"I1338511612","Serbian Academy of Sciences and Arts","Serbia","RS","44.80400848388672","20.46512985229492","other","100.0","Europe","100.0"
"I44635919","National Institute of Technology Delhi","India","IN","28.62137031555176","77.21479797363281","education","100.0","Asia","100.0"
"I4210131323","University of Asia Pacific","Bangladesh","BD","23.710399627685547","90.40744018554688","education","100.0","Asia","100.0"
"I4210088792","United States Army","United States","US","38.88100814819336","-77.10427856445312","other","100.0","North America","100.0"
"I4210101396","Communications Technology Laboratory","United States","US","39.14019775390625","-77.2184829711914","government","","North America","54.61"
"I196829312","La Trobe University","Australia","AU","-37.7217903137207","145.04791259765625","education","100.0","Oceania","100.0"
"I4210145585","Patanjali Research Foundation","India","IN","29.90679931640625","78.00131225585938","other","780.0","Asia","76.49"
"I4210113148","Memorial Hospital","United States","US","30.28887939453125","-81.600830078125","healthcare","","North America","58.89"
"I169689159","PLA Information Engineering University","China","CN","34.75777816772461","113.64861297607422","education","100.0","Asia","100.0"
"I142762351","Royal College of Surgeons in Ireland","Ireland","IE","53.33306121826172","-6.248889923095703","education","100.0","Europe","100.0"
"I72541430","Lakehead University","Canada","CA","48.38201904296875","-89.25018310546875","education","100.0","North America","100.0"
"I144112489","McGovern Institute for Brain Research","United States","US","42.375099182128906","-71.1056137084961","facility","100.0","North America","100.0"
"I2801491316","Government of Uttar Pradesh","India","IN","26.846172332763672","80.9445571899414","government","","Asia","61.37"
"I184746854","Lincoln University","New Zealand","NZ","-43.650001525878906","172.48333740234375","education","100.0","Oceania","100.0"
"I4210126311","Beijing Transportation Research Center","China","CN","39.88906478881836","116.35401153564452","facility","992.0","Asia","70.07"
"I4210099312","Shandong Jiaotong University","China","CN","36.66833114624024","116.99722290039062","education","100.0","Asia","100.0"
"I5343935","Guilin University of Electronic Technology","China","CN","25.281644821166992","110.3372802734375","education","100.0","Asia","100.0"
"I4210145773","Tianjin Medical University Eye Hospital","China","CN","39.097930908203125","117.11968994140624","healthcare","100.0","Asia","100.0"
"I4210094138","University of West Attica","Greece","GR","37.98376083374024","23.727840423583984","education","100.0","Europe","100.0"
"I20231570","Peking University","China","CN","39.907501220703125","116.39723205566406","education","17.0","Asia","100.0"
"I4210167317","Qiannan Normal College For Nationalities","China","CN","26.26667022705078","107.51667022705078","education","100.0","Asia","100.0"
"I4210146690","National University Hospital","Singapore","SG","1.2944799661636353","103.78335571289062","healthcare","100.0","Asia","100.0"
"I4210164798","S2 Grupo (Spain)","Spain","ES","39.46882629394531","-0.3496670126914978","company","","Europe","2.47"
"I121502294","Physical Research Laboratory","India","IN","23.025789260864254","72.58727264404297","facility","100.0","Asia","100.0"
"I4210130415","Open International University for Alternative Medicines","India","IN","11.074158668518066","79.55846405029297","education","","Asia","38.98"
"I4528857","University of Kuala Lumpur","Malaysia","MY","3.141200065612793","101.68653106689452","education","100.0","Asia","100.0"
"I4210139985","Medicover","Germany","DE","52.442832946777344","13.328585624694824","healthcare","","Europe","19.8"
"I2800446032","Rhode Island Hospital","United States","US","41.82398986816406","-71.41282653808594","healthcare","100.0","North America","100.0"
"I204409756","Middle East College","Oman","OM","23.584129333496094","58.40777969360352","education","","Asia","60.31"
"I132389103","Economic and Social Research Institute","Ireland","IE","53.33306121826172","-6.248889923095703","other","100.0","Europe","100.0"
"I165779595","University of Melbourne","Australia","AU","-37.81399917602539","144.96331787109375","education","14.0","Oceania","100.0"
"I67311998","European Organization for Nuclear Research","Switzerland","CH","46.20222091674805","6.145689964294434","facility","9.0","Europe","100.0"
"I4210119674","East China University of Technology","China","CN","28.6839599609375","115.85305786132812","education","100.0","Asia","100.0"
"I4210138236","Istanbul Eye Hospital","Turkey","TR","41.00117874145508","28.871028900146484","healthcare","100.0","Asia","100.0"
"I3018988418","Centre Hospitalier Universitaire de Nice","France","FR","43.71052169799805","7.260533809661865","other","100.0","Europe","100.0"
"I79884896","University of Illinois at Springfield","United States","US","39.801719665527344","-89.64370727539062","education","90.0","North America","100.0"
"I4210099567","Insight (China)","China","CN","22.277379989624023","114.17446899414062","company","","Asia","43.41"
"I9086337","Taiyuan University of Technology","China","CN","37.86943817138672","112.5602798461914","education","100.0","Asia","100.0"
"I4210114143","GlaxoSmithKline (United States)","United States","US","39.89656829833984","-75.1755142211914","company","1.0","North America","100.0"
"I4210141176","Communication University of Zhejiang","China","CN","30.319913864135746","120.34066009521484","education","100.0","Asia","100.0"
"I2799888298","Skyline University College","United Arab Emirates","AE","25.291223526000977","55.46714401245117","education","618.0","Asia","81.42"
"I2799853436","Johns Hopkins Medicine","United States","US","39.29037857055664","-76.61219024658203","healthcare","100.0","North America","100.0"
"I4210138551","University Hospital Magdeburg","Germany","DE","52.10097122192383","11.617555618286133","healthcare","100.0","Europe","100.0"
"I183003952","Ilia State University","GE","GE","41.69411087036133","44.83367919921875","education","100.0","Other","100.0"
"I171892758","Forschungszentrum Jülich","Germany","DE","50.92148971557617","6.362669944763184","facility","100.0","Europe","100.0"
"I23758234","Universitas Negeri Surabaya","Indonesia","ID","-7.249169826507568","112.7508316040039","education","100.0","Asia","100.0"
"I79817857","University of Guelph","Canada","CA","43.54594039916992","-80.25598907470703","education","100.0","North America","100.0"
"I4210166405","Technolution (Netherlands)","Netherlands","NL","52.01899719238281","4.708401203155518","company","","Europe","7.53"
"I1334877674","Taiwan Semiconductor Manufacturing Company (United States)","United States","US","37.39740753173828","-121.9275894165039","company","34.0","North America","66.34"
"I191240316","University of Hull","United Kingdom","GB","53.74459838867188","-0.3352499902248382","education","100.0","Europe","100.0"
"I2799873615","African Institute of Science and Technology","Nigeria","NG","9.000656127929688","7.421648979187012","education","","Africa","67.82"
"I4210093919","Munich Leukemia Laboratory (Germany)","Germany","DE","48.10380935668945","11.462871551513672","company","100.0","Europe","100.0"
"I302410947","M S Ramaiah University of Applied Sciences","India","IN","13.029542922973633","77.5698013305664","education","100.0","Asia","100.0"
"I4210125402","Hubei Zhongshan Hospital","China","CN","30.569372177124023","114.25431823730467","healthcare","599.0","Asia","81.97"
"I2801418622","Auckland City Hospital","New Zealand","NZ","-36.86056137084961","174.7699432373047","healthcare","100.0","Oceania","100.0"
"I32480017","Florida Polytechnic University","United States","US","28.039470672607425","-81.94979858398438","education","416.0","North America","87.8"
"I1335113835","Karolinska University Hospital","Sweden","SE","59.32938003540039","18.06871032714844","healthcare","100.0","Europe","100.0"
"I126859394","Alberta Health Services","Canada","CA","53.550140380859375","-113.46871185302734","healthcare","100.0","North America","100.0"
"I4210149358","Nokia (France)","France","FR","48.84089279174805","2.2300350666046143","company","556.0","Europe","83.29"
"I4210124078","Torc Robotics (United States)","United States","US","37.19144058227539","-80.39232635498047","company","","North America","5.17"
"I4210103266","Deltares","Netherlands","NL","52.00667190551758","4.355559825897217","facility","100.0","Europe","100.0"
"I158867519","International Management Institute","India","IN","28.539213180541992","77.1813735961914","education","100.0","Asia","100.0"
"I4210145991","Centre de recherche cerveau et cognition","France","FR","43.6042594909668","1.4436700344085691","facility","100.0","Europe","100.0"
"I4210097074","Theiss Research","United States","US","32.83882141113281","-117.27442932128906","nonprofit","","North America","27.98"
"I4210110925","Jiaozuo University","China","CN","35.2333984375","113.26294708251952","education","100.0","Asia","100.0"
"I4210086961","University for Business and Technology","XK","XK","42.55884552001953","21.134536743164062","education","121.0","Other","98.92"
"I138938424","Università degli Studi della Tuscia","Italy","IT","42.41936874389648","12.105600357055664","education","100.0","Europe","100.0"
"I4210142177","Pfizer-University of Granada-Junta de Andalucía Centre for Genomics and Oncological Research","Spain","ES","37.18817138671875","-3.6066699028015137","facility","100.0","Europe","100.0"
"I119575151","Korea National University of Transportation","South Korea","KR","36.96976089477539","127.87133026123048","education","100.0","Asia","100.0"
"I4387154372","Imam Khomeini Marine Science University","","","36.64852142333984","51.49620819091797","education","","","5.59"
"I4210111827","CMCC Foundation - Euro-Mediterranean Center on Climate Change","Italy","IT","40.35480880737305","18.172439575195312","other","100.0","Europe","100.0"
"I4210128080","Keimyung University Dongsan Medical Center","South Korea","KR","35.857425689697266","128.48553466796875","healthcare","100.0","Asia","100.0"
"I4210096275","Children's Hospital Colorado","United States","US","39.74100112915039","-104.83599853515624","healthcare","100.0","North America","100.0"
"I4210157222","William P. Wharton Trust","United States","US","42.35649108886719","-71.05176544189453","nonprofit","840.0","North America","74.67"
"I166794780","Wells Fargo (United States)","United States","US","37.78926086425781","-122.4022445678711","company","879.0","North America","73.49"
"I34403800","GEOMAR Helmholtz Centre for Ocean Research Kiel","Germany","DE","54.32133102416992","10.134889602661133","facility","100.0","Europe","100.0"
"I196664497","Autonomous University of San Luis Potosí","Mexico","MX","22.15289306640625","-100.97676849365234","education","100.0","North America","100.0"
"I4210140515","First Hospital of China Medical University","China","CN","41.79222106933594","123.43277740478516","healthcare","100.0","Asia","100.0"
"I4210085920","Shanghai Institute for Science of Science","China","CN","31.18718719482422","121.42361450195312","facility","100.0","Asia","100.0"
"I4210155350","Purple Mountain Laboratories","China","CN","32.061668395996094","118.77777862548828","facility","100.0","Asia","100.0"
"I107502644","Spiru Haret University","Romania","RO","44.433475494384766","26.10088539123535","education","100.0","Europe","100.0"
"I4210137549","Halliburton (United States)","United States","US","29.78826332092285","-95.27688598632812","company","","North America","55.76"
"I4210108471","Le Mans Université","France","FR","48.00210189819336","0.2025099992752075","education","100.0","Europe","100.0"
"I104546213","National College of Ireland","Ireland","IE","53.33306121826172","-6.248889923095703","education","838.0","Europe","74.74"
"I1314596251","Allen Institute for Brain Science","United States","US","47.64949417114258","-122.35216522216795","facility","100.0","North America","100.0"
"I200280692","Lviv University","Ukraine","UA","49.84055709838867","24.0222225189209","education","100.0","Europe","100.0"
"I156802259","Eastern Virginia Medical School","United States","US","36.84680938720703","-76.28521728515625","education","100.0","North America","100.0"
"I3131927718","JECRC University","India","IN","26.775924682617188","75.87450408935547","education","100.0","Asia","100.0"
"I197940685","National Oceanography Centre","United Kingdom","GB","50.90394973754883","-1.4042799472808838","facility","100.0","Europe","100.0"
"I115475287","Oklahoma State University","United States","US","36.11560821533203","-97.0583724975586","education","100.0","North America","100.0"
"I81556334","Amrita Vishwa Vidyapeetham","India","IN","11.005550384521484","76.96611785888672","education","100.0","Asia","100.0"
"I53746303","New York State Energy Research and Development Authority","United States","US","42.70482635498047","-73.8577651977539","government","","North America","19.97"
"I4210100577","Antalya Bilim University","Turkey","TR","36.90811920166016","30.695560455322266","education","100.0","Asia","100.0"
"I145019703","Al-Zaytoonah University of Jordan","Jordan","JO","31.955219268798828","35.945030212402344","education","100.0","Asia","100.0"
"I4210133909","Center for Translational Research in Neuroimaging and Data Science","United States","US","33.7558708190918","-84.38748931884766","facility","407.0","North America","88.09"
"I4210153948","National Agricultural Technology Institute","Argentina","AR","-34.61315155029297","-58.37723159790039","other","100.0","South America","100.0"
"I4210134111","Minneapolis Heart Institute Foundation","United States","US","44.9799690246582","-93.26383972167967","other","100.0","North America","100.0"
"I4210127875","Nvidia (United States)","United States","US","37.35411071777344","-121.95523834228516","company","100.0","North America","100.0"
"I4210133722","NIHR Newcastle Biomedical Research Centre","United Kingdom","GB","54.97328186035156","-1.613960027694702","facility","100.0","Europe","100.0"
"I1313606977","Museum für Naturkunde","Germany","DE","52.530555725097656","13.379132270812988","archive","100.0","Europe","100.0"
"I4400600978","Fasa University","","","28.93829917907715","53.64820098876953","education","","","64.28"
"I848706","Sungkyunkwan University","South Korea","KR","37.56600189208984","126.97840118408205","education","100.0","Asia","100.0"
"I17442442","State Grid Corporation of China (China)","China","CN","39.907501220703125","116.39723205566406","company","100.0","Asia","100.0"
"I4210100115","Thunder Bay Regional Research Institute","Canada","CA","48.42620468139648","-89.26921844482422","facility","","North America","42.45"
"I4210091388","Mercedes-Benz Research and Development North America (United States)","United States","US","47.60620880126953","-122.33206939697266","company","","North America","14.13"
"I4210126226","The Women University Multan","Pakistan","PK","30.205440521240234","71.46063995361328","education","100.0","Asia","100.0"
"I4210089400","Hospital Universiti Sains Malaysia","Malaysia","MY","6.099198818206787","102.28079986572266","healthcare","100.0","Asia","100.0"
"I188771183","Iqra University","Pakistan","PK","24.86079978942871","67.0103988647461","education","100.0","Asia","100.0"
"I4210097354","Sun Yat-sen Memorial Hospital","China","CN","23.109411239624023","113.25577545166016","healthcare","100.0","Asia","100.0"
"I2803030310","Corbett Hospital","United Kingdom","GB","52.46549224853516","-2.1465330123901367","healthcare","","Europe","11.89"
"I4210118524","Université Bourgogne Franche-Comté","France","FR","47.248779296875","6.0181498527526855","education","100.0","Europe","100.0"
"I4210123920","Silla University","South Korea","KR","35.16822052001953","128.99583435058594","education","100.0","Asia","100.0"
"I4210138525","Québec International","Canada","CA","46.76580810546875","-71.29505920410156","nonprofit","","North America","0.93"
"I1118541","University of East Anglia","United Kingdom","GB","52.62783050537109","1.2983399629592896","education","100.0","Europe","100.0"
"I4210154044","Islamic Azad University Shahr-e-Rey","Iran","IR","35.559627532958984","51.362674713134766","education","100.0","Asia","100.0"
"I4210127509","Vector Institute","Canada","CA","43.70011138916016","-79.41629791259766","facility","100.0","North America","100.0"
"I2801834177","Taipei City Government","Taiwan","TW","25.047760009765625","121.53185272216795","government","","Asia","63.7"
"I4210109390","National Center for Biotechnology Information","United States","US","38.98492431640625","-77.09797668457031","facility","100.0","North America","100.0"
"I4210154338","Hubei Engineering University","China","CN","30.926889419555664","113.92221069335938","education","100.0","Asia","100.0"
"I178232147","Guizhou University","China","CN","26.42043876647949","106.67110443115234","education","100.0","Asia","100.0"
"I197827452","Institute of Space Technology","Pakistan","PK","33.51992416381836","73.17726135253906","education","100.0","Asia","100.0"
"I103562704","ESI Group (France)","France","FR","48.85340881347656","2.34879994392395","company","","Europe","52.15"
"I67042835","Australian College of Kuwait","Kuwait","KW","29.276479721069336","48.049930572509766","education","","Asia","66.26"
"I249157770","SRH University Berlin","Germany","DE","52.513946533203125","13.322052001953123","education","","Europe","36.1"
"I4210121541","Tianjin Special Equipment Supervision and Inspection Technology Research Institute","China","CN","39.10266876220703","117.15370178222656","facility","","Asia","46.08"
"I1289784979","University College Hospital","United Kingdom","GB","51.52473449707031","-0.1363459974527359","healthcare","100.0","Europe","100.0"
"I4843557","Budker Institute of Nuclear Physics","Russia","RU","54.84999847412109","83.11399841308594","facility","9.0","Europe","100.0"
"I4210112925","Max Planck Institute for Biological Cybernetics","Germany","DE","48.53666687011719","9.058889389038086","facility","100.0","Europe","100.0"
"I147869694","Continental (Germany)","Germany","DE","52.395484924316406","9.729541778564451","company","425.0","Europe","87.5"
"I4210107086","University of Algiers 3","Algeria","DZ","36.76022720336914","2.9866459369659424","education","526.0","Africa","84.19"
"I293362453","Polytechnic Institute of Coimbra","Portugal","PT","40.213504791259766","-8.45197868347168","education","100.0","Europe","100.0"
"I41121874","Heilbronn University","Germany","DE","49.139949798583984","9.220540046691896","education","100.0","Europe","100.0"
"I10457146","Universidad de Santiago de Chile","Chile","CL","-33.456939697265625","-70.64826965332031","education","100.0","South America","100.0"
"I88017793","Port Said University","Egypt","EG","31.24138832092285","32.31666564941406","education","100.0","Africa","100.0"
"I169572211","Northeast Agricultural University","China","CN","45.75","126.6500015258789","education","100.0","Asia","100.0"
"I157117621","North Maharashtra University","India","IN","21.00361442565918","75.49386596679688","education","100.0","Asia","100.0"
"I4210089733","D-Tree International","United States","US","42.16856002807617","-70.8743667602539","nonprofit","","North America","13.0"
"I177733328","Can Tho University","Vietnam","VN","10.037110328674316","105.78825378417967","education","100.0","Asia","100.0"
"I63135867","University of Cincinnati","United States","US","39.132022857666016","-84.51554870605469","education","100.0","North America","100.0"
"I94616838","Jönköping University","Sweden","SE","57.78144836425781","14.156180381774902","education","100.0","Europe","100.0"
"I154570441","University of California, Santa Barbara","United States","US","34.42082977294922","-119.69818878173828","education","100.0","North America","100.0"
"I52357470","The Ohio State University","United States","US","39.961181640625","-82.99878692626953","education","100.0","North America","100.0"
"I4210149307","Sabin Vaccine Institute","United States","US","38.90032577514648","-77.0463638305664","nonprofit","100.0","North America","100.0"
"I4387154273","ESIC University","","","40.43292999267578","-3.813380002975464","education","","","17.06"
"I4210086903","Azienda Ospedaliera Citta' della Salute e della Scienza di Torino","Italy","IT","45.04126739501953","7.67292594909668","healthcare","100.0","Europe","100.0"
"I178535277","University of the West of England","United Kingdom","GB","51.45523071289063","-2.5966498851776123","education","100.0","Europe","100.0"
"I2802573037","Tianjin Medical University Cancer Institute and Hospital","China","CN","39.105743408203125","117.1845703125","healthcare","100.0","Asia","100.0"
"I15062923","Tianjin Normal University","China","CN","39.14221954345703","117.17666625976562","education","100.0","Asia","100.0"
"I4210105678","Microsoft (Finland)","Finland","FI","60.209083557128906","24.657241821289062","company","100.0","Europe","100.0"
"I138689650","University of Padua","Italy","IT","45.4079704284668","11.885860443115234","education","100.0","Europe","100.0"
"I20561161","University of Balochistan","Pakistan","PK","30.16541290283203","66.99052429199219","education","100.0","Asia","100.0"
"I4210153363","The Kinghorn Cancer Centre","Australia","AU","-33.86785125732422","151.2073211669922","healthcare","100.0","Oceania","100.0"
"I4210122178","Hewlett Packard Enterprise (United States)","United States","US","37.41459655761719","-122.14637756347656","company","609.0","North America","81.69"
"I4210122020","Sunovion (United States)","United States","US","42.34809494018555","-71.6177978515625","company","494.0","North America","85.17"
"I4210161026","Chungbuk National University Hospital","South Korea","KR","36.6282958984375","127.45829010009766","healthcare","100.0","Asia","100.0"
"I4210098814","UPMC Health System","United States","US","40.45792770385742","-79.90917205810547","healthcare","100.0","North America","100.0"
"I4210104974","Papworth Hospital NHS Foundation Trust","United Kingdom","GB","52.2480583190918","-0.1107700020074844","healthcare","100.0","Europe","100.0"
"I4210114058","Max Planck Institute of Animal Behavior","Germany","DE","47.768104553222656","8.996386528015137","facility","100.0","Europe","100.0"
"I4210143942","National University of Technology","Pakistan","PK","33.626220703125","73.01127624511719","education","100.0","Asia","100.0"
"I168537998","Eli Lilly (United States)","United States","US","39.76837921142578","-86.15804290771484","company","100.0","North America","100.0"
"I4210100795","Northern Ireland Hospice","United Kingdom","GB","54.60036849975586","-5.9259538650512695","healthcare","","Europe","6.43"
"I223532165","University of Utah","United States","US","40.760780334472656","-111.89105224609376","education","100.0","North America","100.0"
"I173439891","HES-SO University of Applied Sciences and Arts Western Switzerland","Switzerland","CH","47.36492919921875","7.34453010559082","education","100.0","Europe","100.0"
"I2801533059","German Center for Neurodegenerative Diseases","Germany","DE","50.73437881469727","7.095489978790283","facility","100.0","Europe","100.0"
"I3018001382","AIMST University","Malaysia","MY","5.727429866790772","100.50875854492188","education","100.0","Asia","100.0"
"I4210151417","Korea Research Institute of Chemical Technology","South Korea","KR","36.34912872314453","127.38493347167967","facility","100.0","Asia","100.0"
"I18570673","Guangxi University of Science and Technology","China","CN","24.33434295654297","109.44202423095705","education","100.0","Asia","100.0"
"I41725924","Muroran Institute of Technology","Japan","JP","42.37916564941406","141.03334045410156","education","100.0","Asia","100.0"
"I31761138","ISRIC - World Soil Information","Netherlands","NL","51.970001220703125","5.666669845581055","other","100.0","Europe","100.0"
"I4210137409","National Hospital Organization","Japan","JP","35.68949890136719","139.69171142578125","government","100.0","Asia","100.0"
"I881766915","Nanjing University","China","CN","32.061668395996094","118.77777862548828","education","100.0","Asia","100.0"
"I4210146357","Oxford BioMedica (United Kingdom)","United Kingdom","GB","51.72745132446289","-1.192566990852356","company","3.0","Europe","100.0"
"I4210122016","Wellcome / EPSRC Centre for Interventional and Surgical Sciences","United Kingdom","GB","51.50852966308594","-0.1257400065660476","facility","100.0","Europe","100.0"
"I1335686170","Center for Devices and Radiological Health","United States","US","39.03522491455078","-76.98307037353516","healthcare","100.0","North America","100.0"
"I103187081","Smithsonian Institution","United States","US","38.895111083984375","-77.03636932373047","other","1.0","North America","100.0"
"I4210087778","Dascena (United States)","United States","US","37.80437469482422","-122.27081298828124","company","","North America","15.55"
"I4210130205","Seirei Sakura Citizen Hospital","Japan","JP","35.737510681152344","140.20028686523438","healthcare","","Asia","26.94"
"I1343052199","Kaiser Permanente","United States","US","37.80611038208008","-122.26466369628906","nonprofit","100.0","North America","100.0"
"I4210136150","L3S Research Center","Germany","DE","52.37052154541016","9.733220100402832","facility","100.0","Europe","100.0"
"I29606459","University of Mississippi Medical Center","United States","US","32.32963180541992","-90.19607543945312","healthcare","100.0","North America","100.0"
"I45438204","The University of Texas at San Antonio","United States","US","29.42411994934082","-98.4936294555664","education","100.0","North America","100.0"
"I124618812","Mathematics Research Center","Mexico","MX","21.018579483032227","-101.25910186767578","facility","100.0","North America","100.0"
"I110360157","Lovely Professional University","India","IN","31.224519729614254","75.77387237548828","education","100.0","Asia","100.0"
"I4391012607","Division of Cancer Epidemiology and Genetics","","","38.98067092895508","-77.10025787353516","facility","100.0","","100.0"
"I51195161","École de management de Lyon","France","FR","45.77436828613281","4.777579784393311","education","100.0","Europe","100.0"
"I1282516798","Atrium Health Wake Forest Baptist","United States","US","36.09986114501953","-80.24421691894531","healthcare","100.0","North America","100.0"
"I76766440","University of San Francisco","United States","US","37.77492904663086","-122.41941833496094","education","100.0","North America","100.0"
"I2802194831","Samsung Medical Center","South Korea","KR","37.48821258544922","127.08558654785156","healthcare","100.0","Asia","100.0"
"I142078773","Shenyang Institute of Automation","China","CN","41.79222106933594","123.43277740478516","facility","100.0","Asia","100.0"
"I204337017","Aarhus University","Denmark","DK","56.15673828125","10.210760116577148","education","100.0","Europe","100.0"
"I2800139495","Science for Life Laboratory","Sweden","SE","59.32938003540039","18.06871032714844","facility","100.0","Europe","100.0"
"I2802542264","University Hospital of Basel","Switzerland","CH","47.55839157104492","7.573269844055176","healthcare","100.0","Europe","100.0"
"I4853710","Siberian Federal University","Russia","RU","56.01839065551758","92.86717224121094","education","100.0","Europe","100.0"
"I3130618196","Obong University","Nigeria","NG","4.94584321975708","7.567039012908935","education","","Africa","31.01"
"I87354575","National Chengchi University","Taiwan","TW","25.047760009765625","121.53185272216795","education","100.0","Asia","100.0"
"I62800249","Xingtai University","China","CN","37.08680725097656","114.50772857666016","education","100.0","Asia","100.0"
"I4210118730","Instituto Tecnológico de Tijuana","Mexico","MX","32.50270080566406","-117.0037078857422","education","100.0","North America","100.0"
"I55712492","Zhejiang University of Technology","China","CN","30.293649673461918","120.1614227294922","education","44.0","Asia","100.0"
"I118347220","NEC (Japan)","Japan","JP","35.68949890136719","139.69171142578125","company","100.0","Asia","100.0"
"I4210115097","Hospital Clínic de Barcelona","Spain","ES","41.388790130615234","2.158989906311035","healthcare","100.0","Europe","100.0"
"I152815399","Singapore University of Technology and Design","Singapore","SG","1.2896699905395508","103.85006713867188","education","100.0","Asia","100.0"
"I2800468613","Inova Fairfax Hospital","United States","US","38.85736083984375","-77.22847747802734","healthcare","100.0","North America","100.0"
"I166533956","Institute of Management Technology","India","IN","28.674335479736328","77.44873809814453","education","100.0","Asia","100.0"
"I169108374","University of the Basque Country","Spain","ES","43.32685852050781","-2.988840103149414","education","100.0","Europe","100.0"
"I4210146230","National Institute of Nutrition","Vietnam","VN","21.01473426818848","105.85902404785156","facility","","Asia","35.73"
"I63274643","FH Münster","Germany","DE","51.96236038208008","7.625710010528564","education","100.0","Europe","100.0"
"I13805885","Vaughn College of Aeronautics and Technology","United States","US","40.769039154052734","-73.88204956054688","education","100.0","North America","100.0"
"I193223587","University of Trento","Italy","IT","46.06787109375","11.12108039855957","education","100.0","Europe","100.0"
"I4387155657","Daqing Oilfield of CNPC","","","46.58332824707031","125.0","company","100.0","","100.0"
"I194028371","University of Regina","Canada","CA","50.45008087158203","-104.6177978515625","education","100.0","North America","100.0"
"I166928557","University of Monastir","Tunisia","TN","35.77798843383789","10.826169967651367","education","100.0","Africa","100.0"
"I4210151987","Ministry of Agriculture and Rural Affairs","China","CN","39.907501220703125","116.39723205566406","other","100.0","Asia","100.0"
"I4210119257","University of Information Technology and Communications","Iraq","IQ","33.340579986572266","44.40087890625","education","","Asia","58.76"
"I4210153856","Second Xiangya Hospital of Central South University","China","CN","28.186622619628903","112.9898452758789","healthcare","100.0","Asia","100.0"
"I4210090411","DeepMind (United Kingdom)","United Kingdom","GB","51.50852966308594","-0.1257400065660476","company","100.0","Europe","100.0"
"I2801138448","The Royal Free Hospital","United Kingdom","GB","51.50852966308594","-0.1257400065660476","healthcare","100.0","Europe","100.0"
"I71422933","Sheffield Hallam University","United Kingdom","GB","53.37860107421875","-1.4656330347061155","education","100.0","Europe","100.0"
"I107575416","University of Aleppo","Syria","SY","36.20124053955078","37.161170959472656","education","100.0","Asia","100.0"
"I4210133851","Aichi Cancer Center","Japan","JP","35.18146896362305","136.90640258789062","healthcare","100.0","Asia","100.0"
"I4210108409","Joint Center for Quantum Information and Computer Science","United States","US","38.99104690551758","-76.94235229492188","facility","37.0","North America","78.91"
"I4210133436","Beijing Institute of Nanoenergy and Nanosystems","China","CN","39.99115753173828","116.33942413330078","facility","100.0","Asia","100.0"
"I26072440","Indian Institute of Information Technology Allahabad","India","IN","25.444780349731445","81.84322357177734","education","100.0","Asia","100.0"
"I2800296662","Saint John Regional Hospital","Canada","CA","45.301719665527344","-66.08464813232422","healthcare","100.0","North America","100.0"
"I124246371","York St John University","United Kingdom","GB","53.9576301574707","-1.082710027694702","education","100.0","Europe","100.0"
"I59805279","Islamic University of Technology","Bangladesh","BD","23.947555541992188","90.37980651855467","education","100.0","Asia","100.0"
"I106969075","Idaho State University","United States","US","42.87129974365234","-112.4455337524414","education","100.0","North America","100.0"
"I4210142445","SA Technologies (United States)","United States","US","34.04081726074219","-84.47667694091797","company","","North America","56.83"
"I1318643470","Union Hospital","China","CN","22.36068153381348","114.17512512207033","healthcare","100.0","Asia","100.0"
"I2801347850","Central Building Research Institute","India","IN","29.865278244018555","77.90333557128906","facility","100.0","Asia","100.0"
"I177738480","Japan Advanced Institute of Science and Technology","Japan","JP","36.43592834472656","136.5445556640625","education","100.0","Asia","100.0"
"I4210153667","International Maize and Wheat Improvement Center","Kenya","KE","-1.283329963684082","36.81666946411133","nonprofit","319.0","Africa","91.01"
"I2802422659","Ragon Institute of MGH, MIT and Harvard","United States","US","42.375099182128906","-71.1056137084961","healthcare","1.0","North America","100.0"
"I143318147","University of Maragheh","Iran","IR","37.39205932617188","46.23908996582031","education","100.0","Asia","100.0"
"I4210165179","International Electronic Machines (United States)","United States","US","42.75151443481445","-73.6814956665039","company","","North America","5.75"
"I177671886","Mercu Buana University","Indonesia","ID","-6.209211826324463","106.73844909667967","education","100.0","Asia","100.0"
"I153374732","Liaoning Normal University","China","CN","38.9122200012207","121.60221862792967","education","100.0","Asia","100.0"
"I894293524","University of Chittagong","Bangladesh","BD","22.33839988708496","91.83168029785156","education","100.0","Asia","100.0"
"I28290843","University of Surrey","United Kingdom","GB","51.23535919189453","-0.5742700099945068","education","100.0","Europe","100.0"
"I27781120","Wenzhou Medical University","China","CN","27.999420166015625","120.66681671142578","education","100.0","Asia","100.0"
"I4210120645","NIHR Nottingham Digestive Diseases Biomedical Research Unit","United Kingdom","GB","52.94409942626953","-1.186182975769043","government","100.0","Europe","100.0"
"I110092051","Brigham Young University–Hawaii","United States","US","21.64301872253418","-157.92544555664062","education","","North America","47.2"
"I4210147267","Ronin Institute","United States","US","40.8419075012207","-74.19795989990234","nonprofit","166.0","North America","96.67"
"I4210137931","Almac (United Kingdom)","United Kingdom","GB","54.44709014892578","-6.38700008392334","company","","Europe","37.9"
"I3131721959","Bangkokthonburi University","Thailand","TH","13.753979682922363","100.5014419555664","education","","Asia","38.37"
"I4210142005","University of Karbala","Iraq","IQ","32.61603164672852","44.024879455566406","education","100.0","Asia","100.0"
"I215315750","Roseman University of Health Sciences","United States","US","36.07321548461914","-115.06473541259766","education","","North America","68.52"
"I877107187","University of Roehampton","United Kingdom","GB","51.45814514160156","-0.2433730065822601","education","100.0","Europe","100.0"
"I115566878","Shahid Bahonar University of Kerman","Iran","IR","30.252538681030277","57.10932540893555","education","100.0","Asia","100.0"
"I4210135349","Shanghai Institute of Optics and Fine Mechanics","China","CN","31.22221946716309","121.45806121826172","facility","100.0","Asia","100.0"
"I58048189","Shahid Beheshti University of Medical Sciences","Iran","IR","35.69438934326172","51.4215087890625","education","100.0","Asia","100.0"
"I4210095266","Mount Sinai Medical Center","United States","US","25.7906494140625","-80.13005065917969","healthcare","100.0","North America","100.0"
"I82880672","Beihang University","China","CN","39.907501220703125","116.39723205566406","education","100.0","Asia","100.0"
"I4210122261","Swiss Data Science Center","Switzerland","CH","47.37936782836914","8.547945976257324","education","674.0","Europe","79.72"
"I59502557","Korea Air Force Academy","South Korea","KR","36.62922668457031","127.49716186523438","government","","Asia","52.44"
"I63634437","Universidad Autónoma de Madrid","Spain","ES","40.416500091552734","-3.702559947967529","education","100.0","Europe","100.0"
"I4210166736","Impact Technology Development (United States)","United States","US","42.53954315185547","-71.62197875976562","company","100.0","North America","100.0"
"I4210097978","Institute of Plant Protection","China","CN","39.907501220703125","116.39723205566406","facility","100.0","Asia","100.0"
"I1313142568","Florida Museum of Natural History","United States","US","29.651630401611328","-82.3248291015625","archive","100.0","North America","100.0"
"I39268498","University of Isfahan","Iran","IR","32.65245819091797","51.67462158203125","education","100.0","Asia","100.0"
"I4210125843","University Hospital Leipzig","Germany","DE","51.33082962036133","12.385819435119627","healthcare","100.0","Europe","100.0"
"I4210160761","Los Alamitos Medical Center","United States","US","33.804481506347656","-118.06707000732422","healthcare","1.0","North America","20.6"
"I29078338","Istituto Nazionale di Geofisica e Vulcanologia","Italy","IT","41.89192962646485","12.511329650878906","facility","100.0","Europe","100.0"
"I4210085904","Adventist University of Plata","Argentina","AR","-31.732709884643555","-60.52896881103516","education","","South America","39.81"
"I4210117172","Craig Newmark Graduate School of Journalism at the City University of New York","United States","US","40.75522994995117","-73.98883056640625","education","","North America","23.15"
"I4210110240","Max Planck Institute for the Science of Light","Germany","DE","49.57666778564453","11.005556106567385","facility","100.0","Europe","100.0"
"I4210133131","Chinese Academy of Meteorological Sciences","China","CN","39.907501220703125","116.39723205566406","facility","100.0","Asia","100.0"
"I4210100682","Città di Castello Hospital","Italy","IT","43.47411346435547","12.25347900390625","healthcare","","Europe","28.28"
"I4210132426","Shanghai Fudan Microelectronics (China)","China","CN","31.28917121887207","121.5060577392578","company","100.0","Asia","100.0"
"I4210120234","Zhongnan Hospital of Wuhan University","China","CN","30.583330154418945","114.26667022705078","healthcare","100.0","Asia","100.0"
"I4210160367","University Psychiatric Hospital","Slovenia","SI","46.05328750610352","14.570215225219728","healthcare","100.0","Europe","100.0"
"I92446798","Colorado State University","United States","US","40.58525848388672","-105.08441925048828","education","100.0","North America","100.0"
"I4210088741","Clinical Research Institute","United States","US","45.010929107666016","-93.4542465209961","facility","100.0","North America","100.0"
"I4210134882","Kyung Hee University Dental Hospital","South Korea","KR","37.59619903564453","127.05254364013672","healthcare","100.0","Asia","100.0"
"I161057412","University of New Hampshire","United States","US","43.13396835327149","-70.92645263671875","education","100.0","North America","100.0"
"I80947539","Fuzhou University","China","CN","26.061389923095703","119.3061065673828","education","100.0","Asia","100.0"
"I2802086085","Glostrup Hospital","Denmark","DK","55.66999816894531","12.389166831970217","healthcare","100.0","Europe","100.0"
"I2802165891","RCVS Knowledge","United Kingdom","GB","51.49495697021485","-0.1279069930315017","nonprofit","","Europe","19.64"
"I4210167101","Clinical Nutrition Research Centre","Singapore","SG","1.2896699905395508","103.85006713867188","facility","428.0","Asia","87.39"
"I721619","Benemérita Universidad Autónoma de Puebla","Mexico","MX","19.03792953491211","-98.20346069335938","education","100.0","North America","100.0"
"I142204992","University of Lahore","Pakistan","PK","31.46074867248535","74.2436294555664","education","100.0","Asia","100.0"
"I303593345","Chaudhary Charan Singh University","India","IN","28.96999931335449","77.74150085449219","education","100.0","Asia","100.0"
"I41073452","Management Center Innsbruck","Austria","AT","47.26266098022461","11.394539833068848","education","100.0","Europe","100.0"
"I11000651","Jatiya Kabi Kazi Nazrul Islam University","Bangladesh","BD","24.58293342590332","90.37466430664062","education","","Asia","56.38"
"I169521973","University of New Mexico","United States","US","35.08449172973633","-106.65113830566406","education","100.0","North America","100.0"
"I1306266525","Goddard Space Flight Center","United States","US","39.00455093383789","-76.87552642822266","facility","100.0","North America","100.0"
"I4210109338","University of Tokyo Hospital","Japan","JP","35.68949890136719","139.69171142578125","healthcare","29.0","Asia","100.0"
"I67868205","VNU University of Science","Vietnam","VN","21.02449989318848","105.84117126464844","education","100.0","Asia","100.0"
"I4210147332","Beijing YouAn Hospital","China","CN","39.86726379394531","116.35578155517578","healthcare","100.0","Asia","100.0"
"I130186095","Sacred Heart University","United States","US","41.14120864868164","-73.26373291015625","education","100.0","North America","100.0"
"I29816883","Centre for International Governance Innovation","Canada","CA","43.46680068969727","-80.51638793945312","nonprofit","","North America","51.07"
"I4210165038","University of Chinese Academy of Sciences","China","CN","39.907501220703125","116.39723205566406","education","100.0","Asia","100.0"
"I153921779","Philadelphia University","Jordan","JO","31.955219268798828","35.945030212402344","education","100.0","Asia","100.0"
"I163151501","Hangzhou Normal University","China","CN","30.293649673461918","120.1614227294922","education","100.0","Asia","100.0"
"I135140700","University of Bonn","Germany","DE","50.73437881469727","7.095489978790283","education","100.0","Europe","100.0"
"I127670440","Bahauddin Zakariya University","Pakistan","PK","30.19679069519043","71.47824096679688","education","100.0","Asia","100.0"
"I4210158432","National Institute for Mathematical Sciences","South Korea","KR","36.40160369873047","127.3992691040039","education","100.0","Asia","100.0"
"I185571130","Al-Farabi Kazakh National University","Kazakhstan","KZ","43.25","76.91667175292969","education","100.0","Asia","100.0"
"I189957204","University of South Dakota","United States","US","42.779441833496094","-96.92920684814452","education","100.0","North America","100.0"
"I4210094487","Intel (Germany)","Germany","DE","48.1510009765625","11.725699424743652","company","217.0","Europe","94.42"
"I4210146472","Ospedale Policlinico San Martino","Italy","IT","44.41009521484375","8.972800254821777","healthcare","100.0","Europe","100.0"
"I4210155611","Ministry of Water Resources of the People's Republic of China","China","CN","39.907501220703125","116.39723205566406","government","100.0","Asia","100.0"
"I2799886695","Veterans Health Administration","United States","US","38.90072250366211","-77.03477478027344","government","100.0","North America","100.0"
"I71578702","University of Portland","United States","US","45.5234489440918","-122.67620849609376","education","100.0","North America","100.0"
"I4210125326","Public Health Ontario","Canada","CA","43.66012954711914","-79.3899154663086","healthcare","100.0","North America","100.0"
"I131740757","Texas A&M International University","United States","US","27.506410598754883","-99.50753784179688","education","100.0","North America","100.0"
"I230091363","German Jordanian University","Jordan","JO","31.777019500732425","35.80234146118164","education","100.0","Asia","100.0"
"I4210111590","Chinese Academy of Medical Sciences Dermatology Hospital","China","CN","32.08023834228516","118.82748413085938","healthcare","100.0","Asia","100.0"
"I4210107562","Semyung University","South Korea","KR","37.1361083984375","128.21194458007812","education","100.0","Asia","100.0"
"I189998669","Holy Spirit University of Kaslik","Lebanon","LB","33.89331817626953","35.50157165527344","education","100.0","Asia","100.0"
"I4391012539","Thu Dau Mot University","","","10.98040008544922","106.6519012451172","education","100.0","","100.0"
"I4210128140","Guangdong University of Petrochemical Technology","China","CN","21.676591873168945","110.92298889160156","education","100.0","Asia","100.0"
"I100445878","École Centrale de Nantes","France","FR","47.21725082397461","-1.5533599853515625","education","100.0","Europe","100.0"
"I134359838","Alfaisal University","Saudi Arabia","SA","24.68773078918457","46.72185134887695","education","100.0","Asia","100.0"
"I4210087357","Ospedale Maggiore","Italy","IT","45.6495475769043","13.78172492980957","healthcare","100.0","Europe","100.0"
"I4210115931","Samsun University","Turkey","TR","41.27975845336914","36.33610153198242","education","100.0","Asia","100.0"
"I204465549","Washington University in St. Louis","United States","US","38.62726974487305","-90.19789123535156","education","100.0","North America","100.0"
"I4210104733","Jiangsu Vocational Institute of Commerce","China","CN","32.01971435546875","118.81151580810548","other","","Asia","65.85"
"I4210155461","Connecticut Mental Health Center","United States","US","41.30548477172852","-72.93694305419922","healthcare","100.0","North America","100.0"
"I1319824754","Wested","United States","US","37.78223419189453","-122.3982925415039","nonprofit","","North America","62.85"
"I196622127","Rajiv Gandhi Technical University","India","IN","23.310619354248047","77.36274719238281","education","100.0","Asia","100.0"
"I48380244","University of Charleston","United States","US","38.332916259765625","-81.61652374267578","education","100.0","North America","100.0"
"I186335123","East Carolina University","United States","US","35.6126594543457","-77.36634826660156","education","100.0","North America","100.0"
"I149672521","Federation University","Australia","AU","-37.566219329833984","143.8495635986328","education","100.0","Oceania","100.0"
"I43663321","Hindustan Institute of Technology and Science","India","IN","13.08784008026123","80.27847290039062","education","100.0","Asia","100.0"
"I4387154151","Universidade Internacional do Cuanza","","","-12.5","17.0","education","","","9.63"
"I54108979","Norwegian University of Life Sciences","Norway","NO","59.66471862792969","10.794650077819824","education","100.0","Europe","100.0"
"I2800580492","Shatt Al-Arab University College","Iraq","IQ","30.508520126342773","47.780399322509766","education","","Asia","8.83"
"I4210153640","DCS Computing (Austria)","Austria","AT","48.31351852416992","14.312949180603027","company","","Europe","5.03"
"I181877577","Shanxi University","China","CN","37.86943817138672","112.5602798461914","education","100.0","Asia","100.0"
"I4210148356","GGD Amsterdam","Netherlands","NL","52.36248397827149","4.908761501312256","healthcare","100.0","Europe","100.0"
"I4401726805","Megvii (China)","China","CN","39.907501220703125","116.39723205566406","company","100.0","Asia","100.0"
"I31847773","Zhejiang Ocean University","China","CN","29.988689422607425","122.2048797607422","education","100.0","Asia","100.0"
"I4210098291","Homerton University Hospital","United Kingdom","GB","51.550411224365234","-0.048310000449419","healthcare","100.0","Europe","100.0"
"I3020100970","Chang Gung Memorial Hospital","Taiwan","TW","25.03203010559082","121.36634826660156","healthcare","100.0","Asia","100.0"
"I141568987","Hong Kong Baptist University","Hong Kong","HK","22.2783203125","114.17469024658205","education","100.0","Asia","100.0"
"I71503853","University of Algarve","Portugal","PT","37.0186882019043","-7.927159786224365","education","100.0","Europe","100.0"
"I4210166615","INESC TEC","Portugal","PT","41.14960861206055","-8.610989570617676","nonprofit","100.0","Europe","100.0"
"I4210119088","Laboratoire de Réactivité et Chimie des Solides","France","FR","49.900001525878906","2.299999952316284","facility","100.0","Europe","100.0"
"I4210127373","Highland Community College - Illinois","United States","US","42.28184127807617","-89.66837310791016","education","100.0","North America","100.0"
"I4210095683","Jinzhong University","China","CN","26.37594985961914","103.30638885498048","education","100.0","Asia","100.0"
"I149218525","Ankara University","Turkey","TR","39.91986846923828","32.854270935058594","education","100.0","Asia","100.0"
"I124055696","University of Copenhagen","Denmark","DK","55.67594146728516","12.565529823303224","education","100.0","Europe","100.0"
"I4210091512","Institute of Applied Science and Intelligent Systems","Italy","IT","40.84565734863281","14.092658996582031","facility","100.0","Europe","100.0"
"I4210148032","Collaborations Pharmaceuticals (United States)","United States","US","35.7752571105957","-78.67723846435547","company","","North America","31.94"
"I150117356","Kaiser Permanente Washington Health Research Institute","United States","US","47.60620880126953","-122.33206939697266","healthcare","100.0","North America","100.0"
"I4210167111","GfK (Germany)","Germany","DE","49.46508026123047","11.053049087524414","company","","Europe","69.74"
"I4210112860","Senckenberg Biodiversity and Climate Research Centre","Germany","DE","50.11552047729492","8.68416976928711","facility","100.0","Europe","100.0"
"I95674353","UCLouvain","Belgium","BE","50.66828918457031","4.614429950714111","education","9.0","Europe","100.0"
"I4210141689","Yancheng Teachers University","China","CN","33.37752151489258","120.20592498779295","education","100.0","Asia","100.0"
"I4210118550","DNV (United Kingdom)","United Kingdom","GB","55.86515045166016","-4.257629871368408","company","","Europe","11.82"
"I133868755","Shanghai Medical College of Fudan University","China","CN","31.22221946716309","121.45806121826172","education","50.0","Asia","100.0"
"I4210155932","Changhong (China)","China","CN","31.46330070495605","104.69699096679688","company","","Asia","37.46"
"I2801134892","Novo Nordisk Foundation","Denmark","DK","55.67594146728516","12.565529823303224","facility","100.0","Europe","100.0"
"I4210150049","CEA LETI","France","FR","45.19596481323242","5.704452037811279","government","100.0","Europe","100.0"
"I4210091437","Sorbonne Paris Cité","France","FR","48.85340881347656","2.34879994392395","other","100.0","Europe","100.0"
"I128277893","Bahçeşehir University","Turkey","TR","41.01383972167969","28.94965934753418","education","100.0","Asia","100.0"
"I4210166566","Preferred Networks (Japan)","Japan","JP","35.6862907409668","139.7657470703125","company","","Asia","48.73"
"I1334819555","Memorial Sloan Kettering Cancer Center","United States","US","40.71427154541016","-74.00596618652344","healthcare","100.0","North America","100.0"
"I132359460","University of Burdwan","India","IN","23.2395076751709","87.85120391845703","education","100.0","Asia","100.0"
"I179060312","Northeast Electric Power University","China","CN","43.850830078125","126.5602798461914","education","100.0","Asia","100.0"
"I4210152526","Guangdong Provincial Center for Disease Control and Prevention","China","CN","23.095102310180664","113.30660247802734","government","100.0","Asia","100.0"
"I4210097554","Center for Excellence in Brain Science and Intelligence Technology","China","CN","31.22221946716309","121.45806121826172","education","100.0","Asia","100.0"
"I4210106953","Uijeongbu St. Mary's Hospital","South Korea","KR","37.758602142333984","127.07771301269533","healthcare","100.0","Asia","100.0"
"I181369854","Friedrich-Alexander-Universität Erlangen-Nürnberg","Germany","DE","49.59098815917969","11.007829666137695","education","100.0","Europe","100.0"
"I4210130908","Archimedia (Greece)","Greece","GR","37.985782623291016","23.720378875732425","company","","Europe","0.74"
"I65446980","National Chin-Yi University of Technology","Taiwan","TW","24.144750595092773","120.7302474975586","education","100.0","Asia","100.0"
"I167576493","Colorado School of Mines","United States","US","39.75553894042969","-105.22109985351562","education","100.0","North America","100.0"
"I4210153519","First Affiliated Hospital of Soochow University","China","CN","31.30355834960937","120.63497161865234","healthcare","100.0","Asia","100.0"
"I61474668","ARUP Laboratories (United States)","United States","US","40.760780334472656","-111.89105224609376","company","100.0","North America","100.0"
"I133270356","Tianjin University of Technology and Education","China","CN","39.14221954345703","117.17666625976562","education","100.0","Asia","100.0"
"I1322124587","Booz Allen Hamilton (United States)","United States","US","38.91872024536133","-77.23108673095703","company","100.0","North America","100.0"
"I4210160841","Hubei Cancer Hospital","China","CN","30.50175666809082","114.36585998535156","healthcare","100.0","Asia","100.0"
"I205133468","Airlangga University","Indonesia","ID","-7.270593166351318","112.75843811035156","education","100.0","Asia","100.0"
"I126350171","Fairfield University","United States","US","41.14120864868164","-73.26373291015625","education","100.0","North America","100.0"
"I201448701","University of Washington","United States","US","47.60620880126953","-122.33206939697266","education","75.0","North America","100.0"
"I1284598098","King Abdulaziz City for Science and Technology","Saudi Arabia","SA","24.68773078918457","46.72185134887695","facility","100.0","Asia","100.0"
"I4210161862","Stichting Epilepsie Instellingen Nederland","Netherlands","NL","52.34562301635742","4.620713233947754","healthcare","100.0","Europe","100.0"
"I14334203","Penn Presbyterian Medical Center","United States","US","39.95833206176758","-75.19916534423828","healthcare","100.0","North America","100.0"
"I4210167153","Biotechnology Research Institute","China","CN","39.91537857055664","116.4084014892578","facility","100.0","Asia","100.0"
"I2801272649","Ronald Reagan UCLA Medical Center","United States","US","34.06638717651367","-118.44611358642578","healthcare","9.0","North America","100.0"
"I113825674","Handong Global University","South Korea","KR","36.02917098999024","129.36480712890625","education","100.0","Asia","100.0"
"I4210142393","Abbott Fund","United States","US","41.85002899169922","-87.6500473022461","nonprofit","100.0","North America","100.0"
"I86211378","University of the Arts London","United Kingdom","GB","51.51777648925781","-0.1163889989256858","education","100.0","Europe","100.0"
"I136040515","Universidad de Deusto","Spain","ES","43.26271057128906","-2.9252800941467285","education","100.0","Europe","100.0"
"I4210112812","National Supercomputing Center in Shenzhen","China","CN","22.599313735961918","113.98446655273438","facility","","Asia","47.93"
"I4401726785","Microsoft Research New York City (United States)","United States","US","40.71427154541016","-74.00596618652344","company","","North America","36.54"
"I114794399","Suez Canal University","Egypt","EG","30.622777938842773","32.275001525878906","education","100.0","Africa","100.0"
"I205746353","University of Dhaka","Bangladesh","BD","23.710399627685547","90.40744018554688","education","100.0","Asia","100.0"
"I141641110","Shivaji University","India","IN","16.695629119873047","74.2316665649414","education","100.0","Asia","100.0"
"I74801974","The University of Tokyo","Japan","JP","35.68949890136719","139.69171142578125","education","29.0","Asia","100.0"
"I4210133394","Philadelphia VA Medical Center","United States","US","39.9479866027832","-75.20004272460938","healthcare","100.0","North America","100.0"
"I2802911879","Merced College","United States","US","37.33476638793945","-120.4767608642578","education","","North America","11.84"
"I4210159676","Zaozhuang University","China","CN","34.86471939086914","117.55416870117188","education","100.0","Asia","100.0"
"I12912129","Northeastern University","United States","US","42.358428955078125","-71.05976867675781","education","100.0","North America","100.0"
"I4210151801","Groupe Hospitalier de la Région de Mulhouse et Sud Alsace","France","FR","47.73859405517578","7.338676929473877","healthcare","","Europe","35.16"
"I100188998","Harbin University of Science and Technology","China","CN","45.75","126.6500015258789","education","100.0","Asia","100.0"
"I1303444417","Bill & Melinda Gates Foundation","United States","US","47.62361145019531","-122.3455581665039","other","100.0","North America","100.0"
"I4401041618","Imam Ja’afar Al-Sadiq University","","","33.340579986572266","44.40087890625","education","","","66.33"
"I28006308","Shandong Normal University","China","CN","36.66833114624024","116.99722290039062","education","100.0","Asia","100.0"
"I143002897","Université de Toulon","France","FR","43.12467956542969","6.0103302001953125","education","100.0","Europe","100.0"
"I4210165094","Great Minds in STEM (United States)","United States","US","34.0551872253418","-118.14749908447266","company","","North America","6.02"
"I137407579","Université Oran 1 Ahmed Ben Bella","Algeria","DZ","35.699058532714844","-0.6358799934387207","education","100.0","Africa","100.0"
"I96009557","Ebonyi State University","Nigeria","NG","6.324850082397461","8.113679885864258","education","100.0","Africa","100.0"
"I4210151286","National Maritime Foundation","India","IN","28.57366943359375","77.14054870605469","nonprofit","","Asia","6.35"
"I4210096398","Fraunhofer Institute for Production Technology IPT","Germany","DE","50.776641845703125","6.083419799804688","facility","100.0","Europe","100.0"
"I4210160105","Baker Hughes (United Kingdom)","United Kingdom","GB","51.4956283569336","-0.2753730118274688","company","","Europe","10.1"
"I181414168","Texas A&M University – Kingsville","United States","US","27.515869140625","-97.85610961914062","education","100.0","North America","100.0"
"I4210127387","Siberian Branch of the Russian Academy of Sciences","Russia","RU","55.041500091552734","82.93460083007812","other","100.0","Europe","100.0"
"I4210124474","Swanson Center","United States","US","38.92085266113281","-94.64747619628906","healthcare","","North America","52.9"
"I4210115398","Instituto da Visão","Brazil","BR","-19.925880432128903","-43.928707122802734","healthcare","100.0","South America","100.0"
"I4210160618","Huawei Technologies (United Kingdom)","United Kingdom","GB","51.24959182739258","-1.0910240411758425","company","100.0","Europe","100.0"
"I1296788130","University Malaya Medical Centre","Malaysia","MY","3.113411903381348","101.65262603759766","healthcare","100.0","Asia","100.0"
"I184461854","University of Winchester","United Kingdom","GB","51.065128326416016","-1.3186999559402466","education","100.0","Europe","100.0"
"I4210133661","La Jolla Bioengineering Institute","United States","US","32.84321212768555","-117.27915954589844","nonprofit","100.0","North America","100.0"
"I188973947","Novosibirsk State University","Russia","RU","55.041500091552734","82.93460083007812","education","100.0","Europe","100.0"
"I280199911","Bouygues (France)","France","FR","48.8760986328125","2.299520969390869","company","259.0","Europe","93.02"
"I111664937","Rzeszów University of Technology","Poland","PL","50.04132080078125","21.99901008605957","education","100.0","Europe","100.0"
"I79839403","University of Veterinary and Animal Sciences","Pakistan","PK","31.558000564575195","74.3507080078125","education","100.0","Asia","100.0"
"I4210154793","Agency for Integrated Care","Singapore","SG","1.279088020324707","103.8456802368164","other","","Asia","8.72"
"I4210101778","Samsung (United States)","United States","US","40.85704040527344","-74.02153015136719","company","100.0","North America","100.0"
"I204512498","University of Macau","MO","MO","22.200559616088867","113.54611206054688","education","100.0","Other","100.0"
"I73613424","National Institute of Advanced Industrial Science and Technology","Japan","JP","36.06024169921875","140.1331024169922","government","100.0","Asia","100.0"
"I59944920","Yaşar University","Turkey","TR","38.4127311706543","27.13838005065918","education","100.0","Asia","100.0"
"I4210092815","VIB-KU Leuven Center for Cancer Biology","Belgium","BE","50.87970733642578","4.669238090515137","facility","100.0","Europe","100.0"
"I99908691","Yuan Ze University","Taiwan","TW","24.96971893310547","121.26747131347656","education","100.0","Asia","100.0"
"I90727586","Zhejiang University of Finance and Economics","China","CN","30.293649673461918","120.1614227294922","education","44.0","Asia","100.0"
"I1296725772","University of Engineering & Management","India","IN","22.56262969970703","88.363037109375","education","100.0","Asia","100.0"
"I139025015","Pioneer (United States)","United States","US","33.84015274047852","-118.2354507446289","company","100.0","North America","100.0"
"I4210113643","The Federal Polytechnic, Ado-Ekiti","Nigeria","NG","7.623290061950684","5.220870018005371","education","100.0","Africa","100.0"
"I59475050","Jamia Millia Islamia","India","IN","28.62137031555176","77.21479797363281","education","100.0","Asia","100.0"
"I91136226","University of Sheffield","United Kingdom","GB","53.38296890258789","-1.46589994430542","education","100.0","Europe","100.0"
"I145894827","Indian Institute of Technology Kharagpur","India","IN","22.339710235595703","87.32501220703125","education","100.0","Asia","100.0"
"I56306041","Lebanese American University","Lebanon","LB","33.89277648925781","35.477779388427734","education","100.0","Asia","100.0"
"I152743029","Kaohsiung Medical University","Taiwan","TW","22.647520065307617","120.31043243408205","education","100.0","Asia","100.0"
"I62921916","Universidade Federal Rural de Pernambuco","Brazil","BR","-8.053890228271484","-34.88111114501953","education","100.0","South America","100.0"
"I110273157","Kookmin University","South Korea","KR","37.61138153076172","126.9972686767578","education","100.0","Asia","100.0"
"I4210087705","Hetman Petro Sahaidachnyi National Army Academy","Ukraine","UA","49.82465362548828","24.01743507385254","education","","Europe","40.48"
"I72264486","University of Tabuk","Saudi Arabia","SA","28.399799346923828","36.571510314941406","education","100.0","Asia","100.0"
"I206011266","Kwansei Gakuin University","Japan","JP","34.71561813354492","135.3319854736328","education","100.0","Asia","100.0"
"I1319328641","British Antarctic Survey","United Kingdom","GB","52.21296310424805","0.0798010006546974","government","100.0","Europe","100.0"
"I4210129850","Délégation Paris 6","France","FR","48.85340881347656","2.34879994392395","government","100.0","Europe","100.0"
"I111112146","Tallinn University of Technology","Estonia","EE","59.43695831298828","24.753530502319336","education","100.0","Europe","100.0"
"I1323121030","Bialystok University of Technology","Poland","PL","53.133331298828125","23.164329528808597","education","100.0","Europe","100.0"
"I4210142345","Pulmonary Associates","United States","US","33.569602966308594","-112.07261657714844","healthcare","100.0","North America","100.0"
"I4210161616","Maastro Clinic","Netherlands","NL","50.83629608154297","5.715083122253418","healthcare","100.0","Europe","100.0"
"I4575257","Hanyang University","South Korea","KR","37.55746841430664","127.0453109741211","education","100.0","Asia","100.0"
"I192398990","Zagazig University","Egypt","EG","30.58768081665039","31.50200080871582","education","100.0","Africa","100.0"
"I4210114709","Housing and Building National Research Center","Egypt","EG","30.03740882873535","31.20780563354492","facility","100.0","Africa","100.0"
"I61544103","London Business School","United Kingdom","GB","51.50852966308594","-0.1257400065660476","education","100.0","Europe","100.0"
"I4210116838","Shifa International Hospital","Pakistan","PK","33.72148132324219","73.04328918457031","healthcare","100.0","Asia","100.0"
"I4210121800","Chan Zuckerberg Initiative (United States)","United States","US","37.48522186279297","-122.2363510131836","company","100.0","North America","100.0"
"I4210138237","Epoch Biosciences (United States)","United States","US","47.8013916015625","-122.20193481445312","company","","North America","18.74"
"I4210136402","Tekniker","Spain","ES","43.19611358642578","-2.4516348838806152","nonprofit","322.0","Europe","90.91"
"I4210112595","Research Institute of Petroleum Exploration and Development","China","CN","39.907501220703125","116.39723205566406","facility","100.0","Asia","100.0"
"I154757721","University of Piraeus","Greece","GR","37.94203186035156","23.646190643310547","education","100.0","Europe","100.0"
"I19923696","Østfold University College","Norway","NO","59.124778747558594","11.387539863586426","education","100.0","Europe","100.0"
"I4210086801","Affiliated Hospital of Nantong University","China","CN","32.00990676879883","120.86478424072266","healthcare","100.0","Asia","100.0"
"I2802331550","Taipei Medical University Hospital","Taiwan","TW","25.047760009765625","121.53185272216795","healthcare","100.0","Asia","100.0"
"I3130244785","Adamas University","India","IN","22.56262969970703","88.363037109375","education","100.0","Asia","100.0"
"I124125349","Korea National Open University","South Korea","KR","37.56600189208984","126.97840118408205","education","803.0","Asia","75.79"
"I184565670","Georgetown University","United States","US","38.895111083984375","-77.03636932373047","education","100.0","North America","100.0"
"I63772739","Florida Atlantic University","United States","US","26.35869026184082","-80.08309936523438","education","100.0","North America","100.0"
"I155125381","Galgotias University","India","IN","28.49614906311035","77.5360107421875","education","100.0","Asia","100.0"
"I4210129579","National Engineering Laboratory of Deep Learning Technology and Application","China","CN","40.05107116699219","116.300537109375","facility","","Asia","15.34"
"I12323705","The Abdus Salam International Centre for Theoretical Physics (ICTP)","Italy","IT","45.64952850341797","13.776780128479004","facility","100.0","Europe","100.0"
"I55285296","UCSI University","Malaysia","MY","3.079246997833252","101.73255920410156","education","100.0","Asia","100.0"
"I4387154834","Institute of Comparative Law","","","44.80400848388672","20.46512985229492","government","","","28.03"
"I83860666","HEC Paris","France","FR","48.759090423583984","2.1696600914001465","education","100.0","Europe","100.0"
"I4210126996","Sejong Institute","South Korea","KR","37.417476654052734","127.0989761352539","nonprofit","","Asia","33.73"
"I162148367","Pontificia Universidad Católica de Chile","Chile","CL","-33.456939697265625","-70.64826965332031","education","100.0","South America","100.0"
"I146966710","Asian University for Women","Bangladesh","BD","22.359304428100582","91.8238296508789","education","","Asia","40.79"
"I4210164065","Université Hassan II Mohammedia","Morocco","MA","33.68606948852539","-7.382979869842529","education","100.0","Africa","100.0"
"I4401200352","Al-Farahidi University","","","33.340579986572266","44.40087890625","education","100.0","","100.0"
"I4654613","University of Warsaw","Poland","PL","52.22977066040039","21.01177978515625","education","100.0","Europe","100.0"
"I4210088511","Inner Mongolia Electric Power (China)","China","CN","40.8061408996582","111.67279052734376","company","100.0","Asia","100.0"
"I178450904","National University of Distance Education","Spain","ES","40.416500091552734","-3.702559947967529","education","100.0","Europe","100.0"
"I4210105054","Christian Doppler Laboratory for Thermoelectricity","Austria","AT","48.21318435668945","16.360050201416016","facility","100.0","Europe","100.0"
"I176453806","University of Potsdam","Germany","DE","52.39886093139648","13.06566047668457","education","100.0","Europe","100.0"
"I51301133","Azarbaijan Shahid Madani University","Iran","IR","38.08000183105469","46.291900634765625","education","100.0","Asia","100.0"
"I4210127074","Zhongshan Hospital","China","CN","31.20899200439453","121.42257690429688","healthcare","100.0","Asia","100.0"
"I4210125295","Jewish Community Center of Fort Lee","United States","US","40.84706115722656","-73.979248046875","other","","North America","9.38"
"I3124969661","Université des Sciences et de la Technologie d'Oran Mohamed Boudiaf","Algeria","DZ","35.70806884765625","-0.5791260004043579","education","100.0","Africa","100.0"
"I4210108071","Indian Institute of Integrative Medicine","India","IN","32.73370742797852","74.84869384765625","facility","100.0","Asia","100.0"
"I88273585","Universidade Federal de São Paulo","Brazil","BR","-23.54750061035156","-46.6361083984375","education","100.0","South America","100.0"
"I146840658","University of Azad Jammu and Kashmir","Pakistan","PK","34.37422180175781","73.469970703125","education","100.0","Asia","100.0"
"I52669646","Western Washington University","United States","US","48.75954818725586","-122.48822021484376","education","100.0","North America","100.0"
"I66867065","East China Normal University","China","CN","31.22221946716309","121.45806121826172","education","100.0","Asia","100.0"
"I130343225","Universiti Putra Malaysia","Malaysia","MY","3.033329963684082","101.71666717529295","education","100.0","Asia","100.0"
"I76198965","Friedrich Schiller University Jena","Germany","DE","50.92877960205078","11.589900016784668","education","100.0","Europe","100.0"
"I4210142455","National Library of Serbia","Serbia","RS","44.79762649536133","20.4674129486084","archive","","Europe","48.41"
"I4210089074","Coconut Research Institute","Sri Lanka","LK","7.354852199554443","79.87273406982422","facility","","Asia","23.48"
"I4210162943","NIHR Birmingham Biomedical Research Centre","United Kingdom","GB","52.48141860961914","-1.899829983711243","facility","100.0","Europe","100.0"
"I1288894424","Health Canada","Canada","CA","45.411170959472656","-75.6981201171875","other","100.0","North America","100.0"
"I59649739","Jiangxi University of Finance and Economics","China","CN","28.6839599609375","115.85305786132812","education","100.0","Asia","100.0"
"I160993911","Queensland University of Technology","Australia","AU","-27.46793937683105","153.02809143066406","education","100.0","Oceania","100.0"
"I226567900","Muhammadiyah University of Yogyakarta","Indonesia","ID","-7.801390171051025","110.3647232055664","education","100.0","Asia","100.0"
"I1280581677","Defense Advanced Research Projects Agency","United States","US","38.88336563110352","-77.10468292236328","government","100.0","North America","100.0"
"I1286329397","United States Geological Survey","United States","US","38.96871948242188","-77.34110260009766","other","100.0","North America","100.0"
"I4210133813","Health Economics and Outcomes Research (United Kingdom)","United Kingdom","GB","51.53995513916016","-3.1354870796203613","company","100.0","Europe","100.0"
"I94948490","B.S. Abdur Rahman Crescent Institute of Science & Technology","India","IN","13.08784008026123","80.27847290039062","education","100.0","Asia","100.0"
"I1288882113","Boston Children's Hospital","United States","US","42.358428955078125","-71.05976867675781","healthcare","100.0","North America","100.0"
"I4210127754","Ministry of Health","Saudi Arabia","SA","24.68773078918457","46.72185134887695","government","100.0","Asia","100.0"
"I4210097536","University of Guelma","Algeria","DZ","36.46213912963867","7.426080226898193","education","100.0","Africa","100.0"
"I4399598384","Kyoto University Institute for Chemical Research","","","35.02106857299805","135.75384521484375","facility","46.0","","100.0"
"I868599081","BTG International (United Kingdom)","United Kingdom","GB","51.50852966308594","-0.1257400065660476","company","","Europe","23.99"
"I4577782","Technische Universität Berlin","Germany","DE","52.52436828613281","13.410530090332031","education","100.0","Europe","100.0"
"I4210098366","Institute of Information Science, Academia Sinica","Taiwan","TW","25.04177474975586","121.61460876464844","facility","100.0","Asia","100.0"
"I1336742384","Children's National","United States","US","38.895111083984375","-77.03636932373047","healthcare","100.0","North America","100.0"
"I131944076","Lawson Health Research Institute","Canada","CA","43.00014114379883","-81.25430297851562","other","100.0","North America","100.0"
"I194019607","University of Ioannina","Greece","GR","39.66485977172852","20.851890563964844","education","100.0","Europe","100.0"
"I135551196","National Kaohsiung Normal University","Taiwan","TW","22.616260528564453","120.3133316040039","education","100.0","Asia","100.0"
"I75821886","University of South Florida St. Petersburg","United States","US","27.763193130493164","-82.63544464111328","education","100.0","North America","100.0"
"I4210140314","Bruker (Switzerland)","Switzerland","CH","47.37809753417969","8.643510818481445","company","","Europe","26.13"
"I4210152755","Fukujuji Hospital","Japan","JP","35.771690368652344","139.51202392578125","healthcare","959.0","Asia","71.09"
"I105208703","Almaty Management University","Kazakhstan","KZ","43.20724868774414","76.8932876586914","education","","Asia","30.9"
"I148099254","National Chung Cheng University","Taiwan","TW","23.556060791015625","120.43047332763672","education","100.0","Asia","100.0"
"I188730046","Vytautas Magnus University","Lithuania","LT","54.9027214050293","23.909610748291016","education","8.0","Europe","100.0"
"I143910747","TH Bingen University of Applied Sciences","Germany","DE","49.96675109863281","7.899199962615967","education","100.0","Europe","100.0"
"I4210148049","Giessen School of Theology","Germany","DE","50.57280349731445","8.69282054901123","education","100.0","Europe","100.0"
"I2801864671","Barcelona Biomedical Research Park","Spain","ES","41.388790130615234","2.158989906311035","facility","100.0","Europe","100.0"
"I178169726","Southern Methodist University","United States","US","32.783058166503906","-96.80667114257812","education","100.0","North America","100.0"
"I4210087739","Universitas Respati Yogyakarta","Indonesia","ID","-7.781620025634766","110.4071044921875","education","100.0","Asia","100.0"
"I4210165827","Skolkovo Foundation","Russia","RU","55.68783950805664","37.36835861206055","nonprofit","","Europe","59.89"
"I4210094671","Regional Centre for Biotechnology","India","IN","28.41123962402344","77.31316375732422","government","100.0","Asia","100.0"
"I1314135232","Nationwide Children's Hospital","United States","US","39.961181640625","-82.99878692626953","other","100.0","North America","100.0"
"I4210113798","Max Planck Institute for the Study of Societies","Germany","DE","50.93333053588867","6.949999809265137","facility","100.0","Europe","100.0"
"I1315708478","San Francisco VA Medical Center","United States","US","37.782470703125","-122.50423431396484","healthcare","100.0","North America","100.0"
"I4210125576","Lakes Environmental (Canada)","Canada","CA","43.5086669921875","-80.53889465332031","company","","North America","6.66"
"I4210142271","Wan Fang Hospital","Taiwan","TW","25.047760009765625","121.53185272216795","healthcare","100.0","Asia","100.0"
"I4396570487","Cyprus West University","","","35.1248893737793","33.941349029541016","education","","","2.72"
"I4210104904","Netaji Subhas Chandra Bose Cancer Research Institute","India","IN","22.55025863647461","88.35694122314453","healthcare","","Asia","18.06"
"I4210134505","Primary Health Care","Qatar","QA","25.288042068481445","51.54505920410156","government","100.0","Asia","100.0"
"I4210137990","WSB Merito University in Poznan","Poland","PL","52.40692138671875","16.929929733276367","education","858.0","Europe","74.14"
"I4210139646","Universitas Muhammadiyah Sumatera Utara","Indonesia","ID","3.614773988723755","98.6755142211914","education","100.0","Asia","100.0"
"I4210111607","InferVision (China)","China","CN","39.91620635986328","116.49151611328124","company","","Asia","36.03"
"I200650556","University of Agder","Norway","NO","58.14670944213867","7.99560022354126","education","100.0","Europe","100.0"
"I4210114158","Melentiev Energy Systems Institute","Russia","RU","52.24116516113281","104.27181243896484","facility","100.0","Europe","100.0"
"I4210101167","Institute of Oceanology","China","CN","36.06488037109375","120.3804168701172","facility","100.0","Asia","100.0"
"I4210107353","NEC (United States)","United States","US","32.897613525390625","-96.9727020263672","company","156.0","North America","97.16"
"I2802549117","TD Bank Group","Canada","CA","43.70011138916016","-79.41629791259766","other","","North America","21.59"
"I4210116569","Relay Therapeutics (United States)","United States","US","42.375099182128906","-71.1056137084961","company","","North America","22.58"
"I4210138900","State Key Laboratory of Oncogene and Related Genes","China","CN","31.22108459472656","121.43496704101562","facility","100.0","Asia","100.0"
"I4210103524","Guangdong Academy of Sciences","China","CN","23.116670608520508","113.25","government","100.0","Asia","100.0"
"I63072094","University of Portsmouth","United Kingdom","GB","50.79898834228516","-1.091249942779541","education","100.0","Europe","100.0"
"I43777268","Nagasaki University","Japan","JP","32.75","129.88333129882812","education","100.0","Asia","100.0"
"I4387153999","Flatiron Institute","","","40.71427154541016","-74.00596618652344","nonprofit","100.0","","100.0"
"I171241948","Moscow Power Engineering Institute","Russia","RU","55.752220153808594","37.61555862426758","education","100.0","Europe","100.0"
"I4210123377","AZ Sint-Jan","Belgium","BE","51.20891952514648","3.224240064620972","healthcare","100.0","Europe","100.0"
"I4210088955","Institut Català d'Investigació Química","Spain","ES","41.11666870117188","1.25","facility","100.0","Europe","100.0"
"I165075387","Trine University","United States","US","41.63476943969727","-84.9994125366211","education","","North America","37.68"
"I4387152203","Banner Alzheimer’s Institute","","","33.44837951660156","-112.07404327392578","facility","100.0","","100.0"
"I4210152422","Université Toulouse - Jean Jaurès","France","FR","43.6042594909668","1.4436700344085691","education","100.0","Europe","100.0"
"I129604602","University of Sydney","Australia","AU","-33.86785125732422","151.2073211669922","education","20.0","Oceania","100.0"
"I12449238","Université d'Orléans","France","FR","47.90288925170898","1.9038900136947632","education","100.0","Europe","100.0"
"I2799299286","Singapore National Eye Center","Singapore","SG","1.281075954437256","103.8361358642578","healthcare","100.0","Asia","100.0"
"I916065895","Debre Markos University","Ethiopia","ET","10.350000381469728","37.73332977294922","education","100.0","Africa","100.0"
"I119454577","Nanjing Agricultural University","China","CN","32.061668395996094","118.77777862548828","education","100.0","Asia","100.0"
"I135191193","University of Indianapolis","United States","US","39.76837921142578","-86.15804290771484","education","100.0","North America","100.0"
"I4210090220","Petroleum & Gas University of Ploieşti","Romania","RO","44.95000076293945","26.01667022705078","education","100.0","Europe","100.0"
"I112819271","Shaheed Benazir Bhutto Women University","Pakistan","PK","34.05629348754883","71.5671157836914","education","620.0","Asia","81.35"
"I4210144381","Institut de Recherches en Technologies et Sciences pour le Vivant","France","FR","45.19596099853516","5.704619884490967","government","100.0","Europe","100.0"
"I107672454","Dartmouth College","United States","US","43.70228958129883","-72.28954315185547","education","100.0","North America","100.0"
"I4210154310","The Royal Wolverhampton NHS Trust","United Kingdom","GB","52.59912872314453","-2.094857931137085","healthcare","100.0","Europe","100.0"
"I4210133623","Helmholtz-Institute Münster","Germany","DE","51.96854019165039","7.601620197296143","government","100.0","Europe","100.0"
"I4210139461","Laboratoire d'Informatique de l'École Polytechnique","France","FR","48.71828079223633","2.249799966812134","facility","100.0","Europe","100.0"
"I4210115038","Huawei Technologies (Canada)","Canada","CA","43.8516731262207","-79.36248779296875","company","100.0","North America","100.0"
"I4210118437","Instytut Technik Telekomunikacyjnych i Informatycznych (Poland)","Poland","PL","52.455474853515625","16.95401382446289","company","","Europe","11.75"
"I118722661","Kyungsung University","South Korea","KR","35.139835357666016","129.09828186035156","education","100.0","Asia","100.0"
"I4210165268","Korea Testing Laboratory","South Korea","KR","35.176849365234375","128.14573669433594","facility","","Asia","61.49"
"I1329807341","Serviço Nacional de Aprendizagem Industrial","Brazil","BR","-15.79111099243164","-47.87833404541016","nonprofit","100.0","South America","100.0"
"I114796046","Gurukul Kangri Vishwavidyalaya","India","IN","29.94791030883789","78.16024780273438","education","100.0","Asia","100.0"
"I169744251","Damanhour University","Egypt","EG","31.03818130493164","30.43316650390625","education","100.0","Africa","100.0"
"I200475212","The Graduate University for Advanced Studies, SOKENDAI","Japan","JP","35.26111602783203","139.6084442138672","education","100.0","Asia","100.0"
"I171481255","Shibaura Institute of Technology","Japan","JP","35.66188049316406","139.79519653320312","education","100.0","Asia","100.0"
"I4210127029","Institut de génétique et de développement de Rennes","France","FR","48.11198043823242","-1.6742899417877195","facility","100.0","Europe","100.0"
"I4400573198","Open Molecular Software Foundation","","","38.5449104309082","-121.74051666259766","nonprofit","","","18.84"
"I4210120602","Advanced Institute of Convergence Technology","South Korea","KR","37.29494094848633","127.04547119140624","facility","100.0","Asia","100.0"
"I1320320070","United States Food and Drug Administration","United States","US","39.0352783203125","-76.9830551147461","government","100.0","North America","100.0"
"I32706565","Soran University","Iraq","IQ","36.65557861328125","44.54217147827149","education","100.0","Asia","100.0"
"I4387155381","Sri Eshwar College of Engineering","","","11.005550384521484","76.96611785888672","education","100.0","","100.0"
"I4210125404","Institute of Theoretical Physics","China","CN","39.89571762084961","116.46057891845705","facility","100.0","Asia","100.0"
"I2799300731","Norwich Research Park","United Kingdom","GB","52.62389373779297","1.22394597530365","archive","100.0","Europe","100.0"
"I4390039289","Centro de Investigação em Biodiversidade e Recursos Genéticos","","","41.14960861206055","-8.610989570617676","facility","171.0","","96.45"
"I185298739","Norsk Hydro (Germany)","Germany","DE","51.07499694824219","6.62347412109375","company","100.0","Europe","100.0"
"I1291425158","Google (United States)","United States","US","37.42295455932617","-122.08406066894533","company","100.0","North America","100.0"
"I4210130706","Box (United States)","United States","US","37.4994010925293","-122.2163314819336","company","","North America","53.33"
"I4210092322","Centre de Recherche des Cordeliers","France","FR","48.85340881347656","2.34879994392395","facility","100.0","Europe","100.0"
"I127908078","Shahrekord University","Iran","IR","32.3555908203125","50.827674865722656","education","100.0","Asia","100.0"
"I4210159790","Institute of Earth Environment","China","CN","34.258331298828125","108.9286117553711","facility","100.0","Asia","100.0"
"I35906937","University of Misan","Iraq","IQ","31.815948486328125","47.17390823364258","education","259.0","Asia","93.0"
"I4210158657","Seoul National University Dental Hospital","South Korea","KR","37.5779914855957","126.99954986572266","healthcare","41.0","Asia","100.0"
"I1300757298","Heilongjiang University of Science and Technology","China","CN","45.75","126.6500015258789","education","100.0","Asia","100.0"
"I153901656","University of North Carolina Wilmington","United States","US","34.22698211669922","-77.86325073242188","education","100.0","North America","100.0"
"I153267046","University of Kaiserslautern","Germany","DE","49.44300079345703","7.771609783172607","education","100.0","Europe","100.0"
"I4210138704","Centre de Recherche en Acquisition et Traitement de l'Image pour la Santé","France","FR","45.76601028442383","4.879499912261963","facility","100.0","Europe","100.0"
"I192365124","Sri Lanka Institute of Information Technology","Sri Lanka","LK","6.935480117797852","79.84867858886719","education","100.0","Asia","100.0"
"I21642278","Ningxia University","China","CN","38.46805953979492","106.27306365966795","education","100.0","Asia","100.0"
"I72427458","JDSU (United States)","United States","US","37.42826843261719","-121.9066162109375","company","100.0","North America","100.0"
"I4210161208","Laboratoire d’Océanologie et de Géosciences","France","FR","50.769630432128906","1.6113899946212769","facility","100.0","Europe","100.0"
"I4210134512","GE Global Research (United States)","United States","US","42.77980041503906","-73.8456802368164","company","100.0","North America","100.0"
"I40734275","Hakim Sabzevari University","Iran","IR","36.298336029052734","57.68094253540039","education","100.0","Asia","100.0"
"I134695357","University of Talca","Chile","CL","-35.42639923095703","-71.6554183959961","education","100.0","South America","100.0"
"I143247161","Babasaheb Bhimrao Ambedkar University","India","IN","26.76987648010254","80.9261245727539","education","100.0","Asia","100.0"
"I4210086755","Alpha Technologies (Canada)","Canada","CA","49.18910217285156","-122.98971557617188","company","","North America","10.52"
"I110525433","Islamic Azad University, Tehran","Iran","IR","35.69438934326172","51.4215087890625","education","100.0","Asia","100.0"
"I134738993","Shandong University of Traditional Chinese Medicine","China","CN","36.66833114624024","116.99722290039062","education","100.0","Asia","100.0"
"I1302404375","CAB International","United Kingdom","GB","51.59981918334961","-1.1247999668121338","other","100.0","Europe","100.0"
"I204823248","Huazhong Agricultural University","China","CN","30.583330154418945","114.26667022705078","education","100.0","Asia","100.0"
"I4210122509","Ann Arbor VA Medical Center","United States","US","42.2867546081543","-83.71339416503906","healthcare","100.0","North America","100.0"
"I8775707","Vietnamese-German University","Vietnam","VN","11.054621696472168","106.66535949707033","education","","Asia","46.34"
"I4210141510","Camlin Technologies (United Kingdom)","United Kingdom","GB","54.51075744628906","-6.090709209442139","company","","Europe","1.02"
"I2801935854","SLAC National Accelerator Laboratory","United States","US","37.45383071899414","-122.18218994140624","facility","100.0","North America","100.0"
"I900890020","University of Palermo","Italy","IT","38.11660003662109","13.36359977722168","education","100.0","Europe","100.0"
"I2946016260","Uber AI (United States)","United States","US","37.78998565673828","-122.40206146240234","company","","North America","50.62"
"I4210088194","First Affiliated Hospital of Sichuan Medical University","China","CN","28.8889217376709","105.44720458984376","healthcare","100.0","Asia","100.0"
"I4210105676","Foundation for the Advancement of Social Theory","United States","US","38.24486541748047","-122.6285629272461","other","","North America","19.02"
"I96673099","Technical University of Denmark","Denmark","DK","55.77043914794922","12.503780364990234","education","100.0","Europe","100.0"
"I121847817","The Graduate Center, CUNY","United States","US","40.74873352050781","-73.98395538330078","education","100.0","North America","100.0"
"I3129529705","Rangamati Science and Technology University","Bangladesh","BD","22.64153861999512","92.18394470214844","education","","Asia","29.91"
"I1280640908","The Nature Conservancy","United States","US","38.88100814819336","-77.10427856445312","nonprofit","100.0","North America","100.0"
"I2801463291","Istituto Giannina Gaslini","Italy","IT","44.39284133911133","8.988006591796875","healthcare","100.0","Europe","100.0"
"I16944753","Clarkson University","United States","US","44.66978073120117","-74.98130798339844","education","100.0","North America","100.0"
"I4210141988","Communication, Information, Médias","France","FR","48.85340881347656","2.34879994392395","facility","100.0","Europe","100.0"
