"author_id","author_name","orcid","h_index_current","total_citations","total_papers","primary_institution_id","country","years_active","is_prolific","has_institution"
"A2113107116","Zonghan Wu","0000-0003-2702-6393","2","15152","2","","","1","False","False"
"A5004759214","Adam Paszke","0000-0002-7665-4559","11","32087","29","","","10","False","False"
"A5051577117","Connor Shorten","0000-0001-6253-6861","6","12839","14","","","7","False","False"
"A5043696243","Wenqi Fan","0000-0002-4049-1233","26","4172","120","I14243506","HK","24","False","True"
"A5022275632","Chuxu Zhang","0000-0002-8349-7926","28","5145","151","I140172145","US","13","True","True"
"A5059179935","John Jumper","0000-0001-6169-6580","26","72399","57","I4210090411","GB","15","False","True"
"A5083854216","Zonghan Wu","0000-0003-4450-7738","9","4008","20","I75390827","CN","37","False","True"
"A2104973973","Shu Wu","0000-0001-9452-0944","2","198","39","","","1","True","False"
"A5018875253","Justin Johnson","0000-0003-3511-0624","24","19226","75","","","14","False","False"
"A5100636286","Qiang Yang","0000-0001-5059-8360","126","97405","1402","I102345215","CN","38","True","True"
"A5100705489","Thin Nguyen","0000-0003-3467-8963","22","2848","156","I149704539","AU","16","False","True"
"A5004071949","Ailin Deng","0009-0009-2859-3665","6","1070","33","I165932596","SG","23","False","True"
"A5108371459","Ian J. Goodfellow","","3","3654","4","I1291425158","US","10","False","True"
"A5100658548","Lei Shi","0000-0002-2013-4159","13","3518","31","I115592961","CN","16","False","True"
"A5020136831","Simon Batzner","0000-0002-8826-2712","14","3001","39","I136199984","US","7","False","True"
"A5089503857","Omid Ghorbanzadeh","0000-0002-9664-8770","44","5963","93","I92869138","AT","9","True","True"
"A5100658200","Qilong Wang","","27","10969","116","I162868743","CN","25","False","True"
"A5028794611","Deli Chen","0000-0001-6767-1376","76","22980","539","I165779595","AU","48","True","True"
"A5083996480","Peixiang Zhong","0000-0002-5656-9699","11","1377","26","","","12","False","False"
"A5046941628","Erico Tjoa","0000-0002-1599-1594","5","1861","20","I97018004","US","7","False","True"
"A5078622343","Chen Gao","0000-0002-7561-5646","28","4079","146","I99065089","CN","17","False","True"
"A5051474344","Hao Yuan","0000-0001-5270-2782","12","1081","34","","","24","False","False"
"A5044961635","Minkyung Baek","0000-0003-3414-9404","33","11404","99","I139264467","KR","18","False","True"
"A5100773328","Hongyu Liu","0000-0002-4628-6388","18","2852","107","I183067930","CN","28","False","True"
"A5002497813","Salvatore Cuomo","0000-0003-4128-2588","31","4861","248","I71267560","IT","44","False","True"
"A5083608547","Md Zahangir Alom","0000-0002-2314-1207","22","6493","113","I1313298211","US","19","False","True"
"A5002909072","Michael Haenlein","0000-0001-6175-4947","42","37180","88","I146655781","GB","22","False","True"
"A5100758371","Wei Jin","0000-0002-5054-954X","23","3039","134","I150468666","US","39","False","True"
"A5060938623","Thomas van Klompenburg","","2","1434","2","I913481162","NL","3","False","True"
"A5064468216","Sorin Grigorescu","0000-0003-4763-5540","12","1883","86","I3123573182","RO","65","False","True"
"A5074115949","Mengzhang Li","","4","914","5","I20231570","CN","3","False","True"
"A5095552159","Akshay Kumar Mahto","","1","1447","1","","","1","False","False"
"A5004271128","Ian Goodfellow","0000-0003-3937-2322","64","80048","111","","","17","False","False"
"A5036254733","Filippo Maria Bianchi","0000-0002-7145-3846","27","2887","148","I4210163047","IT","39","False","True"
"A5100322020","Jongmin Kim","0000-0003-2937-3073","15","1219","58","I139264467","KR","32","False","True"
"A5032533885","Yulan Guo","0000-0001-7051-841X","55","14831","297","I157773358","CN","28","True","True"
"A5025931561","Shihao Gu","","7","2697","12","","","24","False","False"
"A5009620223","Zhitao Ying","","5","1440","5","I97018004","US","5","False","True"
"A5102777271","Bryan Lim","0000-0003-2779-4122","11","2019","36","","","17","False","False"
"A5064344312","Giang Nguyen","0000-0002-6769-0195","16","1727","104","I1285420085","VN","26","False","True"
"A5100357128","Hongwei Wang","0000-0001-7474-8271","22","2539","134","I23171815","CN","34","False","True"
"A5100760218","Zhi Zhou","0000-0002-0987-9344","44","10020","312","I145897649","CN","28","True","True"
"A5014334572","Mohammad Mustafa Taye","0009-0000-9248-7423","5","1286","14","","","17","False","False"
"A5046523094","Ajay Shrestha","0000-0001-5595-5953","6","1877","14","I154300980","US","15","False","True"
"A5100418783","Li Liu","0000-0002-2011-2873","53","19804","632","I10660446","CN","34","True","True"
"A5007408828","Giuseppe Carleo","0000-0002-8887-4356","36","9389","171","I5124864","CH","17","True","True"
"A5047979812","Serkan Kıranyaz","0000-0003-1551-3397","51","18545","377","I60342839","QA","26","True","True"
"A5100334520","Xiaoyang Wang","0009-0000-9462-3644","3","574","7","I17056963","JP","15","False","True"
"A5112825787","R. Vinayakumar","","37","8196","136","I1285204247","US","8","True","True"
"A5072241033","Mingzhe Chen","0000-0003-2570-703X","52","17218","395","I137902535","US","34","True","True"
"A5081180571","Laurent Valentin Jospin","0000-0001-5395-1967","6","1029","20","I5124864","CH","35","False","True"
"A5048432969","Jianxin Chang","0000-0002-7886-9238","14","1488","32","I4401726859","","6","False","True"
"A5111625449","Raffaele Cioffi","0009-0001-9019-2995","20","2124","76","","","28","False","False"
"A5100772850","Neha Sharma","0000-0003-3041-9761","6","473","24","","","11","False","False"
"A5035766567","Tong Zhao","0000-0001-7660-1732","20","1680","193","I4210108985","US","29","False","True"
"A5100442619","Ziwei Zhang","0000-0003-2451-843X","25","5064","132","I20231570","CN","10","True","True"
"A5030520880","Chaoyun Zhang","0000-0002-1304-6839","19","3553","73","I4210113369","CN","17","False","True"
"A5080641496","Juexin Wang","0000-0002-2260-4310","24","2475","104","I4210165727","CN","18","False","True"
"A5030371581","Zeeshan Ahmad","0000-0002-8530-864X","13","1667","60","","","18","False","False"
"A5062451681","Zeeshan Ahmed","0000-0002-7065-1699","24","3619","223","I102322142","US","46","False","True"
"A5057207447","Jonathan Schmidt","0000-0001-5685-6404","21","4152","77","I35440088","CH","37","False","True"
"A5100327761","Xiaomeng Zhang","0000-0002-3794-6823","40","9579","255","I133868755","CN","22","True","True"
"A2181301537","Karan Aggarwal","0000-0002-9038-0099","3","283","5","","","1","False","False"
"A2126219569","Shutao Li","0000-0002-0585-9848","2","3242","21","","","1","True","False"
"A5016054994","Chiyuan Zhang","","44","12773","175","I2800556661","CN","16","True","True"
"A2127986948","Jia-Wei Su","0000-0002-5100-8868","2","3128","2","","","1","False","False"
"A5059082898","Mohammad Jamshidi","0000-0002-5312-6497","27","2991","131","I114017466","AU","51","False","True"
"A5088865457","A. Sircar","0000-0002-2450-9050","80","19597","430","I149251103","US","28","True","True"
"A5102057433","Liyu Gong","","10","537","28","I1342911587","US","17","False","True"
"A5010643450","Xiaoyong Yuan","0000-0003-0782-4187","24","3798","128","I205237279","CN","37","False","True"
"A5081829228","David Gunning","0000-0001-5435-796X","11","3638","23","","","45","False","False"
"A2028210747","Steven L. Brunton","0000-0002-6565-5118","13","2333","24","","","1","True","False"
"A2583648180","Guansong Pang","0000-0002-9877-2716","1","2108","6","","","1","False","False"
"A5039480864","Plamen Angelov","0000-0002-5770-934X","57","13609","565","I67415387","GB","34","True","True"
"A5022139510","Jaya Yadav","","3","674","7","","","4","False","False"
"A2128318503","Zi-yang Wang","0000-0001-5294-4773","1","8","44","","","1","True","False"
"A5044596939","Linda Wang﻿","0000-0001-6308-2769","39","9357","1725","I17974374","BR","65","True","True"
"A5057838960","William J. Murdoch","0009-0009-7610-5187","51","10920","207","I4210120150","US","90","False","True"
"A5016194100","Longlong Jing","0000-0001-7115-2341","15","2884","47","I4210145145","DE","11","False","True"
"A5011134823","MA Bashar","0000-0002-0868-8335","29","3773","393","I201969901","BD","56","False","True"
"A5011825081","Lingfei Wu","0000-0002-3660-651X","37","4848","244","","","19","True","False"
"A5000176863","Parvathaneni Naga Srinivasu","0000-0001-9247-9132","26","2674","86","I12649496","MY","14","False","True"
"A5011252820","Jaechang Lim","0000-0001-7342-4283","12","966","42","","","33","False","False"
"A5057407721","Rohit Bharti","0000-0003-1267-7257","3","537","6","I110360157","IN","5","False","True"
"A5102775611","Kaidi Xu","0000-0003-4437-0671","26","2685","122","I72816309","US","10","True","True"
"A5018357954","Guangyin Jin","0000-0002-9837-6836","18","1594","47","I170215575","CN","8","False","True"
"A5063275405","Daniele Grattarola","0000-0001-9506-037X","12","1087","26","","","7","False","False"
"A5010197223","Jia Wu","0000-0003-0599-0296","18","2536","75","I150229711","CN","24","False","True"
"A3091852435","Jonathan Shlomi","","1","18","1","","","1","False","False"
"A5051832390","Chiara Longoni","0000-0002-4945-4957","19","3548","56","","","13","False","False"
"A5066333395","Yuan Zhuang","0000-0003-3377-9658","43","7577","367","I37461747","CN","34","True","True"
"A5102720670","Diogo V. Carvalho","0000-0002-2349-4117","1","1568","1","I182534213","PT","1","False","True"
"A5029628910","Imran Ahmed","0000-0002-7751-286X","38","4966","177","I51216347","GB","22","False","True"
"A5059834078","Joakim Skarding","0000-0001-8509-658X","2","269","6","I114017466","AU","10","False","True"
"A5067763065","Ming‐Hui Huang","0000-0001-8954-3172","34","10338","150","","","47","False","False"
"A5101694397","Yifei Shen","0000-0003-4745-9145","18","1538","179","I143593769","CN","24","False","True"
"A5100412828","Lin Li","0000-0001-9903-8049","6","2062","15","","","12","False","False"
"A5101819284","Yifan Feng","0000-0003-0878-2986","12","3311","53","I99065089","CN","10","False","True"
"A5000476792","Ella Glikson","0000-0001-5653-1861","12","2378","29","I13955877","IL","13","False","True"
"A5030760311","Siddharth Sharma","0000-0003-0134-2988","9","1502","57","I74885063","IN","20","False","True"
"A5045024616","Zhiyong Cui","0000-0002-5780-4312","27","4098","154","I82880672","CN","24","False","True"
"A5077867821","Jason K. Eshraghian","0000-0002-5832-4054","25","2543","184","I185103710","US","10","True","True"
"A5034049110","George Barbastathis","","48","10598","569","I4210167254","SG","42","True","True"
"A5102003972","Zhihao Wang","0000-0002-7610-3837","4","1806","11","","","10","False","False"
"A5059480732","Milad Nasr","","19","3894","66","I1291425158","US","10","False","True"
"A5034657358","Andreas Holzinger","0000-0002-6786-5194","77","24899","810","I202276237","AT","39","True","True"
"A5060017621","Shuai Zhao","0000-0001-7441-5434","24","2604","115","I192868223","CN","19","False","True"
"A5102796459","Mikhail Belkin","0009-0005-8633-3926","36","22501","231","I36258959","US","32","False","True"
"A5100622590","Cen Chen","0000-0003-1389-0148","33","4359","300","I125839683","CN","17","True","True"
"A5006145895","Sebastian Raisch","0000-0001-9980-214X","26","10836","125","I114457229","CH","22","False","True"
"A5100617917","Qiang Huang","0000-0003-0046-0923","7","423","28","","","22","False","False"
"A5089208747","Giovanni Briganti","0000-0002-4038-3363","17","1641","112","I130929987","BE","8","True","True"
"A5025675252","Tianyu Gu","0000-0001-5134-3896","15","2795","35","I116036724","CN","14","False","True"
"A5028965727","Shaohua Fan","0000-0002-1224-4243","9","1035","24","I139759216","CN","27","False","True"
"A5030780461","Feiyue Sun","0009-0000-7372-0744","7","424","30","","","23","False","False"
"A5100751720","Mengqi Zhang","0000-0001-6831-0740","15","1257","69","I139660479","CN","10","False","True"
"A5033623723","Sunae So","0000-0001-8606-2234","25","3018","60","I197347611","KR","104","False","True"
"A5100411469","Xiao Wang","0000-0002-4444-7811","30","5792","182","I139759216","CN","26","False","True"
"A5100410908","Chen Ma","0000-0001-7933-9813","20","2702","160","I168719708","HK","26","False","True"
"A5047161373","J. F. Torres","0000-0001-7371-4352","15","1730","43","","","24","False","False"
"A5086788300","Yuji Roh","0000-0001-8110-5397","9","1153","21","","","12","False","False"
"A5091474691","Mark Eisen","0000-0002-5877-7950","17","1565","92","I2802946424","US","64","False","True"
"A5013635040","Senthilkumar Mohan","0000-0002-8114-3147","31","4432","100","I134900695","IN","45","False","True"
"A5026622910","Wenhan Wang","0000-0001-7178-8286","33","3867","212","I154099455","CN","28","False","True"
"A5051203366","Emma Strubell","0000-0003-2798-0726","23","4351","123","I74973139","US","14","False","True"
"A5103004802","Jianan Zhao","0000-0002-9743-7588","11","674","34","","","10","False","False"
"A5034184867","Marta Garnelo","","15","2284","37","","","9","False","False"
"A5112612774","Yayin Xu","","2","293","2","I47720641","CN","1","False","True"
"A5102994559","Maosen Li","0000-0003-2584-4026","14","2533","38","I4210160618","GB","8","False","True"
"A5017768318","Xieling Chen","0000-0003-3417-7421","30","3974","89","I37987034","CN","11","False","True"
"A5003718647","Zhiwei Guo","0000-0001-8868-6913","40","4591","207","I145581781","CN","27","False","True"
"A5047801011","Ashkan Entezari","","9","527","12","","","8","False","False"
"A5056183845","Zezhi Shao","0000-0002-0815-2768","11","1344","31","I19820366","CN","5","False","True"
"A5003185028","Sebastian J. Vollmer","0000-0003-2831-1401","24","4705","107","I153267046","DE","14","False","True"
"A5040468715","Cynthia Rudin","0000-0003-4283-2780","53","20608","392","I170897317","US","23","True","True"
"A5071123678","Jiong Zhu","0000-0002-6145-3295","10","1084","68","I19820366","CN","21","False","True"
"A323026139","Eyke Hüllermeier","0000-0002-9944-4108","2","4","62","","","1","True","False"
"A5073472514","Shahadat Uddin","0000-0003-0091-6919","37","7212","196","I129604602","AU","17","True","True"
"A5113468095","Donald Heath","","7","1293","17","I64185308","US","13","False","True"
"A5112733571","Lili Li","","8","1131","19","I4210093674","CN","6","False","True"
"A5055284175","Shuiguang Deng","0000-0001-5015-6095","47","8864","440","I109935558","CN","35","True","True"
"A5100363470","Xiaofei Wang","0000-0002-7223-1030","43","10396","524","I162868743","CN","27","True","True"
"A5047545398","Lei Deng","0000-0002-5172-9411","40","9234","286","I169572211","CN","25","True","True"
"A5101503948","Qian Zhang","0000-0001-9977-8418","17","1528","112","I114017466","AU","25","False","True"
"A5059445519","Nadia Burkart","0000-0003-4700-057X","5","920","15","","","7","False","False"
"A5063733770","Zaixi Zhang","0000-0002-0380-6558","13","1082","69","I20089843","US","10","False","True"
"A5047070038","Martin G. Schultz","0000-0003-3455-774X","75","39218","487","I124055696","DK","58","False","True"
"A5030864457","Francisco Javier Díaz Pernas","0000-0002-5625-9607","17","1993","170","I108103353","ES","33","False","True"
"A5065781444","Quentin Cappart","0000-0002-8742-0774","11","665","62","","","11","False","False"
"A5101969766","Jinxian Wang","0000-0002-0432-2811","5","455","12","I24943067","CN","12","False","True"
"A5045314117","Thomas Schnake","","5","338","12","I4210148503","DE","7","False","True"
"A2328974323","Tianxiang Zhao","0000-0001-8197-2423","2","305","12","","","1","True","False"
"A5038504786","Peng Jiang","0000-0003-2642-1949","10","1107","55","I114539943","CN","32","False","True"
"A5058613643","Mojtaba Nabipour","0000-0001-7154-9445","11","1369","17","I125749732","CA","8","False","True"
"A5051609871","Firuz Kamalov","0000-0003-3946-0920","24","3494","157","I186129607","AE","15","True","True"
"A5101433884","Wenguan Wang","0000-0002-0802-9567","71","18525","256","I168879160","CN","14","True","True"
"A5089247128","Eirini Ntoutsi","0000-0001-5729-1003","17","2141","141","I40527276","DE","26","False","True"
"A5011988336","Jenni A. M. Sidey-Gibbons","","3","1181","4","I241749","GB","2","False","True"
"A5069506165","Fernando Gama","0000-0001-6117-8193","18","1757","101","I74775410","US","19","False","True"
"A5079052203","Khaled B. Letaief","0000-0003-2519-6401","91","43167","1138","I200769079","HK","37","True","True"
"A5114860377","Ziqi Liu","0000-0002-4112-3504","9","623","58","I150229711","CN","14","False","True"
"A5021767359","Indrajeet Kumar","0000-0003-2814-2900","16","1038","135","I238035932","IN","12","True","True"
"A5100683044","Jing Li","0000-0002-3262-3734","21","2678","76","I154099455","CN","38","False","True"
"A5067747151","Samir S. Yadav","0000-0002-8880-9685","11","1309","22","","","6","False","False"
"A5019785137","Lei Ma","0000-0002-8331-7200","29","5435","128","I4210102006","UZ","22","False","True"
"A5078405776","Qingbiao Li","0000-0003-2761-1218","14","1224","58","I161346416","CN","24","False","True"
"A5076641949","John V. Pavlik","0000-0002-9899-0940","22","3709","132","","","46","False","False"
"A5101811842","Ming Jin","0000-0002-6833-4811","15","1620","110","I11701301","AU","27","False","True"
"A5078188012","Vadim Borisov","0000-0002-4889-9989","14","1211","120","","","60","False","False"
"A5031859303","Tianwen Chen","0000-0002-3504-4682","3","296","4","I3133055985","CN","6","False","True"
"A5053226287","Wai Weng Lo","0000-0003-3458-4043","9","853","21","","","7","False","False"
"A5041609304","Zhiqiang Pan","0000-0001-5484-1743","10","728","54","I170215575","CN","23","False","True"
"A1989810000","Hao Yuan","0000-0001-5100-3963","4","167","108","","","1","True","False"
"A5014868724","Xiaocheng Yang","0000-0001-8511-6122","13","738","43","","","30","False","False"
"A5090591269","Wen Song","0000-0001-7624-1861","36","4836","300","I4210096112","NL","31","False","True"
"A5044141636","Terrence J. Sejnowski","0000-0002-0622-7391","153","112898","1001","I1307098950","US","57","True","True"
"A5087618571","Naomi Haefner","0000-0002-5450-0639","5","908","17","I202963720","CH","12","False","True"
"A5100756528","Weiwei Jiang","0000-0003-0953-5047","32","4521","199","I109935558","CN","29","False","True"
"A5026903935","Mohamed Amine Ferrag","0000-0002-0632-3172","43","9473","209","I4210097536","DZ","14","True","True"
"A5061391340","Rusul Abduljabbar","0000-0002-5943-8176","9","1523","16","I57093077","AU","7","False","True"
"A5074839324","H.‐G. Purwins","0000-0002-0053-215X","41","6176","212","","","59","False","False"
"A5085437930","Jing Wei","0000-0003-2991-0123","26","4555","143","I125839683","CN","46","False","True"
"A5100661148","Yongxin Wang","0000-0002-0172-9085","23","2132","127","I44445938","CN","24","False","True"
"A5102025770","Weihua Hu","0000-0003-2956-2616","26","8686","91","I11883440","US","30","False","True"
"A5070191910","Chris Huntingford","0000-0002-5941-7770","83","35452","396","I4210092773","GB","33","True","True"
"A5090269018","Abhimanyu S. Ahuja","0000-0003-4333-9189","11","1313","56","I165690674","US","20","False","True"
"A5085743615","Prasanna Tambe","0000-0002-5308-1057","19","3063","78","I36788626","US","34","False","True"
"A5023311296","Guimin Dong","0000-0002-3908-8391","6","222","13","I4210113011","CN","4","False","True"
"A5027410770","Xuan Lin","0000-0001-7216-1821","18","1459","174","I102345215","CN","24","False","True"
"A5087050304","Yufeng Zhang","0000-0002-5882-1675","39","6179","296","I131434179","CN","34","False","True"
"A5052681293","Edward Elson Kosasih","0000-0001-5293-2641","11","904","22","I241749","GB","23","False","True"
"A5100702646","Jun Wu","0000-0002-1512-524X","12","544","43","I150744194","JP","39","False","True"
"A5001967239","Chuhan Wu","0000-0001-5730-8792","41","6091","217","I2250955327","CN","25","False","True"
"A2131257786","Frank Noé","0000-0003-4169-9324","13","1272","25","","","1","True","False"
"A5026633118","Jierun Chen","0000-0002-8665-3365","4","1712","12","I4210142583","US","4","False","True"
"A5086198262","Yoshua Bengio","0000-0002-9322-3515","187","476368","1274","I4210155582","DZ","38","True","True"
"A5033909285","Hwanjun Song","0000-0002-1105-0818","16","1858","88","I157485424","KR","27","False","True"
"A5100764763","Weiyu Wang","0000-0003-0318-5867","5","485","9","I111950717","MO","37","False","True"
"A5073832417","Maria Schuld","0000-0001-8626-168X","32","11262","95","","","14","False","False"
"A1975989226","Nantheera Anantrasirichai","0000-0002-2122-5781","1","1","15","","","1","True","False"
"A5033537521","Huiting Hong","0000-0001-6912-5870","8","553","19","","","9","False","False"
"A2058280834","Feng Yu","0000-0001-5077-8003","15","65832","748","","","1","True","False"
"A5043510754","Ribana Roscher","0000-0003-0094-6210","23","3194","138","","","16","False","False"
"A5087299999","Ajay Agrawal","0000-0002-0911-2194","25","2422","81","","","43","False","False"
"A2015843871","Piyush Jain","0000-0001-7153-442X","2","44","29","","","1","True","False"
"A5048832709","Giorgos Bouritsas","0000-0002-8476-4918","9","652","26","I200777214","GR","10","False","True"
"A5009111131","Hossam H. Sultan","0000-0002-6958-7503","3","693","8","","","6","False","False"
"A5050907956","Pei Wang","0000-0002-5043-8460","14","1371","111","I84392919","US","30","False","True"
"A5101898522","Bowen Deng","0000-0003-4085-381X","19","1788","64","I1294671590","FR","9","False","True"
"A5065405499","Daniel Greene","0000-0002-1294-2973","12","769","25","I66946132","US","60","False","True"
"A5040908419","Fawaz Khaled Alarfaj","0000-0002-6598-6240","17","1164","67","I4626487","SA","14","False","True"
"A5069696234","Sylvain Christin","0000-0001-5876-911X","6","680","21","I1342547582","CA","11","False","True"
"A5056443318","Yi Zhou","0000-0003-0565-9456","20","2563","93","I1306409833","US","38","False","True"
"A2101062761","Zhiwei Liu","0000-0001-5729-8555","4","158","102","","","1","True","False"
"A5103775329","Nakagawa Hiromi","","4","319","17","I74801974","JP","27","False","True"
"A5068372414","Brooke E. Husic","0000-0002-8020-3750","19","3155","44","I20089843","US","10","False","True"
"A5101835733","Shen Zhang","0000-0002-1245-0565","25","3478","217","I144112489","US","36","False","True"
"A5086883629","Saeed Rahmani","0000-0002-2422-7109","4","230","17","","","17","False","False"
"A5011805525","Valentin Kuleto","0000-0002-7811-5436","8","808","32","I4210094697","RS","14","False","True"
"A5085367342","Zezhi Shao","","18","1489","33","I19820366","CN","34","False","True"
"A5072482416","Qiuqiang Kong","0000-0003-2864-0475","32","4160","181","I177725633","HK","10","True","True"
"A5095905079","Alhassan Musa Oruma","","1","1767","5","","","1","False","False"
"A5075013625","Danfeng Hong","0000-0002-3212-9584","64","18874","338","I146655781","GB","29","True","True"
"A5060891981","Gary S. Collins","0000-0002-2772-2316","113","75869","794","I1294671590","FR","101","False","True"
"A5034659013","Amirata Ghorbani","0000-0001-6465-2321","18","3081","42","I4210155268","US","15","False","True"
"A5063338076","Laura von Rueden","0000-0002-7186-9753","6","942","16","","","6","False","False"
"A5043551381","Maximilian Pichler","0000-0003-2252-8327","15","1357","137","I60668342","DE","53","False","True"
"A5091395218","Enyan Dai","0000-0001-9715-0280","15","1100","54","I200769079","HK","9","False","True"
"A5068648875","S.K. Burley","0000-0002-2487-9713","103","52043","1275","I102322142","US","44","True","True"
"A5012455357","Di Jin","0000-0002-7445-9936","41","6234","360","I141649914","CN","38","False","True"
"A2125528888","Kan Yao","0000-0002-9144-2618","2","16","3","","","1","False","False"
"A5023906567","Kaifeng Bi","","6","1317","10","I2250955327","CN","3","False","True"
"A5035708362","Senzhang Wang","0000-0002-3615-4859","40","6216","257","I139660479","CN","22","True","True"
"A5072478706","Alexey Strokach","0000-0002-7735-251X","8","536","14","I185261750","CA","10","False","True"
"A5086883230","Stefano Puntoni","0000-0002-3259-2325","27","4168","123","I36788626","US","25","False","True"
"A5108960412","Arpit Patidar","","2","1921","2","","","1","False","False"
"A5061636179","Olga Tapalova","0000-0001-5381-6466","5","530","45","I4210128045","KZ","14","False","True"
"A5032649151","Shakked Noy","0000-0002-7814-5184","7","1273","29","","","8","False","False"
"A5049389291","Osval A. Montesinos‐López","0000-0002-3973-6547","36","7232","227","I916541031","MX","24","False","True"
"A5071443942","Lianzhe Huang","","6","533","11","I2250653659","CN","6","False","True"
"A5000044735","JoonNyung Heo","0000-0001-6287-6348","14","1226","68","I193775966","KR","13","False","True"
"A2277148930","Brooke E. Husic","0000-0002-8020-3750","3","91","3","","","1","False","False"
"A5027806531","Wu Wang","0000-0003-2633-1441","4","398","5","I78988378","CN","5","False","True"
"A5046781770","Kaixuan Sun","0000-0001-6586-1440","25","2262","94","I139759216","CN","18","False","True"
"A5007075789","Jeremy Howard","0000-0002-3102-9282","38","6007","132","","","56","False","False"
"A5005295101","Huiqiang Xie","0000-0001-9905-6319","11","2200","32","I159948400","CN","8","False","True"
"A5020769173","Justas Dauparas","0000-0002-0030-144X","26","9578","63","I201448701","US","11","False","True"
"A5102761357","Dongsheng Luo","0000-0003-4192-0826","15","1054","88","I19700959","US","21","False","True"
"A5003833025","Filipe de Avila Belbute-Peres","","4","445","6","I74973139","US","5","False","True"
"A5060924942","Emre Neftci","0000-0002-0332-3273","28","5032","150","I171892758","DE","19","False","True"
"A5018677035","Fenglei Fan","0000-0003-3691-5141","18","1577","100","I168719708","HK","17","False","True"
"A5027810976","Jelena Simeunović","0000-0002-4323-9877","3","245","5","","","2","False","False"
"A5055675863","Xiaokang Zhou","0000-0003-3488-4679","54","10912","504","I121296143","CN","16","True","True"
"A5035572370","Martijn van den Ende","0000-0002-0634-7078","20","1138","121","I1294671590","FR","13","False","True"
"A5003491365","Jiaxuan You","0000-0003-1812-7598","23","7738","67","","","10","False","False"
"A5100370856","Yuankai Wu","0000-0003-4435-9413","26","3960","119","I157773358","CN","13","False","True"
"A5103894843","Amir Gholami","","25","3604","77","","","12","False","False"
"A5081396646","Lei Cai","0000-0003-4811-5854","21","1691","157","I119045251","CN","33","False","True"
"A5001362889","Keng‐Boon Ooi","0000-0002-3384-1207","86","23967","257","I197347611","KR","21","True","True"
"A5100434437","Yudong Zhang","0000-0002-4870-1493","105","40418","1462","I103890011","CN","35","True","True"
"A5100453144","Qi Liu","0000-0001-5378-6404","66","20982","1420","I116953780","CN","26","True","True"
"A5100321247","Zhiwei Liu","0000-0003-1525-1067","19","2549","173","I100188998","CN","24","False","True"
"A5019559411","Mohammed J. Zaki","0000-0003-4711-0234","67","24814","468","I165799507","US","45","True","True"
"A5101692272","Kunal Ghosh","0000-0003-0200-5107","22","1969","84","I9927081","FI","56","False","True"
"A5017894668","Ana Isabel Canhoto","0000-0002-1623-611X","26","3413","110","","","24","False","False"
"A5101511925","Bolun Wang","0000-0002-0963-3942","15","2039","30","","","10","False","False"
"A5058581210","Andrius Vabalas","0000-0002-0659-2890","8","1713","17","I133731052","FI","11","False","True"
"A5061905151","Ameya D. Jagtap","0000-0002-8831-1000","16","4550","51","","","9","False","False"
"A5100435616","Chi Chen","0000-0001-8008-7043","60","18016","334","I165745306","CN","38","False","True"
"A5091518548","Chao Huang","0009-0003-3740-4500","42","6944","211","I116953780","CN","23","False","True"
"A5067724437","Veer J. Patel","","2","168","4","I29563240","IN","1","False","True"
"A5061085745","Adnan Mehonić","0000-0002-2476-5038","25","4007","141","I4210094920","GB","14","True","True"
"A5047030842","Meng Shen","0000-0002-1867-0972","38","6453","217","I125839683","CN","26","False","True"
"A1976024860","Fernando Gama","0000-0001-6117-8193","0","0","10","","","1","False","False"
"A5110747363","Protima Khan","","3","235","4","I894293524","BD","4","False","True"
"A5101774657","Qifan Wang","0000-0002-1237-366X","13","1038","62","","","41","False","False"
"A5080093402","Yang Lu","0000-0002-3027-3064","32","9143","195","I105991555","CN","25","False","True"
"A5052623072","Ben Shneiderman","0000-0002-8298-1097","110","53586","769","I66946132","US","226","False","True"
"A5064098467","Swapan Talukdar","0000-0001-6680-9791","41","6592","158","I106542073","IN","9","True","True"
"A5056778863","Grey Nearing","0000-0001-7031-6770","42","7329","262","I1291425158","US","18","True","True"
"A2095964268","Chen Chen","0000-0001-5039-3066","29","5008","3669","","","1","True","False"
"A5108020853","Bach Xuan Tran","0000-0001-7827-8449","26","2863","76","I145311948","US","12","False","True"
"A5035205750","Reza Toorajipour","0000-0003-3682-299X","6","1036","10","I180519160","DK","6","False","True"
"A5057589919","John W. Ayers","0000-0002-8831-8691","44","6795","145","I36258959","US","50","False","True"
"A5102735582","Mohammed Ali Al-Garadi","0000-0001-5204-2980","17","3878","35","","","10","False","False"
"A5032211178","Pramod Bobade","","2","253","2","I11880225","IN","1","False","True"
"A5020244563","Aarush Saxena","","2","276","2","I153954893","IN","3","False","True"
"A5100341722","Zi Ye","0000-0003-1002-0315","18","1012","98","I2801556517","CN","22","False","True"
"A5035810645","Okeke Stephen","0000-0002-7495-6174","6","692","14","I39854758","NZ","6","False","True"
"A2006097212","Peter R. Wiecha","0000-0002-4571-0116","1","392","1","","","1","False","False"
"A5090470209","Yao Ding","0000-0003-2040-2640","23","2325","111","I197869895","CN","40","False","True"
"A5100422985","Zhao Zhang","0000-0001-6680-160X","12","904","74","I19820366","CN","24","False","True"
"A5049472399","Mahla Nikou","","1","274","1","I38476204","IR","1","False","True"
"A5080476856","Gong Cheng","0000-0001-5030-0683","60","19353","242","I17145004","CN","21","True","True"
"A5100710942","Muhammad Attique Khan","0000-0002-6347-4890","70","15876","339","I138564716","SA","17","True","True"
"A5080747422","Kai Fukami","0000-0002-1381-7322","17","2600","68","I161318765","US","7","False","True"
"A5064078720","Victor Chang","0000-0002-8012-5852","78","22738","641","I169199633","GB","56","True","True"
"A5100354909","Junyoung Park","0000-0002-6778-7632","13","704","49","I157485424","KR","27","False","True"
"A5067812333","José Juan Almagro Armenteros","0000-0003-0111-1362","26","12914","53","","","9","False","False"
"A5101613121","Shuangli Li","0000-0001-9520-2462","11","682","25","I66867065","CN","15","False","True"
"A5050480768","Alessio Zappone","0000-0003-2581-939X","39","13807","225","I186995768","IT","17","True","True"
"A5080078268","Giulia Vilone","0000-0002-4401-5664","8","787","20","","","13","False","False"
"A5103315248","Akshat Kotadia","","2","783","3","","","2","False","False"
"A5084297425","Federico Errica","0000-0001-5181-2904","8","616","44","","","9","False","False"
"A5085291703","Artur M. Schweidtmann","0000-0001-8885-6847","29","2903","135","I98358874","NL","10","True","True"
"A5073250513","Tanha Talaviya","","1","781","1","I70764227","IN","1","False","True"
"A5100423730","Beibei Li","0000-0002-0485-1975","26","2767","252","I17145004","CN","22","True","True"
"A5087082413","Shilin Qiu","0000-0002-8681-6187","12","837","38","I150229711","CN","16","False","True"
"A5100727282","Daniel S. Berman","0000-0002-3793-9578","159","109313","2111","I1282927834","US","73","True","True"
"A5040087182","Adedeji Olugboja","0000-0001-5250-5252","5","483","10","I150397245","US","10","False","True"
"A5004822582","Adam Auten","","1","101","2","","","3","False","False"
"A5069807825","Mostafa Karimi","0000-0002-1459-6832","20","3681","52","I91045830","US","11","False","True"
"A2167740186","S. Kevin Zhou","0000-0002-0973-7231","0","0","27","","","1","True","False"
"A2148501098","Zhenguang Liu","0000-0002-7981-9873","3","396","6","","","1","False","False"
"A5091214326","Zhuomin Sun","0000-0003-3452-5836","3","420","6","I151727225","CN","14","False","True"
"A5023389308","Sergio Casas","0000-0002-0396-4628","21","2445","137","I16097986","ES","22","False","True"
"A5030651516","Gabriëlle Ras","","4","536","10","I145872427","NL","6","False","True"
"A5035132179","Onur Asan","0000-0002-9239-3723","29","3634","183","I108468826","US","15","True","True"
"A5058353652","Tao Gui","0000-0002-6154-0751","31","4649","316","I117532281","CN","28","True","True"
"A5100345321","Jing Zhang","0000-0001-6595-7661","63","15590","1004","I10535382","CN","35","True","True"
"A5055117208","Sanjeev Verma","0000-0001-8170-7179","19","2725","84","I150870154","IN","25","False","True"
"A5074240680","Xin Shao","0000-0002-1928-3878","19","2493","61","I4210112917","CN","27","False","True"
"A5025058751","Daniel Zügner","0000-0003-1626-5065","16","2557","39","I4210087053","DE","11","False","True"
"A5073938714","Shams Forruque Ahmed","0000-0003-3360-3636","49","9322","186","I157386601","BD","30","False","True"
"A4293857161","Pedro Lara-Benítez","0000-0003-0457-8099","1","436","1","","","1","False","False"
"A5090513654","Sunil Pai","0000-0003-1332-9369","10","1007","42","I4210160795","US","29","False","True"
"A5046019676","Shiwen He","0000-0003-0549-4970","27","4377","189","I139660479","CN","20","False","True"
"A5045359397","Mehedi Masud","0000-0001-6019-7245","52","9449","320","I179331831","SA","23","True","True"
"A5086342779","David Mhlanga","0000-0002-8512-2124","29","4096","269","I24027795","ZA","6","True","True"
"A5058260506","Weixuan Lin","","8","467","24","","","13","False","False"
"A5100326706","Md. Mahmudul Hasan","0000-0003-2747-4348","17","2787","116","I103434671","BD","24","False","True"
"A5033157677","Hejie Cui","0000-0001-6388-2619","14","779","58","I150468666","US","8","False","True"
"A5103035722","Krzysztof Janowicz","0009-0003-1968-887X","26","3438","87","I129774422","AT","19","False","True"
"A5071444583","Ragnar Fjelland","0000-0001-5339-9164","8","666","20","I4432739","NO","41","False","True"
"A5017851308","Yu Wang","0000-0001-7763-4261","32","4290","219","I142078773","CN","30","False","True"
"A5079932319","Theyazn H. H. Aldhyani","0000-0003-1822-1357","35","3692","116","I4210107237","SA","10","True","True"
"A5053684361","Fnu Amisha","0000-0002-5110-3443","6","1107","36","I3019308854","US","8","False","True"
"A5046921007","Yu-Hsin Chen","0000-0002-4403-956X","3","3920","5","","","12","False","False"
"A5001191374","Adil Moghar","0000-0002-9991-2813","3","563","7","I240042149","MA","4","False","True"
"A5002810652","Sherali Zeadally","0000-0002-5982-8190","90","31013","578","I143302722","US","32","True","True"
"A5068165456","Vikas Kumar","0000-0003-2090-3103","30","5395","79","","","15","False","False"
"A5076679564","Patrick Mikalef","0000-0002-6788-2277","52","14385","187","I173888879","NO","15","True","True"
"A5012301204","Daron Acemoğlu","","161","148559","1027","I63966007","US","40","True","True"
"A5057541630","Saleema Amershi","0000-0002-3294-7288","31","6243","69","I1290206253","US","21","False","True"
"A5062304700","Bahzad Charbuty","","1","1583","1","I4210124331","IQ","1","False","True"
"A5026498258","Amil Merchant","0000-0001-5262-6599","6","1399","14","I1291425158","US","47","False","True"
"A5055320811","Krishna Karra","","4","1200","5","","","7","False","False"
"A5070433751","Roberto Confalonieri","0000-0003-0936-2123","17","2566","100","I138689650","IT","21","False","True"
"A5061428004","Daniel Gibert","0000-0002-2448-1297","13","1262","41","","","45","False","False"
"A5073414026","Zhaoping Xiong","0000-0001-5041-9385","16","2361","45","","","12","False","False"
"A5011851147","Zeki Murat Çınar","0000-0002-0452-8377","8","926","11","I36515993","CY","8","False","True"
"A5074136659","Ibrahim Abdulrab Ahmed","","14","756","42","I47164929","SA","19","False","True"
"A5032545698","Patrick Helber","0000-0001-8454-4301","13","2173","59","","","13","False","False"
"A5006740810","Talmo Pereira","0000-0001-9075-8365","17","3034","53","I1307098950","US","10","False","True"
"A5032522974","Hussan Munir","0000-0001-9376-9844","12","660","32","","","33","False","False"
"A5069869295","Dawei Cheng","0000-0002-5877-7387","22","2074","150","I116953780","CN","14","True","True"
"A5101470025","Shichao Zhu","0000-0003-1776-8983","15","948","27","I4210108723","CN","13","False","True"
"A5036462902","Risheng Wang","0000-0001-6539-1565","25","2828","102","I20382870","US","35","False","True"
"A5114889635","Yifei Shen","0000-0001-7174-4793","11","707","48","I4210096707","CN","22","False","True"
"A5012692445","Vijay K. Vemuri","","12","963","39","I162714631","US","38","False","True"
"A5084530286","Shakir Mohamed","0000-0002-1184-5776","40","16248","121","I157614274","ZA","36","False","True"
"A2085643129","Krzysztof Rusek","0000-0003-4336-7841","0","0","9","","","1","False","False"
"A5100610862","Ziqi Li","0000-0002-6345-4347","33","5041","339","I103163165","US","22","True","True"
"A5001731771","Mohd Javaid","0000-0001-8871-2886","81","29898","279","I59475050","IN","11","True","True"
"A5010312084","Seokho Kang","0000-0002-0960-0294","27","2150","95","I848706","KR","30","False","True"
"A5091751624","Imtiaz Ullah","0000-0002-2952-7215","13","1325","15","I39470171","CA","11","False","True"
"A5025924166","Yuqi Guo","0000-0002-7060-8404","19","2343","99","I102149020","US","16","False","True"
"A5007340535","Amani Yahyaoui","0000-0003-0603-6592","9","379","20","","","17","False","False"
"A5101597142","Dongyue Chen","0000-0002-6077-7968","11","821","55","I162868743","CN","43","False","True"
"A5111611653","Anshika Chaudhary","","1","88","4","","","11","False","False"
"A5047846625","Shiliang Sun","0000-0001-7069-3752","51","10670","307","I183067930","CN","30","True","True"
"A5100740618","Hao Peng","0000-0001-7422-630X","45","9679","387","I135237710","CN","26","True","True"
"A5078359928","Meng Hao","0000-0002-1545-1926","15","1270","79","I150229711","CN","20","False","True"
"A5013106102","Simon M. Schaefer","","7","1165","7","I202697423","CH","11","False","True"
"A2117594642","Thin Nguyen","0000-0003-3467-8963","3","321","8","","","1","False","False"
"A5007823743","Koichiro Tamura","0000-0001-7189-5399","41","269399","113","I69740276","JP","44","False","True"
"A5100441427","Joon-Woo Lee","0000-0002-4125-6331","12","900","56","I67900169","KR","31","False","True"
"A5078076341","Imran Khan Mohd Jais","","1","388","1","I4164984","MY","1","False","True"
"A5059047868","Lauri Himanen","0000-0002-3130-8193","9","1294","23","","","14","False","False"
"A5034970020","Syed Junaid Nawaz","0000-0001-5448-2170","19","1907","111","I16076960","PK","56","False","True"
"A2985258000","Ruihong Qiu","0000-0001-8349-6475","1","25","2","","","1","False","False"
"A5028974886","Siyuan Lu","0000-0001-6720-1323","27","3106","77","I184983240","CN","16","False","True"
"A5016309170","Ricardo Silva Peres","0000-0003-3777-1346","15","1581","40","I83558840","PT","11","False","True"
"A5088708850","Jie M. Zhang","0000-0003-0481-7264","26","3806","145","I111483173","US","25","False","True"
"A1945348815","Feng Shi","0000-0001-5175-9760","7","272","252","","","1","True","False"
"A5052320761","N.N. Misra","0000-0001-8041-8893","50","9784","107","I179331831","SA","16","False","True"
"A5009857138","Martin J. Willemink","0000-0002-6991-6557","39","6768","145","I97018004","US","15","False","True"
"A5087990798","Mehar Vijh","","1","570","1","I154970844","IN","1","False","True"
"A5084613538","Kosmas Alexopoulos","0000-0002-3658-6838","24","2399","107","I174878644","GR","22","False","True"
"A5101497359","Haofan Wang","0000-0003-2098-453X","21","2529","103","I19820366","CN","15","False","True"
"A5100735470","Haojie Wang","0000-0002-1803-6250","24","2651","80","I157773358","CN","25","False","True"
"A5014873301","Shengze Cai","0000-0003-0122-6864","20","5024","72","I3018263800","CN","21","False","True"
"A5030092162","Emilio Calvano","0000-0001-5899-6742","19","1552","45","I154032705","IT","16","False","True"
"A165365151","Christopher J. Fluke","0000-0003-0961-2321","3","306","8","","","1","False","False"
"A5089158473","Leiyu Chen","0000-0001-8231-289X","2","605","2","I178232147","CN","1","False","True"
"A5027336767","Milica Badža Atanasijević","0000-0002-5856-2626","3","800","9","I4068193","RS","8","False","True"
"A5088847857","Valerie Chen","0009-0007-2783-0265","11","1191","62","I205783295","US","25","False","True"
"A5085946103","Guanjun Lin","0000-0003-3280-1307","14","1502","27","I4210149962","CN","9","False","True"
"A5114044724","Sidrah Liaqat","","2","131","3","I868834043","GB","11","False","True"
"A5000408018","Marc-André Schulz","0000-0002-1140-1841","9","547","27","I39343248","DE","14","False","True"
"A5033954307","Kate Crawford","0000-0001-9972-7194","47","17203","169","I1290206253","US","56","False","True"
"A5101467355","Yaqin Zhou","0000-0001-7375-0556","12","870","30","I136765683","CN","21","False","True"
"A5018569458","Andrea L. Guzman","0000-0002-6874-9435","14","1862","39","I102502594","US","37","False","True"
"A5090287059","Xinshuo Weng","0000-0002-7894-4381","23","3583","77","","","8","False","False"
"A5060969026","Vegard Antun","0000-0003-4045-9775","9","1057","17","I184942183","NO","10","False","True"
"A5091058342","Yanan Sun","0000-0001-6374-1429","30","6483","174","I24185976","CN","56","False","True"
"A5067815466","Ravil I. Mukhamediev","0000-0002-3727-043X","11","677","55","I204275683","KZ","11","False","True"
"A5060763203","Da Zheng","0000-0001-8115-5415","18","2272","87","I19820366","CN","44","False","True"
"A5074220335","Vanessa Buhrmester","0000-0003-2356-1313","3","407","4","","","4","False","False"
"A5100411139","Ling Chen","0000-0003-1934-5992","36","5096","439","I101479585","CN","39","True","True"
"A5000537067","Manon Réau","0000-0002-3862-8990","10","638","30","I193662353","NL","8","False","True"
"A5085963799","Viswanatha Reddy Allugunti","","5","427","12","","","7","False","False"
"A5113950414","Chuizheng Meng","","11","1116","27","I1174212","US","8","False","True"
"A5005474942","Jianyong Sun","0000-0002-9188-1856","24","2782","157","I4210143356","CN","24","False","True"
"A5004970162","Moez Krichen","0000-0001-8873-9755","39","5792","309","I142899784","TN","22","True","True"
"A5040188906","Ryoma Sato","0000-0001-6912-4464","10","387","58","","","21","False","False"
"A5075629036","Song Pham Van","","4","440","4","I8775707","VN","2","False","True"
"A5032732048","Charlotte Pelletier","0000-0002-4652-7778","16","2142","68","","","22","False","False"
"A5010265149","Jorge Arinez","0000-0003-4893-6935","31","3055","144","","","31","False","False"
"A5050967195","Matti Tedre","0000-0003-1037-3313","35","4443","215","I175532246","FI","24","False","True"
"A5048444456","Shahbaz Rezaei","0000-0003-1583-0114","10","1062","38","I84218800","US","10","False","True"
"A5071528633","Blake Murdoch","0000-0003-4654-1980","14","1453","45","","","15","False","False"
"A5077895268","Youhui Tian","0000-0002-4044-0241","4","279","5","I4210104733","CN","4","False","True"
"A5100372061","Yue Wang","0000-0002-7118-0219","15","6861","79","","","28","False","False"
"A5012787401","Morgan R. Frank","","18","3600","56","I170201317","US","13","False","True"
"A5083289194","Tony Bates","0000-0002-5677-369X","20","2389","88","","","52","False","False"
"A5024515720","Robert Challen","0000-0002-5504-7768","15","2324","56","I36234482","GB","7","False","True"
"A5028220093","Carole-Jean Wu","0000-0002-9032-7239","35","5394","164","I4210114444","US","36","False","True"
"A5102889910","Guangtao Wang","0000-0003-2766-0917","26","1599","74","I4210090489","CN","15","False","True"
"A5000907775","Stefanie Warnat‐Herresthal","0000-0002-0890-5774","11","1289","24","I2801533059","DE","8","False","True"
"A5025211299","Carlos Vidal","0000-0003-2853-6088","11","1150","30","I98251732","CA","31","False","True"
"A5020368316","Greg Ongie","0000-0003-1417-3925","14","1292","63","I102461120","US","12","False","True"
"A5020533864","Ying Xia","0000-0001-8437-0604","21","1161","74","I154093214","CN","24","False","True"
"A5068475055","Yuchen Jiang","0000-0003-3918-7039","31","5382","136","I204983213","CN","15","False","True"
"A5114065098","Qingyang Ling","","1","463","1","I47449453","US","1","False","True"
"A5022713403","Xiang Gao","0000-0001-8510-7373","8","514","27","","","12","False","False"
"A5083904441","Yiwen Xu","0000-0003-0509-7350","9","1126","41","I80143920","CN","20","False","True"
"A5002093701","Florian Knöll","0000-0001-5357-8656","36","7597","218","I181369854","DE","74","False","True"
"A5068901780","Kama Ramudu","0000-0002-8585-9396","8","236","42","I4210145126","IN","15","False","True"
"A5048355868","Brian Alcock","0000-0002-5129-4673","12","7759","30","I98251732","CA","14","False","True"
"A5068619570","Mujaheed Abdullahi","0000-0002-0434-5191","8","408","21","I203899302","MY","5","False","True"
"A5100760604","Gagandeep Singh","0000-0002-9299-2961","21","2482","184","I157725225","US","57","False","True"
"A2061593723","Yanni Dong","0000-0001-5577-4845","2","866","19","","","1","True","False"
"A5091473057","Muhammad Hammad Saleem","0000-0002-3625-3021","9","1661","13","","","7","False","False"
"A5024135770","Mojtaba Mozaffar","0000-0003-0688-5818","11","1481","26","I111979921","US","14","False","True"
"A5015143554","Jordi Laguarta","0000-0001-9010-6412","5","738","8","","","4","False","False"
"A2914048954","Saeed Khaki","0000-0003-0095-8588","4","1498","4","","","1","False","False"
"A5101567554","Yunxing Zuo","0000-0002-2734-7720","16","4077","40","I20231570","CN","11","False","True"
"A5079136122","Sina Sajadmanesh","0000-0002-8834-0338","7","232","15","I2800278093","US","10","False","True"
"A5088091669","Raphael J.L. Townshend","0000-0001-6362-1451","11","1386","54","","","13","False","False"
"A5082873450","Gurjit S. Randhawa","0000-0003-1054-125X","6","1223","23","","","23","False","False"
"A5065145905","Xiaodong Jiang","","17","960","70","I13850615","CN","19","False","True"
"A5054782483","Dattatray Vishnu Kute","0000-0003-2939-5934","2","151","2","I114017466","AU","4","False","True"
"A5089665634","Francesc Pedró","0000-0001-5335-8100","15","1735","66","","","39","False","False"
"A5021662942","Yang He","0000-0002-2257-6073","19","3495","91","I157773358","CN","35","False","True"
"A5049212022","Luka Racic","","1","98","1","I279976351","ME","1","False","True"
"A5047971894","Digvijay Pandey","0000-0003-0353-174X","60","8983","325","I116943215","IN","15","True","True"
"A5001207425","Eduardo Mosqueira-Rey","0000-0002-4894-1067","12","1090","59","I11019714","ES","29","False","True"
"A5092564565","Gaurang Sonkavde","","1","155","1","I244572783","IN","1","False","True"
"A5004458037","Yulei Wu","0000-0003-0801-8443","46","6923","312","I36234482","GB","19","True","True"
"A5004222223","M. Tanveer","0000-0002-5727-3697","44","6714","256","I114017466","AU","17","True","True"
"A5022064063","Yitong Pang","0009-0006-9951-204X","5","230","15","I116953780","CN","4","False","True"
"A5100640162","Fan Liang","0000-0003-2233-0118","19","3193","62","I17442442","CN","15","False","True"
"A5077097317","P Pradhyumna","","3","96","3","I4389425378","","2","False","True"
"A5043846392","Yash Raj Shrestha","0000-0002-2699-4723","12","1405","75","I97565354","CH","14","False","True"
"A2650435733","Joseph Bullock","","0","0","13","","","1","True","False"
"A5028136433","Shagun Sharma","0000-0002-3616-7940","20","1808","172","I464993","IN","50","False","True"
"A5028459386","Ya Su","0000-0002-4432-1135","23","2751","64","I27357992","CN","15","False","True"
"A5030809906","Zemin Liu","0000-0001-6262-9435","7","256","20","I76130692","CN","3","False","True"
"A5101761434","Hwan Kim","","14","674","107","","","41","False","False"
"A5007866173","Jaeyong Kang","0000-0003-1211-2678","16","1194","40","I152815399","SG","17","False","True"
"A5018381533","Shengwen Liang","0000-0001-8407-2594","8","307","42","I19820366","CN","7","False","True"
"A5047248117","Nils Thuerey","0000-0001-6647-8910","28","2846","143","I62916508","DE","19","False","True"
"A2236642005","Marcello Benedetti","0000-0003-0231-1729","2","462","4","","","1","False","False"
"A5100411532","Xiao Wang","0000-0003-4435-7098","29","3108","156","I126924076","CN","23","False","True"
"A5007047764","Bingfeng Zhang","0000-0001-5751-2873","20","1614","116","I129708740","CN","24","False","True"
"A5055920505","P. Raghavan","","3","211","3","I4210149788","AE","32","False","True"
"A5057301737","Xuan Jiao","0000-0001-5258-8617","13","658","45","I1294606314","CN","20","False","True"
"A5076746411","Mohit Agarwal","0000-0001-7216-3886","22","2351","103","I3129773123","IN","24","False","True"
"A5100695657","Huihui Liu","0000-0002-4761-2800","42","6467","473","I117532281","CN","22","True","True"
"A5088056853","Yuansong Zeng","0000-0002-3145-430X","7","360","18","","","5","False","False"
"A5017599308","Brady Lund","0000-0002-4819-8162","25","4299","228","I123534392","US","34","False","True"
"A2115863725","Mengqi Zhang","0000-0001-5172-3266","6","178","29","","","1","True","False"
"A5007288633","Yongcheng Liu","0000-0001-9289-7131","28","3539","117","","","31","False","False"
"A5050630882","Licheng Jiao","0000-0003-3354-9617","98","53726","2583","I1327237609","CN","37","True","True"
"A5003345957","Yaolong Zhang","0000-0002-4601-0461","27","2016","112","I169521973","US","20","False","True"
"A5100689114","Linfeng Zhang","0000-0002-3341-183X","17","2051","131","I14396692","JP","19","False","True"
"A5077161361","Ketan Paranjape","0000-0001-5330-8330","11","1000","37","I911458345","NL","20","False","True"
"A5100418216","Qin Zhang","0000-0002-2742-1521","22","2496","161","I173759888","CN","29","False","True"
"A5086334229","Vladimir Puzyrev","0000-0002-0264-6126","18","1233","97","","","31","False","False"
"A5023802736","Theodore Alexandrov","0000-0001-9464-6125","52","15808","281","I36258959","US","18","True","True"
"A5100639013","Qiming Zhang","0000-0003-0060-0543","24","2758","119","I129604602","AU","23","False","True"
"A5040751753","Norah Alghamdi","0000-0002-6595-3609","4","236","11","I71920554","SA","7","False","True"
"A2103788988","NamYong Park","0000-0002-3344-2361","0","0","1","","","1","False","False"
"A5085729646","Luís Coelho","0000-0002-5673-7306","14","1074","78","I4210166615","PT","24","False","True"
"A5076455352","Daniela Sánchez Lopera","0000-0001-8750-7696","6","180","22","I137594350","DE","5","False","True"
"A5068483851","Yuanfu Lu","0000-0002-5743-3216","12","953","18","I2250653659","CN","7","False","True"
"A5088563640","Subrat Kumar Bhattamisra","0000-0002-7886-2909","26","2649","75","I343503978","IN","18","False","True"
"A5001211242","Susan Athey","0000-0001-6934-562X","62","21376","367","I1743320","US","39","False","True"
"A5022581666","Mario Krenn","0000-0003-1620-9207","39","7500","144","I4210110240","DE","16","False","True"
"A5017791252","Akib Mohi Ud Din Khanday","0000-0001-6804-4905","12","734","49","I201726411","AE","7","False","True"
"A5079868158","Ingoo Lee","0000-0002-8958-2945","9","1046","17","I36258959","US","8","False","True"
"A5115596266","Qiong Yang","","17","1005","52","I139660479","CN","16","False","True"
"A5006519315","Tingzhao Fu","0009-0003-0917-9721","9","544","32","I170215575","CN","9","False","True"
"A5018267985","Khan Muhammad","0000-0002-5302-1150","81","21250","353","I137902535","US","23","True","True"
"A5039064160","Roberto Verganti","0000-0002-5824-4062","48","9809","310","I180242103","SE","36","False","True"
"A5050422420","Chong Guan","0000-0002-7827-1498","17","1443","85","I24943067","CN","35","False","True"
"A5100620595","Mingyu Kim","0009-0003-1308-6501","10","570","26","I40542001","KR","21","False","True"
"A5067844767","Qinglong Zhang","0000-0001-9002-5903","20","2248","131","I27357992","CN","43","False","True"
"A5009512914","E. Pranav","","1","208","2","I20497027","IN","1","False","True"
"A5047970595","Livia Faes","0000-0002-4159-3960","26","6562","108","I125671874","GB","12","False","True"
"A5066698067","Ge Zhang","0000-0001-6009-780X","6","339","11","I181326427","CN","8","False","True"
"A5010670466","Christian C. Nadell","","4","466","13","","","9","False","False"
"A5023894377","Erik Blasch","0000-0001-6894-6108","67","18610","1063","I1280414376","US","31","True","True"
"A5039377251","Pengcheng Xu","0000-0002-5231-877X","19","1906","51","I157773358","CN","14","False","True"
"A5017837767","Arnaud De Bruyn","0000-0002-4413-6167","12","1932","29","","","22","False","False"
"A5042775116","Meiqi Zhu","0000-0003-4753-0255","5","215","10","","","4","False","False"
"A5091039541","Xiaoyue Xie","0000-0003-2417-0963","5","401","23","I4210104252","CN","7","False","True"
"A5066602150","Cheng Xu","0000-0003-1624-5494","16","928","83","I114234892","CN","12","False","True"
"A5103027683","Joseph Crawford","0000-0002-2191-6216","29","4688","145","","","131","False","False"
"A5041285188","Yasaman Bahri","","19","2821","38","","","15","False","False"
"A5053777601","Abdulaziz Aldoseri","0009-0003-4367-0450","6","813","12","I2800233941","JO","4","False","True"
"A5084800516","Pietro Mascagni","0000-0001-7288-3023","31","3368","333","I103320735","IT","144","False","True"
"A5084688255","Guo-Sen Xie","0000-0002-5487-9845","31","3489","121","I36399199","CN","16","False","True"
"A5007662359","Fengxiao Tang","0000-0003-2414-4802","38","7728","112","I139660479","CN","10","True","True"
"A5056731969","Ziwei Chai","0000-0003-3532-7145","9","614","37","I154425047","CA","8","False","True"
"A5100396784","Hao Zhang","0000-0001-5736-1235","10","541","43","","","24","False","False"
"A5035496027","Lichun Kuang","","14","1096","33","I204553293","CN","19","False","True"
"A5103126682","Omolola Akinola","","5","597","22","","","3","False","False"
"A5010759340","Kenta Oono","0000-0003-2133-5232","10","521","27","","","10","False","False"
"A5003306637","Kaan Orhan","0000-0001-6768-0176","51","9284","710","I101202996","HU","26","True","True"
"A5100720538","Jie Ren","0000-0002-6450-3163","52","11067","366","I157773358","CN","29","True","True"
"A2499156269","Michael J. Bianco","0000-0001-8710-6980","2","481","3","","","1","False","False"
"A5004691427","Haitham Elmarakeby","0000-0002-4315-4347","17","2978","53","I4210117453","US","12","False","True"
"A5044309586","Huw Roberts","0000-0002-9610-7245","16","1785","44","I40120149","GB","35","False","True"
"A5029117077","Daniel C. Elton","0000-0003-0249-1387","19","1691","65","I48633490","US","18","False","True"
"A5046574356","Luciano Floridi","0000-0002-5444-2280","110","48490","960","I32971472","US","36","True","True"
"A5012299838","Rayda Ben Ayed","0000-0002-4970-6579","18","1091","77","","","17","False","False"
"A5119012009","Hanrui Wang","0009-0005-0498-2712","21","4369","108","I161318765","US","18","False","True"
"A5099788404","Lakshin Pathak","","3","1752","36","I165831266","IN","3","True","True"
"A5025302971","José Luis Ruiz–Real","0000-0002-0906-3740","16","1306","67","","","16","False","False"
"A5052701967","Kai Li","0000-0002-3845-3895","54","15087","296","I141945490","CA","30","False","True"
"A5006850220","Yiwei Sun","0000-0002-1259-5131","22","1781","117","I4210096899","CN","15","False","True"
"A5100683966","Limin Sun","0000-0002-6370-6559","38","5815","408","I116953780","CN","36","True","True"
"A5050375180","Md Ishtyaq Mahmud","0000-0001-6280-7035","9","502","16","I140172145","US","4","False","True"
"A5042058985","Osamu Iizuka","0000-0003-1563-0729","20","1876","60","I201537933","JP","45","False","True"
"A5089710212","Hisham Daoud","0000-0002-2067-7575","11","936","22","I25041050","US","14","False","True"
"A2086285432","Zhen Li","0000-0001-5087-0328","18","1653","411","","","1","True","False"
"A5025633291","Pin-Hao Huang","","3","110","12","","","24","False","False"
"A5103005528","Yuanyuan Pan","0000-0003-4107-4084","10","574","26","I143593769","CN","21","False","True"
"A5047221314","Ting-Li Huoh","0000-0001-9230-2388","2","74","3","I133738476","US","4","False","True"
"A5040232737","Harith Al-Sahaf","0000-0003-4633-6135","23","1953","118","I4210142005","IQ","15","False","True"
"A5100611600","Zhenhua Wu","0000-0001-8719-057X","86","38107","1858","I101479585","CN","62","True","True"
"A5089047677","Deniz Mengü","0000-0003-1051-1501","21","1970","105","","","11","False","False"
"A5052522162","Qifang Bi","","17","10959","35","","","10","False","False"
"A5068775552","Siwei Yu","0000-0001-5237-0837","13","1405","40","I204983213","CN","14","False","True"
"A5091543199","Tong He","0000-0002-2388-8618","34","17925","146","I165859042","CN","53","False","True"
"A5003935183","Marek L. Borowiec","0000-0001-7510-4064","20","2464","98","I92446798","US","37","False","True"
"A5103082593","Yingying Zhang","0000-0002-6236-9781","1","292","2","I181326427","CN","4","False","True"
"A5008811067","Rishi Gurnani","0000-0002-2744-2234","12","1226","23","I130701444","US","10","False","True"
"A5047581320","Yushun Dong","0000-0001-7504-6159","15","824","65","I103163165","US","7","False","True"
"A1975834918","Michael Roberts","0000-0001-5519-8390","4","863","119","","","1","True","False"
"A5055016850","Frank Noé","0000-0003-4169-9324","68","23109","400","I1290206253","US","39","True","True"
"A5100403505","Fan Zhou","0000-0002-8038-8150","38","5891","571","I116036724","CN","43","True","True"
"A5011196776","Pankaj Kashyap","0000-0002-6041-9327","14","748","53","I47720641","CN","14","False","True"
"A5050410057","Oludare Isaac Abiodun","0000-0003-0138-6446","14","4422","24","","","7","False","False"
"A5100455724","Fei Wang","0000-0001-6755-0814","12","1080","39","I150807315","CN","19","False","True"
"A5083945206","Liang Shi","0000-0002-4442-4679","23","3139","117","I153473198","CN","44","False","True"
"A5100330304","Lijing Wang","0000-0002-0836-9190","21","1442","166","I118118575","US","24","False","True"
"A5005034364","Ulysse Côté‐Allard","0000-0003-3241-8404","11","1238","39","I184942183","NO","9","False","True"
"A5100362379","Xuan Liu","0000-0003-4598-4202","9","370","27","","","23","False","False"
"A2900640815","Julia Westermayr","0000-0002-6531-0742","2","114","2","","","1","False","False"
"A5053086856","Kanchan Jha","0000-0003-3837-3083","7","427","20","I154549908","IN","17","False","True"
"A5048276519","Samuele Capobianco","0000-0003-1810-189X","8","485","17","","","11","False","False"
"A5029999345","S. Smys","","32","3086","121","","","16","False","False"
"A5043829476","Santosh Kumar Sahu","0000-0003-4054-6078","3","171","11","","","14","False","False"
"A2282090077","Yuyao Chen","0000-0001-6458-1412","5","28","6","","","1","False","False"
"A5000329853","Damien Dablain","0000-0003-0878-8560","6","514","12","I107639228","US","4","False","True"
"A5020412888","Zhenchao Sun","0000-0002-9590-0962","4","216","13","I4210097945","CN","17","False","True"
"A5087100783","Yun Wang","0000-0003-2035-3148","61","16671","660","I121296143","CN","62","True","True"
"A5062370105","Rahul Yumlembam","0000-0002-0313-5731","3","95","5","I32394136","GB","4","False","True"
"A5090854014","Ben Weinstein","0000-0002-2176-7935","22","2372","110","I2800262456","CH","34","False","True"
"A5030428283","Yaohua Sun","0000-0002-8200-5010","21","2587","103","I139759216","CN","24","False","True"
"A5030682390","Alexander Campolo","0000-0003-3159-4131","5","361","11","I190082696","GB","6","False","True"
"A5020181993","Xuan-Hien Le","0000-0002-0947-0805","13","1574","43","I141445968","VN","8","False","True"
"A5075748150","W. Nicholson Price","0000-0003-0729-290X","19","3355","90","I124055696","DK","18","False","True"
"A5077015043","Jingshan Huang","0000-0002-7004-9091","9","763","21","I129708740","CN","21","False","True"
"A5100656202","Zhengyang Wang","0000-0002-5146-2884","18","1688","125","I200719446","US","17","False","True"
"A5081518382","Brian Kenji Iwana","0000-0002-5146-6818","17","1549","90","I135598925","JP","10","False","True"
"A5071607114","Kaixiong Zhou","0000-0001-5226-8736","17","1188","113","I137902535","US","38","False","True"
"A5067777681","Philomena Schlexer","0000-0002-3135-9089","20","3161","58","","","10","False","False"
"A5083076465","Merve Ozkan-Okay","0000-0002-1071-2541","9","898","25","I149218525","TR","11","False","True"
"A5055312229","Iqbal H. Sarker","0000-0003-1740-5517","43","14514","238","I12079687","AU","13","True","True"
"A5068858132","Arvind Kumar Tiwari","0000-0001-5837-0854","18","1631","145","I20791572","IN","49","False","True"
"A2905537680","Rowland W. Pettit","0000-0003-0011-8714","1","81","1","","","1","False","False"
"A5100644664","Wenzhong Shi","0000-0002-3886-7027","62","15868","739","I12097938","US","32","True","True"
"A5033247114","Andrew J. Reader","0000-0002-2726-3383","37","5290","308","I183935753","GB","29","True","True"
"A5013311265","Nei Kato","0000-0001-8769-302X","86","29706","834","I201537933","JP","52","True","True"
"A100167829","Fabio Massimo Zanzotto","0000-0002-7301-3596","1","21","38","","","1","True","False"
"A5100433022","Zhibo Zhang","0000-0003-1186-4990","11","1083","58","I152269853","CN","27","False","True"
"A5100369545","Haoyang Li","0000-0003-3544-5563","19","1146","103","I113940042","CN","13","False","True"
"A5100748126","Lan Liu","0000-0001-8582-9675","9","431","51","I157773358","CN","21","False","True"
"A5004759435","Erin E. Makarius","0000-0002-6379-7948","13","1190","44","I110152177","US","15","False","True"
"A5082717920","Stefan Larsson","0000-0002-8855-300X","19","1839","192","I187531555","SE","36","False","True"
"A2226425267","Hyun-Seok Seo","0000-0001-6967-4896","0","0","1","","","1","False","False"
"A5088432216","Gabriel R. Schleder","0000-0003-3129-8682","21","2004","66","I4210106422","BR","10","False","True"
"A5085704796","Kyoungwon Seo","0000-0003-3435-0685","13","1273","57","I118373667","KR","16","False","True"
"A5042493571","Simon Fahle","0000-0003-2689-085X","6","277","17","I904495901","DE","3","False","True"
"A5100321157","Zixuan Zhang","0000-0001-5020-7606","37","7721","98","I165932596","SG","7","True","True"
"A5077218712","W. Patrick Walters","0000-0003-2860-7958","34","8040","140","I4210116569","US","91","False","True"
"A5074579561","Daniel Belanche","0000-0002-2291-1409","40","7426","85","","","52","False","False"
"A5008696976","Petri Helo","0000-0002-0501-2727","44","8063","341","I79765343","FI","26","True","True"
"A5051270771","Catherine Prentice","0000-0002-7700-3889","41","6844","196","I185523456","AU","35","False","True"
"A5005659817","Sydney Mambwe Kasongo","0000-0001-8989-5004","10","1699","17","I24027795","ZA","5","False","True"
"A5102925275","Mohammed Badawy","0000-0001-9494-1386","4","303","8","I145487455","EG","10","False","True"
"A5048658335","Tim Hulsen","0000-0002-0208-8443","18","3247","61","I109147379","NL","22","False","True"
"A5025229672","Zhenyue Qin","0000-0002-3471-6280","9","466","48","","","12","False","False"
"A5083897792","Shaocong Wang","0000-0002-7195-8676","6","285","23","I142078773","CN","4","False","True"
"A5053202617","I. Zacharov","0000-0002-3256-6514","39","4175","98","I125989756","RU","41","False","True"
"A5058480616","Nadav Brandes","0000-0002-0510-2546","15","2249","60","I180670191","US","11","False","True"
"A5101863951","Li Yang","0000-0002-8929-7554","17","1242","74","I118783713","CN","22","False","True"
"A5009427773","Ranu Sewada","0009-0001-9128-4277","2","173","5","","","3","False","False"
"A5059927190","Bingcheng Wang","0000-0003-0996-6824","4","602","15","","","17","False","False"
"A5025927897","Mingjian Wen","0000-0003-0013-575X","16","849","66","I148283060","US","14","False","True"
"A5024284206","Jiexia Ye","0000-0003-1001-5508","6","398","20","","","6","False","False"
"A5062913715","Ziduo Yang","0000-0002-8195-2526","17","1095","34","I159948400","CN","9","False","True"
"A5053051932","Zi-Ang Shen","","6","190","6","I162868743","CN","2","False","True"
"A5070370992","Shifa Zhong","0000-0002-5822-0837","22","2944","47","I66867065","CN","13","False","True"
"A5046460674","Zachi I. Attia","0000-0002-9706-7900","38","9185","305","I1330342723","US","23","True","True"
"A5031982551","Han Wang","0000-0001-6885-852X","4","146","5","I116953780","CN","4","False","True"
"A5002521338","Yohei Nishizaki","","6","361","20","","","9","False","False"
"A5087678582","Yiannis Ampatzidis","0000-0002-3660-3298","38","4977","197","I33213144","US","19","True","True"
"A5016185815","Jianyuan Guo","0000-0002-2981-1953","26","8686","66","I129604602","AU","13","False","True"
"A5030514164","Geeta Joshi","0000-0002-1396-0153","3","238","9","I919571938","US","4","False","True"
"A5071769954","Nikhil Prakash","0000-0002-5216-5881","6","474","34","I3131333345","IN","24","False","True"
"A5062549536","Zengfeng Huang","0000-0003-2671-7483","17","1409","108","I160354086","CN","15","False","True"
"A5087710258","Curtis P. Langlotz","0000-0002-8972-8051","66","19390","313","I1343180700","US","43","False","True"
"A5101601047","Thomas Bolton","0000-0002-6029-419X","11","1116","16","","","50","False","False"
"A5066323913","Chao Shen","0000-0003-2783-5529","28","3096","128","I4210096899","CN","19","False","True"
"A5103233436","Ying Zuo","0000-0003-2739-3863","10","827","44","I173759888","CN","26","False","True"
"A2141035074","Qingsong Wen","0000-0003-4516-2524","1","401","18","","","1","True","False"
"A5061225111","Yujie Wu","0000-0003-3738-4311","21","4391","59","I14243506","HK","19","False","True"
"A5087257186","Yifang Ma","0000-0003-0326-7993","17","2252","91","I27781120","CN","15","False","True"
"A5016645126","Xian-Feng Han","","17","1559","57","I142108993","CN","20","False","True"
"A5005177735","Yoav Levine","","14","1114","39","","","8","False","False"
"A5007734172","Stefan Kahl","0000-0002-2411-8877","35","4959","203","I205783295","US","31","False","True"
"A5073908409","Ao Luo","0000-0003-3494-8062","16","1102","48","I4800084","CN","14","False","True"
"A5041549115","Defu Cao","0000-0003-0240-3818","11","1186","43","I1174212","US","6","False","True"
"A5101672922","Imran Khan","0000-0002-5069-6814","5","268","17","","","17","False","False"
"A5038594863","Yun Lin","0000-0003-1379-9301","47","8917","510","I100135526","CN","69","False","True"
"A5100707871","Qing Tao","0000-0003-1419-3440","11","681","70","I10899854","CN","27","False","True"
"A5013616568","David John Gagne","0000-0002-0469-2740","28","3352","155","I107766831","US","43","False","True"
"A5042431726","Alex John London","0000-0002-6450-0309","38","4923","170","I74973139","US","81","False","True"
"A5094119763","Seyed Masoud Ghoreishi Mokri","","7","1706","12","","","1","True","False"
"A5044509944","Guy Katz","0000-0001-5292-801X","16","1438","124","","","71","False","False"
"A5022997169","Emadeldeen Eldele","0000-0002-9282-0991","14","1582","31","","","5","False","False"
"A5005212992","Daiguo Deng","","8","264","13","","","11","False","False"
"A5101872194","Sheng Xiang","0000-0002-1454-8240","10","826","75","I114017466","AU","24","False","True"
"A5004596545","Daniele Bianchi","0000-0002-2321-2108","14","992","58","","","15","False","False"
"A5070181594","Amy McGovern","0000-0001-6675-7119","35","4185","171","I8692664","US","28","False","True"
"A5040169411","Conner Galloway","","6","469","13","","","8","False","False"
"A5001374957","Aytuğ Onan","0000-0002-9434-5880","31","5901","148","I250383648","TR","15","False","True"
"A5073331205","Aosong Feng","0000-0002-5474-3796","6","229","36","I32971472","US","6","False","True"
"A5025946270","Sebastian Kujawa","0000-0002-5461-9170","17","870","62","I55783418","PL","35","False","True"
"A5066627747","Yahui Long","0000-0002-2765-3007","18","1788","52","I115228651","SG","10","False","True"
"A5092994450","Leonardo Banh","0000-0001-9185-0243","4","290","7","","","3","False","False"
"A5031774552","Yanjie Gao","0000-0003-1899-8561","11","563","41","I4210113369","CN","26","False","True"
"A2106530721","Shijie Feng","0000-0001-5797-8542","2","374","22","","","1","True","False"
"A5017858631","David Pujol-Perich","","4","141","9","I4387153096","","5","False","True"
"A5100738931","En Li","","9","3390","18","I4210086600","CN","23","False","True"
"A5100448465","Rui Liu","0000-0002-3606-0553","20","1477","119","I125839683","CN","24","False","True"
"A5075274005","Maria Koromina","0000-0001-8843-082X","14","2236","64","I98704320","US","9","False","True"
"A5044818286","Hengtao He","0000-0002-4659-6941","16","2585","82","I200769079","HK","9","False","True"
"A5103086589","Jianwen Jiang","0000-0002-8449-6992","8","660","18","","","7","False","False"
"A5071196836","David Baidoo-Anu","0000-0003-4628-3459","10","2515","46","I192455969","CA","9","False","True"
"A5063240098","Pavlo O. Dral","0000-0002-2975-9876","30","6168","229","I191208505","CN","17","True","True"
"A5065675092","Cameron Buckner","0000-0003-0611-5354","19","1657","67","","","19","False","False"
"A5004342069","Asha RB","","1","262","1","","","1","False","False"
"A5044295227","Ziadoon Kamil Maseer","0000-0002-2338-6650","3","458","6","I277213931","IQ","7","False","True"
"A5007932575","G. Sambasivam","","9","696","24","I4210134189","MY","14","False","True"
"A5069471778","Sikai Chen","0000-0002-5931-5619","24","2030","141","I135310074","US","16","False","True"
"A5067875697","Nan Wu","0000-0002-4953-5933","12","1762","22","I200296433","CN","6","False","True"
"A5100692320","Jianping Li","0000-0003-2192-1450","41","7364","595","I108160477","CN","37","True","True"
"A5038390721","Raquel Rodríguez-Pérez","0000-0002-2992-3402","21","2286","60","I1283582996","CH","10","False","True"
"A5101875107","Yinglong Li","0000-0001-9098-5314","10","836","61","I55712492","CN","21","False","True"
"A5085201576","Asmaa Halbouni","","6","489","10","","","3","False","False"
"A5015677036","Ronghui You","0000-0002-7608-4867","25","2613","59","I205237279","CN","20","False","True"
"A5012405763","Nir Shlezinger","0000-0003-2234-929X","40","6835","343","I124227911","IL","12","True","True"
"A2622904266","Fanzhen Liu","0000-0002-4110-2893","1","179","1","","","1","False","False"
"A5003022560","Weiwen Peng","0000-0001-9535-9187","33","5032","146","I117532281","CN","19","False","True"
"A5101991336","Kaiqiang Wang","0000-0003-4146-2431","16","1401","53","I17145004","CN","16","False","True"
"A5072083988","Araz Taeihagh","0000-0002-4812-4745","26","3265","119","I165932596","SG","17","False","True"
"A5021403650","Artur Meller","0000-0002-5504-2684","12","834","32","I204465549","US","35","False","True"
"A5079209743","Andaç Demir","0000-0002-2869-3879","5","145","20","","","6","False","False"
"A5089527913","Yi Qu","0000-0002-6353-0741","25","1917","198","I158842170","CN","28","False","True"
"A5079920843","Amin Madani","0000-0003-0901-9851","25","2997","127","I1325899441","CA","30","False","True"
"A5055230523","Aniekan Essien","0000-0001-9501-0647","13","958","31","","","10","False","False"
"A5003064960","Zachary Wu","0000-0003-2429-9812","12","12424","15","I4210090411","GB","7","False","True"
"A5017286499","Mladjan Jovanovic","0000-0003-2355-9424","13","839","68","I170253739","RS","40","False","True"
"A5039605632","Tengfei Song","0000-0003-0874-2845","12","2320","22","","","12","False","False"
"A5002981992","Johannes Schmidt-Hieber","0000-0003-2699-4990","10","1079","83","I94624287","NL","16","False","True"
"A5011121567","Alexander Y. Sun","0000-0002-6365-8526","49","7698","265","I1288783943","US","41","False","True"
"A5028297977","Randal S. Olson","","23","3196","68","I79576946","US","13","False","True"
"A5089524314","Mohsen Azimi","0000-0001-7406-6721","10","1172","30","I130701444","US","33","False","True"
"A5101568332","Shengdong Du","0000-0001-8035-405X","20","2477","65","I4800084","CN","9","False","True"
"A5003625164","Prabhakar Sharma","0000-0002-7585-6693","45","5772","186","","","39","False","False"
"A5018353156","Cosmin Anitescu","0000-0002-3791-6085","30","5423","98","I51441396","DE","16","False","True"
"A5087293314","Feridun Kaya","0000-0001-9549-6691","8","596","53","I64134780","TR","10","False","True"
"A5054316757","Jakub Olczak","","7","722","18","I28166907","SE","27","False","True"
"A5043722504","Solene Bechelli","","5","163","7","I133738476","US","7","False","True"
"A5013305041","Amrita Mohan","0000-0001-7984-924X","15","3383","52","","","20","False","False"
"A5050749830","Fangshu Yang","0000-0002-4980-7468","9","778","15","I204983213","CN","8","False","True"
"A5078784976","Yun Liu","0000-0003-4079-8275","44","13513","265","I1291425158","US","31","False","True"
"A5101736319","Tao Yan","0000-0002-1856-4854","11","1336","55","I125904092","CN","34","False","True"
"A5065408398","Sheldon Mascarenhas","0000-0002-0903-7622","1","414","2","","","2","False","False"
"A5013335372","Keng Siau","0000-0001-8139-4467","56","13287","433","I79891267","SG","35","True","True"
"A5028103486","Xiangyong Cao","0000-0001-7912-3457","25","2480","143","I56934997","CN","29","False","True"
"A5019554383","Tom Nadarzynski","0000-0001-7010-5308","16","1887","69","I94951947","GB","13","False","True"
"A5038855458","Abu Reza Md. Towfiqul Islam","0000-0001-5779-1382","69","17704","587","I122640774","AE","56","True","True"
"A5039265818","Shuxuan Xie","0000-0002-4152-4666","10","994","16","","","3","False","False"
"A5097135943","Parshv Chhajer","","1","201","1","","","1","False","False"
"A5074468971","Yongcheng Jing","0000-0001-8925-5787","18","1750","39","I129604602","AU","11","False","True"
"A5041673317","Paul R. Krausman","0000-0003-4314-9668","48","9910","379","","","54","False","False"
"A5089183436","Kwei-Herng Lai","0000-0001-8933-7117","14","831","43","I74775410","US","8","False","True"
"A5057315354","Jinzhu Lu","0000-0001-5182-7508","9","1006","19","I102345215","CN","10","False","True"
"A5066873478","Faisal Kalota","0000-0003-1735-0624","5","169","21","I198089087","US","14","False","True"
"A5104729968","Thomas Peters","","20","3632","78","","","38","False","False"
"A5004582604","William DeGroat","","21","2345","69","I102322142","US","63","False","True"
"A5055856506","Pawan Budhwar","0000-0001-8915-6172","73","18840","461","I169199633","GB","30","True","True"
"A5045225481","Danshi Wang","0000-0001-9815-4013","30","3747","260","I139759216","CN","21","True","True"
"A5025970118","Fasikaw Kibrete","0000-0002-1832-1764","4","296","17","I4210129636","ET","5","False","True"
"A5027171928","Yoseob Han","0000-0002-0382-7826","16","3296","51","I141371507","KR","11","False","True"
"A5100455768","Fei Wang","0000-0001-9459-9461","58","17185","536","I10660446","CN","43","True","True"
"A5100308060","Qingqiang Sun","0000-0002-7042-5640","8","939","23","","","13","False","False"
"A5018245671","Ayushi Chahal","0000-0003-3482-9565","5","137","11","","","7","False","False"
"A5089077811","Sudeep Tanwar","0000-0002-1776-4651","82","24101","882","I158248296","IR","17","True","True"
"A5040810573","Raban Iten","0000-0001-5332-5093","8","830","30","I35440088","CH","8","False","True"
"A5061187994","Uzair Aslam Bhatti","0000-0002-8743-2783","38","4751","255","I20942203","CN","9","True","True"
"A5064486960","Muhammad E. H. Chowdhury","0000-0003-0744-8206","47","11232","401","I205746353","BD","46","False","True"
"A5101969334","Xuhao Luo","0009-0002-9054-8389","8","1329","17","I116953780","CN","7","False","True"
"A5100612105","Yanqing Zhang","0000-0003-2349-1925","34","5627","257","I119454577","CN","31","False","True"
"A5100613232","Priyanka Sharma","0000-0002-9503-1170","18","1535","133","I145286018","IN","45","False","True"
"A5102950133","Zeshan Hyder","0009-0002-2395-6622","4","132","13","","","14","False","False"
"A5100606147","Yansheng Li","0000-0001-8203-1246","48","9992","289","I10535382","CN","38","False","True"
"A5050392672","Emilio Calvanese Strinati","0000-0001-9346-8478","30","4894","214","I2738703131","FR","24","False","True"
"A5062335461","Stefano Zorzi","0000-0002-3537-4649","7","234","16","I193223587","IT","7","False","True"
"A5086228347","Yufei Liu","0000-0002-5253-0850","6","382","23","I9224756","CN","20","False","True"
"A5013232664","Steph-Yves Louis","0000-0003-1954-5791","8","509","22","I155781252","US","3","False","True"
"A5043658621","Peter A. Noseworthy","0000-0002-4308-0456","76","26464","719","I1330342723","US","26","True","True"
"A5101622784","Zhen Zhu","0000-0001-7735-2192","31","6960","119","I20581793","GB","24","False","True"
"A2936270242","Maxence Bouvier","0000-0001-6804-9458","1","221","1","","","1","False","False"
"A5026788438","Nenad Milojević","","3","89","8","I4210142455","RS","14","False","True"
"A5063677259","Masahiro Ryo","0000-0002-5271-3446","30","5345","152","I4210113030","DE","24","False","True"
"A5101936817","Yifan Deng","0000-0002-0077-9718","15","983","59","I24943067","CN","12","False","True"
"A5049727497","Sara Fridovich-Keil","","9","2950","26","","","8","False","False"
"A5048852634","Alexander LeNail","0000-0001-8173-2315","7","1844","9","I1344073410","US","6","False","True"
"A5044750250","Dong Van Dao","0000-0001-5396-1452","12","1595","25","","","19","False","False"
"A5028687055","Xian Liu","0000-0002-5398-4707","11","798","88","I141649914","CN","30","False","True"
"A5017840476","Ibrahim Habli","0000-0003-2736-8238","29","3396","177","I52099693","GB","21","False","True"
"A5041854978","Thippa Reddy Gadekallu","","79","24939","490","I110360157","IN","124","False","True"
"A5059043808","Hassan Ali Khan","0000-0002-3311-363X","5","405","24","I4210142938","BH","12","False","True"
"A5064576950","Maciej Staszak","0000-0002-7602-7803","14","561","50","","","20","False","False"
"A5087829338","Monika Roopak","0000-0002-3654-6035","8","641","13","I147554453","GB","15","False","True"
"A5057115054","Amine Belhadi","0000-0003-4831-4941","43","6999","99","I4210106663","MA","10","False","True"
"A5100741076","Shuo Wang","0000-0002-3032-8723","17","2032","50","I196699116","CN","33","False","True"
"A5032710276","Sensong An","0000-0003-4098-916X","22","2598","113","I133738476","US","44","False","True"
"A5101956052","Xiangying Zhang","0000-0003-3662-4491","12","516","40","I183519381","CN","17","False","True"
"A5010266892","Toke T. Høye","0000-0001-5387-3284","49","12212","256","I204337017","DK","22","True","True"
"A5021895255","Ahmed Salih","0000-0002-0871-8282","15","1174","100","I1307195382","GB","17","False","True"
"A5084296935","Tommaso Dreossi","","16","1048","42","","","12","False","False"
"A5068764293","Geum Hee Jeong","0000-0002-2254-1962","13","668","221","I146824383","KR","36","False","True"
"A5018468404","M. J. Hillier","0000-0002-5666-2527","15","958","93","I1281735042","CA","68","False","True"
"A5071587677","Chi-Sing Ho","0000-0002-3373-3548","8","1164","21","I4210114883","US","19","False","True"
"A3043644419","Zhuoran Qiao","0000-0002-5704-7331","1","2","4","","","1","False","False"
"A5066037635","Abdulalem Ali","0000-0001-5542-5952","10","575","19","I55285296","MY","13","False","True"
"A5082731457","Fotis Kitsios","0000-0001-7269-5567","31","4132","171","","","20","False","False"
"A5015900507","Xingyuan Xu","0000-0002-8190-4700","47","15160","296","I1327237609","CN","33","False","True"
"A5041142673","Owen Queen","","7","250","16","","","68","False","False"
"A5006173807","Ljubisa Sehovac","0000-0001-5152-5390","3","298","4","I125749732","CA","2","False","True"
"A5101478660","Huan Zhao","0000-0002-0320-8718","22","2711","73","I183519381","CN","12","False","True"
"A5030356525","Changwu Huang","0000-0003-3685-2822","12","1083","47","I3045169105","CN","43","False","True"
"A5011689338","Michael E. Matheny","0000-0003-3217-4147","64","15277","504","I1322918889","US","36","True","True"
"A5037145241","Anand Chandrasekaran","","21","4080","53","I203455613","US","21","False","True"
"A5110691154","Usha Ruby A","","3","547","3","I885392262","IN","2","False","True"
"A5006330291","Luke de Oliveira","0000-0001-7566-6593","8","1218","19","","","9","False","False"
"A5108293502","Lianlin Li","","12","2180","29","I111483173","US","12","False","True"
"A5089821617","Ryan Hamerly","0000-0003-4976-2236","25","3102","153","I4210112840","US","15","True","True"
"A5001133932","Difei Gao","0000-0001-8494-3492","14","619","63","I165932596","SG","11","False","True"
"A5048341546","Husein Perez","0000-0001-6475-5638","5","378","15","I124261462","GB","17","False","True"
"A5102748764","A Angel Nancy","","3","368","6","I4076070","IN","7","False","True"
"A5038613570","Alexandros Nikitas","","30","3335","116","I133837150","GB","18","False","True"
"A5012686016","Zhiqiang Zhong","0000-0002-1226-5597","17","1095","157","I204337017","DK","25","False","True"
"A5064879331","Peter Ström","0000-0002-1631-806X","24","2550","61","","","31","False","False"
"A5057135403","Yanfei Guan","0000-0003-1817-0190","17","1752","42","","","12","False","False"
"A5082640331","Hong Hui Tan","0000-0003-0633-1292","5","215","11","I158949172","MY","4","False","True"
"A5100445079","Yu Wang","0000-0001-6908-508X","16","816","73","I181233156","US","24","False","True"
"A5041978952","Hyeyun Lee","0009-0000-4859-9647","5","226","20","","","24","False","False"
"A5027132241","Sivakannan Subramani","0000-0003-1259-5665","3","132","28","I197979904","US","7","False","True"
"A5089381779","Matthew D. Nemesure","0000-0002-2369-600X","12","530","37","","","8","False","False"
"A5037510570","Thomas George Thuruthel","0000-0003-0571-1672","21","3591","75","I45129253","GB","10","False","True"
"A5088031793","Javeria Amin","0000-0003-1080-5446","31","4679","78","","","16","False","False"
"A5100769291","Qilin Li","0000-0001-6584-8879","15","730","83","I205640436","AU","23","False","True"
"A5112529548","Quang Hung Nguyen","0009-0006-8312-064X","6","746","21","I170238339","VN","28","False","True"
"A2920180535","Sarah Leclerc","0000-0002-4271-0292","2","1152","2","","","1","False","False"
"A5027947727","V.A. Abhishek","","1","502","5","","","3","False","False"
"A5069977468","Paul Henman","0000-0002-9923-6587","20","1598","170","I165143802","AU","31","False","True"
"A5004285243","Serge-Lopez Wamba-Taguimdje","0000-0002-4493-4695","4","1062","7","I201841394","FR","5","False","True"
"A5078716102","Jonathan Frankle","","20","3380","54","","","10","False","False"
"A5016457193","Mohammed Abubaker","0000-0002-7231-3394","7","439","18","I2799609188","PS","14","False","True"
"A5012024270","Zhengquan Zhang","0000-0002-7347-0324","25","4519","131","I4210146959","CN","38","False","True"
"A5076132418","Van Hiep Phung","0000-0002-7424-154X","2","317","2","I145808223","KR","2","False","True"
"A5059917312","Shiqi Gong","0000-0002-6707-8983","5","137","13","I52180223","CN","4","False","True"
"A5007958597","Golnar Karimian","","10","497","24","I34352273","NL","16","False","True"
"A5014624582","Nader Chmait","0000-0002-3152-382X","9","297","15","","","10","False","False"
"A5083033336","Neelum Noreen","0000-0002-5965-8822","6","613","8","I4210120792","NZ","14","False","True"
"A5022881493","Chenglong Zhao","0000-0002-4583-4258","9","707","34","I18894396","JP","7","False","True"
"A5060145210","Sumit Sharma","","1","158","1","","","1","False","False"
"A5003004347","Jesper E. van Engelen","0000-0001-7220-5441","3","2302","5","","","7","False","False"
"A2322451211","Zexin Hu","0000-0002-3081-0659","1","273","1","","","1","False","False"
"A5028385408","Philipp V. Rouast","0000-0003-2282-8178","5","476","10","","","8","False","False"
"A5075177491","Aleš Završník","0000-0002-4531-2740","9","530","29","","","18","False","False"
"A5018750194","Saeed Nosratabadi","0000-0002-0440-6564","19","1540","84","I1290523313","HU","10","False","True"
"A5055052124","Tran Minh Quan","0000-0001-7374-9168","15","1587","32","I4210142044","VN","10","False","True"
"A5100757031","Kaili Wang","0009-0004-1664-5943","20","1535","88","I139660479","CN","18","False","True"
"A5080164556","Uday Pratap Singh","0000-0003-2077-0793","24","2893","129","I4210142231","IN","63","False","True"
"A5012654082","Thomas Schaffter","0000-0002-8242-9462","14","2854","31","","","50","False","False"
"A5014137404","Ryosuke Jinnouchi","0000-0002-0822-1161","31","6054","125","I1293612202","CH","26","False","True"
"A5075207922","Ailing Zeng","0000-0002-3783-0679","20","3600","94","I2250653659","CN","8","True","True"
"A5078153391","Zahir Kanjee","0000-0001-9287-4503","13","1187","53","I1316535847","US","15","False","True"
"A5068419123","David Baldwin","0000-0001-8410-7160","54","14340","593","I142263535","GB","62","False","True"
"A5009817892","Md Manjurul Ahsan","0000-0003-0900-7930","22","2819","78","I187761245","IN","12","False","True"
"A5081478732","Pankaj Chittora","0000-0001-9047-3001","6","430","9","I164861460","IN","8","False","True"
"A5024339113","Marco Pennacchiotti","","28","4709","68","I4210134091","US","19","False","True"
"A5062903281","Özlem Özmen Garibay","0000-0001-9215-694X","8","686","68","","","23","False","False"
"A5056698990","Ansong Li","0000-0002-5263-1192","4","109","7","","","4","False","False"
"A5102889969","Laith Alzubaidi","0000-0002-7296-5413","32","10835","115","I160993911","AU","10","True","True"
"A5103249865","Ken Masters","0000-0003-3425-5020","24","3221","119","I47818738","OM","23","False","True"
"A5041170845","Jing Zheng","0000-0003-2540-6077","13","942","75","I126231945","GB","25","False","True"
"A5060238507","Feichin Tschang","","18","1739","62","I79891267","SG","32","False","True"
"A5055884793","Randi Williams","0000-0002-7740-5749","14","1346","26","I63966007","US","41","False","True"
"A5014625391","Zhiyuan Zhang","0000-0003-3945-5638","19","1761","128","I147230869","CN","31","False","True"
"A5040786047","Roweida Mohammed","","3","606","6","I156983542","JO","6","False","True"
"A5101794864","Tao Ji","0000-0002-7671-5921","15","878","114","I1327237609","CN","31","False","True"
"A5046551327","Jiang Huixian","0000-0001-5511-1996","5","245","27","","","21","False","False"
"A5016405376","Michael M. Tadesse","0000-0002-7967-4651","5","851","6","I27357992","CN","3","False","True"
"A5059667518","Apeksha Nagesh Shewalkar","","2","533","2","I57328836","US","2","False","True"
"A5056267214","Damien Warren Fernando","0000-0002-8150-431X","3","138","3","I180825142","GB","4","False","True"
"A5057226132","Achim Hekler","0000-0002-4974-2457","30","4560","64","I17937529","DE","16","False","True"
"A5030511916","Muhammad Ashfaq Khan","0000-0001-9664-2734","10","772","17","I25974101","DE","13","False","True"
"A5100350377","Yang Chen","0000-0001-8697-003X","22","2408","169","I154099455","CN","24","False","True"
"A5031115758","Qifeng Bai","0000-0001-7296-6187","23","1702","89","I76214153","CN","16","False","True"
"A5100351954","Lin Zhang","0000-0003-3889-492X","25","2873","170","I150229711","CN","29","False","True"
"A5006963574","Suhwan Ji","0000-0001-8934-6099","4","429","19","I193775966","KR","8","False","True"
"A5062796058","Yang Zhou","0000-0002-2001-427X","5","163","32","","","13","False","False"
"A5018880861","Asaf Raza","0000-0002-9597-5892","5","525","9","I45204951","IT","4","False","True"
"A5078519973","Wei Liang","0000-0002-5074-1363","33","3940","335","I121296143","CN","23","True","True"
"A5101599383","Yonghao Liu","0000-0001-8621-7144","7","293","29","I193223587","IT","17","False","True"
"A5005882134","Frederik Kratzert","0000-0002-8897-7689","31","6302","185","I1291425158","US","121","False","True"
"A5000727440","Dominik Kreuzberger","","4","509","4","I4210095996","DE","3","False","True"
"A5039774878","Amit Kumar Tyagi","0000-0003-2657-8700","34","4712","451","I25621075","IN","32","True","True"
"A5060417049","Cheng Yang","0000-0001-7821-0030","34","10497","305","I123534392","US","27","True","True"
"A5001962263","Karl K. Berggren","0000-0001-7453-9031","67","15438","485","I63966007","US","34","True","True"
"A5036554878","Guanghan Duan","0000-0001-7128-3085","2","105","2","I151727225","CN","3","False","True"
"A2517700147","Nhan Cach Dang","","1","512","1","","","1","False","False"
"A5041333761","Jing Xu","0000-0002-9900-4081","21","1222","116","I4210127843","CN","35","False","True"
"A5010448318","Sehrish Qummar","0000-0003-0179-0238","3","818","5","I102134673","SE","7","False","True"
"A5043001549","Mingchen Sun","0000-0002-7199-0836","3","134","15","I194450716","CN","4","False","True"
"A5101786299","Kezhi Li","0000-0003-3073-3128","30","3696","1412","I130701444","US","31","True","True"
"A5100612895","Senthil Kumar Swami Durai","0000-0003-0331-9634","3","253","8","I157674215","IN","4","False","True"
"A5050220402","David Alexander Tedjopurnomo","0000-0002-8187-2737","5","408","7","I4210135439","ES","6","False","True"
"A5019800090","Vasileios Linardos","0000-0003-0841-2926","3","294","9","I183898223","GR","5","False","True"
"A5022794867","Maximilian Harl","0000-0001-7522-5296","3","106","7","","","6","False","False"
"A5100347672","Xiaofeng Li","0000-0001-7038-5119","63","14124","772","I151727225","CN","38","True","True"
"A5007253775","Kefan Wang","","1","73","3","","","3","False","False"
"A5062362866","Weisi Guo","0000-0003-3524-3953","37","5829","445","I82284825","GB","18","True","True"
"A5086794415","Ömer Aslan","0000-0003-0737-1966","14","1774","31","I3133171086","TR","10","False","True"
"A5026465320","Vincent C. Müller","0000-0002-4144-4957","21","2431","129","I179450942","GR","43","False","True"
"A5023686923","Hanxuan Cai","","6","314","13","I90610280","CN","14","False","True"
"A5100655628","Zheng Liu","0009-0009-0821-6176","14","989","80","I151727225","CN","23","False","True"
"A5050918754","Monika Hooda","0000-0003-1934-5028","3","375","4","I905734797","IN","12","False","True"
"A5100351617","Jiang Wang","0000-0002-3871-598X","32","4479","105","I165745306","CN","37","False","True"
"A5038799099","Ananda S. Paymode","","2","394","3","","","3","False","False"
"A5039312148","Hyuk-Il Choi","","1","144","1","I139264467","KR","1","False","True"
"A5016833874","Zhenyuan Du","0009-0006-6248-5092","4","221","14","I172675005","SG","9","False","True"
"A5100736214","Zijie Li","0000-0002-8566-7538","14","737","57","I24185976","CN","16","False","True"
"A5003407341","Lai‐Wan Wong","0000-0003-1961-8452","16","3077","23","I4210134189","MY","10","False","True"
"A5080284380","Miriam Caroline Buiten","","7","405","32","I202963720","CH","9","False","True"
"A5020459930","Nishith Reddy Mannuru","0000-0002-6423-4899","10","1417","39","I123534392","US","4","False","True"
"A5072323558","Francisco-Javier Hinojo-Lucena","","5","515","9","I173304897","ES","6","False","True"
"A5060601752","Nil Göksel","0000-0002-3447-2722","6","248","24","","","19","False","False"
"A5100406096","Xinyu Li","0000-0002-1919-2327","10","622","30","I76569877","CN","16","False","True"
"A5047021537","Sameer Wagh","","15","1131","29","I20089843","US","18","False","True"
"A5086149771","Haroon Sheikh","0000-0002-3088-7197","3","267","12","","","4","False","False"
"A5029039267","Osama Faker","0000-0002-9281-7944","2","217","2","I45542416","TR","6","False","True"
"A5115694843","Allison Park","","3","1047","4","I4210166639","GB","4","False","True"
"A5039869643","Charlene Ronquillo","0000-0002-6520-1765","16","1289","108","I141945490","CA","21","False","True"
"A5081020810","Thomas J. Struble","0000-0003-1695-2367","12","1205","29","I1285764155","US","11","False","True"
"A5100421444","Yang Li","0000-0002-1890-8178","8","263","18","","","20","False","False"
"A5114136127","Jiahong Cai","0000-0001-5118-8777","11","491","43","I170215575","CN","8","False","True"
"A5021284480","Dingyi Zeng","0000-0002-1572-7400","7","145","25","I150229711","CN","4","False","True"
"A5057354021","Ramanpreet Kaur","0000-0001-6053-3704","12","867","97","I3006985408","SI","17","False","True"
"A2337075135","Zhongkai Hao","","0","0","5","","","1","False","False"
"A5048049246","CMAK Zeelan Basha","0000-0003-0633-7969","19","949","70","I875944469","IN","6","True","True"
"A5101719390","Haozhe Wang","0000-0002-1538-1665","11","1108","58","I200845125","CN","15","False","True"
"A5078936693","Phillip E. Pope","","24","1941","66","","","119","False","False"
"A5012081999","Halit Apaydın","0000-0002-9875-7321","18","1428","62","I149218525","TR","29","False","True"
"A5029816810","Dan Miléa","0000-0002-6388-8639","49","8460","353","I2540865","FR","32","True","True"
"A5046530261","Jeremy Knox","0000-0003-3486-9487","36","5248","150","","","83","False","False"
"A5024094977","Bogdan Bochenek","0000-0002-7096-7589","12","843","38","I4210139920","PL","11","False","True"
"A5084640876","Mohit Sewak","0000-0001-8375-5713","18","1273","62","I4210124949","IN","9","False","True"
"A5083739475","Songgaojun Deng","0000-0002-9822-9270","7","328","16","I887064364","NL","7","False","True"
"A5073601707","Shengsheng Qian","0000-0001-9488-2208","31","3093","117","I19820366","CN","26","False","True"
"A5066113226","Olufemi A. Omitaomu","0000-0002-3078-7196","24","3193","202","I1289243028","US","27","False","True"
"A5058677067","Martin Seneviratne","0000-0003-0435-3738","18","3959","46","","","17","False","False"
"A5072339586","Shu Lih Oh","0000-0003-3006-1958","40","10276","65","I58236372","SG","19","False","True"
"A5089665572","Mohammad H. Tahersima","0000-0001-6759-8869","15","1322","73","I4210144891","US","15","False","True"
"A5074874504","Luca Franceschi","0000-0002-1810-1016","9","540","30","","","8","False","False"
"A5056693758","Jingcong Li","0000-0003-4931-3035","14","780","50","I187400657","CN","24","False","True"
"A5057518673","Olusola Bamisile","0000-0002-5154-6404","36","3824","200","I31595395","CN","11","True","True"
"A5032861309","Yingjie Tian","0000-0002-4675-0398","44","10696","517","I116953780","CN","28","True","True"
"A5045420633","Osman Boyaci","0000-0001-6909-6432","6","328","15","I91045830","US","7","False","True"
"A5101605893","Yuanyuan Jiang","0000-0001-8594-6046","9","333","19","I157773358","CN","11","False","True"
"A5002077183","Tudor-Cosmin Ciocan","0000-0002-8801-7426","3","288","73","","","14","False","False"
"A5015486123","Shuting Jin","0000-0002-8113-9367","16","1034","49","I43922553","CN","20","False","True"
"A5071592295","Nikita Silaparasetty","","6","260","13","","","1","True","False"
"A5043697901","Qiaoyu Tan","0000-0001-8999-968X","17","971","63","I258800397","CN","8","False","True"
"A5055531202","Linyang Zhu","0000-0003-2334-8715","7","562","19","I4800084","CN","10","False","True"
"A5061489618","Hooman Farzaneh","0000-0002-3753-5928","23","2237","147","I135598925","JP","23","False","True"
"A5039573083","Zizheng Guo","0000-0002-0724-5356","13","574","44","I20231570","CN","6","False","True"
"A5100435416","Xiaoyu Yang","0000-0001-8858-8619","15","1189","86","I165951966","US","32","False","True"
"A5010801490","Meyke Hermsen","0000-0002-2531-7077","17","5984","33","I145872427","NL","11","False","True"
"A5080679036","Harrison X. Bai","0000-0002-7460-8866","26","4947","121","I145311948","US","15","False","True"
"A5012624241","Olga Fuks","0000-0001-5228-0372","3","272","7","I4210110829","RU","7","False","True"
"A5065195395","Renzhuo Wan","0000-0003-2649-4515","6","418","13","I165932596","SG","35","False","True"
"A5073866871","Alexander Krull","0000-0002-7778-7169","20","5008","90","I79619799","GB","14","False","True"
"A5002672385","Andreas Rosenkranz","0000-0002-9006-1127","55","10232","260","I2802531901","CL","70","False","True"
"A5063499667","Bill Cope","0000-0003-2129-395X","52","17680","398","I157725225","US","56","False","True"
"A5039152398","Phillip M. Cheng","0000-0002-8559-7031","18","2322","53","I125749732","CA","31","False","True"
"A5030240885","Mengda Huang","","1","69","1","I4210090176","CN","1","False","True"
"A5083978771","Akriti Jaiswal","0000-0002-1395-8117","3","191","7","I1317621060","IN","6","False","True"
"A5100381022","Yingying Wang","0000-0002-8805-6724","20","1444","97","I111381250","CN","28","False","True"
"A5011904499","Ismail Dergaa","0000-0001-8091-1856","27","3006","170","I142899784","TN","7","True","True"
"A5009042729","Sina Ardabili","0000-0002-7744-7906","38","4997","166","I72341708","IR","10","True","True"
"A5055955189","Jiongming Qin","0000-0003-4990-3430","6","589","11","I37461747","CN","7","False","True"
"A5091052053","Jeannette Paschen","","15","2991","34","I30108710","CA","6","False","True"
"A5085820343","Aaron E. Maxwell","0000-0002-4412-5599","30","4604","147","I12097938","US","32","False","True"
"A5052262400","Ashish Sarraju","0000-0003-1649-2110","20","1543","112","I1316902750","US","14","False","True"
"A5079060420","Chenguang Zhao","0000-0002-2619-5905","22","2095","63","I4210158926","CN","22","False","True"
"A5032277491","Zhao Li","0000-0002-5056-0351","46","11225","795","I101479585","CN","34","True","True"
"A5075824654","Miquel Ferriol-Galmés","0000-0002-7806-2979","10","542","30","I4210160192","ES","8","False","True"
"A5056540491","Chiranjib Chakraborty","0000-0002-3958-239X","61","18241","394","I146824383","KR","58","False","True"
"A5076598286","Arka Daw","0009-0006-3319-1271","5","834","28","I1289243028","US","7","False","True"
"A5002662217","Carl Sabottke","0000-0003-2176-0845","10","767","30","I138006243","US","16","False","True"
"A5005670932","Zhishuang Yang","0000-0001-7940-3109","9","252","45","I1327237609","CN","20","False","True"
"A5059709287","Jordan Richardson","0000-0002-5795-5241","8","641","23","I1330342723","US","35","False","True"
"A5070697660","Wei Emma Zhang","0000-0002-0406-5974","28","3715","332","I4210127558","AU","30","True","True"
"A5101500385","Weiwen Liu","0000-0002-9148-3997","21","1359","114","I183067930","CN","23","False","True"
"A2736287328","Max H. Farrell","","2","21","14","","","1","True","False"
"A5101719179","Garam Lee","0000-0001-9281-7349","25","5677","78","I118373667","KR","16","False","True"
"A5002440759","Jingyi Shen","0000-0001-5478-3993","6","455","16","I52357470","US","9","False","True"
"A5037528486","Taher M. Ghazal","0000-0003-0672-7924","53","8670","183","I104941359","JO","23","False","True"
"A5077647596","Muammer Türkoğlu","0000-0002-2377-4979","18","1892","67","I4210115931","TR","13","False","True"
"A5085567433","Andrew Churcher","0000-0003-1687-3749","1","400","1","I251738","GB","1","False","True"
"A5112672167","Meha Desai","","3","482","4","","","4","False","False"
"A5052030441","Qiongfeng Shi","0000-0002-5979-1420","59","12315","148","I4210139097","US","10","True","True"
"A2154693434","Dane Morgan","0000-0002-4911-0046","6","424","25","","","1","True","False"
"A5033061754","Simon S. Du","0000-0003-0056-8299","32","4583","213","I201448701","US","13","True","True"
"A5060244800","Andrea Mari","0000-0002-5785-3093","30","4922","101","I112859197","IT","59","False","True"
"A5079717057","Jasneet Kaur","0000-0002-7277-8992","2","230","12","","","13","False","False"
"A2396345123","Vinay Joshi","0000-0001-6031-1669","1","1","11","","","1","True","False"
"A5100457935","Weijia Zhang","0000-0001-5085-5216","12","531","60","I132369690","CN","29","False","True"
"A5085556660","Pierre-Amaury Grumiaux","","3","315","13","I4210117005","FR","7","False","True"
"A5031035592","Madalina Busuioc","0000-0001-8838-8895","23","2680","62","I865915315","NL","21","False","True"
"A5100364149","Peng Zhang","0000-0002-5858-207X","9","1091","16","I99065089","CN","11","False","True"
"A5044695231","Ziyu Lyu","0000-0002-3049-0085","8","332","44","I157773358","CN","6","False","True"
"A5063225593","Natei Ermias Benti","0000-0002-1250-6944","15","986","44","I4537092","ET","9","False","True"
"A5100679575","Jie Hu","0000-0002-5150-1003","11","38176","29","I79576946","US","10","False","True"
"A2101292898","Xing Su","0000-0001-8532-1142","1","6","24","","","1","True","False"
"A5040759280","Tieyun Qian","0000-0003-4667-5794","24","2724","166","I37461747","CN","22","False","True"
"A5043275774","Zhihao Xing","0000-0003-1353-8507","2","73","2","","","3","False","False"
"A5022712723","Emmanuel Gbenga Dada","0000-0002-1132-5447","17","1951","73","","","16","False","False"
"A5018506109","Sebastian Cammerer","0000-0002-7614-5156","17","2569","87","","","10","False","False"
"A5101986241","He Zhang","0000-0002-5796-7891","3","82","7","I82951845","AU","8","False","True"
"A5054362485","Enrico Camporeale","0000-0002-7862-6383","26","2369","219","I166337079","GB","22","False","True"
"A5081809692","James Wexler","0009-0006-8105-6998","13","2454","30","I1291425158","US","9","False","True"
"A5061095526","Wei‐Chun Chou","0000-0003-3355-6921","27","2893","90","I103635307","US","24","False","True"
"A5067601641","Mustafa Yağcı","0000-0003-2911-3909","10","795","51","I204483917","TR","20","False","True"
"A5091880910","Qi‐Jun Hong","0000-0002-5970-0605","24","2472","69","I55732556","US","17","False","True"
"A5019048861","Kan Guo","0000-0002-9828-1028","9","1137","31","I37796252","CN","13","False","True"
"A5039414456","Tania Babina","","16","1565","51","I66946132","US","11","False","True"
"A5057119257","Stephen Lau","0000-0002-7183-0461","8","770","14","","","14","False","False"
"A5042041573","Dominik Klepl","0000-0001-7584-9074","6","236","15","","","4","False","False"
"A5109246682","Philipp Schmidt","","11","864","22","I4210089985","DE","16","False","True"
"A5029556978","Marko Arsenović","0000-0002-1405-7855","8","2964","22","I170726198","RS","10","False","True"
"A5037281601","Masoumeh Siar","0000-0003-0293-7844","3","236","3","I155419210","IR","3","False","True"
"A5045680799","Tetiana Zubatiuk","0000-0002-2866-7849","9","716","22","I74973139","US","13","False","True"
"A5042771416","Wei Cui","0000-0002-3202-0941","10","711","78","","","27","False","False"
"A5054856064","Zachari Swiecki","0000-0002-7414-5507","18","1471","82","I56590836","AU","12","False","True"
"A5071294124","Ming Yin","0000-0002-7364-139X","28","2854","145","I219193219","US","24","False","True"
"A5059105298","Liang Qu","0000-0002-2755-7592","11","580","73","I2802553946","CN","39","False","True"
"A5050832111","Nykan Mirchi","0000-0002-3742-4611","16","1376","25","I1292859797","CA","6","False","True"
"A5082820311","Zhongke Gao","0000-0002-9551-202X","47","7110","249","I162868743","CN","40","False","True"
"A5048111735","Abdulhakim M. Abdi","0000-0001-6486-8747","22","1943","78","","","19","False","False"
"A5114973490","Ziniu Hu","0000-0003-4663-0166","16","2231","37","I122411786","US","9","False","True"
"A5000116428","Yechong Huang","","6","454","10","I4210128910","HK","5","False","True"
"A5100747243","J. Duarte","0000-0002-5076-7096","133","90652","1995","I122411786","US","64","True","True"
"A2306512420","Changming Wu","0000-0002-8901-6900","2","614","2","","","1","False","False"
"A2102512910","Jingjing Wang","0000-0001-5270-944X","6","126","239","","","1","True","False"
"A5033299848","W. Holmes","0000-0002-8352-1594","37","8111","275","","","169","False","False"
"A5054644640","Yaping Qi","0000-0002-0367-3695","17","1345","67","I173899330","CN","19","False","True"
"A2076778016","Nathan Killoran","0009-0004-5021-7467","3","310","22","","","1","True","False"
"A5029928585","Haoxing Ren","0000-0003-1028-3860","27","2616","172","I1304085615","GB","26","False","True"
"A5078367183","Guyue Huang","0000-0002-1280-4781","8","488","20","I154570441","US","6","False","True"
"A5039534003","Zeynep Ünal","0000-0002-9954-1151","10","421","33","I198265615","TR","9","False","True"
"A5025722463","Noreen Fatima","0000-0001-9880-9024","5","330","16","I193223587","IT","11","False","True"
"A5073309846","Markus Leippold","0000-0001-5983-2360","34","4835","248","I202697423","CH","27","False","True"
"A5103899200","Suman Raj","","1","323","1","I59475050","IN","1","False","True"
"A5054626635","Joey H. Li","0000-0002-3865-5876","10","1133","55","I161318765","US","17","False","True"
"A5066082293","Aechan Kim","0000-0003-2205-7174","1","242","1","","","1","False","False"
"A5031038449","Vidit Shukla","","2","74","6","","","3","False","False"
"A5101729046","Simarjeet Kaur","0000-0002-9354-8686","3","237","6","","","8","False","False"
"A5058614350","Safial Islam Ayon","0000-0002-0970-0455","11","1156","23","I176453806","DE","6","False","True"
"A5083004030","Zhipu Xie","0000-0003-0652-0683","7","235","30","","","7","False","False"
"A2486359426","Hongji Huang","0000-0001-8107-9889","0","0","2","","","1","False","False"
"A5071655569","Karthik Kashinath","0000-0002-9311-5215","25","3414","154","I148283060","US","16","False","True"
"A5022306987","Krystyna Jarek","","2","240","2","I111398093","PL","2","False","True"
"A5078699564","Emilio Ferrara","0000-0002-1942-2831","64","18118","1810","I1174212","US","45","True","True"
"A5013445809","Sunil S. Harakannanavar","0000-0001-8432-6478","8","590","40","","","9","False","False"
"A5053510344","Archana Singh","0000-0001-5365-6351","21","3357","238","I177828482","IN","35","False","True"
"A5064836784","Heba Askr","0000-0002-3252-5210","9","488","22","I338016083","EG","7","False","True"
"A5005798973","Cenk Tüysüz","0000-0003-0257-9784","13","1079","44","I2801876189","DE","7","False","True"
"A5039401755","Rehan Ullah Khan","0000-0003-3323-2732","26","1957","115","I156216236","SA","30","False","True"
"A5101655460","Duc Khuong Nguyen","0000-0002-7796-8787","65","15871","402","I177233841","VN","21","True","True"
"A5103026011","Zhuoqing Chang","0000-0003-2391-7957","4","361","12","I37461747","CN","13","False","True"
"A5100445851","Xue Zhang","0000-0002-6579-7845","14","928","149","I100357981","CN","37","False","True"
"A2096501847","Xu Zou","0000-0002-0251-7404","1","24","9","","","1","False","False"
"A5057660509","Zeren Shui","","4","87","7","","","6","False","False"
"A5050285456","Ling-han Song","","3","155","4","I99065089","CN","2","False","True"
"A5006917757","Cheng Hsu","","5","152","7","I91807558","TW","30","False","True"
"A5073832633","Ajay Vikram Singh","0000-0002-9875-7727","45","6551","187","I2801133538","DE","31","False","True"
"A5064780640","Akiyoshi Tsuboi","0000-0003-4154-658X","9","1078","89","I113306721","JP","58","False","True"
"A5108546231","Quang Tran Ngoc","","2","84","3","I191879574","KR","5","False","True"
"A5085352512","Sayed Fayaz Ahmad","0000-0001-6866-3749","22","2123","71","I4210150297","PK","15","False","True"
"A5044856422","Dinithi Nallaperuma","","5","424","9","I196829312","AU","11","False","True"
"A5023880578","Thomas K. F. Chiu","0000-0003-2887-5477","44","8444","138","I177725633","HK","12","True","True"
"A5017789090","Nathalie A. Smuha","0000-0001-6104-2114","10","978","32","I99464096","BE","8","False","True"
"A5049093657","Mingle Xu","0000-0003-2662-6864","10","787","26","I80611190","KR","9","False","True"
"A5013958031","Adam M. Chekroud","0000-0002-0497-596X","24","4496","59","I32971472","US","12","False","True"
"A5012028322","Lumin Yang","","4","101","4","I76130692","CN","5","False","True"
"A5000554104","Georgios Kaissis","0000-0001-8382-8062","29","5826","236","I2802619606","DE","11","True","True"
"A5013233031","Ekkehard Ernst","0000-0001-6822-9766","17","1663","129","I1285985921","CH","35","False","True"
"A5028538265","Angelo Casolaro","0000-0002-7577-6765","4","141","12","I183638586","IT","4","False","True"
"A5100631937","Ying Song","0000-0002-4685-7267","23","2456","102","I200296433","CN","20","False","True"
"A5002064919","Juntao Tan","0000-0003-3646-933X","20","1154","79","I102322142","US","14","False","True"
"A5055451322","Ke Lin","0000-0002-3429-5877","26","2934","146","I115228651","SG","55","False","True"
"A5028779371","Bencheng Yan","","7","148","18","I45928872","CN","7","False","True"
"A5008460302","Nan Jia","0000-0002-5659-5731","25","3442","94","","","17","False","False"
"A5045978786","Malti Bansal","0000-0003-0577-7890","18","1486","82","","","16","False","False"
"A5014989322","Masateru Taniguchi","0000-0002-0338-8755","47","8889","416","I4210138169","JP","61","False","True"
"A5058884741","Rupa Dash","","1","260","1","I170201317","US","1","False","True"
"A5074772585","Zhiqiang Gong","0000-0001-7999-3014","21","2130","77","I170215575","CN","18","False","True"
"A5101892838","Haohan Wang","0000-0003-3451-6884","13","1942","70","I24185976","CN","14","False","True"
"A5019517189","M. Mazhar Rathore","0000-0002-0701-9850","29","4245","73","I106938459","CA","13","False","True"
"A5079637160","Olga Fink","0000-0002-9546-1488","31","4529","247","I5124864","CH","15","True","True"
"A5059827014","Kukjin Choi","0000-0002-2779-6569","3","591","5","","","4","False","False"
"A5053019572","Hui Wu","0000-0001-7069-4931","4","796","12","I20231570","CN","22","False","True"
"A2911345305","Zeyu Cui","0000-0003-0017-5292","1","102","2","","","1","False","False"
"A5039271969","Xiaofan Song","0000-0002-3863-1831","2","110","3","","","3","False","False"
"A5036934357","Hunter T. Kollmann","","1","308","1","I157725225","US","1","False","True"
"A5100458555","Xiaochen Zhang","0000-0002-7154-5337","19","1704","54","I116953780","CN","19","False","True"
"A5035661072","Anastassia Fedyk","0000-0001-7243-1692","13","1481","30","I95457486","US","12","False","True"
"A5103046190","Teng Xiao","0000-0001-9180-1433","11","415","36","I130769515","US","27","False","True"
"A5011281485","Bowen Hao","0000-0002-0546-9671","6","341","16","I96852419","CN","7","False","True"
"A5020044791","Yifan Wu","0000-0002-2856-9835","17","1346","112","I139660479","CN","24","False","True"
"A5012286685","José Suárez‐Varela","0000-0002-7141-3414","28","2294","127","I4210134591","ES","42","False","True"
"A5000707324","Nicholas Berente","0000-0002-1403-4696","28","3824","209","I107639228","US","21","False","True"
"A5021772077","Amir Masoud Rahmani","0000-0001-8641-6119","68","44452","598","I110525433","IR","19","True","True"
"A5108297192","P. V. Chandrika","","4","118","8","","","6","False","False"
"A5101832436","Asad Masood Khattak","0000-0001-6949-3577","15","889","30","I91044093","AE","12","False","True"
"A2119003011","Junshan Wang","0000-0001-9191-6206","0","0","2","","","1","False","False"
"A5008579903","Saifullahi Aminu Bello","0000-0001-5328-6469","7","484","19","I180726961","CN","16","False","True"
"A5034329544","Shuangshuang Chen","0000-0002-6337-2747","10","779","46","I4210096047","CN","19","False","True"
"A5058640298","Xinming Wu","0000-0002-4910-8253","40","6023","265","I126520041","CN","36","False","True"
"A5003697769","Abhishek Gupta","0000-0002-8728-5146","10","807","45","I530967","CA","31","False","True"
"A5020797640","Joonmyeong Choi","0000-0003-3420-7125","8","205","25","I116631150","KR","17","False","True"
"A5104636686","Sonal Agarwal","0009-0002-8702-2896","11","755","69","I4210118052","IN","32","False","True"
"A5053446943","Anwar Alhazmi","0000-0001-5469-3226","10","424","32","I91450128","SA","9","False","True"
"A5100602494","Yue Gao","0000-0002-4971-590X","70","18205","569","I106645853","CN","23","True","True"
"A5049733139","Hanzhou Wu","0000-0002-1599-7232","24","2345","170","I113940042","CN","17","False","True"
"A5061366380","Huu-Thiet Nguyen","0000-0002-2318-1938","6","146","11","I172675005","SG","12","False","True"
"A5009180198","Wei Dong","0000-0003-0263-3584","14","638","65","I148099405","CN","22","False","True"
"A5001398678","C. Ramírez","0000-0003-4588-3743","12","1415","24","I2802015276","GB","22","False","True"
"A5040114911","Tai Le Quy","0000-0001-8512-5854","8","351","18","","","6","False","False"
"A5100409733","Jia Liu","0000-0002-9050-2914","6","494","37","","","16","False","False"
"A5053950887","Pedro Marcelino","0000-0002-5521-6066","8","442","17","","","12","False","False"
"A5040259613","Mohammad Hossein Jarrahi","0000-0002-5685-7156","34","6123","110","I114027177","US","17","False","True"
"A5050781579","Yun Shen","0000-0001-7863-8475","21","2569","129","I4210097905","MU","32","False","True"
"A5050360367","Srikrishna Chintalapati","0000-0001-5241-1897","3","370","5","","","6","False","False"
"A5059430014","Kaifeng Gan","0000-0002-5166-6377","8","418","40","I109935558","CN","15","False","True"
"A5044139094","Zhe Guo","0000-0003-4080-2449","10","795","56","I145897649","CN","22","False","True"
"A5028424767","Robert Wayne Gregory","0000-0002-4843-5500","23","3232","108","I145608581","US","108","False","True"
"A5103854691","Aravind Sankar","","11","1158","26","","","60","False","False"
"A5004583148","Guangxu Zhu","0000-0001-9532-9201","35","4902","253","I198091727","CN","19","True","True"
"A5106968462","Murali Krishna Pendyala","","1","219","2","","","1","False","False"
"A2016428150","G.P. Purja Pun","0000-0001-5348-9135","0","0","1","","","1","False","False"
"A5016310275","Mosleh Hmoud Al-Adhaileh","0000-0002-3519-1121","20","1395","59","I4210107237","SA","28","False","True"
"A5082026865","Andrew F. Zahrt","0000-0002-1835-5163","13","1659","25","I157725225","US","8","False","True"
"A5060742206","Hamidreza Eivazi","0000-0003-3650-4107","12","775","34","","","9","False","False"
"A5081889695","Simanta Shekhar Sarmah","0000-0003-1086-6687","4","387","6","","","3","False","False"
"A5002690407","Hassan Afzaal","0000-0002-3294-8432","13","839","25","","","7","False","False"
"A5102879609","Jindong Han","0000-0001-6329-7524","8","452","9","I200769079","HK","7","False","True"
"A5103204509","Wenbin An","0000-0003-0062-7201","7","198","26","I87445476","CN","26","False","True"
"A5050111492","Emma Beede","","1","492","1","I1291425158","US","1","False","True"
"A5083395792","Wouter van Atteveldt","0000-0003-1237-538X","26","3620","135","I865915315","NL","25","False","True"
"A5101869004","Yunlang She","0000-0001-7854-9149","31","3097","128","I116953780","CN","11","True","True"
"A5041641749","Xiaoxuan Liu","0000-0002-1286-0038","40","10928","228","I1308923049","GB","29","False","True"
"A5042167188","S. C. Vetrivel","0000-0003-3050-8211","8","369","101","","","16","False","False"
"A5100326620","Chuang Liu","0000-0003-2377-2567","17","1580","60","I37461747","CN","22","False","True"
"A5048628032","Shijie Jiang","0000-0002-2808-9559","25","2290","170","I154093214","CN","21","False","True"
"A5100765840","Zhiheng Li","0000-0002-5972-4826","14","977","77","I100930933","IE","24","False","True"
"A5041599929","Pervaiz Akhtar","0000-0002-7896-4438","33","4433","76","","","15","False","False"
"A5042267085","Weimin Zhu","0000-0002-2420-0731","44","10207","409","I183067930","CN","37","True","True"
"A5062826520","Zaid Abdi Alkareem Alyasseri","0000-0003-4228-9298","30","3202","114","I4210142005","IQ","11","True","True"
"A5044490476","Jordan S. Read","0000-0002-3888-6631","43","9378","156","I166337079","GB","43","False","True"
"A5016704080","Qi Xuan","0000-0002-1042-470X","42","5926","453","I102208913","CN","39","True","True"
"A5060720664","Jianliang Gao","0000-0002-9363-9908","23","2030","207","I139660479","CN","38","False","True"
"A5102658418","Yangyang Zheng","","10","810","35","","","17","False","False"
"A5003527491","Zhice Fang","0000-0003-4414-8712","18","2549","51","I3124059619","CN","7","False","True"
"A5051390969","Renana Peres","0000-0002-0154-9893","20","3515","54","","","32","False","False"
"A5005453821","Stefan Bloemheuvel","","7","156","18","I193700539","NL","7","False","True"
"A5022731779","Mohammad Al-Rubaie","0000-0002-5975-868X","6","514","11","I188538660","US","8","False","True"
"A5034853402","Hao Yu","0000-0002-2674-4118","24","2066","175","I200296433","CN","35","False","True"
"A5073211491","Zhengjing Ma","","10","916","22","","","7","False","False"
"A5025130876","Lirim Ashiku","0000-0002-3788-7202","7","370","15","","","7","False","False"
"A5083091603","Zeping Yu","","4","438","7","I141591182","JP","6","False","True"
"A5088777443","Aleksandre Asatiani","0000-0002-7358-9018","14","964","42","","","13","False","False"
"A5019493965","Erik Westphal","0000-0002-4514-9445","6","330","14","","","6","False","False"
"A5072742460","Matthew Veres","0000-0001-6881-747X","7","498","14","I79817857","CA","26","False","True"
"A5053264793","Claudia Draxl","0000-0003-3523-6657","66","19830","541","I39343248","DE","39","True","True"
"A5076562855","Christian Meske","0000-0001-5637-9433","23","1818","106","I904495901","DE","15","False","True"
"A5059040421","Biswajeet Pradhan","0000-0001-9863-2054","140","71559","1035","I114017466","AU","26","True","True"
"A5100638304","Yang Liu","0000-0001-8809-0845","22","2949","88","I111753288","CN","26","False","True"
"A5079772530","Changyang She","0000-0003-0193-9784","29","3688","141","I129604602","AU","14","True","True"
"A5023126889","Hangxia Zhou","0000-0002-9518-5559","8","734","30","I55538621","CN","18","False","True"
"A5047165067","Jianlong Zhou","0000-0001-6034-644X","34","4228","219","I114017466","AU","30","False","True"
"A5016448581","Lawrence Carin","0000-0001-6277-7948","86","34944","1022","I170897317","US","39","True","True"
"A5100415528","Yanan Zhang","0000-0003-1592-1067","9","532","50","","","15","False","False"
"A5024464918","Zulong Diao","0000-0001-6581-7511","8","557","24","I121296143","CN","8","False","True"
"A5048533685","Hilal M. El Misilmani","0000-0003-1370-8799","10","593","26","I36314861","LB","13","False","True"
"A5056799505","Alina Lazar","0000-0002-2096-1541","12","701","84","I161203489","US","24","False","True"
"A5100639391","Nishant Jain","0000-0003-1787-2481","7","291","13","I154851008","IN","6","False","True"
"A5032057381","Dominic Chalmers","0000-0001-5626-3692","11","1416","52","I7882870","GB","16","False","True"
"A5101844598","J Gardner","0000-0002-3844-7305","10","710","82","I12093191","GB","57","False","True"
"A5110758704","Lesong Wei","","9","484","12","I71920554","SA","4","False","True"
"A5046336427","Ziqian Kong","0000-0002-1292-7888","7","423","17","","","7","False","False"
"A5070687612","Amit Sharma","0000-0002-1700-8848","21","1902","100","I12449238","FR","36","False","True"
"A5025219154","Yan Shi","0000-0001-7421-3306","28","4459","216","I183067930","CN","40","False","True"
"A5080769498","Raquel Vidaurre","","3","79","4","I182083151","ES","4","False","True"
"A5022944122","Charlie Saillard","0000-0003-3061-839X","11","1330","30","","","7","False","False"
"A5009615188","Shan Wang","0000-0002-0698-4341","6","395","23","I139660479","CN","8","False","True"
"A5024019148","Sergio Pablo‐García","0000-0002-3327-9285","13","787","49","I185261750","CA","6","False","True"
"A5085241696","Zechun Liu","0000-0001-5856-2506","26","3985","133","I2800556661","CN","41","False","True"
"A5054262288","Matthias Feurer","0000-0001-9611-8588","16","3889","48","I3018771216","DE","25","False","True"
"A5060927410","Hesam Kamyab","0000-0002-5272-2297","68","15976","341","I194604659","IR","13","True","True"
"A5031164279","Heike Felzmann","0000-0002-7355-6451","19","2706","52","I188760350","IE","17","False","True"
"A5079572594","Yuting Xu","0000-0003-2091-3854","31","3877","248","I107077323","US","38","False","True"
"A5042734311","Luís Ferreira","0000-0002-4790-5128","6","236","17","","","25","False","False"
"A5112874854","Mei Ma","","5","214","29","I143868143","CN","25","False","True"
"A5011772990","Soumyabrata Dev","0000-0002-0153-1095","25","2815","272","I100930933","IE","37","False","True"
"A5015855538","Shimin Xiong","","2","79","3","","","2","False","False"
"A5058424108","Ian A. D. Williamson","0000-0002-6699-1973","12","1850","60","","","48","False","False"
"A5073282655","Yi Mei","0000-0003-0682-1363","47","9051","419","I162868743","CN","36","True","True"
"A5083689982","Margaret Bearman","0000-0002-6862-9871","44","5838","228","I149704539","AU","39","False","True"
"A5026255174","Minhao Zou","0000-0002-9849-2706","2","91","8","","","3","False","False"
"A5073660276","Muhammed Can","0000-0002-6717-2611","6","299","14","I99682543","PT","16","False","True"
"A5025392795","Sevgi Zübeyde Gürbüz","0000-0001-7487-9087","25","3084","157","I137902535","US","19","False","True"
"A5071810855","Jürgen Kai‐Uwe Brock","","9","969","18","","","22","False","False"
"A2337660444","Liangzhen Zheng","0000-0003-1179-2106","2","614","4","","","1","False","False"
"A5054971357","Vinay Joshi","0000-0001-6031-1669","9","846","22","I4210153079","CA","14","False","True"
"A5078892242","Yoshija Walter","0000-0003-0282-9659","8","618","32","","","7","False","False"
"A5101476623","Sifan Wang","0000-0002-7721-6884","17","9509","47","","","9","False","False"
"A2227363672","Irene Y. Chen","0000-0001-5202-2111","1","356","2","","","1","False","False"
"A5100610154","Yang Hong","0000-0001-6910-9598","30","2604","87","","","34","False","False"
"A5100748162","Tong Wang","0000-0003-4961-5092","35","4668","609","I106994412","CN","41","True","True"
"A5039642987","Ravesa Akhter","0000-0002-5149-6726","2","441","6","","","4","False","False"
"A5056608045","Zhihong Tian","0000-0002-9409-5359","51","10251","452","I204983213","CN","22","True","True"
"A5035812979","Rainer Mühlhoff","0000-0002-3936-9919","15","1270","59","I170658231","DE","14","False","True"
"A5084050368","Andrea Cini","0000-0003-3219-9360","8","333","38","I2614128279","CH","27","False","True"
"A5100426675","Weifeng Zhang","0000-0001-9279-2380","9","375","41","I173899330","CN","21","False","True"
"A5074175188","Changhui Jiang","0000-0002-4788-2464","26","2066","109","I9842412","CN","15","False","True"
"A2416947802","Jiezhong Qiu","0000-0001-9514-0708","1","698","1","","","1","False","False"
"A5034292602","Iftikhar Ahmad","0000-0001-7863-3746","20","1811","134","I17120543","PK","59","False","True"
"A5042935655","Giacomo Damioli","0000-0001-8308-8367","9","573","26","I122346577","IT","17","False","True"
"A5017974764","Rohan Khera","0000-0001-9467-6199","56","10926","637","I1308923049","GB","52","True","True"
"A5024406335","Quercus Hernández","0000-0003-2571-4889","8","260","15","","","11","False","False"
"A5056810786","Lucija Šikić","0000-0002-8011-1055","4","102","15","I181343428","HR","7","False","True"
"A5022993623","Babu George","0000-0002-2791-828X","27","2873","315","I129862065","IN","116","False","True"
"A5035197326","Wuzhen Shi","0000-0002-6819-0125","13","1198","64","I180726961","CN","13","False","True"
"A5037280215","Wen Tong","0000-0002-4240-0892","19","3773","201","I82880672","CN","61","False","True"
"A5054083027","Derya Soydaner","0000-0002-3212-6711","6","332","20","","","11","False","False"
"A5014385748","İbrahim Yazıcı","0000-0002-3240-0530","8","425","39","","","17","False","False"
"A5041279033","Nicola Capuano","0000-0003-0862-3643","23","2160","140","","","27","False","False"
"A5076453110","Yanglan Gan","0000-0001-5931-9006","17","982","101","I181326427","CN","22","False","True"
"A5102970773","Bowen Tang","0000-0002-5845-4684","19","1152","88","I150229711","CN","28","False","True"
"A5003518978","Chaoyang He","0000-0003-2770-9661","24","6005","67","I4210143016","CN","25","False","True"
"A5039173539","Max Marian","0000-0003-2045-6649","28","2367","113","I114112103","DE","57","False","True"
"A5079268491","Mohd Syahril Ramadhan Mohd Saufi","0000-0003-1317-7860","9","742","48","I4210142644","MY","9","False","True"
"A5042501458","Stanislav Mazurenko","0000-0003-3659-4819","15","1276","75","I21449261","CZ","15","False","True"
"A5051813351","Sergey Krasikov","0000-0003-3773-2988","8","385","30","","","12","False","False"
"A5045131975","Azar Abid Salih","0009-0004-3489-3262","14","892","29","I4210124331","IQ","10","False","True"
"A5100638703","Zijie J. Wang","0000-0003-4360-1423","17","1560","84","","","36","False","False"
"A5055929635","Usama Ahmed","0000-0001-7199-600X","28","2215","147","I102782458","BD","17","False","True"
"A5084801169","Adam Yala","0000-0001-9576-2590","18","2515","63","I95457486","US","10","False","True"
"A5101675012","Hongming Wang","0009-0003-3507-4261","12","647","97","I110440473","CN","30","False","True"
"A5100661927","Thomas Müller","0000-0001-7577-755X","22","5048","143","","","53","False","False"
"A5018031070","Anisha P Rodrigues","0000-0002-3050-4555","12","815","64","I1333540553","IN","15","False","True"
"A5100412765","Jintao Zhang","0000-0001-6909-0612","13","1414","53","I3017480383","CN","18","False","True"
"A5019775906","Petros Lameras","0000-0002-9625-1490","14","1328","84","I73417466","GB","18","False","True"
"A5026884193","Stefan Doerr","0000-0002-8678-8657","14","2334","41","I4210153560","ES","25","False","True"
"A5003609825","Jean‐Marc Fellous","0000-0003-4102-8336","39","11681","132","I138006243","US","30","False","True"
"A5008387608","Lun Du","0000-0002-7625-0650","19","1283","104","I4210121321","IT","25","False","True"
"A5015851151","Marco Fiorucci","0000-0003-1013-5147","8","431","38","I30771326","IT","27","False","True"
"A5028659486","S. Durga","","10","404","54","I4210154636","IN","18","False","True"
"A5057838429","Michael Schantz Klausen","0000-0003-2225-5701","7","956","18","I4210090129","DK","11","False","True"
"A5019599321","Yung‐An Hsieh","0000-0001-8964-2912","7","560","13","I130701444","US","10","False","True"
"A5066738471","S. Poornima","0009-0001-2738-4740","8","572","36","I145286018","IN","12","False","True"
"A5036281770","Ziyuan Rao","0000-0003-1195-1779","18","1919","51","I139660479","CN","10","False","True"
"A5047081027","Raluca Brehar","0000-0003-0978-7826","9","334","39","I158333966","RO","15","False","True"
"A5045098894","Harry Chandra Tanuwidjaja","0000-0003-2668-559X","9","637","29","","","11","False","False"
"A5102799918","Ling Dai","0000-0002-2000-8363","11","1704","18","I4210092091","CN","18","False","True"
"A5034919841","Xiaosheng Peng","0000-0002-9958-7045","16","1128","89","I47720641","CN","16","False","True"
"A5070681493","Andreas Singraber","0000-0002-4330-1394","8","1091","21","I129774422","AT","16","False","True"
"A292073206","Vlad Hosu","0000-0001-7070-5688","0","0","8","","","1","False","False"
"A5042107634","Shucai Li","0000-0002-4914-0325","57","12251","484","","","42","True","False"
"A2127531218","Liang Peng","0000-0001-5017-8024","6","387","350","","","1","True","False"
"A5065919650","Paola Tubaro","0000-0002-1215-9145","22","1781","220","I1294671590","FR","87","False","True"
"A5101586926","Yuwei Hu","","12","1850","22","","","23","False","False"
"A5037960046","Hossein Hassani","0000-0003-0897-8663","45","7899","267","I1317774081","AT","24","True","True"
"A5059828821","Wei Jiang","0000-0002-3719-3710","43","5901","382","I139759216","CN","37","True","True"
"A5047220632","Basim Mahbooba","0000-0002-5491-4946","3","293","4","I188760350","IE","6","False","True"
"A5069064797","Mou‐Fa Guo","0000-0002-2358-0509","21","1721","103","I80947539","CN","19","False","True"
"A5112496732","Seijoon Kim","","1","377","1","I139264467","KR","1","False","True"
"A5054574752","Kai‐Cheng Yang","0000-0003-4627-9273","19","2436","139","I106645853","CN","37","False","True"
"A5018354285","Atif Mehmood","0000-0002-8905-8510","19","1679","88","I135237710","CN","26","False","True"
"A5061763237","Athanasios Theofilatos","0000-0002-3933-7570","26","2250","73","I145722265","GR","14","False","True"
"A5070649098","Ryad Zemouri","0000-0002-3283-9391","20","1142","95","I47099075","CA","24","False","True"
"A5100710652","Zhiyang Wang","0000-0001-6124-6571","11","572","74","","","20","False","False"
"A5100370868","Hong Wang","0000-0001-6872-8020","19","1495","127","","","36","False","False"
"A5065846066","Giorgio Ciano","0000-0003-2863-4315","6","205","14","I4210121412","IT","7","False","True"
"A5087313412","Saad Alanazi","0000-0002-1714-1948","23","1599","130","I153718931","CA","11","True","True"
"A5081346641","Sk Mahmudul Hassan","0000-0002-3714-9453","7","822","30","I164861460","IN","11","False","True"
"A5046631480","Andrea Sestino","0000-0003-2648-4093","16","1491","96","","","10","False","False"
"A5035911983","Franco Valencia","0000-0001-6003-5967","1","250","1","I98461037","MX","1","False","True"
"A5032130532","Masoud Malekzadeh","0000-0002-0102-2442","17","800","48","I177605424","US","18","False","True"
"A5003659411","Asharul Islam Khan","0000-0002-4355-0251","12","822","43","","","11","False","False"
"A5050750924","Xiao Hu","0000-0003-1128-4099","173","197654","9239","I102208913","CN","41","True","True"
"A5038465404","Jia Guo","0000-0002-2134-7367","15","980","71","I4210104472","CN","21","False","True"
"A5006510039","Jaime Sevilla","0000-0002-4454-1146","7","456","22","","","6","False","False"
"A5085924534","Shudong Yang","0000-0002-5044-4078","4","424","10","I19820366","CN","6","False","True"
"A5086916960","Bang Le-Huy Nguyen","0000-0002-1832-7621","10","409","53","I1297288678","US","31","False","True"
"A5072267482","Liqiang Zhou","0000-0002-1184-4036","23","2926","54","I141649914","CN","14","False","True"
"A5084002697","Alexei Botchkarev","0000-0002-0689-8830","6","1200","28","I211738395","RU","16","False","True"
"A5100361703","Jun Liu","0000-0001-8769-5981","14","1992","37","I4210136047","CN","10","False","True"
"A5112608840","Wan-Ju Lin","","4","256","4","I148366613","TW","3","False","True"
"A5014606968","Min-Suk Heo","0000-0003-3406-0645","34","4346","209","I139264467","KR","27","False","True"
"A5088732694","Sebastian Krakowski","0000-0001-5441-2463","6","1831","12","I180242103","SE","10","False","True"
"A5058941449","Furqan Rustam","0000-0001-8403-1047","40","5242","151","I100930933","IE","7","True","True"
"A5014299756","Jonas Almeida Rodrigues","0000-0001-8887-2329","29","2247","156","I130442723","BR","52","False","True"
"A5075408600","Wenchao Xia","0000-0001-6245-0347","24","2523","156","I41198531","CN","10","True","True"
"A5012646469","Biwei Yan","0000-0002-9081-0773","11","450","21","","","7","False","False"
"A5058128631","Desheng Cai","0000-0002-7464-9115","6","257","12","I16365422","CN","7","False","True"
"A5077901815","Pierre-Emmanuel Novac","0000-0003-2468-8711","5","257","18","I4210095736","FR","9","False","True"
"A5081880822","Rana Abdullah","0000-0002-6507-2844","3","244","17","I112862951","IT","7","False","True"
"A5013931134","M. Kavitha","0000-0003-1963-8330","11","820","90","I138876546","IN","15","False","True"
"A5054324582","Geoffrey D. Hannigan","0000-0002-7128-2143","13","24311","33","I1285764155","US","24","False","True"
"A5010355957","Maryam Ouhami","0000-0002-1687-7515","4","277","5","I4210096782","FR","4","False","True"
"A5062437461","Zhihao Jia","0000-0002-1270-5185","20","1494","61","I74973139","US","14","False","True"
"A5006191787","Grace W. Lindsay","0000-0001-9904-7471","12","2879","33","","","12","False","False"
"A5100755582","Bo Liu","0000-0002-1150-3709","42","10673","250","I126520041","CN","27","False","True"
"A5015912992","Laith T. Khrais","0000-0002-0261-6146","10","469","47","I91633459","JO","14","False","True"
"A2990619726","Alexander Merkin","","2","90","4","","","1","False","False"
"A5067296979","David Watson","0000-0001-9632-2159","43","10086","261","","","123","False","False"
"A5003860921","Yichi Zhang","0000-0002-2267-5442","9","248","28","I119273862","CN","16","False","True"
"A5011092437","Abdullah All Tanvir","0000-0003-4153-1281","5","216","10","I122266389","US","7","False","True"
"A5054623889","Wissam A. Saidi","0000-0001-6714-4832","45","6658","281","I1330989302","US","273","False","True"
"A5007931218","Syed Umar Amin","0000-0002-4718-0155","26","3785","53","I142024983","SA","14","False","True"
"A5085728575","Lena Ivannova Ruiz-Rojas","0000-0001-9475-9605","4","354","5","I118946981","EC","5","False","True"
"A5016267473","Marcin Wožniak","0000-0002-9073-5347","57","10357","383","I119004910","PL","46","False","True"
"A5068852009","Xueyan Yin","","5","598","14","","","16","False","False"
"A5041999718","Francisco Sahli Costabal","0000-0002-2612-463X","24","2407","86","I162148367","CL","14","False","True"
"A5101189530","Kaiyuan Guo","","19","2889","80","I1314596251","US","12","False","True"
"A5034798718","Mihai Andronie","0000-0002-8577-7227","17","1455","47","I107502644","RO","16","False","True"
"A5053419989","Vasileios Balafas","0000-0003-0766-2704","3","142","10","","","4","False","False"
"A5025607689","Lazhar Khelifi","0000-0002-4223-7781","7","499","17","I70931966","CA","10","False","True"
"A5037431951","Thorben Funke","0000-0001-6196-8312","6","198","31","I114112103","DE","59","False","True"
"A5017777337","Wuxin Sha","","11","838","24","I47720641","CN","7","False","True"
"A5032255981","Kingsley Ukoba","0000-0002-1355-5588","24","2144","130","I24027795","ZA","15","False","True"
"A5018492285","Ahmad Maroof Karimi","0000-0002-7270-8847","9","437","39","I1289243028","US","10","False","True"
"A5050176135","Sachin Modgil","0000-0001-7816-6594","38","4694","83","","","14","False","False"
"A5089826082","Sujith Mangalathu","0000-0001-8435-3919","36","6501","120","","","14","False","False"
"A5030697098","Trishan Panch","0000-0002-6554-061X","17","3081","31","","","12","False","False"
"A5055538746","Manàs Dave","0000-0002-1676-801X","13","965","119","I166337079","GB","9","True","True"
"A5083002246","Mitchell A. Nahmias","0000-0002-6149-9322","31","5105","94","","","13","False","False"
"A5054482170","Fernando Pérez‐García","0000-0001-9090-3024","13","1119","53","I4210108625","GB","14","False","True"
"A5004572142","Natasha Nigar","0000-0002-6517-666X","8","262","24","I90610274","PK","9","False","True"
"A5053703016","Yirui Wu","0000-0003-3022-3718","20","1544","119","I163340411","CN","16","False","True"
"A5070997010","Hongsen Niu","0009-0006-4790-8501","18","1906","38","I34949971","CN","7","False","True"
"A5071819311","Niklas Kühl","0000-0001-6750-0876","20","2087","228","I4210093933","DE","33","False","True"
"A5047901220","Haokun Fang","","2","343","2","I113940042","CN","2","False","True"
"A5101643161","Himanshu Gupta","0000-0003-4799-5693","23","4306","126","I164861460","IN","65","False","True"
"A5103344132","Chen Cheng","","6","379","13","","","14","False","False"
"A5061334157","Anu Sayal","0000-0003-1506-9388","9","292","60","I4210143550","MY","39","False","True"
"A5017682151","Ilia Stepin","0000-0002-4508-7555","5","388","8","I200284239","ES","6","False","True"
"A5059261666","Tan Yiğitcanlar","0000-0001-7262-7118","77","20834","846","I160993911","AU","25","True","True"
"A5047903006","George Maliha","","7","363","19","I2799810409","US","15","False","True"
"A5112756992","Xiangao Jiang","","13","3197","54","I27781120","CN","13","False","True"
"A5073219785","Utkarsh Desai","","4","109","10","","","2","False","False"
"A2127187692","Sang-Seung Lee","","2","546","3","","","1","False","False"
"A5009924116","Xueming Luo","0000-0002-5009-7854","54","17302","204","I84392919","US","25","False","True"
"A5100719837","Liu Yun","0000-0001-8860-3567","18","1853","124","","","31","False","False"
"A5101743291","Zixin Hu","0000-0002-2359-744X","26","2378","106","I24943067","CN","20","False","True"
"A5087019707","Alexandre Bailly","0000-0002-7851-463X","2","209","4","","","5","False","False"
"A5018954036","Suresh Neethirajan","0000-0003-0990-0235","50","9042","327","I129902397","CA","22","True","True"
"A5011736493","Priyanga Muruganantham","0000-0002-3810-2657","2","259","4","","","3","False","False"
"A5042580144","Federico Cugurullo","0000-0002-0625-8868","21","2465","69","I205274468","IE","14","False","True"
"A5052678450","Yang Xing","0000-0002-3786-2865","41","6529","201","I82284825","GB","34","False","True"
"A5013041617","Matthias Carl Laupichler","0000-0003-3104-1123","11","896","17","I2799391451","DE","4","False","True"
"A5023428054","Brett K. Beaulieu‐Jones","0000-0002-6700-1468","25","5529","110","I40347166","US","10","True","True"
"A5038410639","Markus Langer","0000-0002-8165-1803","25","3724","162","I161046081","DE","40","False","True"
"A5100667706","Chen Min","0000-0002-8484-6331","13","698","69","I25757504","CN","33","False","True"
"A5043824536","Attila Reiss","","21","3882","38","","","31","False","False"
"A5075873122","Antonio Loquercio","0000-0002-8410-3933","18","2776","65","I36788626","US","9","False","True"
"A5021974773","Rozhin Yasaei","0000-0001-5761-9865","8","424","25","","","5","False","False"
"A5043667011","Hao Xu","0000-0002-0651-6740","21","2398","112","I20231570","CN","23","False","True"
"A5101487673","Mehdi Zamani","0000-0003-1583-0851","5","614","8","I19820366","CN","13","False","True"
"A2580636281","Zhoumeng Lin","0000-0002-8731-8366","1","111","15","","","1","True","False"
"A5102797451","Hongji Huang","0000-0001-8107-9889","10","2106","21","","","10","False","False"
"A5000397758","Gyungmin Toh","0000-0001-5556-8451","3","208","13","I4575257","KR","10","False","True"
"A5083674839","Maurizio Capra","0000-0003-2500-2283","5","544","13","I177477856","IT","17","False","True"
"A5100340569","Qian Li","0000-0002-1612-4644","13","1326","61","I4210088080","TH","16","False","True"
"A5040372929","Zeynep Akata","0000-0002-1432-7747","47","15770","264","I4403386549","","15","True","True"
"A2765245914","Chengping Rao","","2","496","2","","","1","False","False"
"A5048783285","Vani Santosh","0000-0001-8724-2034","41","7027","292","I699696","IN","41","False","True"
"A5043454773","Pronab Ghosh","0000-0002-5524-2328","16","1464","32","I72541430","CA","7","False","True"
"A5025728076","Hao Lv","0000-0002-7580-0155","31","2742","88","I141649914","CN","14","False","True"
"A5000345697","Tianfu Li","0000-0003-4388-9578","25","3836","90","I10660446","CN","56","False","True"
"A5089625856","Mehmet Umut Salur","0000-0003-0296-6266","7","419","30","I4387152122","","11","False","True"
"A5073483894","Jakob Nikolas Kather","0000-0002-3730-5348","62","16142","537","I130828816","GB","14","True","True"
"A5062032398","Chuanbo Wang","","11","688","63","I34949971","CN","17","False","True"
"A5038570275","Sarkar Siddique","0009-0008-7705-6869","6","1172","6","I530967","CA","4","False","True"
"A5005722714","Jacob M. Graving","0000-0002-5826-467X","10","1096","18","I189712700","DE","11","False","True"
"A5100436646","Jie Zhang","0000-0001-8082-2933","9","452","41","I129708740","CN","23","False","True"
"A5051083125","Simone Castagno","","4","350","18","I241749","GB","22","False","True"
"A5090514115","Anthony Wang","0000-0002-7947-0309","7","782","18","","","10","False","False"
"A5052427509","Amna Amanat","","4","323","6","I148520331","PK","7","False","True"
"A5035754746","Dokkyun Yi","","9","412","30","","","25","False","False"
"A5083256203","Mauro Annarumma","","5","472","6","I137543953","IT","6","False","True"
"A5018855407","Esther Heid","0000-0002-8404-6596","21","1432","94","I145847075","AT","10","False","True"
"A5020052802","Yange Li","0000-0002-8558-0598","23","1861","116","I139660479","CN","26","False","True"
"A5056988418","Sejune Cheon","0000-0001-6179-3217","2","715","2","I193775966","KR","3","False","True"
"A5088993205","Phattara Khumprom","0000-0003-1584-3652","4","343","9","","","7","False","False"
"A5004302472","Valentina Bianchi","0000-0002-3035-7903","17","1511","96","I124601658","IT","24","False","True"
"A5067151609","Beakcheol Jang","0000-0002-3911-5935","26","2734","125","I193775966","KR","23","False","True"
"A5055820409","P. William","","39","4122","216","I4210134118","IN","113","False","True"
"A5047358343","Alexandros Oikonomidis","0000-0003-4803-6419","2","263","4","I4210093649","GR","3","False","True"
"A5100639215","Shuo Wang","0000-0002-1390-9219","42","6619","393","I141962983","CN","24","True","True"
"A5058120371","Ximeng Liu","0000-0002-4238-3295","65","14028","591","I4210145005","CN","13","True","True"
"A5072647800","Fabian Isensee","0000-0002-3519-5886","38","14011","192","I17937529","DE","9","True","True"
"A5048345778","Javid Ghahremani-Nahr","0000-0001-7428-1739","20","1263","53","","","8","False","False"
"A5049086940","Kexin Huang","0000-0001-6693-8390","22","4877","99","I3018263800","CN","30","False","True"
"A5035448571","Kamran Shaukat","0000-0003-2174-3383","34","4441","80","I4210142395","AU","26","False","True"
"A5062525719","Quoc‐Viet Pham","0000-0002-9485-9216","53","15073","285","I205274468","IE","11","True","True"
"A5051614997","Thanveer Shaik","0000-0002-9730-665X","10","1036","32","I185523456","AU","5","False","True"
"A5072003807","Xiangguo Sun","0000-0002-2224-4634","17","1121","70","I177725633","HK","8","False","True"
"A5030048849","Haifeng Zheng","0000-0002-2142-721X","22","2453","142","I80947539","CN","21","False","True"
"A5077010898","Dina A. Ragab","0000-0002-4455-2507","8","917","14","I59272784","EG","16","False","True"
"A5015752863","K. Nagaraju Shivaprakash","0000-0002-5135-8737","9","363","17","","","13","False","False"
"A5059757110","Mohammad Safayet Hossain","0000-0002-6745-4168","5","444","19","I106165777","US","14","False","True"
"A5080190956","Benjamin A. Toms","0000-0001-7982-5491","15","1619","56","","","86","False","False"
"A5056279031","Jonas Berg Hansen","0000-0003-0618-6339","3","117","6","I78037679","NO","2","False","True"
"A5068345732","Marco Serafini","0000-0003-3125-1841","23","2744","110","","","53","False","False"
"A5053602445","Frimpong Boadu","0000-0002-4464-6191","6","147","27","I76835614","US","14","False","True"
"A5088055614","Amit Kaushal","0000-0003-0831-4365","15","7630","26","I204866599","US","20","False","True"
"A5078855125","Ashraf Alam","0000-0001-6178-1187","24","2387","87","I144614875","IN","8","True","True"
"A5110779029","Yuxiu Hua","","6","961","10","I76130692","CN","5","False","True"
"A5102763494","Peng Cui","0000-0003-0167-7964","11","584","43","","","20","False","False"
"A5019280085","Xinting Yang","0000-0002-9042-1815","38","6194","226","I160354086","CN","23","False","True"
"A5013729643","Helin Yang","0000-0001-9697-7470","31","3752","138","I191208505","CN","23","False","True"
"A5100656463","Md. Kamrul Hasan","0000-0003-1292-4350","23","3096","121","I102782458","BD","25","False","True"
"A2964667148","M. G. Sarwar Murshed","0000-0002-0059-0632","1","312","2","","","1","False","False"
"A5090155483","Rahul Rai","0000-0002-6478-4065","36","5054","227","","","25","False","False"
"A5052257654","Hongzhi Wen","0000-0003-0775-8538","9","337","27","I87216513","US","3","False","True"
"A5013878664","Tao Sun","0000-0001-8828-1174","13","740","58","","","21","False","False"
"A5079985761","Manhua Liu","0000-0001-6496-670X","36","4876","147","I16609230","CN","25","False","True"
"A5061734205","Justin B. Bullock","0000-0001-6263-2343","14","1473","48","I201448701","US","27","False","True"
"A5028053690","Fahdi Kanavati","0000-0002-8638-568X","14","1349","56","","","11","False","False"
"A5007224689","Fedor Galkin","0000-0002-5709-9529","10","876","29","I2800906782","HK","9","False","True"
"A5024370599","Asish Bera","0000-0002-4546-076X","10","321","41","I74796645","IN","17","False","True"
"A5059463174","Gioia V. Volkmar","","2","114","3","I202963720","CH","4","False","True"
"A5100442349","Ping Liu","0000-0002-1150-5739","37","4963","217","I139660479","CN","43","False","True"
"A5031578463","Devvi Sarwinda","0000-0001-8644-2560","16","1259","102","","","13","False","False"
"A5067986202","Safa Otoum","0000-0002-0814-7328","26","3309","84","I91044093","AE","13","False","True"
"A5001226970","Yann LeCun","","119","237769","472","I36672615","US","41","True","True"
"A5011354002","J. M. Górriz","0000-0001-7069-1714","62","13895","594","I173304897","ES","56","True","True"
"A5000178575","Javed Rashid","0000-0003-3416-9720","14","660","41","I3130814776","PK","26","False","True"
"A5020714759","Tyler W. Hughes","0000-0001-7989-0891","17","1599","58","","","33","False","False"
"A5070093927","Qin Zou","0000-0001-7955-0782","40","8111","340","I223893228","CN","37","False","True"
"A5050963174","Musa Adekunle Ayanwale","0000-0001-7640-9898","17","1228","88","I162254961","LS","8","True","True"
"A5048086055","Chuyuan Wei","","6","265","31","","","24","False","False"
"A5084050064","Edward O. Pyzer‐Knapp","0000-0002-8232-8282","23","2339","99","","","15","False","False"
"A5115565941","Ameer Hamza","0000-0001-5541-2625","2","180","3","","","2","False","False"
"A5076282301","Nargiz Humbatova","0000-0002-3037-8368","6","655","43","I57201433","CH","6","False","True"
"A5100430478","Xiang Li","0000-0003-1657-209X","25","3886","150","I157773358","CN","26","False","True"
"A5059880462","Giuseppe Aceto","0000-0002-4445-6259","28","5378","82","I71267560","IT","15","False","True"
"A5102890544","Jagdip Singh","","57","20541","143","I58956616","US","41","False","True"
"A5018390504","Manav Raj","0000-0002-3657-7843","14","1391","40","","","8","False","False"
"A5006946437","Mohsen Niazian","0000-0002-7032-4938","23","1657","51","I43406934","CA","14","False","True"
"A5057166109","Ya Tu","0000-0001-5081-5329","16","2122","28","","","23","False","False"
"A5100636539","Saurabh Sharma","0000-0001-8712-2825","9","309","75","I101407740","IN","56","False","True"
"A5026121976","Andreas Fuster","0000-0002-4256-5005","36","5698","166","","","57","False","False"
"A5090788114","Shuai Liu","0000-0001-9909-0664","51","9671","369","I106645853","CN","19","True","True"
"A5044091027","Junxiu Liu","0000-0002-9790-1571","35","4841","260","I157773358","CN","21","True","True"
"A5018260723","Takashi Toyao","0000-0002-6062-5622","47","8261","272","I205349734","JP","14","True","True"
"A5042244756","P. T. N. Anh","0009-0000-6018-2684","7","210","13","I3129492623","VN","10","False","True"
"A5032996381","Vijendra Singh","0000-0001-5438-2188","21","2413","138","I2802997415","IN","56","False","True"
"A5043246042","Rohitash Chandra","0000-0001-6353-1464","29","3529","220","I31746571","AU","20","True","True"
"A5100426111","Pengfei Zhang","0000-0002-8303-8930","12","2657","23","","","9","False","False"
"A5049446003","Nour Eldeen M. Khalifa","0000-0001-8614-9057","21","3538","67","I145487455","EG","17","False","True"
"A5089891838","Chankyu Lee","0000-0002-6933-7459","13","1360","56","I219193219","US","24","False","True"
"A5100416380","Dongdong Zhang","0000-0002-8619-2140","21","1603","99","I3133055985","CN","21","False","True"
"A5037501616","Junjie Huang","0000-0003-2986-4665","25","2667","159","I170215575","CN","33","False","True"
"A2606402197","Kevin Maik Jablonka","0000-0003-4894-4660","1","2","6","","","1","False","False"
"A5077442223","Sakshi Sakshi","","15","1121","140","I101407740","IN","17","False","True"
"A5072036535","Akanksha Jaiswal","0000-0001-8997-0668","13","869","35","I4210165529","SA","8","False","True"
"A5101587257","Dong Wang","0009-0006-2591-6914","4","79","13","I19820366","CN","18","False","True"
"A5042309890","Xin Wei","0000-0002-5207-6141","12","642","59","","","22","False","False"
"A5008455267","Shyam A. Tailor","","7","164","13","I40120149","GB","5","False","True"
"A5023551962","Ekaterina Tolstaya","0000-0003-0275-9574","7","256","14","","","9","False","False"
"A5081281059","Celestine Iwendi","0000-0003-4350-3911","44","6105","225","I165678365","GB","15","True","True"
"A5012299203","Lucas Costa Brito","0000-0001-5289-0840","7","609","59","I879563668","BR","8","False","True"
"A5082163991","Andreea Claudia Șerban","0000-0001-9361-2345","12","850","51","I88491126","RO","30","False","True"
"A5014425587","Kanu Mandal","0000-0001-8974-1056","5","362","10","I33932797","IN","15","False","True"
"A5048885851","Krzysztof Wach","0000-0001-7542-2863","26","2711","278","I23574469","PL","24","True","True"
"A5101083166","G. Dias Pais","","1","233","1","I203847022","PT","1","False","True"
"A5100777893","Xiaoshuang Li","0000-0002-0773-6462","7","266","30","I129604602","AU","15","False","True"
"A5100421407","Yang Li","0000-0002-0403-7287","27","2598","263","I113940042","CN","26","True","True"
"A5011460884","Thomas Ferreira de Lima","0000-0002-0362-5183","33","6548","138","I20089843","US","10","True","True"
"A5076129027","Hannah Kim","0000-0001-7494-2517","1","184","4","I4210134376","KR","6","False","True"
"A5101573991","Pan Yuan","0000-0002-9009-5140","3","494","10","I150229711","CN","23","False","True"
"A5100406764","Zhihua Liu","0000-0001-8272-8238","12","871","39","","","19","False","False"
"A5014830457","Karin Stacke","0000-0003-1066-3070","6","359","15","I102134673","SE","9","False","True"
"A5044671638","Zhijin Qin","0000-0002-8507-3975","48","12761","296","I99065089","CN","15","True","True"
"A5062238246","Yunfei Lai","","4","148","9","I19820366","CN","7","False","True"
"A5003299054","Weiyang Kong","0000-0003-0578-2956","4","290","13","I157773358","CN","6","False","True"
"A5066405237","Junfeng Jing","0000-0001-6646-3698","18","1722","77","I27599042","CN","17","False","True"
"A5019215236","Kamal Choudhary","0000-0001-9737-8074","35","5591","875","I1321296531","US","51","True","True"
"A5108044017","Zhihan Lv","","94","25686","560","I119868032","CN","17","True","True"
"A5049108652","Shangran Qiu","0000-0003-0571-841X","8","1047","19","I111088046","US","8","False","True"
"A5030348801","Lilas Alrahis","0000-0001-9932-6833","15","618","59","I176601375","AE","9","False","True"
"A5046139868","Mahsa Bahrami","0000-0002-9176-7922","6","257","15","I80543232","IR","10","False","True"
"A5009872730","Boyuan Yang","0000-0002-5248-0929","18","4160","57","I111971639","CN","34","False","True"
"A5085762185","Pritika Bahad","0000-0002-3894-4125","4","365","13","I4210145362","IN","7","False","True"
"A5027286013","Xiangxiang Zeng","0000-0001-6201-0114","63","15531","359","I141568987","HK","18","True","True"
"A5050849175","Farhan Ullah","0000-0002-1030-1275","27","2545","162","I1336053918","US","26","False","True"
"A5078435877","Julián Estévez","0000-0002-7620-5980","10","481","55","I169108374","ES","48","False","True"
"A5022050425","Marian Mazzone","0000-0002-4016-6297","7","782","19","","","33","False","False"
"A5078917190","Hehuan Ma","0000-0002-5971-0053","12","488","47","I189196454","US","9","False","True"
"A5000102478","Yu Xie","0000-0001-5045-2759","27","3298","122","I143593769","CN","35","False","True"
"A5086043405","Tawsifur Rahman","0000-0002-6938-6496","27","5743","69","I145311948","US","24","False","True"
"A5102824683","Yiding Yang","0000-0001-8290-9805","18","1098","44","I2800517447","CN","16","False","True"
"A5031634045","Hyunku Shin","0000-0001-8590-3468","16","1513","30","","","17","False","False"
"A5100462722","Han Yang","0000-0003-2782-7502","13","494","80","I161548249","GB","26","False","True"
"A2769958563","Antonio Loquercio","0000-0002-8410-3933","2","888","2","","","1","False","False"
"A5075817762","Shuangjia Zheng","0000-0001-9747-4285","28","4552","127","I183067930","CN","8","True","True"
"A5089948231","Carlo Perrotta","0000-0003-3572-0844","16","1750","90","","","22","False","False"
"A5087508552","Sina Stocker","0000-0003-4144-0371","6","373","13","I2800875726","DE","5","False","True"
"A5063914950","Ghazanfar Ali Abbasi","0000-0003-0748-8996","18","1926","46","I134085113","SA","7","False","True"
"A5071781620","Keith Hayward","0000-0001-7135-9131","29","4136","184","I124055696","DK","51","False","True"
"A5062310230","Yong Xu","0000-0002-8407-4650","43","6006","374","I129708740","CN","40","False","True"
"A5058553720","Md Kamruzzaman Sarker","0000-0002-9062-388X","13","776","68","I324100","US","10","False","True"
"A5027907536","Seung‐Hoon Yoo","0000-0001-5048-219X","44","8288","574","I118373667","KR","49","True","True"
"A5035711144","Hanna von Gerich","0000-0003-1036-2163","5","370","22","I155660961","FI","16","False","True"
"A5045746109","Tom Beucler","0000-0002-5731-1040","16","1098","108","I97565354","CH","10","True","True"
"A5048566864","Luka Filipović-Grčić","","2","125","20","","","11","False","False"
"A5063328945","Manuel F. Gonzalez","0000-0002-2542-8797","24","2454","63","","","56","False","False"
"A5052902853","Carlos Felipe Rodríguez-Hernández","0000-0003-3140-3067","6","615","17","I118118575","US","161","False","True"
"A5101592930","Yunzhi Chen","0000-0001-5917-3836","14","1032","63","I4210125098","CN","23","False","True"
"A5025534506","Kim Huat Goh","0000-0001-7327-0106","14","936","65","I172675005","SG","42","False","True"
"A5025539382","Chintan Bhatt","0000-0002-0423-0159","18","1882","101","I33586908","IN","18","False","True"
"A5002077138","Hamid Laga","0000-0002-4758-7510","27","3750","210","I176790772","AU","28","False","True"
"A5001009200","Jared Willard","0000-0003-4434-051X","14","2105","42","I1297288678","US","65","False","True"
"A5100782350","Jichao Li","0000-0003-2541-2557","17","1373","59","I154099455","CN","21","False","True"
"A5051666532","Mathias‐Felipe de‐Lima‐Santos","0000-0001-8879-7381","15","774","59","I170486558","ES","6","False","True"
"A5100781661","Jingjing Wang","0000-0002-0178-8405","14","650","106","I130541836","CN","23","False","True"
"A5112687097","C. V. Amrutha","","2","158","2","I81556334","IN","2","False","True"
"A5010073574","Masrour Makaremi","","7","661","41","I15057530","FR","15","False","True"
"A5045229875","Tej Bahadur Shahi","0000-0002-0616-3180","18","1505","45","I155028946","NP","13","False","True"
"A2124725289","David Pfau","0000-0002-4967-1564","0","0","2","","","1","False","False"
"A5054679083","Yixin Bao","0000-0002-6921-2154","11","1158","21","I889458895","HK","9","False","True"
"A5100334077","Huanhuan Li","0000-0002-4293-4763","28","2366","119","I108688024","CN","18","False","True"
"A5020092651","Han‐Shin Jo","0000-0002-5738-1807","22","2725","131","I4210118593","KR","39","False","True"
"A5040720823","John-William Sidhom","0000-0002-5575-0285","15","5984","81","I205783295","US","9","False","True"
"A5048764566","Walaa Gouda","0000-0001-6615-7658","11","843","20","I207547235","EG","12","False","True"
"A5045864038","Ibrahim Abunadi","0000-0002-2546-2450","20","1338","54","","","11","False","False"
"A5045156755","Alon Jacovi","0000-0002-7263-2061","14","1776","44","","","8","False","False"
"A5034071517","Sorayya Rezayi","0000-0001-7423-8853","14","1004","60","I163205636","IR","8","False","True"
"A5025445526","Kanghan Oh","0000-0002-8897-3071","10","638","27","I77079311","KR","13","False","True"
"A5100380463","Jianxin Li","0000-0001-5152-0055","32","4125","203","I12079687","AU","27","False","True"
"A5066888888","Xia Jiang","0000-0003-0349-8126","31","4473","128","I100135526","CN","25","False","True"
"A5028791879","Chaochao Chen","0000-0003-1419-964X","39","6122","296","I157773358","CN","21","True","True"
"A5008919649","Thomas M. Bury","0000-0003-1595-9444","9","609","34","I5023651","CA","9","False","True"
"A5009766424","Juan C. Caicedo","0000-0002-1277-4631","13","1683","33","I107606265","US","10","False","True"
"A5063658433","Weilin Cong","0000-0002-8726-3238","6","220","25","","","8","False","False"
"A5100548178","Chengfeng Xu","","6","852","7","I4210160531","CN","16","False","True"
"A5072253597","Minhaj Nur Alam","0000-0003-3095-2232","20","1242","75","I102149020","US","13","False","True"
"A5025594861","Rashmika Nawaratne","0000-0001-6641-2153","17","1222","40","","","9","False","False"
"A5036489994","Ziyan He","0000-0003-1025-8171","6","534","10","I27357992","CN","8","False","True"
"A5101690071","Li Zhu","0000-0002-2927-9821","9","696","20","I131434179","CN","21","False","True"
"A5071599724","Ben Hutchinson","0000-0003-2253-6204","34","11832","219","I181233156","US","29","False","True"
"A5022267948","Di Wu","0000-0001-7419-9903","43","5168","197","I153473198","CN","24","False","True"
"A5101863013","Kai Fischer","0000-0002-3881-120X","23","2251","108","","","116","False","False"
"A5038620624","Thomas N. Rincy","","2","141","2","","","10","False","False"
"A5033305045","David Bau","0000-0003-1744-6765","30","10505","122","","","32","False","False"
"A5100451610","Zhihui Zhang","0000-0001-7387-599X","13","595","68","I131434179","CN","26","False","True"
"A5013792729","Tim Mueller","0000-0001-8284-7747","36","9259","159","","","56","False","False"
"A5083652722","Anandhavalli Muniasamy","0000-0001-8940-3954","9","451","47","I82952536","SA","12","False","True"
"A5102011442","Penghao Sun","0000-0002-8606-9337","16","750","43","","","10","False","False"
"A5029814767","Kevin Kiningham","0000-0002-2244-998X","5","102","7","I97018004","US","8","False","True"
"A5092625695","Boon Feng Wee","0000-0003-0861-7868","2","85","3","I158949172","MY","1","False","True"
"A5041954637","Asher Rospigliosi","0000-0002-7356-9850","14","885","56","I94951947","GB","19","False","True"
"A5044019139","Jun Zhang","0000-0002-2189-7801","51","10422","360","I139759216","CN","29","True","True"
"A5101508284","Xiaocui Yang","0000-0002-9488-6716","5","418","22","","","28","False","False"
"A5013760675","Abolfazl Mehbodniya","0000-0002-0945-512X","31","3887","239","I4210111408","KW","21","True","True"
"A5064322061","Michael J. Hartmann","0000-0002-8207-3806","38","5823","149","I181369854","DE","37","False","True"
"A5014608401","Charles L. Bormann","0000-0003-3377-972X","30","2859","219","I136199984","US","51","False","True"
"A5032863098","Ian W. McBrearty","0000-0001-6157-7864","8","442","35","I97018004","US","12","False","True"
"A5100639582","Chao Qian","0000-0003-2207-2243","31","3765","143","I168879160","CN","30","False","True"
"A5039611523","Ke Yan","0000-0002-1611-6636","46","7925","297","I125839683","CN","26","True","True"
"A5023767453","Wenjuan Luo","","7","184","11","I16365422","CN","14","False","True"
"A5052000933","Mary Webb","0000-0002-4409-5940","23","2814","93","I183935753","GB","62","False","True"
"A5054894631","Shimeng Yu","0000-0002-0068-3652","75","29420","617","I130701444","US","52","True","True"
"A5037320179","Kunze Wang","","6","136","16","I129604602","AU","6","False","True"
"A5039865284","Nitin Liladhar Rane","0000-0002-1351-4372","33","4145","189","","","6","True","False"
"A5044662028","Zexi Huang","0000-0002-1480-4494","6","265","24","I154570441","US","5","False","True"
"A5084696020","Gaowei Xu","0000-0003-3752-7749","16","1614","30","I116953780","CN","13","False","True"
"A5001816984","Ersin Elbaşı","0000-0002-8603-1435","17","1529","86","I2803079837","KW","21","False","True"
"A5100783517","Fuh‐Gwo Yuan","0000-0003-1231-0607","44","6112","213","I137902535","US","43","False","True"
"A5036908879","Jonghoon Lee","0000-0002-0071-0948","3","360","4","I142401562","KR","6","False","True"
"A5051534896","Huaxiu Yao","0000-0002-8691-9629","24","4924","174","I114027177","US","9","True","True"
"A5100435146","Jingwen Zhang","0000-0003-1733-6857","24","2519","114","I84218800","US","17","False","True"
"A5023786456","Yang Wang","0000-0001-5124-6121","1","64","1","I165745306","CN","1","False","True"
"A5019795328","İsmail Çelik","0000-0002-5027-8284","16","1893","62","I98381234","FI","36","False","True"
"A5100602497","Yue Gao","0000-0002-9084-5802","22","2054","131","I114539943","CN","23","False","True"
"A5044431363","Matjaž Perc","0000-0002-3087-541X","110","45229","718","I197347611","KR","23","True","True"
"A5022688200","Anne Lauscher","0000-0001-8590-9827","16","1095","119","I159176309","DE","10","True","True"
"A5083222318","Rosana Cavalcante de Oliveira","0000-0003-0336-6780","5","156","11","I84554738","BR","16","False","True"
"A5049739458","Guoli Zhang","0000-0002-0706-4328","3","323","4","I25254941","CN","6","False","True"
"A5100359344","Dong Wook Kim","0000-0001-6167-6475","30","3620","188","I116631150","KR","37","False","True"
"A5100569296","Luyang Chen","","4","379","5","I4210131919","CN","7","False","True"
"A5030716890","X. Ju","0000-0002-9745-1638","140","101390","1988","I126520041","CN","33","True","True"
"A5100735590","Soo Young Lee","0000-0003-3391-1241","25","2103","241","I2803058125","KR","53","False","True"
"A5031032802","Maede Zolanvari","0000-0003-1428-7770","12","2234","23","I150569930","US","7","False","True"
"A5058423531","Bilal Taha","0000-0003-4799-3495","13","879","43","I185261750","CA","24","False","True"
"A5033170693","Tianshuo Qiu","0000-0001-6797-3606","17","1485","47","I4210104252","CN","10","False","True"
"A5048568309","Mengmei Zhang","0000-0002-4581-0977","11","334","34","I176834541","CN","18","False","True"
"A5072581622","Rostam Abdollahi-Arpanahi","0000-0003-4068-9589","24","1770","92","I23946033","IR","17","False","True"
"A5086601983","R. G. Babukarthik","","8","289","16","I4400573291","","11","False","True"
"A5007244401","Lu Huang","0000-0003-0067-9423","17","3256","104","I182386381","CN","33","False","True"
"A5055267677","Hao Yu","0000-0002-7261-5448","24","2245","114","I125839683","CN","22","False","True"
"A5027030560","Roshan A. Welikala","0000-0001-8503-6536","16","1391","51","I205051169","GB","13","False","True"
"A5017285700","Michael J. Rigby","0000-0001-8809-2648","12","679","37","I1330342723","US","45","False","True"
"A5053370052","Cornelia Sindermann","0000-0003-1064-8866","34","3716","145","I100066346","DE","11","True","True"
"A5011861720","Josh Cowls","0000-0002-8545-5068","35","8663","97","","","12","False","False"
"A5057689489","Jane Oruh","0000-0002-7676-7502","4","189","8","","","13","False","False"
"A5022607605","Pablo Pozzobon de","0000-0003-3868-8704","9","750","11","I150729083","BR","4","False","True"
"A5069562629","Shafiul Hasan Rafi","0000-0002-1786-8637","5","464","8","","","10","False","False"
"A5004597926","Mohamed R. Torkomany","0000-0001-8250-8892","4","367","11","I107720978","EG","10","False","True"
"A5091398081","Murat Kuzlu","0000-0002-8719-2353","32","4566","172","","","22","False","False"
"A5023944464","Tina Hernandez‐Boussard","0000-0001-6553-3455","65","18404","385","I4210137306","US","28","True","True"
"A5103037387","Abbas M. Hassan","0000-0002-1070-0524","20","3476","135","I111979921","US","57","False","True"
"A5071351339","Karl de Fine Licht","0000-0001-6972-4814","12","654","68","I66862912","SE","63","False","True"
"A5002543406","Tehseen Mazhar","0000-0002-4649-2376","24","2045","118","I2800666866","PK","4","True","True"
"A5085588455","Siliang Tong","0000-0002-1730-1075","7","1855","20","I172675005","SG","9","False","True"
"A5000177867","Andreas Wünsch","0000-0002-0585-9549","21","2239","214","I4210111500","DE","29","False","True"
"A5033390440","Josh Abramson","0009-0000-3496-6952","12","8800","23","I4210090411","GB","21","False","True"
"A5006619674","Benedek Rózemberczki","0000-0002-0751-9222","16","1905","47","I105036370","GB","7","False","True"
"A5019844880","Lianghao Xia","0000-0003-0725-2211","32","4060","96","I177725633","HK","6","True","True"
"A5070569173","Yuequan Bao","0000-0001-7553-366X","44","5584","123","I204983213","CN","32","False","True"
"A5100448759","Weibin Zhang","0000-0002-0701-9690","29","3791","254","I211433327","CN","38","False","True"
"A5046464635","Aanis Ahmad","0000-0002-7431-0808","8","754","21","","","7","False","False"
"A5027249938","Craig Kuziemsky","0000-0003-3904-5372","38","5380","296","I924318406","CA","27","True","True"
"A5067132763","Alireza Yazdani","0000-0002-0139-2080","27","4454","73","I18014758","CA","28","False","True"
"A5005611002","Jialin Yu","0000-0003-0287-5081","28","3217","196","I20231570","CN","38","False","True"
"A5062578105","Manuel Arias Chao","0000-0001-6134-3582","11","826","32","","","11","False","False"
"A5100611977","Zhiwen Zhang","0000-0002-3123-8885","23","2483","274","I139024713","CN","28","False","True"
"A5085274793","Tianfang Xu","0000-0002-9565-9208","15","1456","51","I4210126065","CN","14","False","True"
"A5022678740","Hakan Gündüz","0000-0003-2152-5490","10","856","37","I51826884","TR","18","False","True"
"A5070436157","Abeer Saber","0000-0002-9261-0927","12","911","38","I126427551","EG","8","False","True"
"A5103327191","Jeffrey Dean","","39","7276","214","","","60","False","False"
"A5031745233","Sijing Duan","0000-0003-3295-8822","8","539","22","I139660479","CN","9","False","True"
"A5074831496","Meike Nauta","0000-0002-0558-3810","11","1089","32","","","9","False","False"
"A5101587350","Yaguang Li","0000-0001-9425-034X","7","300","25","I91045830","US","19","False","True"
"A5082589336","Matthew J. Colbrook","0000-0003-4964-9575","17","874","80","I241749","GB","11","False","True"
"A5022068526","Mingfu Xue","0000-0003-2408-503X","15","942","72","I66867065","CN","15","False","True"
"A5100640657","Kai Yang","0000-0002-1360-8141","18","2316","57","I116953780","CN","17","False","True"
"A5067638918","Kazi Abu Taher","0000-0003-2179-4607","17","1317","60","","","21","False","False"
"A5107482011","Evangelos K. Oikonomou","0000-0003-4362-0720","36","7068","230","I200777214","GR","16","True","True"
"A5054469921","Stephen Wu","0000-0002-7847-8106","30","3436","177","","","54","False","False"
"A5101399912","Harmanpreet Kaur","0000-0002-9913-0766","10","879","70","I10052268","US","16","False","True"
"A5100745804","Li Mei","0000-0002-9361-7231","12","943","60","","","27","False","False"
"A5102807875","Luya Lian","0000-0002-2817-9722","5","335","11","","","22","False","False"
"A5022086618","Nurulain Abd Mubin","","1","137","1","I130343225","MY","1","False","True"
"A5013046023","Narendra N. Khanna","0000-0002-6935-0039","42","5697","240","I4210164344","IN","62","False","True"
"A5087758243","Guangxin Lou","","1","133","1","I145897649","CN","1","False","True"
"A5028051805","Philippe Schwaller","0000-0003-3046-6576","31","7144","200","I4210092861","RU","10","True","True"
"A5037378130","Hengrun Zhang","0000-0002-7405-9588","7","502","15","I143593769","CN","12","False","True"
"A5102090250","James H. Harrison","","19","1245","51","I51556381","US","54","False","True"
"A5076916845","Canh Nguyen","","5","341","8","I157358134","VN","15","False","True"
"A5015358635","Amit Verma","0000-0003-0187-5514","8","488","28","I63855395","US","16","False","True"
"A5081817897","Haozhen Zhang","0000-0003-4048-4516","5","105","9","","","4","False","False"
"A5043672285","Haojie Hu","0000-0002-6645-8853","13","611","61","I4210120998","CN","9","False","True"
"A5100326772","Jingwei Liu","","9","583","51","I37796252","CN","19","False","True"
"A5015972600","Wenjie Cai","0000-0002-9630-5516","17","1419","70","I148128674","CN","29","False","True"
"A5038139638","Gabriel Sigmund","0000-0003-2068-0878","26","2624","93","I913481162","NL","11","False","True"
"A5076637753","Shimon Ullman","0000-0003-4331-298X","56","23467","291","I53964585","IL","72","False","True"
"A5085259190","Farkhanda Aziz","0000-0002-3232-913X","1","219","1","I929597975","PK","1","False","True"
"A5025157753","Maonan Wang","0000-0001-5407-0416","9","617","34","I139660479","CN","9","False","True"
"A5047914898","Laura Dubreuil-Vall","0000-0002-9485-5004","7","510","19","","","12","False","False"
"A5065003610","Luca Pasa","0000-0002-3023-3046","8","255","49","I138689650","IT","12","False","True"
"A5050362799","Manuel González‐Rivero","0000-0003-0252-584X","22","2063","60","","","15","False","False"
"A5025107525","Abdalmuttaleb Al-Sartawi","0000-0001-9755-5106","38","3693","125","","","16","False","False"
"A5011051526","Irfan Javid","0000-0002-8266-3726","7","183","21","","","5","False","False"
"A5047444096","Lkhagvadorj Munkhdalai","0000-0002-6740-219X","11","506","24","I163753206","KR","6","False","True"
"A5017208524","Sivaramakrishnan Rajaraman","0000-0003-0871-8634","29","3504","112","I1299303238","US","22","False","True"
"A2734406827","Susheel Suresh","0000-0002-9003-5850","1","63","1","","","1","False","False"
"A5021992440","Xiaoqin Pan","0000-0002-2083-338X","8","270","26","I1297991670","CN","18","False","True"
"A5087553273","Yilun Jin","0000-0002-9502-7622","15","1270","57","I200769079","HK","11","False","True"
"A5081423238","Hamed Taherdoost","0000-0002-6503-6739","38","11011","386","I214977574","CA","17","True","True"
"A5077183319","Ling Cai","0000-0001-7106-4907","22","2497","77","I1327237609","CN","21","False","True"
"A5100330417","Ibrahim Ibrahim","","6","367","93","I4210116728","ID","31","False","True"
"A2631485031","R. Doriguzzi Corin","","0","0","1","","","1","False","False"
"A5015640288","Arvind Ashta","0000-0002-6160-5375","21","2212","227","","","30","False","False"
"A5019676675","Tala Talaei Khoei","0000-0002-7630-9034","15","954","62","I111088046","US","13","False","True"
"A5036583414","Luana Ruiz","0000-0002-9666-1211","9","452","59","","","19","False","False"
"A5018473994","Dmitry Koroteev","0000-0002-5353-5688","21","2045","123","I4210118538","ID","21","False","True"
"A5082517606","Li‐Tao Zhu","0000-0001-6514-8864","24","2042","86","I183067930","CN","23","False","True"
"A5082308809","Troy J. Strader","","15","1720","90","I87213936","US","28","False","True"
"A5073635669","Li-Minn Ang","0000-0002-2402-7529","35","4703","322","I174025329","AU","31","True","True"
"A5100320545","Xiaoqing Liu","0000-0002-9878-088X","20","1266","87","I129708740","CN","38","False","True"
"A5006543131","Yajie Meng","0000-0002-2384-1158","14","964","45","I19820366","CN","7","False","True"
"A5100740368","Lei Jin","0000-0001-5630-2081","31","4196","110","I114539943","CN","36","False","True"
"A5072747890","Zhenze Yang","0000-0002-6427-6757","15","1572","35","I63966007","US","8","False","True"
"A5048414655","Ruihao Gong","0000-0002-6024-7086","22","2444","82","I25254941","CN","7","True","True"
"A5022882549","Suresh Sankaranarayanan","0000-0001-5145-510X","18","1590","168","I106826634","IN","23","False","True"
"A5093668834","Adedayo Ogunpola","","1","151","1","I12870472","GB","1","False","True"
"A5100440597","Jue Wang","","32","10633","144","I16295237","CN","30","False","True"
"A5055725063","Kursat Rasim Mestav","0000-0002-8348-5765","7","304","10","I205783295","US","5","False","True"
"A5025542801","Julian Cremer","0000-0001-6319-7283","3","72","10","I4210100293","DE","3","False","True"
"A5074066319","Sören R. Künzel","","4","857","12","I95457486","US","5","False","True"
"A5082450291","Jiaqi Jiang","0000-0001-7502-0872","14","1495","90","I135237710","CN","40","False","True"
"A5083360810","Hesham M. Eraqi","0000-0001-9430-7553","8","618","40","I1311688040","US","15","False","True"
"A5009617425","Yueyue Dai","0000-0002-2163-987X","22","4729","77","I47720641","CN","10","False","True"
"A5112572409","Shahab S. Band","","4","304","7","","","6","False","False"
"A5057217204","Mohamed Abd Elaziz","0000-0002-7682-6269","85","30156","560","I130009713","EG","46","True","True"
"A5100627736","Yan Du","0000-0002-4656-240X","23","2225","76","I1327237609","CN","25","False","True"
"A5003719515","Lieyang Chen","0000-0002-1583-8039","6","401","15","I4210161154","US","10","False","True"
"A5008374900","Ruishuang Wang","","3","191","5","","","5","False","False"
"A5018100130","Vardan Papyan","0000-0002-5028-2144","16","1343","38","I4210109183","RU","11","False","True"
"A5058052387","Huance Xu","","6","347","8","I90610280","CN","4","False","True"
"A5045383831","Emily Denton","0000-0003-4915-0512","33","9595","71","I1291425158","US","19","False","True"
"A5076132472","Riktim Mondal","0000-0003-1814-5059","7","338","12","I170979836","IN","4","False","True"
"A5068979918","Raffaele Pugliese","0000-0001-7669-4457","38","4468","156","I4210094195","IT","47","False","True"
"A5053419294","Ecenur Ustun","0000-0001-6546-1367","9","466","13","I205783295","US","8","False","True"
"A5043344581","Mohamed Nassar","0000-0001-8857-4436","16","849","99","I40253897","US","21","False","True"
"A5035999619","Michal Cohen‐Shelly","0000-0003-4817-8644","8","527","18","I2799810450","IL","5","False","True"
"A5064652614","Zhi Huang","0000-0001-6982-8285","26","3629","135","I37574244","CN","18","False","True"
"A5015266516","Hao Song","0000-0002-1554-3759","24","1844","85","I108688024","CN","25","False","True"
"A5052398734","Seokjin Ahn","","1","94","1","I46247651","CA","1","False","True"
"A5083618632","Özal Yıldırım","0000-0001-5375-3012","29","9246","97","I143396566","TR","16","False","True"
"A5002075376","Miloud Bagaa","0000-0001-5280-3276","39","4948","189","I63341726","CA","19","False","True"
"A5026257919","Gerit Wagner","0000-0003-3926-7717","14","1163","53","I94626330","DE","81","False","True"
"A5069874075","Paweł Korzyński","0000-0002-6457-4965","19","1684","59","","","21","False","False"
"A5100700305","José Jiménez-Luna","0000-0002-5335-7834","22","3240","66","I4210124949","IN","47","False","True"
"A5026608291","Kevin de Haan","0000-0002-7802-3857","18","2384","83","I142207940","US","9","False","True"
"A5049411988","Siva Rama Krishnan Somayaji","0000-0002-2003-6671","9","771","19","I876193797","IN","16","False","True"
"A5064689577","Patrick Komiske","0000-0002-2983-9518","16","1630","50","I63966007","US","61","False","True"
"A5032534088","Brad Boehmke","","7","1021","23","I1280414376","US","6","False","True"
"A5100720410","Qing Lv","0000-0001-9394-7452","16","829","124","I1327237609","CN","23","False","True"
"A5029058473","Milan Miric","0000-0002-8318-9288","11","669","36","I1174212","US","18","False","True"
"A5052127003","Koushik Nagasubramanian","0000-0003-2708-3945","11","1115","29","I173911158","US","8","False","True"
"A5100724297","Yong Liu","0000-0003-4822-8939","57","19599","1071","I115228651","SG","39","True","True"
"A5060331822","Hanle Zheng","0009-0002-9622-780X","4","487","9","","","5","False","False"
"A5101652711","Zeyuan Yu","0000-0002-6462-8417","36","8026","145","I129708740","CN","24","False","True"
"A5109301691","Javad Feizabadi","","11","790","16","I46247651","CA","16","False","True"
"A5030015523","Lingchen Zhao","0000-0002-1700-3836","12","823","40","I37461747","CN","8","False","True"
"A5044312417","Vishal Das","0000-0001-5815-537X","14","1138","53","I73779912","","19","False","True"
"A5028909426","Anna Drewek-Ossowicka","0000-0002-9637-2153","1","143","3","I1343180700","US","4","False","True"
"A5048694535","Antonios Mamalakis","0000-0002-1731-7595","14","829","51","I51556381","US","11","False","True"
"A5033405889","Junbeom Kim","0000-0001-9770-1185","9","339","60","","","12","False","False"
"A5012716161","Stefano Mangini","0000-0002-0056-0660","6","277","17","I133731052","FI","5","False","True"
"A5073973267","Gang Kou","0000-0002-9220-8647","72","20031","474","I142108993","CN","23","True","True"
"A5063345981","Sayash Kapoor","0000-0001-5695-280X","15","1087","39","I20089843","US","8","False","True"
"A5031183396","Himanshu Sharma","0000-0002-6973-1069","11","880","76","","","21","False","False"
"A5049757045","Ramesh TR","","1","317","1","I4210103394","IN","1","False","True"
"A5011407966","Peter Stone","0000-0001-8343-6843","20","1577","140","I205274468","IE","34","False","True"
"A5001536961","Yilun Han","0000-0002-3866-1168","7","291","34","I99065089","CN","22","False","True"
"A5001327675","Arlindo L. Oliveira","0000-0001-8638-5594","33","6109","245","I111950717","MO","35","False","True"
"A5086677960","Claudio Novelli","0000-0003-4193-8604","12","720","58","I32971472","US","7","False","True"
"A5031434389","Sarfaraz Hussein","0000-0003-2783-3734","11","858","31","","","9","False","False"
"A5050669845","Shike Wang","0000-0003-3007-533X","11","522","14","I191996457","CN","7","False","True"
"A5016554880","Vangelis Karalis","0000-0003-0492-0712","24","1872","123","I200777214","GR","25","False","True"
"A5029857170","Debmalya Mandal","0000-0002-8132-188X","11","311","50","I39555362","GB","12","False","True"
"A5004659592","Ankit Agrawal","0000-0001-5940-7209","46","12812","422","I111979921","US","226","False","True"
"A5103846660","Juncheng Zhu","","5","470","9","","","7","False","False"
"A5083806375","Jingxi Li","0000-0001-6595-8680","23","1980","123","I142207940","US","19","False","True"
"A5108004413","Bambang Susilo","0000-0003-1578-2730","4","227","4","I29617571","ID","6","False","True"
"A5003814215","Mario Molina","0000-0001-8268-2401","5","330","9","","","6","False","False"
"A5070039424","Meena Malik","0000-0001-8654-7143","10","526","52","I101407740","IN","23","False","True"
"A5039375514","Chun‐Chen Tu","0000-0002-6619-9521","7","776","14","I27837315","US","6","False","True"
"A5090665793","Justin Grimmer","0000-0001-6642-9799","32","6978","123","","","22","False","False"
"A5047715689","Ravi Manne","0000-0002-9438-3086","16","1408","34","","","23","False","False"
"A5044595104","J. Andrew","","17","1444","85","I4210109528","IN","59","False","True"
"A5074214984","Han-Yun Chen","","3","248","3","I125732723","TW","3","False","True"
"A5021005694","Senjuti Rahman","","3","120","7","I12315562","US","3","False","True"
"A5101784732","Kai Han","0000-0002-9761-2702","32","9242","114","I2250955327","CN","41","False","True"
"A5041312798","Assunta Di Vaio","0000-0002-0498-1630","35","5377","108","I183638586","IT","26","False","True"
"A5071415046","Jan Kühnisch","0000-0003-4063-2291","41","4889","194","I3018771216","DE","27","False","True"
"A5023348031","Yanfang Fu","0000-0002-7160-8449","8","414","85","I4210110558","CN","21","False","True"
"A5029157597","Vibekananda Dutta","0000-0002-9640-4725","11","451","38","I108403487","PL","14","False","True"
"A5006775324","Aleksandra Kuzior","0000-0001-9764-5320","30","2609","138","I119004910","PL","20","False","True"
"A5063892805","Jean Rabault","0000-0002-7244-6592","24","2462","158","I1314042554","NO","67","False","True"
"A5075214356","Maria Frasca","0000-0003-3164-1858","7","255","31","I189158943","IT","20","False","True"
"A5108914324","Ava P. Soleimany","","14","1645","33","I1290206253","US","9","False","True"
"A5114374374","Ching-Hao Wang","","1","111","2","I148366613","TW","4","False","True"
"A5042079993","Shunxin Xiao","0000-0003-1187-8719","8","319","18","I75867142","CN","5","False","True"
"A5018638590","Shahd Alallah M Essa","0000-0002-0835-3033","1","144","5","I4537092","ET","4","False","True"
"A5048323819","Massimo Bonavita","0000-0002-0392-284X","24","29349","71","I154986956","GB","24","False","True"
"A5025474414","Dong Liang","0000-0001-6257-0875","46","8614","551","I106994412","CN","35","True","True"
"A5057908066","Hongwei Song","0000-0003-1928-8182","16","1091","66","","","26","False","False"
"A5047818595","Timo Minssen","0000-0002-3286-4888","23","3426","305","I124055696","DK","21","True","True"
"A2956729810","Parnian Afshar","0000-0002-8440-9836","0","0","7","","","1","False","False"
"A5040559708","Sunny Chugh","0000-0002-3062-6157","13","800","21","I1343180700","US","11","False","True"
"A5101714610","Siyun Yang","0000-0003-2895-532X","22","1186","85","I105086349","CN","15","False","True"
"A5023624578","Felipe Oviedo","0000-0001-9480-6539","18","1854","75","I1290206253","US","31","False","True"
"A5040607106","Aiswarya Raj Munappy","0000-0002-1333-5825","5","354","8","I66862912","SE","6","False","True"
"A5112565955","Thorsten Hoeser","","8","619","18","I2898391981","DE","3","False","True"
"A5100462856","Jiawei Zhang","0000-0003-4057-9400","10","465","16","I197869895","CN","13","False","True"
"A5022402131","Jing Jin","0000-0002-8638-7837","19","1361","160","I109935558","CN","25","False","True"
"A5100532319","Yanping Zheng","","13","512","70","I1292875679","AU","23","False","True"
"A5101470129","Abdullah Alharbi","0000-0002-1272-436X","12","541","31","I134085113","SA","14","False","True"
"A5042718225","Zirui Li","0000-0001-7056-4264","24","1720","174","I125839683","CN","8","True","True"
"A5067500709","Shrinathan Esakimuthu Pandarakone","0000-0003-1366-2639","10","406","19","I4210165351","JP","10","False","True"
"A5078798665","Geun Ho Gu","0000-0001-8795-7558","22","2203","61","I4210127102","KR","25","False","True"
"A5075517371","Chiyu Feng","0000-0002-8367-2747","3","330","4","I4210145292","CN","3","False","True"
"A5059256953","Zhongda Sun","0000-0001-7365-1945","31","6693","51","I165932596","SG","7","False","True"
"A5006836128","Vinothkumar Sekar","0000-0001-5734-550X","5","693","5","","","4","False","False"
"A5060820110","Hiroya Ueyama","0000-0002-5370-1009","21","2380","217","I34077901","JP","60","False","True"
"A5060032144","David L. Morgan","0000-0001-6014-7643","46","18838","160","I126345244","US","50","False","True"
"A5051256159","Seyed Mohamad Moosavi","0000-0002-0357-5729","27","4550","119","I185261750","CA","10","True","True"
"A5039275245","Stephen J.H. Yang","0000-0003-1059-620X","46","9189","247","I22265921","TW","64","False","True"
"A5031322893","Chien‐Liang Liu","0000-0002-2724-7199","38","4659","203","I148366613","TW","39","False","True"
"A5030012542","Arni S. R. Srinivasa Rao","0000-0003-3685-6989","17","1613","133","I25041050","US","60","False","True"
"A5077083047","Lijuan Tan","0000-0002-4039-779X","4","603","5","I3133134087","CN","3","False","True"
"A5041274342","Emily Sullivan","0000-0002-2073-5384","15","585","40","","","41","False","False"
"A5089081657","Taoran Fang","","3","64","5","","","4","False","False"
"A5078517381","Yunlong Liang","0000-0003-2311-7642","11","421","29","","","8","False","False"
"A5017039850","Sofia Agostinelli","0000-0002-9706-8006","11","534","26","I861853513","IT","7","False","True"
"A5108208924","Judea Pearl","","92","78802","489","I161318765","US","55","False","True"
"A5015598933","Anja Thieme","0000-0002-9639-5531","30","2954","86","I4210108625","GB","20","False","True"
"A5059897538","Dilli Paudel","0000-0003-4080-4276","6","660","20","","","6","False","False"
"A5014146843","Yuanshun Yao","","12","2116","39","","","9","False","False"
"A5100343182","Dongyang Wang","0000-0001-9468-173X","12","646","39","I37802460","CN","14","False","True"
"A5101907213","Parul Sharma","0009-0006-6495-7452","6","525","38","I24927338","IN","53","False","True"
"A5009495871","Feng Xu","0000-0002-6187-1681","3","134","5","I179026463","CN","6","False","True"
"A5101780953","Tsuyoshi Imai","","39","268250","461","","","75","False","False"
"A5065707745","Ahmet Göçen","0000-0002-9376-2084","11","519","54","I52407163","TR","14","False","True"
"A5005282924","Aditya Khamparia","0000-0001-9019-8230","32","5089","200","I143247161","IN","13","True","True"
"A5021187316","Wenyan Ma","0000-0003-3358-2927","17","1539","49","I165932596","SG","24","False","True"
"A5110812058","Xianglong Zeng","","7","429","14","I4210088244","CN","8","False","True"
"A5090482409","Sheikh Kamran Abid","0000-0003-3317-9468","8","397","22","I930072361","MY","6","False","True"
"A5065424056","A. Priya","","10","641","66","I145286018","IN","13","False","True"
"A5031141188","Jia-Cing Liang","0000-0002-1134-527X","3","425","4","I154864474","TW","5","False","True"
"A5077089326","Rafael Pires de Lima","0000-0002-6747-1291","12","730","54","","","9","False","False"
"A5101568942","Yao Ma","0000-0002-4985-8724","30","6248","165","I165799507","US","26","False","True"
"A5054742916","Esra Zihni","0000-0003-2288-2406","7","269","10","I4210144925","IE","5","False","True"
"A5068384981","Xiao Xiang Zhu","0000-0001-5530-3613","77","24155","959","I14116566","CN","32","True","True"
"A5037865550","M. Shamim Hossain","0000-0001-5906-9422","76","18312","340","I28022161","SA","21","True","True"
"A5025468465","Nuria Haristiani","0009-0002-6097-4723","7","440","92","","","10","False","False"
"A5087157931","Derek van Tilborg","0000-0003-4473-0657","9","445","24","I83019370","NL","5","False","True"
"A5007357447","Neziha Jaouedi","","6","313","11","I68916915","TN","7","False","True"
"A5063641512","Tribikram Dhar","0000-0002-0495-0025","1","204","2","I170979836","IN","3","False","True"
"A5087686222","Abid Haleem","0000-0002-3487-0229","91","35021","453","I59475050","IN","65","False","True"
"A5100396580","Jiyeon Kim","0000-0001-7964-5060","36","5564","407","I193775966","KR","26","True","True"
"A5033902274","Mohammad Izadi","0000-0003-3561-3942","15","873","176","I133529467","IR","21","False","True"
"A5102891068","Aakash Singh","0000-0002-6213-718X","7","210","24","I110166357","IN","16","False","True"
"A5080352482","Ahmed M. Youssef","0000-0002-3297-4868","38","7229","186","I2799481701","AE","56","False","True"
"A5078306767","Randy J. Chase","0000-0002-2606-7612","15","793","60","I92446798","US","74","False","True"
"A5087792082","Oliver T. Unke","0000-0001-7503-406X","20","2541","68","I1291425158","US","12","False","True"
"A5029006114","Oliver Neumann","0000-0002-0988-9729","13","1639","62","I97565354","CH","20","False","True"
"A5070872090","Elham Yousef Kalafi","0000-0002-4474-3303","6","216","12","","","13","False","False"
"A5036992363","Ruth M. J. Byrne","0000-0003-2240-1211","42","8993","209","I205274468","IE","37","False","True"
"A5023917652","Ahmed Sedik","0000-0002-7651-8362","19","1473","85","I142024983","SA","8","True","True"
"A5049617212","Siu Cheung Kong","0000-0002-8691-3016","39","5159","298","I4210086892","HK","37","False","True"
"A5008341254","Yang Zhong","0000-0002-4855-6310","27","2216","105","I141649914","CN","36","False","True"
"A5102723567","Paramita Ray","0000-0001-8087-1807","5","314","9","I106542073","IN","9","False","True"
"A5031468255","Bingbing Xu","0009-0004-8319-2681","7","503","29","I92178344","CN","8","False","True"
"A5021071042","Alexandros Vassiliades","0000-0003-4569-503X","5","190","27","","","5","False","False"
"A5070811279","Weiqiang Zhu","0000-0003-2889-1493","28","5169","128","I122411786","US","19","False","True"
"A5062507285","Chengping Rao","","10","1067","25","","","45","False","False"
"A5110774377","Mingxing Tan","","30","18786","97","I4210145145","DE","16","False","True"
"A5041795890","Guillaume Bellec","0000-0001-7568-4994","14","1240","42","I129774422","AT","12","False","True"
"A5067927478","Ilias Siniosoglou","0000-0001-9844-8185","9","428","41","I89506807","GR","7","False","True"
"A5013799533","Ebenezer Esenogho","0000-0002-5328-1497","11","907","54","I165390105","ZA","12","False","True"
"A5079410781","Miao Feng","0000-0003-1693-2286","3","70","9","","","8","False","False"
"A5032136852","Peter R. Wiecha","0000-0002-4571-0116","19","1391","112","I1294671590","FR","14","False","True"
"A5055820027","Driss Lamrani","0009-0006-9501-5353","5","148","15","I4210121980","MA","4","False","True"
"A5073565150","Tom Silver","","14","689","61","I205783295","US","10","False","True"
"A5049575152","Yuyin Wang","0000-0001-8977-4894","18","1143","41","","","18","False","False"
"A5115883486","Zhen Yang","0000-0003-2883-7665","8","534","29","I96733725","CN","32","False","True"
"A5077355263","Shalini Wankhade","0009-0006-7048-9675","3","121","7","","","11","False","False"
"A5063759350","Piotr Nowakowski","0000-0001-7148-1153","13","1034","60","I104588304","PL","48","False","True"
"A5080116943","Deepak Ghimire","0000-0001-8940-8739","16","1271","64","I114395901","US","16","False","True"
"A5010987707","Mohammad Mohammadi Amiri","0000-0003-0701-9591","20","2710","73","","","18","False","False"
"A5088958040","Ali Aljofey","0000-0002-1494-5107","5","293","7","I180726961","CN","8","False","True"
"A5101720276","Kavita Jhajharia","0000-0002-6424-2127","8","307","28","","","8","False","False"
"A5030101786","Arpan Srivastava","","3","168","7","I165831266","IN","4","False","True"
"A5089149507","Anurag Thantharate","0000-0002-2015-6964","12","682","28","I123946342","US","6","False","True"
"A5056088121","Guanxiong Shen","0000-0002-0331-4211","11","896","30","I76569877","CN","6","False","True"
"A5029423093","Jorge Baño‐Medina","0000-0003-3380-1579","13","1019","57","I13134134","ES","8","False","True"
"A5039544334","Ramazan Yılmaz","0000-0002-2041-1750","32","3498","147","I254571519","TR","24","False","True"
"A5091413872","James Shaw","0000-0002-9522-0756","37","5619","210","I185261750","CA","29","False","True"
"A5048370871","Ianire Taboada","0000-0002-2772-4143","11","545","38","I169108374","ES","15","False","True"
"A2250785871","Dimitri Bourilkov","","0","0","6","","","1","False","False"
"A5065164042","Andrés Anaya-Isaza","0000-0002-2673-1325","8","404","11","I233745408","CO","9","False","True"
"A5031767757","Enas Elgeldawi","0000-0003-4246-6901","7","722","16","I4210134598","EG","26","False","True"
"A5084159461","Paris Charilaou","0000-0002-5512-4225","20","1801","110","","","11","False","False"
"A5054284011","Yuwen Yang","0000-0001-8367-0939","9","864","35","I105991555","CN","25","False","True"
"A5101791696","Ling Qin","0000-0003-0957-4804","8","326","28","","","24","False","False"
"A5080495751","Francesco Casalegno","0000-0001-7230-2292","5","364","15","","","9","False","False"
"A5056889379","Syed Muhammad Usman","0000-0002-0504-3558","13","1038","36","I59225215","PK","9","False","True"
"A5042653526","Robertas Damaševičius","0000-0001-9990-1084","77","21443","767","I119004910","PL","56","True","True"
"A5034122071","Chongyi Li","0000-0003-2609-2460","52","14455","218","I205237279","CN","20","True","True"
"A5058710447","Seoin Back","0000-0003-4682-0621","47","9293","163","I148751991","KR","26","False","True"
"A5100714052","You Chen","0000-0001-8232-8840","30","3532","239","I197869895","CN","27","False","True"
"A5060486749","Z. Fang","0000-0001-5540-1010","13","897","44","","","36","False","False"
"A5002417986","Minghang Zhao","0000-0003-3342-1840","25","3502","66","I204983213","CN","27","False","True"
"A5023930021","Yalin Liao","","2","309","3","","","6","False","False"
"A5103283111","Tong He","0000-0003-3497-5212","9","935","15","","","8","False","False"
"A5089384363","Shuaiqi Liu","0000-0001-7520-8226","29","2874","171","I19820366","CN","14","True","True"
"A5085640042","Spiros V. Georgakopoulos","0000-0002-3374-0422","11","772","56","I145722265","GR","13","False","True"
"A5075917041","Huiwei Jiang","0000-0002-1560-5577","5","487","11","I4210141849","CN","6","False","True"
"A5085194606","R. Glenn Richey","0000-0002-7620-4435","46","8010","127","I82497590","US","25","False","True"
"A5059100305","Andrej Thurzo","0000-0002-7810-5721","23","1540","67","I74788687","SK","16","False","True"
"A5100731193","Shan Li","0000-0001-6477-3043","22","4925","101","I10660446","CN","22","False","True"
"A5103114388","Ziqing Zhou","0000-0002-3235-911X","14","1327","42","I116953780","CN","42","False","True"
"A5049663232","Huachi Zhou","0000-0002-8301-8470","6","135","17","I14243506","HK","6","False","True"
"A5055779666","Anika Cheerla","","2","370","2","","","1","False","False"
"A5037886117","Zhelin Huang","0000-0002-2544-2636","7","554","11","I180726961","CN","7","False","True"
"A2106099637","Ran Gu","0000-0001-9789-4765","0","0","11","","","1","True","False"
"A5067396725","Jože M. Rožanec","0000-0002-3665-639X","15","860","91","","","6","True","False"
"A5007116395","Viet-Hung Dang","0000-0003-3384-6427","14","849","53","","","18","False","False"
"A5113722952","Chenyu Wang","0000-0002-3675-3616","37","6844","238","I108688024","CN","23","True","True"
"A5009184855","Yaser Saleh","0000-0002-2257-721X","3","152","11","I158749337","JO","19","False","True"
"A5064857956","Man Hung","0000-0003-2827-3740","49","8177","242","I1324574813","US","25","False","True"
"A5020567040","Prohim Tam","0000-0002-3842-7689","11","357","34","","","20","False","False"
"A5090920615","Wenzhong Yan","0000-0002-3711-0807","12","747","62","I161318765","US","18","False","True"
"A5043786505","K. Thenmozhi","0000-0001-9956-9261","5","893","7","","","9","False","False"
"A5054132577","Shenbagarajan Anantharajan","0000-0003-0367-920X","3","131","12","","","13","False","False"
"A5086024041","Valeria Maeda-Gutiérrez","0000-0002-0852-8315","6","287","14","I47400469","MX","6","False","True"
"A5101844074","Ji‐Hae Kim","0000-0003-1037-1801","23","2037","123","","","30","False","False"
"A5058462199","Valentine Joseph Owan","0000-0001-5715-3428","16","1371","198","I3970730","NG","14","True","True"
"A5095927799","Naga Ramesh Palakurti","0009-0009-9500-1869","5","295","41","I2802089456","US","3","True","True"
"A5057218982","Yakub Kayode Saheed","0000-0002-0804-0707","23","1737","55","I65734018","NG","12","False","True"
"A5087427076","Swalpa Kumar Roy","0000-0002-6580-3977","29","5001","103","","","11","False","False"
"A5101748017","Nasrullah Nasrullah","","7","1231","13","","","8","False","False"
"A5009921582","Muhammad Naveed Akhter","","8","898","13","","","7","False","False"
"A5031984988","Burhaneddin Yaman","0000-0003-0791-5900","15","1006","72","I4210151956","IN","9","False","True"
"A5070138201","Md. Hasan Al Banna","0000-0003-2444-2017","14","1106","21","","","6","False","False"
"A5047058576","Chandran Venkatesan","","14","1351","31","","","7","False","False"
"A5100777646","Yanhui Chen","","27","2136","124","I37796252","CN","23","False","True"
"A5038758207","Abeba Birhane","0000-0001-6319-7937","22","3350","62","I100930933","IE","10","False","True"
"A5024603369","Jianjun Ni","0000-0002-7130-8331","29","2505","139","I163340411","CN","23","False","True"
"A5027398343","Stefano Silvestrini","0000-0003-2664-443X","10","508","76","I93860229","IT","61","False","True"
"A5090704163","Ma Li","","1","116","8","","","25","False","False"
"A5069248901","Rozi Bibi","","2","221","3","I2801349156","PK","5","False","True"
"A5100448048","Zhuo Li","0000-0003-4554-6018","16","1039","126","I135768898","JP","24","False","True"
"A5100423129","Yuanyuan Wang","0000-0001-7700-7284","27","3115","131","I135905480","CN","21","False","True"
"A5071448105","Yeeun Yoo","0000-0001-7370-3178","3","48","4","","","11","False","False"
"A5032302447","Rishov Sarkar","0000-0002-9168-0392","5","155","21","","","3","False","False"
"A5004812710","Zhankun Xiong","0000-0002-8040-8836","6","168","18","I204823248","CN","7","False","True"
"A5036292969","Zhiwen Deng","0000-0003-3185-4183","15","870","40","","","18","False","False"
"A5053123637","Haya Alaskar","0000-0002-1688-0669","19","1060","59","I142608572","SA","13","False","True"
"A5009469146","Jiahuan Lu","0000-0003-3311-3004","20","2678","42","","","10","False","False"
"A5037900079","Neha Soni","0000-0001-5184-9301","7","429","31","","","25","False","False"
"A5103165217","Arunima Roy","0000-0001-7667-9759","14","1191","46","I4210094203","IN","60","False","True"
"A5029722566","Guotai Wang","0000-0002-8632-158X","36","8280","214","I150229711","CN","13","True","True"
"A5057789273","Mohammad Atwany","0000-0002-3607-8649","3","223","4","","","4","False","False"
"A5100330624","Yi Liu","0000-0003-1829-2817","13","1042","74","I82880672","CN","20","False","True"
"A5077954433","Yanjing Zhu","0000-0002-2564-1176","19","1316","68","I116953780","CN","18","False","True"
"A5049002444","Jaehun Kim","0000-0001-5744-9034","12","645","40","","","26","False","False"
"A5008738759","Bastian Pfeifer","0000-0001-7035-9535","13","1819","57","I202276237","AT","12","False","True"
"A5082150685","Nikolaos Pitropakis","0000-0002-3392-9970","19","1469","105","I230915877","GR","13","False","True"
"A5006711461","Mohammadkazem Sadoughi","0000-0002-6106-3318","16","2457","38","I173911158","US","7","False","True"
"A5023838290","Jeffrey Dastin","","1","1093","1","","","1","False","False"
"A5071504043","Keyulu Xu","","14","5577","26","","","10","False","False"
"A5055179712","Patryk Ziółkowski","0000-0001-8809-6702","8","407","30","I169333911","PL","21","False","True"
"A5000493730","Qitong Yuan","0009-0006-9795-2236","4","135","14","I111950717","MO","3","False","True"
"A5029231574","Amelie Echle","0000-0003-0789-9509","14","2232","21","I887968799","DE","4","False","True"
"A5082955124","Rohit M. Thanki","0000-0002-0645-6266","18","1262","201","","","15","True","False"
"A5100755176","Yuyu Zhang","0000-0002-0814-1647","29","3817","113","I199305430","CN","18","False","True"
"A5086134860","Alva Kosasih","0000-0001-7594-2367","8","212","64","I86987016","SE","13","False","True"
"A5057396409","Anuraj Nayarisseri","0000-0003-2567-9630","29","2830","176","","","57","False","False"
"A5010184811","Gianluca Giuffrida","0000-0003-3306-5698","7","485","29","I4210103616","IT","28","False","True"
"A5081246092","Jürgen Döllner","","34","4966","383","I143288331","DE","29","True","True"
"A5078338477","Nima Dehmamy","0000-0003-1617-5502","10","375","44","","","12","False","False"
"A5101868530","Fuqiang Gu","0000-0002-3408-982X","22","1678","80","I158842170","CN","15","False","True"
"A5103020209","Byungju Kim","0000-0003-3808-0563","6","555","16","","","11","False","False"
"A5072210863","Max Landauer","0000-0003-3813-3151","12","680","85","","","104","False","False"
"A5050176327","Rubayet Shafin","0000-0001-7281-5426","12","804","32","I2250650973","KR","14","False","True"
"A5043926461","Khader M. Hamdia","0000-0001-9898-8421","18","3172","26","I4210164098","DE","11","False","True"
"A5032500064","Linning Peng","0000-0001-5859-7119","21","2194","95","I76569877","CN","17","False","True"
"A5102416863","Saining Xie","","36","43730","104","I57206974","US","14","False","True"
"A5000974879","Yang Bao","0000-0001-9868-4946","34","4975","150","I191208505","CN","31","False","True"
"A5086683243","Sarvesh Sundaram","0000-0003-1809-8301","4","337","5","I12912129","US","6","False","True"
"A5050671822","Heather J. Kulik","0000-0001-9342-0191","52","11013","500","I107606265","US","21","True","True"
"A5007232302","Abdellah Chehri","0000-0002-4193-6062","33","4696","370","I51768193","CA","20","True","True"
"A5054116421","Patrik Szepesi","","1","118","1","I163245316","HU","1","False","True"
"A5071601235","Mhd Saria Allahham","0000-0002-3883-2588","7","339","22","I204722609","CA","6","False","True"
"A5012818582","Aslı Göde","0000-0001-7785-6200","3","61","12","I54515432","TR","3","False","True"
"A5032063589","Kimon Kieslich","0000-0002-6305-2997","8","512","40","I887064364","NL","7","False","True"
"A5007857717","Hakan Amasya","0000-0001-7400-9938","5","228","20","I4210112471","TR","7","False","True"
"A5100377071","Shen Wang","0000-0002-5748-5438","25","2544","153","I204983213","CN","29","False","True"
"A5028476727","Darong Liu","0000-0001-7581-6192","10","777","21","I3125743391","CN","21","False","True"
"A5070108948","Anmol Gulati","0009-0007-2077-9583","17","4708","37","I74319210","IN","24","False","True"
"A5016769717","Anirudh Goyal","0000-0002-4080-1940","25","3999","160","I1283280774","US","13","True","True"
"A5043165413","Amey Thakur","0000-0001-5644-1575","4","125","15","I169877490","IN","2","False","True"
"A5100446990","Yao Zhang","0000-0002-7375-9152","23","2167","147","I162868743","CN","38","False","True"
"A5100352246","Xin Liu","0000-0002-5705-0805","18","2843","153","I4210120485","CN","30","False","True"
"A5043792781","Laura Stops","0000-0001-8827-5145","5","68","13","I62916508","DE","4","False","True"
"A5069479341","Prince Chacko Johnson","0000-0002-9918-4860","2","218","2","I94616838","SE","1","False","True"
"A5101731302","Haoyue Liu","0000-0003-1379-7648","9","875","28","","","10","False","False"
"A5091293905","Yaochong Li","0000-0002-1474-9800","10","502","32","I96733725","CN","7","False","True"
"A5056337268","J. Hemalatha","","6","420","46","I4210101093","IN","10","False","True"
"A5037458079","Martin Gjoreski","0000-0002-1220-7418","20","1966","105","I57201433","CH","13","False","True"
"A5072191151","Mengnan Du","0000-0002-1614-6069","24","4679","177","I118118575","US","11","True","True"
"A5033746770","Andrew Kusiak","0000-0003-4393-1385","84","26412","475","","","43","True","False"
"A5067781490","Seyed Mojtaba Marvasti-Zadeh","0000-0003-0536-0796","8","801","38","I154425047","CA","12","False","True"
"A5034992584","Nikhil Ketkar","","17","2762","42","","","17","False","False"
"A5015163401","Khalid Zaman","0009-0004-0809-7537","3","138","9","I177738480","JP","3","False","True"
"A5037463236","Guangxu Mei","0000-0003-0279-4345","3","94","9","","","7","False","False"
"A5059940512","Manuel Carranza-García","0000-0002-4729-8604","11","991","28","I79238269","ES","7","False","True"
"A5072822310","Ja‐Shen Chen","0000-0001-9099-1810","31","3824","89","I99908691","TW","28","False","True"
"A5029400235","Tom Farrelly","0000-0002-1986-4154","8","383","46","I4210100923","IE","39","False","True"
"A5101629781","Gangqiang Li","0000-0002-7363-1060","13","1500","47","I4210099297","CN","20","False","True"
"A5010417170","Anum Fatima","","2","130","2","I929597975","PK","2","False","True"
"A2005271394","Lei Yu","0000-0001-5436-1141","8","607","509","","","1","True","False"
"A5100765374","Yihan Xiao","0000-0001-8785-1905","8","569","41","I151727225","CN","17","False","True"
"A5107747104","Zhi-Qin John Xu Zhi-Qin John Xu","","5","630","9","","","5","False","False"
"A5060845362","Chao Liu","0000-0002-3490-0512","1","167","1","I28813325","CN","1","False","True"
"A5059825196","Sharmeen M.Saleem Abdullah Abdullah","","2","361","2","I4210124331","IQ","1","False","True"
"A5029882796","Rajnish Kler","0000-0002-3910-5323","7","244","28","","","9","False","False"
"A5049428881","Share Aiyed M. Aldosari","","3","159","6","I142608572","SA","3","False","True"
"A5039473294","Chunlei Chen","0000-0003-0883-0159","3","135","10","","","9","False","False"
"A5060505685","Wentao Wei","0000-0002-9466-9922","10","1951","26","I115592961","CN","10","False","True"
"A5055397675","Leila Ouchchy","","1","249","1","I137902535","US","1","False","True"
"A5021485957","Youqi Zhang","0000-0003-4555-5061","13","734","57","I20231570","CN","18","False","True"
"A5053183388","Michael F. Gensheimer","0000-0002-4897-3843","27","2949","190","I97018004","US","19","False","True"
"A5088253753","Hoang Nt","","5","374","16","I74801974","JP","7","False","True"
"A5032288339","Henning Wilts","0000-0001-8669-6536","15","991","138","","","75","False","False"
"A5071393059","Htet Myet Lynn","0000-0003-1111-3337","6","353","14","I152238500","KR","7","False","True"
"A5043607530","Abdulaziz Fatani","0000-0002-9097-0945","6","446","9","","","7","False","False"
"A5101810772","Lifeng Qiao","0000-0003-1023-5009","7","888","24","","","38","False","False"
"A5054774293","Hind Benbya","0000-0002-2733-7557","15","1438","89","","","22","False","False"
"A5007823833","James P. Horwath","0000-0002-7333-3768","8","425","33","I1282105669","US","9","False","True"
"A5035811250","Kanadpriya Basu","","2","289","2","","","2","False","False"
"A5112894224","Radwa Elshawi","","15","1184","37","","","15","False","False"
"A5037411400","Kiran Jabeen","","8","432","9","I29698356","PK","3","False","True"
"A5029602882","Oliver Wieder","0000-0003-4967-7613","7","684","22","I129774422","AT","6","False","True"
"A5082124522","Mark Anthony Camilleri","0000-0003-1288-4256","48","6974","306","I111979921","US","49","False","True"
"A5051544343","Anja Bechmann","0000-0002-5588-5155","20","2401","112","I204337017","DK","28","False","True"
"A5088683126","Ricardo Ribani","0000-0002-9579-1663","2","280","7","","","8","False","False"
"A5010458339","Timothy L. Wiemken","0000-0002-8251-3007","37","4585","270","","","20","True","False"
"A5021968153","Kristian Đokić","0000-0003-4358-9065","7","184","53","I51314090","HR","17","False","True"
"A5046320461","Guto Leoni Santos","0000-0002-0257-4214","15","1026","74","","","9","False","False"
"A5047005649","Tiankuang Zhou","0000-0001-8850-6839","13","1309","38","I99065089","CN","8","False","True"
"A5103236198","Ziqi Yang","0000-0002-1364-9234","8","402","23","I139660479","CN","7","False","True"
"A5100707947","Yaqing Zhang","0000-0002-8628-9532","24","2052","138","I40963666","CN","21","False","True"
"A5093010075","Mohammad El Hajj","0009-0004-5240-3116","3","126","4","I189998669","LB","2","False","True"
"A5046277447","Pau Riba","0000-0002-4710-0864","16","938","46","I123044942","ES","9","False","True"
"A5037214156","Chaur‐Heh Hsieh","0000-0002-6956-6040","19","1697","117","I118292597","TW","37","False","True"
"A5101916154","Yujie Fan","0000-0002-2635-9420","16","1150","81","I102345215","CN","15","False","True"
"A5076397429","Juanying Xie","0000-0001-6540-4397","19","2006","107","I88830068","CN","28","False","True"
"A5073600185","Ali Hassan Sodhro","0000-0001-5502-530X","38","4312","113","I193278943","SE","13","False","True"
"A5009458052","Abdelfatah Hassan","","4","249","10","I176601375","AE","6","False","True"
"A5014590018","Jithin Eapen","","2","166","3","I142934699","US","2","False","True"
"A5028068257","Savita Ahlawat","0000-0002-1191-9173","12","866","36","","","14","False","False"
"A5040930648","Prerna Singh","0000-0003-2770-9493","9","288","41","","","15","False","False"
"A5004356183","Dirk Czarnitzki","0000-0001-5118-7272","57","11077","304","","","26","True","False"
"A5082590322","Chirodip Lodh Choudhury","","1","153","1","I4210139271","IN","1","False","True"
"A5082202061","David A. Omondiagbe","","1","202","1","I158949172","MY","1","False","True"
"A5031401755","Leo Anthony Celi","0000-0001-6712-6626","72","32049","728","I1316535847","US","25","True","True"
"A5046285855","James Curzon","","2","147","2","I39470171","CA","3","False","True"
"A5009816332","Mike Davies","0000-0002-5459-5957","21","4873","57","I1343180700","US","43","False","True"
"A5079206848","Lei Yuan","","3","299","4","I14243506","HK","4","False","True"
"A5067097302","Jiantao Qu","0000-0002-8664-2236","8","654","34","","","23","False","False"
"A5074482769","Chee‐Kong Lee","0000-0003-1471-0989","15","723","38","","","7","False","False"
"A5020452677","Di Zhu","0000-0002-3237-6032","20","1544","82","I130238516","US","19","False","True"
"A5090763788","Valentina Pitardi","0000-0001-7902-2330","12","1132","42","I28290843","GB","12","False","True"
"A5054598974","Michael C. Yip","0000-0001-9689-0172","34","4114","221","I141945490","CA","25","False","True"
"A5050429559","Muhammad Shoaib","","25","3676","93","I142732210","PK","21","False","True"
"A5100389037","Xiang Wang","0000-0002-6148-6329","48","15452","315","I125839683","CN","25","True","True"
"A5056438319","Panagiota Anagnostopoulou","0000-0002-2244-4871","4","240","10","I203474044","GR","6","False","True"
"A5022323701","Amal Asselman","0000-0003-3960-2407","5","470","6","I240042149","MA","17","False","True"
"A5100407835","Xu Wang","0000-0002-0098-1238","34","3614","155","I183067930","CN","34","False","True"
"A5101796118","Eric Zhou","0009-0001-0540-8852","1","221","4","I111088046","US","2","False","True"
"A5054794461","Weilin Xu","0000-0002-5174-9316","14","3778","78","I4210119942","CN","32","False","True"
"A5082356822","Jichao Kan","","2","46","5","","","6","False","False"
"A5002798896","Hidenori Sasaki","0000-0002-5197-1531","7","453","31","I204291657","JP","10","False","True"
"A5070400680","Adriano Macarone Palmieri","0000-0001-6736-3314","3","198","5","I179630473","ES","5","False","True"
"A5100457373","Meng Li","0000-0001-5565-8799","8","1171","35","I141649914","CN","17","False","True"
"A5077231770","T. Vijayakumar","0000-0002-4677-5835","14","813","60","","","45","False","False"
"A5100714902","Yang Sun","0000-0002-8661-100X","12","569","50","I17442442","CN","17","False","True"
"A5080343454","Zhenghua Chen","0000-0002-1719-0328","51","12122","371","I115228651","SG","41","False","True"
"A5033168204","Jun Du","0000-0002-5213-8808","31","3523","201","I99065089","CN","43","False","True"
"A5101765073","Hongyu Yu","0000-0002-2513-2523","10","501","47","I134738993","CN","15","False","True"
"A5045991125","Somenath Mukherjee","0000-0003-1729-0502","10","452","72","I155837530","IN","95","False","True"
"A5000926194","Hassan Damerji","","1","234","1","I98947143","US","1","False","True"
"A5036716314","Carlo Abate","0000-0001-7024-3540","2","41","6","I30771326","IT","6","False","True"
"A5021414038","Samuel Yen-Chi Chen","0000-0003-0114-4826","18","1422","122","I166794780","US","6","True","True"
"A5081892262","Yun Ju","0000-0002-0358-7957","7","512","22","I153473198","CN","16","False","True"
"A5042140592","Amir M. Rahmani","0000-0003-0725-1155","36","7673","251","I145847075","AT","14","True","True"
"A5043879150","Xiang Deng","0000-0002-5957-1866","13","878","69","I204983213","CN","26","False","True"
"A5007280855","Chaoqi Chen","0000-0002-0052-3819","19","1564","59","I150807315","CN","19","False","True"
"A5049369107","Mojgan Fayyazi","0000-0003-3702-9985","6","247","7","I82951845","AU","6","False","True"
"A5001290407","Qiuji Cui","","3","136","3","I161716053","CN","2","False","True"
"A5012372604","Christy Boscardin","0000-0002-9070-8859","34","3976","175","I180670191","US","43","False","True"
"A5100322329","Lan Zhang","0000-0003-3964-8034","9","333","25","I203172682","US","10","False","True"
"A5022385009","Weishan Zhang","0000-0001-9800-1068","31","4376","357","I190242452","CN","29","True","True"
"A5026169340","Keywan Christian Rasekhschaffe","0000-0002-5690-1620","1","194","4","I2800966019","US","8","False","True"
"A5088267312","Changgang Wang","0000-0003-0237-210X","5","163","14","","","17","False","False"
"A5101766043","Muhammad Aslam","0000-0003-3175-561X","10","1040","10","I89440247","KR","6","False","True"
"A5072994743","Charlene H. Chu","0000-0002-0333-7210","25","2576","166","I1325899441","CA","14","True","True"
"A5040766593","Ryo Nagai","0000-0003-3095-1459","4","324","9","I74801974","JP","51","False","True"
"A5112580387","Brian J. Christian","","12","840","48","","","42","False","False"
"A5036808970","Ibomoiye Domor Mienye","0000-0001-9353-8894","24","3254","53","I24027795","ZA","7","False","True"
"A5023801168","Joy Iong‐Zong Chen","0000-0001-6150-3662","12","757","140","I130510345","TW","24","False","True"
"A5042453776","Arslan Khalid","0000-0001-6167-7865","15","1671","59","I127670440","PK","18","False","True"
"A5028848091","Dongqi Fu","0000-0002-8726-9234","10","266","42","","","10","False","False"
"A5062211930","Amir Hussain","0000-0002-8080-082X","80","27429","1167","I150229711","CN","55","True","True"
"A5101789024","Liang Han","0000-0003-0931-4682","13","1104","23","I4210151987","CN","22","False","True"
"A5035416447","Lena Petersson","0000-0001-7874-7970","10","714","60","I746986","SE","37","False","True"
"A5049797170","Christian-Gernot Pehle","","2","63","2","","","1","False","False"
"A5017507771","Majid Rasht‐Behesht","0000-0002-2179-9830","6","474","7","I27804330","US","7","False","True"
"A5101813726","Hongyan Xu","0000-0002-9881-2634","10","435","30","I162868743","CN","16","False","True"
"A2130533712","Naofumi Tomita","","1","180","1","","","1","False","False"
"A5060822647","Vivek Kumar","","17","798","72","I2613432","US","25","False","True"
"A5054072940","Stefano Tortora","0000-0002-9918-1221","12","486","37","I138689650","IT","9","False","True"
"A5102727490","J. Michael Spector","0000-0002-6270-3073","46","9352","312","","","35","False","False"
"A5042679634","Mikhail Volkov","0000-0002-4974-6079","1","171","2","I68947357","FR","4","False","True"
"A5088462433","Leif Sundberg","0000-0002-1337-0479","10","402","52","I56475706","SE","34","False","True"
"A5050492887","Ashutosh Pandey","0000-0002-3352-7453","16","1572","65","I4210128585","US","20","False","True"
"A5045975965","Ronan Hamon","0000-0003-1987-5707","11","706","46","","","54","False","False"
"A5052322949","Yun-Tao Liu","0000-0003-2577-1859","20","1669","72","I15823474","CN","14","False","True"
"A5018881921","Farrukh Aslam Khan","0000-0002-7023-7172","43","5890","198","I28022161","SA","39","False","True"
"A5057725721","Fadi Thabtah","","39","7286","151","I117222138","AE","21","False","True"
"A5059263641","Dionysis Goularas","0000-0002-4802-2802","7","405","26","","","21","False","False"
"A5024287768","Razan Abdulhammed","0000-0002-5939-6009","6","614","21","","","10","False","False"
"A5090876962","María Teresa Linaza","","14","1115","66","I4210092551","ES","21","False","True"
"A5077676352","Vanlalruata Hnamte","0000-0002-3376-7828","10","592","20","","","5","False","False"
"A5082345507","Yun-Chia Liang","0000-0002-0375-0830","29","3803","86","I99908691","TW","25","False","True"
"A5091335601","Jielu Yan","0000-0001-8342-7453","8","734","27","I158842170","CN","8","False","True"
"A5076928257","Xing Luo","0000-0001-6805-7861","20","5565","73","I4210136793","CN","18","False","True"
"A5091828486","Matthew DeCamp","0000-0002-9371-8729","24","2541","155","I51713134","US","161","False","True"
"A5034415838","Yifan Zhu","0000-0002-7695-1633","22","1509","203","I139759216","CN","25","False","True"
"A5036428871","Aya Hassouneh","0000-0003-4617-4535","5","317","10","I141649380","US","6","False","True"
"A5100664286","Jianqing Fan","0000-0003-3250-7677","100","52602","680","I20089843","US","40","True","True"
"A5025634082","Xiaofei Yu","0000-0002-8366-1052","31","2760","133","I40347166","US","15","False","True"
"A5100693002","Wei Zheng","0000-0002-2984-9003","35","5150","150","I115228651","SG","33","False","True"
"A5101753264","Yang Gao","0000-0002-5766-2887","6","201","30","I19820366","CN","11","False","True"
"A5086426963","Saman Ghaffarian","0000-0001-9882-4603","16","1102","57","I4210155202","GB","12","False","True"
"A5100694948","Desheng Wu","0000-0001-6201-9047","60","12489","516","I145897649","CN","28","True","True"
"A5052664938","Faraz S. Tehrani","0000-0002-3962-4879","9","606","17","I4210103266","NL","10","False","True"
"A5003612424","Nicolette Formosa","0000-0002-2403-9984","6","250","17","","","6","False","False"
"A5065281860","Sajad Mousavi","0000-0002-3806-8487","16","1337","60","","","9","False","False"
"A5100614418","Weizhi Xu","0000-0001-7549-4138","5","146","21","I4210112150","CN","15","False","True"
"A5101665003","Zheng Fang","0000-0002-1291-7022","8","623","29","I4210151987","CN","15","False","True"
"A5039319411","Atefeh Sohrabizadeh","0000-0002-1156-3306","10","394","30","I161318765","US","5","False","True"
"A5055412887","Jochen Sieg","0000-0001-5343-7255","6","542","13","I159176309","DE","8","False","True"
"A5112487946","Alessio Monti","","5","167","7","I122346577","IT","130","False","True"
"A5000608590","Liangzhe Han","0000-0002-1989-8231","9","734","33","I82880672","CN","6","False","True"
"A5100633220","Haidong Li","0000-0001-9939-7164","11","547","71","I25757504","CN","27","False","True"
"A5082050794","Elmustafa Sayed Ali","0000-0003-4738-3216","23","1617","106","I4210165297","NG","19","False","True"
"A5088846974","Hsien‐Wei Yeh","0000-0002-9023-776X","15","1576","27","I2803209242","US","13","False","True"
"A5101726173","Seungwan Seo","0000-0001-5204-3350","9","418","38","","","18","False","False"
"A5069398964","Paul Francoeur","0000-0002-1440-567X","7","1130","24","","","11","False","False"
"A5040323439","Sofia Morandini","0009-0007-3984-164X","4","318","20","I9360294","IT","13","False","True"
"A5102954053","Felix António Rego Rodríguez","0000-0003-3355-0634","1","45","4","I24354313","AR","4","False","True"
"A5084262755","Michał Byra","0000-0002-5759-2516","18","1805","82","I4210119410","PL","12","False","True"
"A5026056793","Imtiaz Ahmed","0000-0002-2590-6357","4","187","17","I8778637","IN","3","False","True"
"A5078448720","Jingjing Hu","0000-0003-4688-7586","9","242","32","I105126617","CN","23","False","True"
"A5080683796","Nasrin Shabani","0000-0001-7283-5101","4","77","15","I99043593","AU","4","False","True"
"A5010025118","Angeliki Kerasidou","0000-0001-9344-3297","23","22255","64","I40120149","GB","17","False","True"
"A5072801014","Sebastian Fritsch","0000-0002-8350-8584","9","553","59","I171892758","DE","20","False","True"
"A5070469814","Sara Oleiro Araújo","0000-0001-6192-8409","5","471","11","I141596103","PT","5","False","True"
"A5101822995","Faisal Nadeem Khan","0000-0002-3053-974X","22","2207","65","","","20","False","False"
"A5021268380","Peter Kokol","0000-0001-9102-9359","36","6432","468","I204250578","US","56","False","True"
"A2889573007","Zaiwang Gu","0000-0001-8764-0622","0","0","1","","","1","False","False"
"A5020028434","Zhiqi Bu","","8","320","55","","","6","False","False"
"A5069036268","Omar Abdel Wahab","0000-0002-3991-4673","30","3179","76","I45683168","CA","13","False","True"
"A5086053041","Tianshuo Wang","0000-0002-3272-8851","12","777","65","I115592961","CN","10","False","True"
"A5087402334","Somayeh Nezami","","6","325","8","","","10","False","False"
"A5101603719","Guangyuan Li","0000-0002-0628-2454","19","1401","67","I1285204247","US","30","False","True"
"A5007434165","Madhura Kalbhor","0000-0003-2542-489X","10","265","25","","","11","False","False"
"A5074186449","Riaz Ullah Khan","0000-0003-0944-7856","19","1385","45","","","35","False","False"
"A5089062751","Mark Sendak","0000-0001-5828-4497","24","3193","93","I170897317","US","10","False","True"
"A5011557173","Patrick Vanin","","1","89","1","I230495080","IE","1","False","True"
"A5044303463","Mathieu Hatt","0000-0002-8938-8667","57","13809","343","I154526488","FR","40","False","True"
"A5055707588","Zhen Chen","0000-0002-6766-9046","7","405","17","I1306409833","US","25","False","True"
"A5045257674","Ali Mokhtar","0000-0002-7277-7447","23","1471","73","I145487455","EG","13","False","True"
"A5012595132","Jiahong Su","0000-0002-9681-7677","23","2837","44","I889458895","HK","23","False","True"
"A5005888581","Qi Dang","","6","346","18","","","22","False","False"
"A5090691253","Rufeng Li","","10","662","56","I87445476","CN","41","False","True"
"A5078882226","Ateret Anaby-Tavor","","10","647","39","","","22","False","False"
"A5060454146","Jae‐Hong Lee","0000-0002-2375-0141","27","3495","100","I4210131908","KR","20","False","True"
"A5101953184","Shouzhi Xu","0000-0001-6090-152X","15","1136","83","I161350542","CN","25","False","True"
"A5049652130","Thomas Gaudelet","0000-0001-9947-3614","6","340","13","","","8","False","False"
"A5020337728","Salah Bouktif","0000-0002-8193-0546","6","454","21","I201726411","AE","18","False","True"
"A5004924286","Zhiwei Liu","0000-0002-1018-0522","20","1493","195","I14116566","CN","41","False","True"
"A5014471135","Yogesh Chandra","0000-0002-9697-2909","6","180","34","I16733864","TW","57","False","True"
"A5055990973","Tariq M. Khan","0000-0002-7477-1591","29","2489","158","I2802124073","GB","31","False","True"
"A5062203729","Giselle Rampersad","0000-0001-9442-8582","19","2130","73","","","19","False","False"
"A5104857892","Wenfeng Gong","0000-0002-2330-7705","7","623","10","I4210105374","CN","13","False","True"
"A5091669478","Afia Zafar","0000-0003-2241-2834","3","276","6","I4210143942","PK","4","False","True"
"A5080762162","A. Piotrowski","","29","3643","175","","","23","False","False"
"A5067353007","Boran Şekeroğlu","0000-0001-7284-1173","21","1568","75","I69050122","CY","22","False","True"
"A5000987160","Uma Rani","0000-0002-3358-0166","9","380","100","I85461943","IN","25","False","True"
"A5003247762","Jennifer N. Wei","0000-0003-3567-9511","11","3634","23","I1291425158","US","24","False","True"
"A5100687056","An Chen","0000-0002-9926-5548","24","2818","105","I183067930","CN","31","False","True"
"A5045031738","Harsh Jain","","7","518","45","I145286018","IN","22","False","True"
"A5042555985","Jason Liang","0009-0007-9980-5077","10","508","26","","","13","False","False"
"A5003319628","A. D. Reiling","","1","133","2","","","1","False","False"
"A5107140697","Meiling Feng","0000-0001-5738-1420","9","239","15","I136765683","CN","23","False","True"
"A5077301687","Dehua Ma","0009-0003-0545-6699","3","55","3","I41198531","CN","3","False","True"
"A5101083112","Doyeong Hwang","","3","61","6","","","5","False","False"
"A5058360811","Muhannad Faleh Alanazi","0000-0002-5481-1074","6","288","24","I199702508","SA","9","False","True"
"A5101686692","Yuanzhou Zheng","","18","1519","55","I196699116","CN","16","False","True"
"A5077148915","Muhammad Ismail","0000-0002-8051-9747","35","3872","215","I181063083","PK","15","True","True"
"A5074561598","Shuyun Gu","","5","167","10","I143593769","CN","4","False","True"
"A5076400696","Ammar Abulibdeh","0000-0002-0899-3655","27","2111","93","I60342839","QA","17","False","True"
"A5074299620","Ahasanun Nessa","0000-0002-4214-696X","8","523","24","","","17","False","False"
"A5026432951","Nurul Nabilah Ahmad Loti","","1","74","1","I33849332","MY","1","False","True"
"A5011097173","Mateusz Buda","0000-0003-3222-0203","12","4016","17","I108403487","PL","6","False","True"
"A5054391590","Shufen Pan","0000-0001-7920-1427","57","12275","224","I101479585","CN","23","False","True"
"A5078364217","Regina Palkovits","0000-0002-4970-2957","64","16267","444","I171892758","DE","21","True","True"
"A5025314679","Peng Yang","0000-0002-1184-8117","20","1603","167","I187400657","CN","26","False","True"
"A5045411027","Ning Wu","0000-0002-1899-2648","29","4054","368","I14116566","CN","32","True","True"
"A4202266456","Xiu-Shen Wei","0000-0002-8200-1845","1","292","1","","","1","False","False"
"A5101909486","Wei Zhong","0000-0002-6199-1376","10","616","61","I127845322","US","26","False","True"
"A5082000265","Emmanuel Mogaji","0000-0003-0544-4842","40","12239","307","I56007636","GB","12","True","True"
"A5049621342","Jean‐Baptiste Lugagne","0000-0002-8374-6590","13","1045","41","I111088046","US","57","False","True"
"A5086819474","Niraj Thapa","0000-0003-2533-7462","11","414","16","I35777872","US","6","False","True"
"A5009404767","Ying Yu","0009-0006-8230-5378","19","1345","104","I13985625","CN","26","False","True"
"A5070896965","Omar Saeed Al-Mushayt","","6","299","10","I82952536","SA","23","False","True"
"A5102780831","Lu Xing","0000-0002-8881-5487","6","184","17","I4210144213","US","11","False","True"
"A2135547451","Tianqing Zhu","0000-0003-0702-7102","2","152","37","","","1","True","False"
"A5034257809","Shengli Jiang","0000-0002-5421-5803","16","841","58","I135310074","US","14","False","True"
"A5102920508","Feng Ren","0000-0001-9157-9182","28","2488","125","I111599522","CN","35","False","True"
"A5089306758","Mengyuan Lee","0000-0001-7686-0507","10","382","27","I76130692","CN","7","False","True"
"A5100318687","Li Sun","0000-0003-4562-2279","29","3799","231","I102208913","CN","38","False","True"
"A5086567612","Wei Fang","0000-0002-5561-7249","31","5352","318","I119045251","CN","34","False","True"
"A5063998024","Divyansh Tiwari","","1","292","2","I155125381","IN","4","False","True"
"A5032074795","Jing Huang","0000-0001-8812-2691","13","2786","73","I121296143","CN","23","False","True"
"A5070175579","Balqis Albreiki","0000-0003-3486-7887","5","392","7","I201726411","AE","4","False","True"
"A5051601626","Aidan Fuller","0000-0002-3391-2407","1","1957","1","I56007636","GB","1","False","True"
"A5058452657","Huy Phan","0000-0003-4096-785X","25","3477","127","I4210123934","GB","24","False","True"
"A5034494453","Yo‐Wei Chen","0000-0002-8096-3469","10","829","20","I121934306","US","11","False","True"
"A5026936543","Li Lin","0000-0003-1052-1566","25","3547","96","I117532281","CN","20","False","True"
"A5077678202","Baoyu Jing","0000-0003-1564-6499","12","566","38","I157725225","US","8","False","True"
"A5047953223","Xin Dong","0000-0001-5716-7395","5","168","13","","","25","False","False"
"A5087630623","Akhilesh Sharma","0000-0002-7308-7800","19","1526","194","I164861460","IN","31","False","True"
"A5027330844","S. Mostafa Mousavi","0000-0001-5091-5370","28","5239","78","I1291425158","US","15","False","True"
"A5061491764","Milad Mirbabaie","0000-0002-9455-5773","27","3403","136","I94626330","DE","12","True","True"
"A5027842142","Guglielmo Giuggioli","0000-0002-8718-2577","2","274","2","","","3","False","False"
"A5090353447","Danton Char","0000-0002-6064-8971","18","2828","86","I4210137306","US","22","False","True"
"A5023403556","Laith Abualigah","0000-0002-2203-4549","80","34566","773","I104941359","JO","11","True","True"
"A5021312741","Ahmed Gondia","0000-0001-6584-2514","5","421","5","I98251732","CA","5","False","True"
"A5073454123","Mohammad Al-Sharman","0000-0003-2187-4201","8","429","26","","","11","False","False"
"A5043931578","Minglu Zhu","0000-0001-6652-2133","29","6437","76","I20231570","CN","12","False","True"
"A5061417406","Qionghao Huang","0000-0002-5041-6093","16","848","38","I135237710","CN","8","False","True"
"A5033885404","Min Zeng","0000-0002-1726-0955","26","2600","129","I139660479","CN","21","False","True"
"A5043216200","Xiao Guo","0000-0001-5478-9789","28","3383","77","I165932596","SG","30","False","True"
"A5080886129","Yingqi Liu","0000-0002-8312-0088","20","2852","59","I157773358","CN","14","False","True"
"A5100631017","Zhen Dong","0000-0002-5951-6170","22","2978","90","I204983213","CN","23","False","True"
"A5088015217","Tommaso Biancalani","0000-0001-9104-9755","16","3492","44","","","7","False","False"
"A5084363234","Kristof T. Schütt","0000-0001-8342-0964","26","9297","63","I4210100293","DE","15","False","True"
"A5088963449","Chuipu Cai","0000-0002-6778-9697","15","874","47","","","9","False","False"
"A5024813114","Mario Lino","0000-0002-0401-4747","8","409","28","I62916508","DE","51","False","True"
"A5061880857","Zheqi Yu","0000-0002-4152-4965","6","266","17","I7882870","GB","8","False","True"
"A5014306565","Bayu Adhi Tama","0000-0002-1821-6438","25","2973","87","I79272384","US","17","False","True"
"A5068203422","Tanja Jutzi","0000-0001-5207-2178","10","896","20","I17937529","DE","14","False","True"
"A5104212216","Jiyang Gao","","23","4398","60","","","12","False","False"
"A5108263231","Liaqat Ali","","32","3393","90","I120250893","AE","19","False","True"
"A5067900602","Hongjing Liang","0000-0003-1480-1872","49","9177","226","I150229711","CN","22","True","True"
"A5079708487","Andrew Senior","0000-0002-2401-5691","54","87681","146","I4210090411","GB","32","False","True"
"A5057307965","Muhammad Saqlain","0000-0001-5877-6432","9","744","22","I184598052","PK","10","False","True"
"A5100709173","Changhao Wang","0000-0002-5753-1991","10","475","55","","","16","False","False"
"A5059840185","Jack Nicholls","0000-0002-2093-5730","4","159","9","","","5","False","False"
"A5104110194","Fabio Parisi","","25","4220","77","","","19","False","False"
"A2633860474","Maosen Li","0000-0001-9569-7311","0","0","5","","","1","False","False"
"A5043246442","Iftiaz A. Alfi","","1","94","2","I157386601","BD","2","False","True"
"A5062653961","Steven L. Brunton","0000-0002-6565-5118","67","26715","568","I201448701","US","44","True","True"
"A5102847778","Feng Wen","0000-0001-6917-9713","30","4465","102","I165932596","SG","19","False","True"
"A5041732420","N. Sukumar","0000-0001-6744-7673","47","11874","148","","","34","False","False"
"A5044945190","Haotong Qin","0000-0001-7391-7539","17","1763","92","I35440088","CH","7","True","True"
"A5038761649","Skyler B. Johnson","0000-0002-8881-7706","20","2107","151","I223532165","US","46","False","True"
"A5112434840","Alexander Demidovskij","","7","189","29","","","9","False","False"
"A5026411366","Oliver Gansser","0000-0002-3989-326X","4","562","17","I174004417","DE","8","False","True"
"A5074167826","Wenqian Chen","0000-0002-9111-8236","6","270","10","","","8","False","False"
"A5019219188","Jian Qin","0000-0002-2692-4952","17","2083","58","I82284825","GB","33","False","True"
"A5040195008","Yifang Ban","0000-0003-1369-3216","45","7356","282","I86987016","SE","56","False","True"
"A5047672519","M. Irfan Uddin","0000-0002-1355-3881","30","3316","149","I178777954","PK","15","False","True"
"A5001625827","Ting-Yun Cheng","0000-0001-8670-4495","10","578","31","I190082696","GB","7","False","True"
"A5041429006","Chaitanya K. Joshi","0000-0003-4722-1815","15","964","28","I241749","GB","7","False","True"
"A5057936279","Xi Xiong","0000-0002-3123-4200","22","2123","91","I24201400","CN","19","False","True"
"A5016587219","Yuanhang Zheng","0000-0002-9357-645X","11","648","50","I157773358","CN","10","False","True"
"A5007062753","Adarsh Sahu","0000-0001-5190-8236","11","426","49","I8977528","IN","11","False","True"
"A5073182926","Krishna Patel","0000-0003-4950-5213","6","161","28","I33459947","IN","10","False","True"
"A5057195158","Tarık Talan","0000-0002-5371-4520","19","1141","67","I4210165738","UA","11","False","True"
"A5100682872","Yi Li","0000-0001-9400-2186","8","495","19","I1300757298","CN","26","False","True"
"A5039942689","Robert Podschwadt","0000-0003-2997-109X","6","113","11","I181565077","US","6","False","True"
"A5100436394","Chenyang Li","0000-0003-2235-2317","12","631","46","I76569877","CN","13","False","True"
"A2081253635","Feng Xia","0000-0001-5279-9908","10","405","156","","","1","True","False"
"A5015629053","Samaneh Mahdavifar","0000-0001-7040-659X","10","922","30","","","17","False","False"
"A5046450643","Yuanlin Zhang","0000-0003-0960-3636","18","1127","111","I4210131919","CN","32","False","True"
"A5014248595","Tiago Azevedo","0000-0002-2052-3832","13","448","38","I241749","GB","17","False","True"
"A5056961648","Samuel Greydanus","","2","284","4","I107672454","US","51","False","True"
"A5052467793","Awf Abdulrahman","0000-0002-3215-8983","6","183","9","","","6","False","False"
"A5032306817","Simona Mariana Popescu","0000-0003-4919-3862","12","842","46","I97553796","RO","56","False","True"
"A5016007570","David S. Touretzky","0000-0002-9388-4970","45","15479","200","I74973139","US","46","False","True"
"A5005284230","Kirk Bresniker","0000-0002-8360-3194","5","123","21","I1324840837","US","22","False","True"
"A5036609592","Jueun Jeon","0000-0003-4158-8624","7","365","17","","","6","False","False"
"A4202347257","Johannes Schmidt-Hieber","0000-0003-2699-4990","2","11","10","","","1","False","False"
"A5032878563","John Hani","","1","149","1","I145487455","EG","1","False","True"
"A5051442365","Md. Zia Uddin","0000-0002-5215-1834","33","4978","206","I102782458","BD","23","False","True"
"A5101786268","Yuheng Zhang","0000-0002-3907-6761","18","1316","177","I165932596","SG","45","False","True"
"A5082224635","Peter Heydon","0000-0001-7029-4188","5","198","13","I129604602","AU","24","False","True"
"A5002152306","Markus Stricker","0000-0002-8933-0238","20","3787","63","I904495901","DE","39","False","True"
"A5084963078","Sajja Tulasi Krishna","0000-0002-0439-3230","4","196","16","I875944469","IN","11","False","True"
"A5051364218","Paolo Giudici","0000-0002-4198-0127","48","7092","495","I25217355","IT","47","True","True"
"A5101957550","Wentao Wu","0000-0001-6856-3115","19","2187","98","I109935558","CN","18","False","True"
"A5100727972","Zixin Wang","0009-0007-7863-0298","18","920","63","I119045251","CN","21","False","True"
"A5010657520","Daniele Silvestro","0000-0003-0100-0961","49","12783","268","I12708293","CH","18","True","True"
"A5084396416","Xiaofei Xie","","41","5729","310","I184843921","CN","35","False","True"
"A5060370312","Ashley M. Hopkins","0000-0001-7652-4378","26","3087","169","I169541294","AU","39","False","True"
"A5073130043","Andy Charlwood","0000-0002-5444-194X","20","2448","69","I130828816","GB","28","False","True"
"A5041626722","Mohammad Amin Morid","0000-0002-8818-6545","13","1088","34","I16269868","US","15","False","True"
"A5035594582","Wafa Mellouk","0000-0003-4302-5868","2","328","5","","","5","False","False"
"A5075232869","Markus Schmitt","0000-0003-2223-8696","16","1062","68","I171892758","DE","35","False","True"
"A5057157471","Yuxiang Ren","0000-0001-8829-3984","11","342","45","I103890011","CN","7","False","True"
"A5082231571","Dhiraj Dahiwade","","1","253","2","","","2","False","False"
"A5001027226","Michael P. Brenner","0000-0002-5673-7947","72","21004","472","I136199984","US","69","False","True"
"A5100617494","Yuan Zeng","0000-0002-5260-8064","12","718","58","I19820366","CN","21","False","True"
"A5076146831","Adem R.N. Aouichaoui","0000-0002-3297-6054","5","120","19","I96673099","DK","9","False","True"
"A5012198181","Seyedeh Neelufar Payrovnaziri","0000-0003-4712-9648","7","454","18","I1743320","US","6","False","True"
"A5042612762","Daniel Marchand","0000-0002-0944-5175","7","916","10","","","14","False","False"
"A5113618730","Ibo van de Poel","","43","6027","163","I98358874","NL","33","False","True"
"A2660657317","Gregor Kasieczka","0000-0003-3457-2755","5","507","9","","","1","False","False"
"A5022066807","Kazi Shahrukh Omar","0000-0003-3182-6553","4","239","8","I39422238","US","7","False","True"
"A5012175328","Atul Rawal","0000-0003-3443-693X","7","373","36","I1318287680","US","7","False","True"
"A5100350501","Yang Chen","0000-0003-4517-1033","13","870","50","I27781120","CN","26","False","True"
"A5030032667","Mahamudul Hasan","0000-0002-4311-8688","12","570","91","","","18","False","False"
"A5044355742","Qiang Shi","0000-0001-6655-3116","7","213","17","I4210101660","CN","19","False","True"
"A5063952127","Alexis Megan Votto","0000-0002-3147-3631","2","297","2","I45438204","US","2","False","True"
"A5020976551","Haiyan Kong","0000-0002-6168-6224","25","2446","80","I152031979","CN","22","False","True"
"A5018084268","Tong Jian","0000-0003-3886-1909","17","1431","93","I4210162663","SG","33","False","True"
"A5100354592","Yang Zhang","0000-0001-8135-369X","27","2843","185","I157725225","US","31","False","True"
"A5083231748","Mahmoud Khademi","0000-0001-7523-1741","12","612","49","I204722609","CA","21","False","True"
"A5063772764","Yishuo Zhang","0000-0001-6033-5679","13","669","38","","","9","False","False"
"A5080011745","Wayne Moodaley","","2","98","2","I24027795","ZA","1","False","True"
"A5100324301","Liu Liu","0000-0003-4218-8008","35","5306","191","I16365422","CN","39","False","True"
"A5014303473","Waddah Saeed","0000-0002-2280-4427","6","634","10","I200650556","NO","3","False","True"
"A5006256957","Umair Ahmed","0000-0001-9130-5210","31","2770","152","I205173300","PK","16","False","True"
"A5062401606","Rajiv Singla","0000-0002-9674-6872","20","1329","80","","","17","False","False"
"A5047107500","Julian Blank","0000-0002-2227-6476","11","2235","34","I87216513","US","42","False","True"
"A5070327072","Harald Steck","0009-0007-7448-8335","25","3769","63","I869089601","US","88","False","True"
"A5043393776","Abdu Gumaei","0000-0001-8512-9687","38","5818","156","I142608572","SA","14","True","True"
"A5005046307","ASM Shihavuddin","0000-0002-4137-9374","25","2367","133","I1294671590","FR","18","False","True"
"A5075328274","Zhuofu Deng","0000-0002-8843-3702","8","502","30","","","17","False","False"
"A5050207942","Norman P. Jouppi","0000-0003-1765-1929","80","28804","236","","","45","False","False"
"A5075044182","Shih‐Cheng Li","0000-0001-8645-0034","12","759","40","I16733864","TW","6","False","True"
"A5037425854","Emad Ul Haq Qazi","0000-0001-9727-382X","5","313","14","I4210142658","SA","4","False","True"
"A5013103670","Alessio Verdone","0009-0004-3631-2898","3","51","9","","","4","False","False"
"A5100366029","Lu Lu","0000-0002-5476-5768","33","10204","142","I12615008","CN","23","False","True"
"A5102028042","Yandong Shi","0000-0002-5192-1091","11","861","40","I170215575","CN","17","False","True"
"A5004818942","Mojtaba Sadeghi","0000-0003-3194-0110","11","765","24","","","27","False","False"
"A5102793389","Benjamin S. Hopkins","0000-0002-9493-2110","22","1235","77","I1174212","US","32","False","True"
"A5017531651","Victor Partel","","7","1077","11","","","7","False","False"
"A5008118175","Wei Fang","0009-0009-4409-0312","11","529","61","","","24","False","False"
"A5032528778","Jonathan Frame","0000-0002-2533-3843","13","1698","81","I17301866","US","77","False","True"
"A5101903526","Mengmeng Ge","0000-0003-2869-4203","13","1000","33","I185492890","NZ","13","False","True"
"A5034260529","Fath U Min Ullah","","21","1815","39","I143719379","PK","8","False","True"
"A5019737566","Sebastian Gregor Bouschery","0000-0002-8769-568X","3","296","6","","","4","False","False"
"A5015739734","Bomin Mao","0000-0001-7780-5972","29","5633","76","I17145004","CN","13","False","True"
"A5026308262","Yasamin Borhani","","3","240","9","","","4","False","False"
"A5108139013","El‐Sayed M. El‐kenawy","0009-0006-0605-647X","48","6609","294","I1320351128","US","7","True","True"
"A5001599211","Tzu-Hsuan Lin","0000-0002-4615-9792","5","148","20","I143578492","TW","34","False","True"
"A5077777803","Yihao Xu","0000-0002-6717-7068","15","1678","54","I12912129","US","7","False","True"
"A5036296341","Eiryo Kawakami","0000-0001-9955-4342","33","6586","174","I159385669","JP","51","False","True"
"A5016102235","Kenneth Li-Minn Ang","","6","165","11","I174025329","AU","10","False","True"
"A5065311196","Bharath Raju","0000-0002-4897-2939","10","423","72","I164861460","IN","52","False","True"
"A5027034650","Yushi Chen","0000-0003-2421-0996","36","12357","123","I204983213","CN","22","False","True"
"A5079602015","Abdelrahman Shaker","0000-0001-7651-4057","10","1094","26","I4210113480","AE","7","False","True"
"A5073337884","Nassim Bouteldja","0000-0002-8430-0363","13","715","24","I4210120689","DE","8","False","True"
"A5047920319","Astrid Schepman","0000-0002-7407-362X","20","2716","47","I137265193","GB","27","False","True"
"A5034762116","Minzhen Xie","","6","160","13","","","6","False","False"
"A5044595879","G Ranganathan","","9","706","18","","","21","False","False"
"A5054602568","Tongtong Su","0000-0003-4021-6466","5","488","15","I76130692","CN","7","False","True"
"A5062309027","Xiaobo Qu","0000-0002-8675-5820","38","4982","252","I191208505","CN","20","True","True"
"A5040063710","Sourav Dutta","0000-0001-5722-7909","23","1898","91","I127439422","IN","32","False","True"
"A5062165084","Reinel Tabares-Soto","0000-0002-4978-5211","19","1086","110","I152456871","CO","11","False","True"
"A5088350698","Manuel Eugenio Morocho-Cayamcela","0000-0002-4705-7923","12","971","54","I3130401523","EC","12","False","True"
"A5049202541","Chuanze Kang","","6","287","11","I205237279","CN","8","False","True"
"A5062125413","Amjad Rehman","0000-0002-3817-2655","68","15772","466","I142024983","SA","19","True","True"
"A5084032371","Mamoon Rashid","0000-0002-8302-4571","33","3994","251","I1297460800","CA","43","False","True"
"A5058352961","Roberto Pierdicca","0000-0002-9160-834X","30","4119","195","I122534668","IT","14","True","True"
"A5063247145","Ahmet M. Elbir","0000-0003-4060-3781","21","1919","149","I4210121333","TR","13","True","True"
"A5071214862","Wentong Wu","","1","379","1","I4210155232","CN","1","False","True"
"A5067064191","Vishwa S. Parekh","0000-0002-6306-0305","18","1523","82","I126744593","US","12","False","True"
"A5101666922","Mingda Wang","0000-0002-0342-8606","2","50","18","I183067930","CN","22","False","True"
"A5101889015","Yiping Yang","0000-0001-7248-6132","5","115","58","I4210101167","CN","36","False","True"
"A5100636788","Wenjin Wang","0000-0002-5600-6589","28","2807","229","I100286613","CN","30","False","True"
"A5100461212","Lili Zhang","0000-0003-0810-9476","25","2931","267","I169572211","CN","30","False","True"
"A5101537012","Yutong Feng","0000-0003-0575-6790","10","645","44","I22716506","CN","7","False","True"
"A5100347934","Mei Liu","0000-0003-0445-941X","35","4152","244","I151727225","CN","32","False","True"
"A5101886933","Zhengyu Chen","0009-0003-8892-5699","19","1146","168","I204553293","CN","45","False","True"
"A5028181839","Xiongfeng Yan","0000-0003-4748-464X","14","860","52","I116953780","CN","10","False","True"
"A5040173784","Tolga Ergen","0000-0003-4806-0224","9","710","49","","","9","False","False"
"A5047333790","Asif Mahmood","0000-0001-9412-1011","51","6505","114","I125839683","CN","58","False","True"
"A5089879766","Janusz Bobulski","0000-0003-3345-604X","11","502","68","","","25","False","False"
"A5048082929","Shiv Ram Dubey","0000-0002-4532-8996","37","6921","155","I26072440","IN","14","True","True"
"A5082724964","Çağlar Uyulan","0000-0002-6423-6720","12","558","65","","","9","False","False"
"A5091259315","Markus Schedl","0000-0003-1706-3406","45","7400","412","I121883995","AT","33","True","True"
"A5100445777","Shaohui Liu","0000-0001-7093-9206","4","108","27","","","16","False","False"
"A5073080171","Touseef Iqbal","","4","236","7","I8778637","IN","14","False","True"
"A5034843347","Jie Sun","0000-0002-5125-9149","38","4225","239","I116036724","CN","50","False","True"
"A5028361611","Hassan Amin","0000-0002-3310-0273","4","233","8","I84058292","EG","14","False","True"
"A5015218854","Siyuan Feng","0000-0002-3194-1124","11","353","27","I14243506","HK","8","False","True"
"A5100601666","Yan Li","0000-0001-8333-3051","5","398","8","I4401726859","","13","False","True"
"A5065935060","Agung Rinaldy Malik","0000-0002-2794-5536","6","392","24","","","9","False","False"
"A5076657548","Lior Drukker","0000-0002-5588-1410","23","1634","127","I16391192","IL","16","False","True"
"A5046773162","Dharmaraja Selvamuthu","0000-0003-2892-0864","23","1861","227","I68891433","IN","43","False","True"
"A5054977547","Nishtha Malik","0000-0002-1582-6855","12","826","35","I26771391","IN","10","False","True"
"A5036882627","Vaishnavi Nath Dornadula","","1","369","1","I876193797","IN","1","False","True"
"A5025781094","Yanfu Zhang","0000-0002-0183-925X","15","1216","109","I149594827","CN","28","False","True"
"A5005452839","Harini Suresh","0000-0002-9769-4947","19","2146","44","I27804330","US","13","False","True"
"A5022873913","Songhee Oh","0000-0001-7432-0953","4","378","7","I87111246","KR","4","False","True"
"A5050550263","Hamed Jelodar","0000-0002-0713-3143","16","2772","44","","","12","False","False"
"A5029891409","Hüseyin Polat","0000-0003-4128-2625","28","3500","150","","","26","False","False"
"A5076251011","Yoochan Myung","0000-0002-6763-9808","15","1364","48","","","16","False","False"
"A5000703309","Sunil Kumar Maurya","0000-0001-8839-8559","5","176","13","","","7","False","False"
"A5048209580","Sanghyeop Lee","0000-0002-9404-0956","2","97","2","I118722661","KR","4","False","True"
"A5002281905","Vincent Bissonnette","0000-0001-7448-2311","9","965","21","","","10","False","False"
"A5051494356","Santosh Kumar Bharti","0000-0002-0627-6433","27","3612","162","I145311948","US","18","False","True"
"A5076095176","David B. Olawade","0000-0003-0188-9836","22","2122","159","I124246371","GB","10","True","True"
"A5032294761","Anders S. Christensen","0000-0002-7253-6897","19","1763","92","","","15","False","False"
"A5004615608","Tonmoy Hossain","0000-0002-5808-6391","9","527","32","I51556381","US","10","False","True"
"A5066905891","Sarmad Maqsood","0000-0002-1775-2589","12","1000","26","I172574986","LT","7","False","True"
"A5101761728","Waqar Ahmad","0000-0003-0617-7934","6","119","15","I80611190","KR","8","False","True"
"A5063848138","Kanishka Singh","0000-0003-2700-9307","2","64","6","","","3","False","False"
"A5019213163","Shahram Hanifi","0000-0003-0359-5882","4","571","8","","","6","False","False"
"A5056506409","Görkem Giray","0000-0002-7023-9469","12","847","51","","","13","False","False"
"A5091036514","Lanfang Sun","0000-0002-3990-7051","13","701","34","I177725633","HK","22","False","True"
"A5089097625","Duy-Tang Hoang","0000-0002-3930-7283","9","1679","15","I90023481","JP","9","False","True"
"A5112515161","Joon‐Myoung Kwon","","1","204","1","I4210126996","KR","1","False","True"
"A5077306904","Richard Pyle","0000-0002-5236-7467","8","249","11","I181647926","GB","58","False","True"
"A5022349009","Bin Pu","0000-0002-4959-8432","16","867","74","I16609230","CN","15","False","True"
"A5021941614","Naeem Ahmed","0000-0002-1850-5846","7","208","28","I173029219","MY","50","False","True"
"A5070135838","Habib Dhahri","0000-0003-4668-7840","19","1032","72","I28022161","SA","20","False","True"
"A5069557211","Hao Chen","0000-0001-6816-5344","9","304","28","I14243506","HK","4","False","True"
"A5048887562","Russell W. Belk","0000-0001-6674-9792","90","49226","568","I192455969","CA","60","False","True"
"A5035925200","Ren‐Hung Hwang","0000-0001-7996-4184","27","3603","330","I148366613","TW","47","False","True"
"A5021164266","Manuel Carbonell","0000-0003-4362-3649","4","132","5","","","4","False","False"
"A5036511652","Mohammad Reza Habibi","","21","4438","76","I891191580","DK","33","False","True"
"A5031406634","Saeed Ghaderizadeh","","2","270","2","I115566878","IR","2","False","True"
"A5048585660","Javier Villalba-Díez","0000-0002-2423-1474","14","940","57","I168974976","ES","12","False","True"
"A5115602014","Fang Wang","0000-0001-7353-9080","41","6681","449","I135237710","CN","34","True","True"
"A5101765870","Xingyu Liu","0009-0007-7153-5570","13","4707","39","I1327237609","CN","25","False","True"
"A5090106151","Changming Dong","0000-0003-1517-7602","30","3364","186","I108688024","CN","28","False","True"
"A5002782886","Zilong Wang","0000-0001-9217-8292","4","513","7","I4210150955","CN","6","False","True"
"A5103936685","Hainie Zha","","6","400","11","I46482218","CN","6","False","True"
"A5065743589","Haiyang Lin","0000-0002-8259-4265","2","54","7","I191208505","CN","4","False","True"
"A5060635481","Ross Jacobucci","0000-0001-7818-7424","23","2298","120","I107639228","US","12","False","True"
"A5100427634","Yongming Li","0000-0002-5258-2765","20","3159","60","I2898894","CN","23","False","True"
"A5027933499","Dingyi Zhuang","0000-0003-3208-6016","11","401","41","I63966007","US","7","False","True"
"A5090330706","Jie Zhang","0000-0003-4119-9442","22","2689","64","I131434179","CN","27","False","True"
"A5102846005","Marko Topalovic","0000-0001-6150-1122","14","1038","75","","","13","False","False"
"A5072140586","Wenli Zhao","0000-0001-6152-1692","20","1325","132","I130750295","CN","21","False","True"
"A5086972136","Yuanyuan Sun","0000-0001-6549-3799","12","485","38","I149594827","CN","17","False","True"
"A5041076952","Jiaji Wang","0000-0002-6728-2685","36","4007","329","I153473198","CN","40","False","True"
"A5112396641","Shohreh Amini","","9","285","14","I4210137549","US","13","False","True"
"A5101602908","Yixin Lin","0000-0003-1514-9353","5","116","11","I149899117","DE","14","False","True"
"A5038878217","Suk-Ju Hong","0000-0001-8758-8107","13","671","42","","","9","False","False"
"A5027367677","Guan Gui","0000-0003-3888-2881","69","19052","843","I41198531","CN","35","True","True"
"A5040754771","Sakib Shahriar","0000-0002-5778-4876","17","1586","57","I79817857","CA","10","False","True"
"A2038301603","Jiafu Wan","0000-0001-9188-4179","2","562","9","","","1","False","False"
"A5004016093","Yun Dai","0000-0002-1199-9855","23","2406","107","I177725633","HK","25","False","True"
"A5049529514","Yang Cheng","0000-0002-0321-7956","30","3091","156","I137902535","US","39","False","True"
"A5094176348","Philip Olaseni Shoetan","","7","356","7","","","1","False","False"
"A5012833188","Delora Baptista","0000-0002-9258-5303","5","656","19","I48057805","PT","11","False","True"
"A5050508036","Lekha Athota","","1","190","1","I4210126505","AE","1","False","True"
"A5086695777","Arash Heidari","0000-0003-4279-8551","36","3807","74","I193223587","IT","12","False","True"
"A5088966490","Sherrie Wang","0000-0002-4618-5675","17","1507","68","I4210137115","US","11","False","True"
"A5019684855","Sofia Samoili","0000-0002-1997-007X","9","436","63","","","51","False","False"
"A5080737790","Anichur Rahman","0000-0002-2691-1748","23","2356","89","I205746353","BD","15","False","True"
"A5017811430","Kavita Bhosle","0000-0002-1261-0477","4","327","9","I4210118696","IN","7","False","True"
"A5002268567","Andrea Mastropietro","0000-0002-3456-9428","7","227","17","I861853513","IT","15","False","True"
"A5024045810","Adel Assiri","0000-0002-3678-0956","10","783","23","","","26","False","False"
"A5087529010","Deepak Alapatt","0000-0001-6223-3270","13","841","38","I1294671590","FR","9","False","True"
"A5086634525","Yuhong Zhu","0000-0003-2968-3020","12","531","54","I76130692","CN","24","False","True"
"A5069421468","M. Rupesh Kumar","0000-0003-3969-7346","3","99","5","I68891433","IN","16","False","True"
"A5100355859","Yang Liu","0000-0002-3479-9223","37","5044","270","I108160477","CN","24","True","True"
"A5029661948","Ziyue Yang","0000-0002-1658-0260","12","797","52","","","9","False","False"
"A5040097612","Zouhair Chiba","0000-0002-6200-0087","11","553","44","I99297268","MA","10","False","True"
"A5026755747","Gary K. W. Wong","0000-0003-1269-0734","18","2008","137","I889458895","HK","41","False","True"
"A5008703009","Ming‐Huwi Horng","0000-0001-6333-2457","20","2012","66","","","30","False","False"
"A5032947593","Jiayu Qiu","","1","321","3","I27357992","CN","4","False","True"
"A5023088189","Chiagoziem C. Ukwuoma","0000-0002-4532-6026","20","1190","108","I31595395","CN","8","True","True"
"A5037162506","Yunyuan Gao","0000-0003-2128-2185","19","1216","81","I50760025","CN","23","False","True"
"A5009257121","Baoxiang Pan","0000-0002-3409-5568","14","965","69","I19820366","CN","13","False","True"
"A5077652592","Shamsudeen Temitope Yekeen","0000-0002-9400-9588","9","666","18","","","7","False","False"
"A5035756067","Stanislav Sobolevsky","0000-0001-6281-0656","25","4996","143","I120250893","AE","22","False","True"
"A5100330218","Hyun Woo Kim","0000-0003-2473-8360","24","2506","129","I150209017","US","23","False","True"
"A5049547394","Gwo‐Jen Hwang","0000-0001-5155-276X","96","34745","628","I148366613","TW","36","True","True"
"A2131718800","Jae Hoon Lee","0000-0001-6087-4410","6","101","43","","","1","True","False"
"A5053764860","Lívia Silva Marques","0000-0002-7391-6621","3","184","7","I4104125","BR","8","False","True"
"A5019341237","Irene Dankwa‐Mullan","0000-0002-6792-3497","22","1915","98","I1302991022","US","16","False","True"
"A5070247279","Milena Ilić","0000-0002-9719-175X","10","1008","70","","","19","False","False"
"A5071634733","Axel Escamilla-García","0000-0002-2630-4462","3","220","6","I157492648","MX","5","False","True"
"A5100398970","Jianyu Wang","0000-0002-3926-7234","15","919","61","I150807315","CN","28","False","True"
"A2020288819","Albert Reuther","0000-0002-3168-3663","11","283","26","","","1","True","False"
"A5091324514","Zhuokun Pan","","8","794","15","I101479585","CN","11","False","True"
"A5049086157","Hongming Shan","0000-0002-0604-3197","32","4082","201","I24943067","CN","19","True","True"
"A5031333887","Gan Sun","0000-0003-1111-6909","28","2372","97","I90610280","CN","13","False","True"
"A5060625212","Ian Walsh","0000-0003-3994-5522","30","3893","83","I115228651","SG","55","False","True"
"A5071564241","Rajesh Kumar","0000-0003-0813-7485","23","2165","63","I3018263800","CN","16","False","True"
"A5046006076","Christopher D. Manning","0000-0001-6155-649X","134","177115","785","I4210134725","US","55","True","True"
"A5067989958","Harish Babu Arunachalam","0000-0001-8143-4107","2","169","3","I162577319","US","5","False","True"
"A5046678201","Tingli Xie","0000-0001-9505-9838","14","857","48","I4387152784","","26","False","True"
"A5021557615","Chi‐Tung Cheng","0000-0002-2697-4642","24","2210","177","I148366613","TW","20","False","True"
"A5057256444","Norihiko Ohura","0000-0002-1139-9307","28","3370","99","I190930483","JP","28","False","True"
"A5079673360","‪Mahmood A. Al-Shareeda‬‏","0000-0002-2358-3785","31","2422","125","I4210145266","IQ","8","True","True"
"A5025684214","Ramin Hasani","0000-0002-9889-5222","18","1459","95","","","18","False","False"
"A5101333877","Mrs Prabha","","1","72","3","I1328728281","US","6","False","True"
"A5064289654","Ekaterina Jussupow","0000-0002-3009-076X","6","601","23","I31512782","DE","8","False","True"
"A2093421881","Tian Li","0000-0001-5117-7883","10","8115","673","","","1","True","False"
"A5062472542","Peter Eastman","0000-0002-9566-9684","29","11037","58","I97018004","US","30","False","True"
"A5111972280","Shahaboddin Shamshirband","","84","22998","460","I141445968","VN","13","True","True"
"A2900243229","Ashesh Chattopadhyay","0000-0002-2590-1230","1","47","10","","","1","False","False"
"A5032274523","Tom Macpherson","0000-0002-0250-1146","12","762","37","","","15","False","False"
"A5100447801","Wenjun Zhang","0000-0001-7973-8769","73","22045","1171","I110440473","CN","35","True","True"
"A5109542107","Abdelrahman Elabd","","1","32","1","I79576946","US","1","False","True"
"A5076177269","Amaro Taylor‐Weiner","0000-0002-7249-2425","60","35813","282","I2801686373","US","14","True","True"
"A5038037079","Yunong Tian","0000-0002-5165-1546","12","1723","51","I19820366","CN","9","False","True"
"A5100423040","Zhao Zhang","0000-0002-8577-8043","24","2211","158","I125839683","CN","25","False","True"
"A5044113079","Carlos Flavián","0000-0001-7118-9013","71","24101","292","I255234318","ES","33","False","True"
"A5100426701","Junfeng Chen","0000-0002-5586-0767","7","204","39","","","32","False","False"
"A5101519610","Satya Prakash Yadav","0000-0002-2634-5600","32","3176","178","I2799532815","IN","53","False","True"
"A5013049479","Yiheng Zhu","0000-0001-8020-9979","2","54","3","I168879160","CN","5","False","True"
"A5101087879","Sho Ishida","","5","163","16","I4210131333","JP","100","False","True"
"A5032509854","Javier Civit-Masot","0000-0003-3306-3537","14","785","40","I79238269","ES","9","False","True"
"A5023054084","Hyunghun Cho","0000-0001-8478-5762","4","311","11","","","11","False","False"
"A5024830111","Dmitrii Shadrin","0000-0003-3486-8214","18","958","67","I125989756","RU","8","False","True"
"A5080969302","Fahd S. Alotaibi","0000-0003-0880-5164","15","841","64","","","15","False","False"
"A5025243094","Merlin Stone","0000-0003-4687-0629","30","3468","225","","","50","False","False"
"A5026669797","Man Wu","0000-0002-8459-2028","16","1026","69","I203951103","JP","29","False","True"
"A5108306329","Aarushi Shah","","1","138","1","","","1","False","False"
"A5059976722","Suraj Patil","","6","141","16","","","15","False","False"
"A5005516772","Yun Jiang","0000-0002-3034-6729","21","1740","118","I43313876","CN","33","False","True"
"A5040722978","Chiou‐Jye Huang","0000-0001-6262-9275","23","2875","93","I65446980","TW","57","False","True"
"A5035164141","Prince Waqas Khan","0000-0002-2561-4389","19","1478","33","","","6","False","False"
"A5012231619","Fatih Bal","0000-0002-7179-1634","3","66","11","I264262938","TR","5","False","True"
"A5055274072","Chaoran Huang","0000-0001-6997-758X","22","2269","85","I143593769","CN","63","False","True"
"A5032884545","Samantha Cruz Rivera","0000-0002-1566-6804","22","4906","54","I79619799","GB","9","False","True"
"A5022205148","Vimal K. Shrivastava","0000-0003-0647-4541","20","1869","59","I67357951","IN","54","False","True"
"A5021832746","Iman Sajedian","","7","524","11","","","6","False","False"
"A5054390461","Bingzi Jin","0009-0005-1620-7772","26","2717","73","","","30","False","False"
"A5074413801","Louise Amoore","0000-0001-6728-8553","34","7168","118","I190082696","GB","29","False","True"
"A5007305440","Stuart Russell","0000-0001-5252-4306","64","48589","335","I4210164862","CA","41","False","True"
"A5036694708","Mhaned Oubounyt","0000-0001-5011-6683","8","371","32","I159176309","DE","8","False","True"
"A5039139862","Nizar Ahmed","0000-0001-5329-3175","6","716","12","I31669788","BD","13","False","True"
"A5004978832","Thilo Spinner","0000-0002-1168-1804","4","313","12","I35440088","CH","8","False","True"
"A5100625024","Wenming Cao","0000-0002-8174-6167","27","3188","306","I180726961","CN","31","False","True"
"A5090217494","Luigi Bonati","0000-0002-9118-6239","15","1402","41","I30771326","IT","8","False","True"
"A5048167872","Dipankar Dasgupta","0000-0002-3097-061X","49","13224","220","","","73","False","False"
"A5046311124","Dan Lin","0000-0001-7721-3029","7","313","22","","","19","False","False"
"A5083523340","Robert M. Kirby","0000-0001-5712-4141","43","5998","244","I223532165","US","60","False","True"
"A5083030804","JohnDavis Akkara","0000-0002-3121-631X","10","355","36","I118298837","IN","10","False","True"
"A5059676452","Karthik Nandakumar","0000-0002-6274-9725","37","10670","187","I4210113480","AE","22","False","True"
"A5017791343","Yalçın Açıkgöz","0000-0002-7596-8417","7","442","45","I430192","US","10","False","True"
"A5101789833","Binghui Wang","0000-0001-5616-060X","26","2658","140","I143413998","CN","20","False","True"
"A2318560780","Felix Teufel","0000-0002-5293-4783","0","0","1","","","1","False","False"
"A5056149164","Marwa El-Geneedy","","3","231","9","I126427551","EG","4","False","True"
"A5014889503","Mostofa Ahsan","0000-0002-1748-5652","15","810","31","I125467818","US","10","False","True"
"A5056982179","Joo-Wha Hong","0000-0002-6555-3074","11","616","20","","","7","False","False"
"A5057364146","Segun I. Popoola","0000-0002-3941-5903","29","2582","113","I51216347","GB","10","True","True"
"A5003769188","Liang Yang","0000-0001-6291-4359","18","1173","105","I184843921","CN","21","False","True"
"A5100721655","Md. Mijanur Rahman","0000-0001-5957-6483","14","881","122","","","56","False","False"
"A5075475527","Tamara T. Mueller","0000-0002-1818-1036","5","162","29","I62916508","DE","4","False","True"
"A5018639467","Navid Shirzadi","0000-0003-1239-488X","8","354","12","I1281735042","CA","10","False","True"
"A5078450256","Estiak Ahmed Emon","","1","100","1","I885507782","BD","1","False","True"
"A5091175454","Alexander Kroll","0000-0001-8670-7039","8","451","21","I44260953","DE","6","False","True"
"A5102729596","Zhuyun Chen","0000-0002-6100-7332","31","5386","125","I139024713","CN","13","False","True"
"A5053348129","Keelin Murphy","0000-0001-6831-4020","23","8372","72","I145872427","NL","30","False","True"
"A5001458225","Lee Bayliss","0000-0002-2246-5912","13","1993","31","I4210118734","GB","63","False","True"
"A5047753040","Kaycee Low","0000-0003-1923-9479","7","204","16","I56590836","AU","24","False","True"
"A5066370292","Stacey Truex","0000-0002-8274-645X","22","3650","36","I20577493","US","8","False","True"
"A5002808678","Francisco J. Martínez-Murcia","0000-0001-8146-7056","29","2518","126","I173304897","ES","15","False","True"
"A5056287053","Yousef Methkal Abd Algani","0000-0003-2801-5880","10","461","51","I4210146732","IL","7","False","True"
"A5059493065","Soufyane Ayanouz","0000-0002-8144-3588","2","192","6","I240042149","MA","5","False","True"
"A5101538553","Sumita Mishra","0000-0001-8002-6718","12","564","67","","","31","False","False"
"A5033108725","Manoj Kumar Goshisht","0000-0002-2003-5388","11","976","30","I129510320","US","12","False","True"
"A5004004818","Chengxu Zhuang","0000-0002-9306-9407","15","1382","41","","","9","False","False"
"A5100732087","Yan Zhang","0000-0002-2168-9674","30","3050","278","I125839683","CN","35","False","True"
"A5087337166","Stamatis Karnouskos","0000-0003-3519-8232","48","10832","294","I4210132444","DE","26","True","True"
"A5007511789","Teoh Ji Sheng","0000-0003-3942-0160","1","250","1","I885383172","MY","1","False","True"
"A5056168217","Timothy D. Gebhard","0000-0001-9310-8579","5","222","26","I35440088","CH","11","False","True"
"A5042257674","Ramteja Sajja","0000-0002-2432-2472","7","438","22","I114832834","US","3","False","True"
"A5061094603","Abdulla All Noman","0000-0002-1084-7817","8","355","17","","","5","False","False"
"A5051766459","Kevin Korfmann","0000-0001-8869-8949","4","141","12","I181233156","US","4","False","True"
"A5009311291","Maxwell C. Venetos","0000-0003-3468-2006","6","200","19","I1306117286","US","7","False","True"
"A5047116629","Sang‐Soo Baek","0000-0001-5956-9283","25","2449","101","I55240360","KR","24","False","True"
"A5034649717","Kang Wei","0000-0001-8794-2153","14","3097","78","I14243506","HK","8","False","True"
"A5044563218","Hengwei Lin","0000-0003-1821-3648","6","329","9","I891191580","DK","8","False","True"
"A5080972036","Jorge Benavides-Hernández","0000-0001-5492-4303","2","108","2","I1294671590","FR","2","False","True"
"A5011049222","Bahiru Legesse Jimma","0000-0002-6374-7828","2","136","4","I153487414","ET","4","False","True"
"A5112410365","He Ming Yao","","17","958","42","I47508984","GB","26","False","True"
"A5041611054","G C Sunil","","6","225","14","I57328836","US","5","False","True"
"A5089509046","Kawcher Ahmed","","1","288","1","I157386601","BD","1","False","True"
"A5021415958","Sijun Tan","0009-0006-8532-6975","4","177","11","I95457486","US","23","False","True"
"A5104013037","Varadi Rajesh","","2","79","2","","","1","False","False"
"A5046522037","Yinhua Piao","0000-0001-5506-8158","5","155","19","","","6","False","False"
"A5033880997","Lokesh Jain","0000-0001-5764-3822","10","513","30","","","29","False","False"
"A5036184728","Kai Guo","0000-0002-3841-8862","5","62","14","I194450716","CN","15","False","True"
"A5043206151","Jingtao Fan","0000-0003-4817-4141","17","1988","47","I99065089","CN","24","False","True"
"A5086358231","Ying He","0000-0002-9592-7727","13","2075","35","","","19","False","False"
"A5037327543","Yindi Yang","0000-0002-7864-0281","4","78","8","","","11","False","False"
"A5006888408","Rajan Kumar","0000-0002-3339-1816","22","1579","81","I110360157","IN","46","False","True"
"A5071268993","Kok‐Kwang Phoon","0000-0003-2577-8639","75","23009","517","I152815399","SG","37","True","True"
"A5087200843","Jocelyn Zhu","","5","412","16","I129975664","US","3","False","True"
"A5060076901","Dwaipayan Biswas","0000-0002-1087-3433","21","2364","93","I288749910","IN","14","False","True"
"A5020896865","Sumit Pandey","0000-0003-3791-2620","3","111","6","I124055696","DK","3","False","True"
"A5100344333","Wei Chen","0000-0001-7875-4548","8","394","17","","","8","False","False"
"A5086246965","Wajiha Safat","","2","154","3","I4210159012","PK","6","False","True"
"A5026553283","Winky K.O. Ho","0000-0002-6333-2833","17","998","39","I14243506","HK","28","False","True"
"A5045497263","Andrew Mihalache","0000-0002-2692-0759","14","955","111","I185261750","CA","37","False","True"
"A5035193180","Butch Quinto","","6","150","23","I233299441","US","3","False","True"
"A5071646906","Hogun Park","0000-0003-0576-5806","10","390","53","I848706","KR","20","False","True"
"A5101737528","Xianwei Gao","0000-0002-3133-6012","6","620","9","I125839683","CN","10","False","True"
"A5069156158","María Dolores Bermejillo Barrera","","1","68","1","I88060688","ES","1","False","True"
"A5036400955","Liang Tan","0000-0002-7363-6697","19","3059","86","","","22","False","False"
"A5041055356","Ayelet Akselrod-Ballin","","14","912","31","","","19","False","False"
"A5078755392","Hossam Haick","0000-0002-2370-4073","91","27498","427","I1292235266","AT","25","True","True"
"A5017361108","Enes Ayan","0000-0002-5463-8064","10","1227","24","I45642913","TR","11","False","True"
"A5007832156","Munir Husein","0000-0003-1189-3070","9","437","16","","","10","False","False"
"A5043965319","Mahdi Ghorbani","0000-0002-2184-4494","9","256","27","","","17","False","False"
"A5077933576","Qihang Yao","0000-0001-5091-3850","5","815","10","I130701444","US","5","False","True"
"A5086543418","Imrus Salehin","0000-0002-4019-6728","11","539","33","I200606013","BD","6","False","True"
"A5084646501","Georgy Ayzel","0000-0001-5608-9110","16","1166","95","","","12","False","False"
"A1996291855","Juan Carrasquilla","0000-0001-7263-3462","6","662","12","","","1","True","False"
"A5058930967","Ryan L. Truby","0000-0002-1313-6463","23","10912","53","I111979921","US","25","False","True"
"A5015091824","Zhe Wu","0000-0002-2923-149X","36","4188","231","I110440473","CN","33","False","True"
"A5088978963","Maria Pia Del Rosso","0000-0002-0297-0102","7","209","46","I16337185","IT","45","False","True"
"A5011415632","Fritz Mayr","0000-0002-6621-2108","2","92","5","I129774422","AT","38","False","True"
"A5101775198","Vu Nguyen","0000-0002-0294-4561","20","1324","86","","","17","False","False"
"A5057467587","Benedikt Bauer","0000-0002-6128-1550","3","245","5","","","17","False","False"
"A5086679221","Murat Abdughani","0000-0003-2470-6908","7","250","17","","","9","False","False"
"A5046848755","Hongfei Wang","0000-0002-3368-2154","8","327","22","I17145004","CN","11","False","True"
"A5013846322","P. Brindha","","3","133","8","I81556334","IN","13","False","True"
"A5026423808","Jiabao Gao","0000-0002-6862-064X","12","810","36","I163151501","CN","13","False","True"
"A5053202754","Joshua Levy","0000-0001-8050-1291","18","1394","192","I107672454","US","60","False","True"
"A5102803930","Yuli Jiang","0009-0007-8021-1551","6","138","14","I177725633","HK","16","False","True"
"A5011490173","Blanka Horvath","0000-0002-6369-7728","11","546","69","","","11","False","False"
"A5010419525","Shihui Zhen","0000-0002-3508-2531","4","568","9","I2802390878","CN","24","False","True"
"A5039748879","Geng Xu","0009-0006-4544-7203","11","1259","31","I194450716","CN","20","False","True"
"A5005375509","Ameni Trabelsi","","5","270","18","I1311688040","US","9","False","True"
"A5059430118","Alex Bateman","","96","149512","282","I1303153112","GB","61","False","True"
"A5060726737","Ching‐Hua Chuan","0000-0001-5350-6134","16","1600","64","I145608581","US","23","False","True"
"A5063268064","Jonathan J. Rasouli","0000-0002-5085-8422","15","898","63","I1302444339","US","25","False","True"
"A5005696882","J. Raymond Geis","0000-0003-4361-6158","16","2528","27","I104579289","US","19","False","True"
"A5049303725","Sujan Ghimire","0000-0002-7266-4442","23","2213","54","I185523456","AU","9","False","True"
"A5100777620","Peiyuan Li","0000-0002-0057-2637","16","1051","75","I22265921","TW","32","False","True"
"A5066151952","Le Liang","0000-0002-8489-1933","24","4737","145","I143868143","CN","14","True","True"
"A2103570438","Shuo Zhang","0000-0001-5073-0501","15","580","298","","","1","True","False"
"A5004299336","Yang Cao","0000-0002-2891-4379","35","7368","300","I126520041","CN","28","True","True"
"A5058869522","Kia Dashtipour","0000-0001-8651-5117","28","2760","145","I251738","GB","10","True","True"
"A5063048657","Shengnan Guo","0000-0002-3008-4511","13","5135","36","I21193070","CN","14","False","True"
"A5028014322","Benjamin Cramer","0000-0001-7948-4391","10","1228","65","I223822909","DE","28","False","True"
"A5072847289","Tan Nhat Pham","0000-0002-0445-745X","5","412","18","","","6","False","False"
"A5113597664","Fan Wu","0000-0002-9280-8378","26","2247","283","I114539943","CN","27","True","True"
"A5033246969","Kumuduni Niroshika Palansooriya","0000-0001-5907-3827","25","6100","52","I1284762954","CN","8","False","True"
"A5044676860","Éric Racine","0000-0001-8306-551X","48","8565","354","I4210158752","CA","28","True","True"
"A5102841151","Richard L. Welsh","0000-0003-1111-8840","7","530","16","I82284825","GB","53","False","True"
"A5005045050","Jelena Kocić","0000-0002-6229-5823","5","465","10","I4068193","RS","11","False","True"
"A5055889738","Roland Löwe","0000-0002-5549-5456","19","1286","125","I96673099","DK","82","False","True"
"A5101828690","Fredrik Eriksson","0000-0002-7945-5483","9","984","24","I66862912","SE","26","False","True"
"A5091552306","Jeffrey R. Adrion","0000-0003-1021-6000","14","1363","25","I181233156","US","10","False","True"
"A73310800","Gregor Stiglic","","0","0","26","","","1","True","False"
"A5040161646","Jiajia Guo","0000-0002-6220-2295","20","1752","120","I119273862","CN","23","False","True"
"A5085640753","Anthony K. Cheetham","0000-0003-1518-4845","122","59710","1055","I154570441","US","56","True","True"
"A5092575118","Dirk Slama","","1","45","1","","","1","False","False"
"A5100420423","Hong Chen","0000-0002-2035-6851","71","21360","1026","I111599522","CN","40","True","True"
"A5018003395","Andreas Fügener","0000-0002-4580-7444","19","2016","52","I180923762","DE","16","False","True"
"A5076003594","Dora E. Bock","0000-0001-6161-1508","17","1280","43","","","13","False","False"
"A5006420025","Tao Song","0000-0002-0130-3340","44","5400","280","I125749732","CA","33","False","True"
"A5108051749","Tahir Mahmood","0000-0003-1691-9532","14","914","48","I173207729","PK","24","False","True"
"A5051533062","Ahmed M. Khedr","0000-0001-7957-7862","29","2908","186","I192398990","EG","23","False","True"
"A5068585632","Pratik Kanani","0000-0002-6848-2507","12","628","83","","","13","False","False"
"A5049462848","David Peral García","0000-0003-3299-206X","4","284","9","I184999862","ES","6","False","True"
"A5085085294","Liuyue Xie","","4","103","9","","","6","False","False"
"A5026151982","Thomas M. Brill","0000-0002-7518-5367","2","310","2","","","4","False","False"
"A5003847848","Erfan Babaee Tırkolaee","0000-0003-1664-9210","54","9808","228","I170013655","IR","10","True","True"
"A5101686970","Fangxin Wang","0000-0003-2559-045X","26","2225","126","I4210116924","CN","33","False","True"
"A5069049451","Vanessa Ratten","0000-0002-2534-4550","62","13690","738","I196829312","AU","27","True","True"
"A5102809114","Qiannan Zhu","0000-0002-5084-6093","14","921","18","I158934434","CN","11","False","True"
"A5065613937","Faisal Dharma Adhinata","0000-0002-2624-173X","12","546","97","","","10","False","False"
"A5038658580","Habeeb Ur Rahiman","0000-0002-8042-7375","13","866","62","I4210156733","BH","16","False","True"
"A5024821985","Ohad Oren","0000-0003-4700-8037","12","926","67","I4210087915","US","19","False","True"
"A5006156963","Indra Heckenbach","0000-0001-7038-4677","9","891","32","I124055696","DK","7","False","True"
"A5029331962","Ditsuhi Iskandaryan","0000-0001-6668-2700","7","369","36","I10902133","ES","8","False","True"
"A5018323285","Michael van Hartskamp","0000-0002-7088-5428","4","143","8","I4210122849","NL","24","False","True"
"A5016946842","Alexander Buhmann","0000-0001-8077-496X","24","1771","101","","","37","False","False"
"A5083941800","Matteo Tiezzi","0000-0002-9133-8669","6","133","52","I30771326","IT","8","False","True"
"A5083424027","Sudipan Saha","0000-0002-9440-0720","20","1742","102","I68891433","IN","14","False","True"
"A5038668215","Xiangnan He","0000-0001-8472-7992","88","40273","477","I126520041","CN","17","True","True"
"A5064685420","Xian Zhang","0000-0002-9586-2345","23","2284","185","I108468826","US","31","False","True"
"A5086800358","Xueting Han","0009-0004-1090-8941","5","89","10","I4210113369","CN","4","False","True"
"A5043999174","Erdenebileg Batbaatar","0000-0002-9724-8955","10","516","25","","","10","False","False"
"A5017084169","Tianqi Zhu","0000-0002-2938-5624","24","2250","115","I150807315","CN","19","False","True"
"A5108360806","Edward W. Felten","","53","12402","147","I4210122443","US","41","False","True"
"A5088109643","Lujain Ibrahim","0000-0002-0395-784X","5","175","14","I40120149","GB","6","False","True"
"A5102955760","Qi Diao","0000-0002-7513-9467","4","80","12","","","9","False","False"
"A5074096068","Ye-Hyun Kim","0000-0002-2769-2604","11","601","39","I4210088603","KR","37","False","True"
"A5005365735","Catherine Adams","0000-0002-7466-3646","16","1548","108","","","52","False","False"
"A5037523915","Gašper Slapničar","0000-0001-9540-534X","10","698","29","I3006985408","SI","11","False","True"
"A5101410989","Kai Cao","0000-0002-7939-7279","50","11366","337","I100135526","CN","33","True","True"
"A5101716409","Hui Fang","0000-0001-9788-6634","18","1557","87","I181679659","CN","33","False","True"
"A5060999724","Cherry Khosla","","4","226","11","","","11","False","False"
"A5088155076","Shreyasi Ghose","","2","79","2","I191972202","IN","2","False","True"
"A5061300754","Benjamin Timon","","3","274","4","","","3","False","False"
"A5077430497","Kai Guo","0000-0003-2557-0061","16","1354","44","I78978612","CN","14","False","True"
"A5002830000","Madalina-Mihaela Buzau","0000-0002-6911-8475","2","474","4","","","7","False","False"
"A5076609492","Oliver Lester Saldanha","0000-0002-3594-7590","12","924","35","I4210108778","DE","5","False","True"
"A5040003361","Mateusz Michalkiewicz","0000-0003-1575-9717","5","313","12","I165143802","AU","6","False","True"
"A5014762349","Mustufa Haider Abidi","0000-0001-5609-5705","26","3093","187","I28022161","SA","32","False","True"
"A5102735961","Sruthy Skaria","0000-0002-4463-2320","6","371","7","I40900055","AU","8","False","True"
"A5014596965","Ahmed M. Alaa","0000-0001-9936-7141","28","2994","180","I1335369389","SA","24","False","True"
"A5110916236","Huu Ngoc Tran Tran","","1","29","1","I37445192","MY","1","False","True"
"A5042629738","Maha Altalak","0000-0003-0812-3198","3","169","3","I72264486","SA","1","False","True"
"A5055587467","Jin Zhang","0000-0002-4102-1866","23","2407","144","I120825670","CN","29","False","True"
"A5048236498","Monica Sikka","0000-0001-8618-2025","9","309","35","","","22","False","False"
"A5073093082","Nisreen Ameen","0000-0002-1794-9103","27","3394","69","I114972647","JO","11","False","True"
"A5068538358","Thomas Monninger","0000-0002-8318-5594","2","53","12","","","2","False","False"
"A5101655410","Zhenhua Huang","0000-0002-0389-9061","9","237","23","I187400657","CN","18","False","True"
"A5021148566","Ashok Manoharan","","4","115","9","I118118575","US","6","False","True"
"A5031990747","Alin Mirestean","","8","281","16","","","16","False","False"
"A5065499705","Sasho Nedelkoski","","10","692","37","","","9","False","False"
"A5053507592","Christian Matek","0000-0001-8528-8581","13","1223","57","I181369854","DE","14","False","True"
"A5044673103","Debesh Jha","0000-0002-8078-6730","28","3721","182","I111979921","US","10","True","True"
"A5022495891","Jie Hou","0000-0002-8584-5154","36","5185","287","I177739611","CN","26","True","True"
"A5013367714","Maksims Ivanovs","0000-0003-2477-7327","7","256","32","I4210162447","LV","15","False","True"
"A5035826473","Marcello M. Mariani","0000-0002-7916-2576","52","8451","201","I9360294","IT","37","False","True"
"A5115604041","Yufei Zhao","0009-0005-3602-8296","4","113","11","I80143920","CN","9","False","True"
"A5017295904","Martin J. A. Schuetz","0000-0001-5948-6859","19","1708","56","I1311688040","US","31","False","True"
"A5020108888","Prithwiraj Choudhury","0000-0002-5936-2079","21","2632","125","","","19","False","False"
"A5036642739","Jie Hang","0009-0003-2966-5444","4","237","8","I37802460","CN","8","False","True"
"A5005014960","Ling‐Ping Cen","0000-0003-3876-0606","19","1769","64","I176834541","CN","19","False","True"
"A5008919658","Xingbo Fu","0000-0002-5419-3157","5","176","25","I51556381","US","8","False","True"
"A5063733234","Ömer Berat Sezer","0000-0002-4832-1538","11","2427","23","","","18","False","False"
"A5014788376","Diogo Cardoso","0000-0003-1737-5821","4","196","8","","","7","False","False"
"A5039196567","Artem Komarichev","0000-0003-0047-8402","3","332","6","","","7","False","False"
"A5053869498","Giang Son Tran","0000-0001-7140-6882","8","390","42","","","15","False","False"
"A5026679059","Chaofan Fu","0009-0009-5966-8471","9","282","12","I59028903","CN","11","False","True"
"A5030423300","Michael Ridley","0000-0002-2524-7507","9","851","52","","","64","False","False"
"A5026355556","Bohdan M. Pavlyshenko","0000-0001-9515-3488","10","789","57","","","21","False","False"
"A5100409607","Jiyoung Park","0000-0003-4397-9645","24","2734","158","I139264467","KR","24","False","True"
"A5063635284","Luca Sanguinetti","0000-0002-2577-4091","43","12761","323","I108290504","IT","22","True","True"
"A5086690079","Tengfei Ma","0000-0002-1086-529X","28","4646","199","I1327163397","US","16","True","True"
"A5090570042","Jeffrey Heer","0000-0002-6175-1655","79","24005","237","I201448701","US","25","False","True"
"A5109171711","Jürgen Rudolph","","15","2604","168","","","31","False","False"
"A5041545325","Abdulla Al Darayseh","0000-0001-8006-9320","5","312","12","I141059654","AE","6","False","True"
"A5068171354","Le Trieu Phong","0000-0003-2219-1867","15","2605","78","","","20","False","False"
"A5101256518","Shilpa Pande","","5","296","15","I129734738","IN","9","False","True"
"A5037037343","Dengshan Li","0000-0002-4653-5137","6","441","12","I115592961","CN","7","False","True"
"A5036391537","Wufan Zhao","","12","560","45","I108688024","CN","10","False","True"
"A5061435289","Benjamin Karg","0000-0002-9779-3101","9","711","15","I200332995","DE","6","False","True"
"A5077121753","Lan Huang","0009-0003-9781-1714","15","781","46","I160354086","CN","29","False","True"
"A5067299901","Jan Tönshoff","","3","75","11","","","5","False","False"
"A5039212271","Gianni Brauwers","0000-0001-6550-6588","2","618","4","I913958620","NL","2","False","True"
"A5019787976","Sunitha Basodi","0000-0003-3453-3668","12","770","42","I130701444","US","9","False","True"
"A1996060281","Zhenguo Nie","0000-0002-1990-3037","1","158","1","","","1","False","False"
"A5043102515","Emiliano Traini","0000-0003-3356-2408","8","319","23","I177477856","IT","31","False","True"
"A5029823713","Pedro F. Proença","","12","714","44","","","23","False","False"
"A5029221306","Daniel Schönberger","","2","213","4","","","7","False","False"
"A5100680706","Deming Li","0000-0001-7145-9263","11","847","117","I145311948","US","36","False","True"
"A5036982027","Xiucheng Wang","0000-0003-1439-4875","13","894","85","I149594827","CN","15","False","True"
"A5115695506","Wei Wang","0000-0002-5750-6980","42","9120","564","I106645853","CN","29","True","True"
"A5066928855","Lorenzo De Marinis","0000-0003-1462-3199","11","404","58","I162290304","IT","7","False","True"
"A5075534917","Yashaswi Pathak","","10","398","26","I64189192","IN","9","False","True"
"A5100325461","Ashish Kumar","0000-0003-3466-8845","18","1267","211","I110360157","IN","24","False","True"
"A5053527968","Pronaya Bhattacharya","0000-0002-1206-2298","31","4056","205","I191972202","IN","9","True","True"
"A5100376735","Jiawei Li","0000-0002-4313-8099","7","336","21","I55712492","CN","14","False","True"
"A5028540603","Gesina Schwalbe","0000-0003-2690-2478","9","415","35","I4210087817","DE","6","False","True"
"A5083494710","R.I. Zubatyuk","0000-0002-7285-9389","28","3826","450","I74973139","US","24","True","True"
"A5101545215","Hoon Ko","0000-0001-7807-215X","14","896","37","I35928602","KR","10","False","True"
"A5042529505","Guixian Xu","0000-0001-8815-479X","11","1181","55","I145897649","CN","19","False","True"
"A5004209770","Dong Nguyen","0000-0002-6062-3117","30","3290","171","I170238339","VN","22","False","True"
"A5025407846","Gergő Pintér","0000-0003-4731-3816","9","656","64","","","39","False","False"
"A5040495514","Xin Deng","0000-0002-4708-6572","21","2146","105","I10535382","CN","26","False","True"
"A5058488448","Nima Pahlevan","0000-0002-5454-5212","35","8756","124","","","15","False","False"
"A5022100994","Omar Khatib","0000-0002-0721-9684","15","1059","61","","","32","False","False"
"A5100682312","Donghyuk Kim","0000-0002-4979-7255","17","882","42","I157485424","KR","15","False","True"
"A5101426784","Rui Dong","0000-0002-6592-0516","7","580","14","","","16","False","False"
"A5103255376","Chunling Yu","0000-0001-7543-3773","10","1799","69","","","29","False","False"
"A5067083545","Daniel Schofield","0000-0002-3308-0209","5","432","12","I40120149","GB","8","False","True"
"A5033119978","Jianqing Zhu","0000-0001-8840-3629","28","2675","140","I119045251","CN","22","False","True"
"A5005083304","Wen‐Feng Zeng","0000-0003-4325-2147","16","1737","38","I3133055985","CN","16","False","True"
"A5031890939","Shengliang Peng","0000-0001-6837-1754","11","1267","60","I119045251","CN","17","False","True"
"A5026567808","Hasmat Malik","0000-0002-0085-9734","38","5912","302","I4576418","MY","22","True","True"
"A5089690212","Mengwei Xu","0000-0001-6271-6993","19","1611","156","I139759216","CN","16","False","True"
"A5066469570","João D. Nunes","0000-0001-8003-7126","3","142","7","I182534213","PT","4","False","True"
"A5055801618","Deisy Chaves","0000-0002-7745-8111","7","435","3027","I91732220","CO","18","True","True"
"A5008699257","Harshit Jindal","","2","332","2","I863896202","IN","1","False","True"
"A5018184865","V. Kanimozhi","","4","304","10","","","9","False","False"
"A5056845870","Tony Hey","0000-0001-6782-3691","35","11989","516","I1286704778","GB","57","False","True"
"A5000563468","P. S. Varsha","","4","469","12","I164861460","IN","7","False","True"
"A5010333064","Taira Giordani","0000-0001-7111-0272","15","743","72","I861853513","IT","9","False","True"
"A5055253913","Qinbin Li","0000-0002-6539-6443","40","11303","88","","","26","False","False"
"A2099123780","Qin Zou","0000-0001-7292-0680","2","13","18","","","1","True","False"
"A5090439083","Jawaher Alghamdi","0000-0003-3242-2841","9","293","16","I78757542","AU","5","False","True"
"A5100695814","Hongjian Li","0000-0001-8467-638X","21","1965","45","","","28","False","False"
"A5019619324","Ochin Sharma","0000-0002-8298-1046","4","151","25","","","9","False","False"
"A5080402251","Juliana Vélez","0000-0003-0412-2761","7","226","14","I130238516","US","10","False","True"
"A5069580698","Abdul Rehman Javed","0000-0002-0570-1813","52","8269","134","I110360157","IN","11","True","True"
"A5082657656","Saleh Mohammed Al-Sayyed","","1","80","2","","","2","False","False"
"A5085091554","Young‐Jin Cha","0000-0002-0738-5615","36","9878","99","I46247651","CA","17","False","True"
"A5048622877","Yogesh K. Dwivedi","0000-0002-5547-9990","144","82380","942","I134085113","SA","56","True","True"
"A5014234601","Tao Yang","0000-0003-4090-8497","43","7110","309","I4210144214","CN","28","True","True"
"A5071358222","Daifeng Peng","0000-0001-8966-2956","15","1765","26","I200845125","CN","10","False","True"
"A5008483191","Dimitra Samara","","2","237","2","I183898223","GR","3","False","True"
"A5010847795","André C. Ferreira","0000-0002-0454-1053","9","422","32","I4210089824","FR","12","False","True"
"A5048368712","L. L. Lao","0000-0003-1937-2675","69","19225","491","","","48","True","False"
"A5055485772","Luke Stark","0000-0002-2537-846X","22","3587","59","","","22","False","False"
"A5066817671","Wartini Ng","0000-0002-5053-6917","15","1318","47","I129604602","AU","10","False","True"
"A5058125982","Marcelo C. Medeiros","0000-0001-8471-4323","25","2979","171","","","29","False","False"
"A5053776644","Ebrahim Mohammed Senan","0000-0002-7508-7601","24","1779","34","I4210146209","YE","5","False","True"
"A5034481518","Ali Raza Asif","0000-0003-0381-9460","1","125","1","I929597975","PK","1","False","True"
"A5022191588","Wenbo Sun","0000-0001-6297-6728","10","632","26","I180437899","DE","9","False","True"
"A5100350070","Ziyu Liu","0009-0005-4103-7824","24","3205","214","I1294606314","CN","24","False","True"
"A5100418423","Chen Chen","0000-0002-2973-461X","17","1205","68","I148128674","CN","16","False","True"
"A5080153531","Jia Xue","0000-0002-1668-2531","26","4798","121","I18452120","CN","26","False","True"
"A5070291406","Shuai Mao","0000-0002-1960-3456","14","956","44","I199305430","CN","15","False","True"
"A5081789855","Efrén Pérez‐Santín","0000-0002-1484-3127","19","1895","32","","","22","False","False"
"A5068445964","Haytham H. Elmousalami","0000-0002-2032-0648","15","973","36","I165779595","AU","9","False","True"
"A5007818509","Xiaolong Xu","0000-0003-4879-9803","64","12713","562","I183519381","CN","38","True","True"
"A5018352069","Yan Naung Soe","0000-0002-7138-0149","7","493","16","","","4","False","False"
"A5055161955","Liekang Zeng","0000-0003-4800-8768","12","3473","59","I157773358","CN","7","False","True"
"A5046793178","De‐Cheng Feng","0000-0003-3691-6128","48","7064","225","I76569877","CN","23","False","True"
"A5100771200","Muhammad Shafiq","0000-0003-1909-9373","51","10169","415","I103163165","US","49","False","True"
"A5087964419","Yi Liu","0000-0002-0811-6150","27","3045","180","I102882674","CN","26","False","True"
"A2081928740","Ali Kashefi","0000-0003-0014-9051","2","452","2","","","1","False","False"
"A2034632209","Tom Vercauteren","0000-0003-1794-0456","10","403","67","","","1","True","False"
"A5101992019","Pengbo Li","0000-0002-5610-9713","4","106","20","I141962983","CN","20","False","True"
"A5083023211","Daniyal Alghazzawi","0000-0002-5533-3203","28","4090","201","I185163786","SA","19","True","True"
"A5008523423","Partho Sen","0000-0003-0475-2763","22","2164","60","I130217899","FI","13","False","True"
"A5010286201","G. Hemanth","","4","243","21","","","8","False","False"
"A5033982000","Alex J. DeGrave","0000-0001-9933-6273","12","8011","21","I201448701","US","7","False","True"
"A5013994586","Boyuan Feng","0000-0002-1975-4027","11","311","43","I193531525","US","8","False","True"
"A5038867899","Rui Fan","0000-0003-2593-6596","31","3732","272","I116953780","CN","28","False","True"
"A5019505603","Xiaofei Yang","0000-0003-2458-6774","20","2289","147","I17721919","CN","28","False","True"
"A5046406182","Wenbo Bao","0000-0001-5139-9232","10","1209","26","I103635307","US","16","False","True"
"A5087889913","Michael Hilb","0000-0003-4386-8929","3","123","13","","","12","False","False"
"A5050387442","Abhinav Jain","0000-0001-7993-169X","11","747","73","I123387679","SE","28","False","True"
"A5049339843","Yashika Sharma","0000-0002-3178-0885","15","1178","63","I140172145","US","35","False","True"
"A5086603416","Jay Patel","","4","239","25","","","12","False","False"
"A5082178566","Jingbao Zhu","0000-0002-8943-7537","8","363","19","I90149893","CN","5","False","True"
"A5007582133","Md Jobair Hossain Faruk","0000-0002-6316-5334","13","800","49","I4210104314","US","5","False","True"
"A5092211518","Jesper Tveit","","2","159","2","","","2","False","False"
"A5023819106","Abbas Jafar","0000-0002-0639-7833","7","259","11","I89440247","KR","6","False","True"
"A5000199690","Hagyeong Lee","","3","126","4","","","6","False","False"
"A5008772211","Wentao Zhang","0000-0002-7532-5550","23","5212","243","I197869895","CN","25","False","True"
"A5004183775","Jian Sun","0000-0001-6530-9007","16","1552","79","I149594827","CN","24","False","True"
"A5101464096","York Zheng","0000-0002-0902-8216","6","282","17","I141962983","CN","15","False","True"
"A5001303929","Berrak Şişman","0000-0001-8078-3305","23","1941","118","I145311948","US","10","True","True"
"A5077224686","Tadahiro Goto","0000-0002-5880-2968","36","5031","358","I4210117013","JP","46","False","True"
"A5110799041","Ghala Alotaibi","","1","118","2","I185203018","SA","2","False","True"
"A5053593916","Isaiah Michael Omame","0000-0002-9042-1604","6","272","9","I2800437794","NG","3","False","True"
"A5083700542","Mohammad Yazdani-Asrami","0000-0002-7691-3485","24","1518","97","I7882870","GB","16","False","True"
"A5024155508","Abdelkader Dairi","0000-0003-4712-6949","22","2099","60","","","9","False","False"
"A5013897647","Konrad Gadzicki","","3","201","10","","","17","False","False"
"A5000548221","Vikram Puri","0000-0002-4023-9935","22","1862","96","I170238339","VN","46","False","True"
"A5059996143","Alexandra Maslova","","10","1225","68","I127366699","RU","44","False","True"
"A5073335858","Abhishek Venketeswaran","0000-0003-2219-9578","7","351","21","","","12","False","False"
"A5114183440","Oluwabusayo Adijat Bello","","2","82","4","","","17","False","False"
"A5023916114","Prem A. Srinivasan","","3","268","5","I4210103991","SE","4","False","True"
"A5080698853","Varada Vivek Khanna","","6","233","9","I32971472","US","4","False","True"
"A5039914448","Ye Rang Park","0000-0002-0329-3043","6","387","26","I223532165","US","12","False","True"
"A5082386818","Amit Kumar Srivastava","0000-0001-8219-4854","42","4956","254","I135140700","DE","56","False","True"
"A5087929301","Han Cai","0000-0002-4906-1192","32","6914","135","I4210090401","US","24","False","True"
"A5052676222","Zeba Khanam","0000-0002-1827-5243","9","411","19","I152429107","IN","8","False","True"
"A5036229509","Yuzhe Yang","0000-0002-7634-8295","21","2147","65","I63966007","US","9","False","True"
"A5086943067","Triwiyanto Triwiyanto","0000-0003-3179-8900","14","778","215","I4210163543","ID","14","True","True"
"A5026927275","Yanhui Guo","0000-0003-1814-9682","40","4892","231","","","18","True","False"
"A5090728651","Doron Avramov","","31","6069","96","","","25","False","False"
"A5081909889","Abdelouahid Derhab","0000-0002-6498-1528","37","5249","153","I28022161","SA","22","False","True"
"A5102868046","Wenlong Liao","0000-0003-1175-0280","23","2331","112","I153648349","GB","13","False","True"
"A5042045106","José Aguilar","0000-0003-4194-6882","40","6352","666","I111088046","US","59","True","True"
"A5068349578","Yao Deng","0000-0002-9762-7058","11","576","31","I99043593","AU","21","False","True"
"A5024584190","Yasser A. Ali","0000-0002-9503-0637","13","801","38","I28022161","SA","11","False","True"
"A5089959398","Awwal Muhammad Dawud","0000-0001-9549-7643","2","141","3","","","7","False","False"
"A5071273539","Ramy A. Zeineldin","0000-0002-8630-9046","10","333","30","I102335020","DE","10","False","True"
"A5026929463","Alexandre Tkatchenko","0000-0002-1012-4854","79","37829","502","I186903577","LU","39","True","True"
"A5070501985","Cho Do Xuan","0000-0002-6334-1262","14","633","49","I4210095603","VN","10","False","True"
"A5100338320","Zi Wang","0000-0001-6596-540X","12","686","32","I23923803","GB","21","False","True"
"A5061857561","Dehao Liu","0000-0002-6437-7929","15","769","74","I123946342","US","26","False","True"
"A5066953531","Deepika Kumar","0000-0002-6690-8500","15","1608","70","I101407740","IN","17","False","True"
"A5101492133","Hang Zhou","0000-0003-2763-7039","20","1821","53","I109935558","CN","14","False","True"
"A5081161599","Mohamed Hammad","0000-0002-6506-3083","33","3849","128","I12315562","US","18","False","True"
"A5067653484","Soumyadeb Chowdhury","0000-0002-8074-248X","26","8007","87","I129162050","FR","15","False","True"
"A5067685509","Peng Xu","0000-0001-7673-5618","14","561","40","I1297991670","CN","36","False","True"
"A5087293451","Shahabedin Rahmatizadeh","0000-0003-2429-1642","10","339","43","I58048189","IR","9","False","True"
"A5024337329","Abdul Hannan Khan","","8","455","23","","","19","False","False"
"A5048404192","Akib Mashrur","0000-0002-4404-7471","2","162","5","I149704539","AU","4","False","True"
"A5100777232","Li Feng","0000-0002-8692-7645","31","4633","180","I154099455","CN","32","False","True"
"A2931759368","Abdelrahim Kasem Ahmad","","2","734","2","","","1","False","False"
"A5078284514","K. Ruwani M. Fernando","0000-0003-0236-8469","2","256","3","I2613432","US","5","False","True"
"A5103213957","Ramin Ghorbani","0000-0003-3631-0177","6","418","20","I98358874","NL","10","False","True"
"A5003150732","Hassan Younis","0000-0002-6751-9339","12","1015","19","","","20","False","False"
"A5069677848","Fabiano Dalpiaz","0000-0003-4480-3887","36","4099","231","","","18","True","False"
"A5017832612","Evgeny V. Podryabinkin","0000-0001-9057-7249","15","2177","35","I125989756","RU","14","False","True"
"A5074496477","Andrea De Mauro","0000-0001-9050-5018","13","2299","23","I116067653","IT","63","False","True"
"A5006293953","Shahab S. Band","0000-0001-6109-1311","59","11285","320","I75357094","TW","15","True","True"
"A5102010856","Hao Huang","0000-0002-6729-1987","14","1873","106","I157773358","CN","20","False","True"
"A5053583417","Xiaoling Deng","0000-0001-5588-3443","34","3872","170","I101479585","CN","39","False","True"
"A5100665121","Yongbo Li","0000-0003-2699-9951","44","6732","331","I139660479","CN","20","True","True"
"A5060516294","Nicholas Bernstein","0000-0001-9685-0998","7","789","50","","","25","False","False"
"A5018505448","Donghyuk Shin","0000-0001-8687-0258","12","709","30","","","22","False","False"
"A5047344052","Yusuke Kurita","0000-0003-2482-6707","22","2657","112","I89630735","JP","68","False","True"
"A5011147039","José Blanchet","0000-0001-5895-0912","25","3190","354","I97018004","US","20","True","True"
"A5060836778","Elvin Isufi","0000-0002-1919-260X","21","2010","160","I98358874","NL","12","True","True"
"A5065415359","HyukJoon Chang","","1","238","3","I139264467","KR","3","False","True"
"A5007263180","Shengnan Tang","0000-0002-6417-0143","35","3697","101","I115592961","CN","31","False","True"
"A5032536669","Baptiste Vasey","0000-0002-0017-8891","12","1168","25","I40120149","GB","6","False","True"
"A5084313385","Jingxia Chen","0000-0002-1994-4752","14","1033","69","I177933477","CN","17","False","True"
"A2105785680","Aniruddha Dutta","0000-0002-3905-946X","0","0","3","","","1","False","False"
"A5026528598","Zhongyuan Zhao","0000-0003-0346-8015","8","375","43","I74775410","US","40","False","True"
"A5017572116","Hugo Storm","0000-0003-3791-3615","9","517","51","I135140700","DE","36","False","True"
"A5115061716","Qi Liu","0000-0002-4953-1537","5","294","9","I35928602","KR","19","False","True"
"A5087976149","Mauro Castelli","0000-0002-8793-1451","38","6813","320","I83558840","PT","57","False","True"
"A5112712225","Stevo Bozinovski","","9","470","51","I139398662","US","41","False","True"
"A5067969305","Aishwarya Madhav Mujumdar","","2","493","2","I876193797","IN","2","False","True"
"A5049762746","Ayşegül Uçar","0000-0002-5253-3779","21","1880","75","I143396566","TR","29","False","True"
"A5056595994","Mohamed Khalifa","0000-0002-5919-8352","43","6962","199","","","31","False","False"
"A5046183234","Salah A. Faroughi","0000-0002-6543-1691","18","1167","71","I223532165","US","13","False","True"
"A5103960214","Yiying Yang","","5","113","13","","","7","False","False"
"A5009045604","Gianluca Furano","0000-0001-7624-1415","23","1645","152","I44377176","NL","29","False","True"
"A5032655161","Olusola Abayomi‐Alli","0000-0003-2513-5318","20","1372","63","I172574986","LT","11","False","True"
"A5101784955","Yang Ying","0000-0002-0112-3016","10","1129","53","I4210148225","CN","26","False","True"
"A5004938056","Shengyi Zhao","","12","620","24","I115592961","CN","15","False","True"
"A5029063409","Alexander Rives","0000-0003-2208-0796","15","10010","26","I4210137413","US","23","False","True"
"A5048712610","Ryan Beal","0000-0003-1435-9957","6","182","15","","","7","False","False"
"A5042278585","Yang Gao","0000-0001-9930-137X","2","39","8","I76130692","CN","3","False","True"
"A5033210702","Farhad Maleki","0000-0002-5673-8210","15","1135","89","I168635309","CA","18","False","True"
"A5048665668","Md Abu Rumman Refat","","3","102","7","I2802576217","BD","4","False","True"
"A5043419128","Matjaž Gams","0000-0002-5747-0711","31","4004","260","I2799787213","SI","39","False","True"
"A5012282889","Shuke Zhang","","3","164","5","I4210159676","CN","6","False","True"
"A5061741216","Nighat Bibi","0000-0002-3586-7363","2","154","4","I4210144925","IE","6","False","True"
"A5061668124","Enrui Zhang","0000-0001-6955-1124","13","1100","50","I170215575","CN","15","False","True"
"A5101805156","Yuzhuo Li","0000-0003-2787-3998","20","2135","113","I154425047","CA","38","False","True"
"A5005696139","Dejan Varmedja","","1","282","1","I170726198","RS","1","False","True"
"A5044235440","Johnathon M. Shook","","7","386","13","I173911158","US","9","False","True"
"A5026974685","Israel Cruz-Vega","0000-0003-0380-0233","13","712","54","I39824353","MX","18","False","True"
"A5082440310","Jian Fu","0000-0002-4682-1272","5","200","9","I9086337","CN","18","False","True"
"A5003178960","Mário Véstias","0000-0001-8556-4507","17","1159","143","I121345201","PT","23","False","True"
"A5020927144","Alessandro Repici","0000-0002-1621-6450","89","34235","1831","I1339471597","IT","28","True","True"
"A5054087849","Maha Alghawazi","","3","120","3","I185163786","SA","2","False","True"
"A5088945316","Ming Zhong","0000-0001-5728-0224","24","3064","86","I157725225","US","29","False","True"
"A5055168091","Huanhuan Ji","0000-0002-0187-0038","8","415","23","I177388780","CN","10","False","True"
"A5012051562","Jiechao Gao","0000-0003-0628-1416","23","2360","103","I1743320","US","16","False","True"
"A5043483950","Thomas T. Nguyen","0000-0002-1037-3068","20","1233","98","I4210118467","US","35","False","True"
"A5032394209","Hermann Baumgartl","0000-0001-8918-3197","13","655","41","","","6","False","False"
"A5100438461","Hang Zhang","0000-0002-7816-4238","26","7407","158","I109935558","CN","20","False","True"
"A5100779651","Hao Zhang","0000-0003-1393-3670","7","242","15","I154099455","CN","17","False","True"
"A2056382608","Amirhossein Arzani","0000-0002-3706-7909","0","0","6","","","1","False","False"
"A2805409373","S Mostafa Mousavi","0000-0001-5091-5370","0","0","4","","","1","False","False"
"A5082458788","Tianwen Zhang","","30","4302","168","I150229711","CN","39","False","True"
"A5082858691","Karansher Singh Sandhu","0000-0002-9395-2646","21","1752","61","","","6","True","False"
"A5017873430","Wanjie Liang","","5","449","13","I4210087107","CN","15","False","True"
"A5076429401","Chang-Jae Chun","0000-0001-6846-6139","12","765","30","I28777354","KR","14","False","True"
"A5111045439","Felix Yu","","12","1208","49","","","16","False","False"
"A5006669765","Xin Xia","0000-0002-6302-3256","74","19741","572","I168879160","CN","24","True","True"
"A5014453341","Innocent Kutyauripo","0000-0003-3148-7096","3","129","5","","","5","False","False"
"A5060258197","Ruslan Abdulkadirov","0000-0001-7792-1666","5","137","30","I210043505","RU","5","False","True"
"A5100716169","Yanbin Wang","0000-0003-1949-6918","49","9818","137","","","31","False","False"
"A5043814913","Isaac Wiafe","0000-0003-1149-3309","14","668","61","I138690464","GH","15","False","True"
"A5084010520","Mingxuan Lu","0000-0003-0284-2327","2","35","10","I134052481","CN","4","False","True"
"A5052723092","Yuzhao Chen","","7","141","27","I219193219","US","16","False","True"
"A5076485048","Hojat Shirmard","","2","104","6","","","5","False","False"
"A5101816539","M. Lai","0000-0003-4488-7515","1","270","9","I180670191","US","23","False","True"
"A5018630622","Dur-e-Maknoon Nisar","0000-0002-1546-0574","2","81","2","","","2","False","False"
"A5060877186","Zahra Mohtasham‐Amiri","0000-0002-4896-6248","24","2046","192","I194604659","IR","39","False","True"
"A5101670377","Rahul Sharma","0000-0001-7437-4038","10","580","23","I151903974","IN","12","False","True"
"A5100677497","Shahab Jozdani","0000-0002-3260-3952","7","402","11","I204722609","CA","7","False","True"
"A5100686442","Rong Zhu","0000-0003-4019-8587","22","2240","162","I168719708","HK","26","False","True"
"A5060367797","Hager Saleh","","15","971","35","I18452974","IE","24","False","True"
"A5075697353","Eileen Donahoe","","4","178","8","","","34","False","False"
"A5017400006","Jörn Lötsch","0000-0002-5818-6958","67","14664","369","I114090438","DE","40","False","True"
"A5069993099","Alejandro Baldominos","0000-0002-8906-7572","16","1260","36","I50357001","ES","9","False","True"
"A5019060398","Isaac Kofi Nti","0000-0001-9257-4295","19","2533","86","I63135867","US","16","False","True"
"A5046733238","Apostolos Tsakyridis","0000-0003-1498-4904","21","1358","108","I21370196","GR","10","True","True"
"A5067999166","Wen-Shuai Hu","","9","466","16","I125839683","CN","7","False","True"
"A5027760748","Latrisha N. Mintarya","","1","127","1","I166073570","ID","1","False","True"
"A2604163639","Qikui Zhu","0000-0002-2779-4766","2","348","2","","","1","False","False"
"A5067317041","Ahmed Tlili","0000-0003-1449-7751","33","5595","190","I25254941","CN","16","True","True"
"A5079640542","Shuqian Ye","0000-0001-6314-8836","5","148","18","I4210116924","CN","7","False","True"
"A5100614584","Xu Chen","0000-0002-9427-0161","14","1074","47","I116953780","CN","37","False","True"
"A5055940406","Yufan Hu","0000-0001-6851-9392","5","161","16","I92403157","CN","6","False","True"
"A5101500871","Anji Reddy Vaka","0000-0002-4236-8001","2","254","5","I104941359","JO","5","False","True"
"A5009400840","Muhammad Umer","0000-0002-6015-9326","34","3745","143","","","15","False","False"
"A5100395453","Bin Liu","0000-0001-9388-0198","21","3352","77","I4210151987","CN","20","False","True"
"A5068249588","Neha Prerna Tigga","0000-0002-6590-1542","5","802","10","","","6","False","False"
"A5015704757","Haoyan Huo","0000-0003-2227-9121","17","1521","37","I148283060","US","8","False","True"
"A5042402378","Harshana Liyanage","0000-0001-9738-6349","22","1831","87","I1311074006","GB","14","False","True"
"A5082992989","N. Suthanthira Vanitha","0000-0002-9579-7651","17","930","164","I145286018","IN","24","False","True"
"A5022442366","Hanan S. Alghamdi","0000-0003-2059-7687","10","433","31","I179331831","SA","18","False","True"
"A5024200617","Francesca Fallucchi","0000-0002-3288-044X","15","1217","76","","","19","False","False"
"A5089448389","Songlei Wang","0000-0003-4063-1694","9","195","29","I180726961","CN","6","False","True"
"A5078485642","Mohannad Abu Daqar","0000-0002-3549-6101","8","312","14","I1290523313","HU","5","False","True"
"A5071390331","Ke He","0000-0001-5585-6859","9","722","64","I17145004","CN","26","False","True"
"A5086262095","Zhiju Yang","","4","78","8","I167576493","US","5","False","True"
"A5113875364","Joon-myoung Kwon","","2","249","3","I4210126996","KR","7","False","True"
"A5013687804","Jonathan A. Weyn","0000-0002-4789-7594","13","788","27","I1290206253","US","11","False","True"
"A5074272474","Shihui Yin","0000-0001-7186-0946","20","2227","71","","","15","False","False"
"A5066107736","Aaron Jarrett","0000-0001-5067-1492","1","82","2","I45438204","US","1","False","True"
"A5064823702","Graziella Orrù","0000-0002-8769-7693","31","8241","134","I108290504","IT","36","False","True"
"A5026290233","Guofeng Lv","0000-0002-0184-4382","7","173","13","I157507598","CN","18","False","True"
"A5070644094","Wei Long Ng","0000-0001-7937-4010","26","3554","58","I172675005","SG","14","False","True"
"A5026491128","Oyeon Kwon","0000-0001-5498-0540","8","1141","15","","","31","False","False"
"A5101899823","Ruchi Gupta","0000-0003-2731-570X","6","394","12","I111979921","US","21","False","True"
"A5001445783","Xiaowei Jia","0000-0001-8544-5233","26","3760","261","I170201317","US","15","True","True"
"A5104036169","Shubham Kumar Singh","","1","47","3","I74885063","IN","5","False","True"
"A5108774755","Keene Chin","","4","309","7","I41461413","MY","3","False","True"
"A5084036967","Giovanni Apruzzese","0000-0002-6890-9611","17","1253","62","I184656255","LI","9","False","True"
"A5101479501","Ruolin Zhou","0000-0001-8630-3157","10","643","49","I100633361","US","18","False","True"
"A5042486434","Jun Yang","0000-0001-5509-9720","2","66","6","","","39","False","False"
"A5052637600","Jihye Shin","0000-0002-8593-0607","3","146","6","I139264467","KR","9","False","True"
"A5048875033","Deepak Kaji","0000-0002-0470-3219","19","1501","49","","","40","False","False"
"A5100435714","Lei Wang","0000-0001-5022-1950","13","736","34","I108688024","CN","16","False","True"
"A5065328976","Zhun Zhong","0000-0002-8202-0544","33","10277","139","I142263535","GB","24","False","True"
"A5044355433","Shiyi Qin","0000-0002-2045-0995","7","187","20","","","7","False","False"
"A5101954416","Mu Qiao","0000-0002-3476-2623","13","710","44","I4210085935","US","16","False","True"
"A5090663797","Matteo Chieregato","0000-0001-6815-6309","5","243","14","","","11","False","False"
"A5047608806","Connor D. Flynn","0000-0003-0297-0273","8","280","18","I111979921","US","12","False","True"
"A5002055735","Ricardo Pinto Cunha","","2","151","4","I4210119088","FR","2","False","True"
"A5059715148","Mohammadhossein Ghahramani","0000-0002-2743-359X","11","1005","30","I12870472","GB","9","False","True"
"A5090921348","Alberto Fernández","0000-0002-6480-8434","48","20039","153","","","27","False","False"
"A5101613727","Liang Yao","0000-0002-8637-0760","23","3490","65","I157773358","CN","12","False","True"
"A5091652013","Naresh Kumar Trivedi","0000-0003-4727-3885","16","1045","98","I74319210","IN","12","False","True"
"A5068617656","James Butcher","0000-0001-8546-6093","12","586","206","","","69","False","False"
"A5091621828","Arbaaz Khan","0000-0001-6457-4159","8","392","25","I5023651","CA","34","False","True"
"A5067031466","Yang Shen","0000-0002-6781-6915","18","1197","82","I119045251","CN","20","False","True"
"A5073317257","Jung-Pin Lai","0000-0002-5291-0108","6","332","14","I193365169","TW","6","False","True"
"A5068798343","Sakorn Mekruksavanich","0000-0002-3735-4262","31","2812","196","I4210090662","TH","17","True","True"
"A5031307251","Haowei Zeng","0000-0003-1688-8510","6","118","11","I4210124037","CN","8","False","True"
"A5101436521","Lan Li","0000-0002-5765-3892","12","832","24","I12411659","CN","31","False","True"
"A5076994242","Keping Yu","0000-0001-5735-2507","70","14237","448","I150744194","JP","26","True","True"
"A5050447573","Chahat Raj","0000-0003-0083-6812","7","277","27","","","6","False","False"
"A5090310897","Jetli Chung","","3","250","3","I161371597","MY","3","False","True"
"A5101480642","Hyun Suk Lee","0000-0003-3901-3311","6","358","24","I67900169","KR","22","False","True"
"A5071682189","Mieczysław L. Owoc","0000-0003-1578-6934","12","639","122","","","34","False","False"
"A5010075185","Abdel-Nasser Sharkawy","0000-0001-9733-221X","14","815","73","I189575948","EG","12","False","True"
"A5045494565","Ata Jahangir Moshayedi","0000-0002-9457-6267","22","1366","132","I4510145","CN","15","False","True"
"A5052730290","Ivan Vaccari","0000-0001-7721-5737","12","704","28","","","8","False","False"
"A5024840598","Ayesha Younis","0000-0002-4754-2144","8","487","16","","","23","False","False"
"A5084858136","Vítor Bento","0000-0003-4033-776X","2","39","6","","","26","False","False"
"A5101591219","Tanvir Ahmad","0000-0002-7187-1730","7","467","11","","","7","False","False"
"A5013735378","Adarsha Ruwali","0000-0003-2459-7983","4","186","4","I875944469","IN","2","False","True"
"A5002086547","Rifqah Olufunmilayo Okunlaya","0000-0002-9308-4148","4","265","6","I4576418","MY","10","False","True"
"A5067325407","Arkapravo Chattopadhyay","0000-0001-8043-069X","2","282","4","","","3","False","False"
"A5087579932","Renzhi Lu","0000-0001-6845-1711","16","2011","47","","","20","False","False"
"A5005774244","Md Hosne Mobarak","0009-0004-8563-9336","19","1459","54","I4210132231","BD","3","True","True"
"A5056610650","Narjes Rohani","0000-0003-4441-9359","5","264","18","","","15","False","False"
"A5035152667","Joel Grunhut","0000-0002-8104-9679","6","335","23","","","8","False","False"
"A5006047414","Yunsheng Shi","0000-0002-4003-3216","7","949","9","","","7","False","False"
"A5100393179","Ahmed Abdelmoamen Ahmed","0000-0001-9736-5353","11","490","52","I250520410","US","102","False","True"
"A5100449904","Yiming Liu","0000-0001-8824-4007","14","1054","77","I139759216","CN","24","False","True"
"A5093440835","Malene Helgo","","2","69","3","I47327664","BR","4","False","True"
"A5080161214","Yu Zhao","0000-0001-8179-4903","18","1692","79","I114539943","CN","34","False","True"
"A5039029030","Kevin Menden","0000-0002-5228-985X","9","470","33","","","10","False","False"
"A5013974495","Michelle Mohr Carney","0000-0002-9194-7384","23","1654","61","I120156002","US","35","False","True"
"A5012631773","Steven Euijong Whang","0000-0001-6419-931X","26","4128","84","I157485424","KR","18","False","True"
"A5100427161","Hao Ye","0000-0003-1544-1768","28","7666","89","I185103710","US","31","False","True"
"A5100609140","Jiandong Xie","0000-0002-9006-095X","6","485","13","I150229711","CN","20","False","True"
"A5067142777","Gozde Kara","","2","111","8","I48843708","TR","11","False","True"
"A5035271236","Julian Senoner","0000-0001-6633-5602","4","313","13","","","6","False","False"
"A5057436798","Hui Xue","0000-0002-5856-4445","19","1507","113","I110109458","CN","19","False","True"
"A5033187358","Joel Jaskari","0000-0002-6154-2378","10","478","37","I9927081","FI","8","False","True"
"A5033234715","Yahya Rbah","0000-0001-7446-0040","6","119","13","I81605866","MA","4","False","True"
"A5102782069","Raghavendra Chalapathy","0000-0002-3511-8864","9","2070","11","I129604602","AU","7","False","True"
"A5103063295","T. Ferra de Sousa","0000-0003-4013-7012","3","197","5","I99682543","PT","17","False","True"
"A5112844204","B. Narsimha","","1","58","1","","","1","False","False"
"A5113528019","Wenbin Ouyang","","7","261","26","","","22","False","False"
"A5091759632","Nada M. Elshennawy","0000-0002-8407-2719","11","1231","33","I21376657","EG","13","False","True"
"A5100386682","Yixin Liu","0000-0002-4309-5076","17","2416","119","I11701301","AU","14","False","True"
"A5025834970","Kemal Gökhan Nalbant","0000-0002-5065-2504","7","333","49","I8666313","TR","15","False","True"
"A1974433614","Bin Liu","0000-0001-5098-0578","20","1594","607","","","1","True","False"
"A5062101392","Maad M. Mıjwıl","0000-0002-2884-2504","24","2100","161","I2802535771","IQ","11","True","True"
"A2642035983","Yutaro Iiyama","0000-0002-8297-5930","1","12","26","","","1","True","False"
"A5085984067","Dukka Karun Kumar Reddy","0000-0001-8691-8557","8","249","23","","","14","False","False"
"A5108714890","Puja Gupta","","2","143","8","","","13","False","False"
"A5072992385","Wenlin Han","","15","672","45","","","15","False","False"
"A5047818731","Kavir Osorio","0000-0003-2993-3528","1","212","1","I36243813","CO","1","False","True"
"A2099186423","Renlong HANG","0000-0001-6046-3689","0","0","1","","","1","False","False"
"A5001453396","Jeffrey M. Ede","0000-0002-9358-5364","5","318","20","I178645029","US","5","False","True"
"A5051740711","Maria Sahakyan","0000-0002-6227-6024","2","117","4","I120250893","AE","5","False","True"
"A5026102803","Simon Y. Liu","","2","272","6","I1312222531","US","22","False","True"
"A5064199367","Weilai Lu","0000-0003-1657-1273","6","293","10","I19820366","CN","5","False","True"
"A5028338674","Ashima Kukkar","0000-0001-7664-1005","12","546","41","","","9","False","False"
"A5100737237","Muhammad Uzair","0000-0003-1063-9476","15","926","61","","","19","False","False"
"A5003529094","Zhe Geng","0000-0002-5440-3556","21","1811","153","I1311643757","CN","31","False","True"
"A5003051203","Thomas J. Hwang","0000-0003-0717-1497","30","3162","134","I1283280774","US","15","False","True"
"A5079663711","Emna Baccour","0000-0001-8218-8745","16","856","67","I4210144839","QA","11","False","True"
"A2614063671","Sirui Lu","0000-0003-0112-0744","6","213","15","","","1","True","False"
"A5059580638","Zhenzi Weng","0000-0003-2773-2722","5","817","18","I47508984","GB","5","False","True"
"A5037666565","Sheng Gong","0000-0002-7457-7959","20","2274","79","I162868743","CN","22","False","True"
"A5100643582","Feiyu Chen","0000-0002-0928-6899","12","354","49","I150229711","CN","14","False","True"
"A5005558317","Marjan Gušev","0000-0003-0351-9783","21","2375","352","I76245029","MK","34","True","True"
"A5028642208","Khadijeh Alibabaei","0000-0002-2319-8211","9","433","27","I102335020","DE","10","False","True"
"A5055392931","Sadaf Malik","0000-0002-2098-8648","1","82","4","I161237661","PK","15","False","True"
"A5063370302","Song-Hee Cheon","0000-0003-1414-5430","10","533","23","I24714338","KR","18","False","True"
"A5025002524","Naeem Ali","0000-0002-6370-5177","8","637","23","I4210149189","MY","13","False","True"
"A5100691058","Chengming Zhang","0009-0007-8695-5455","5","286","18","I109935558","CN","19","False","True"
"A5100354807","Yang Zhang","0000-0003-3722-6807","37","4991","301","I139759216","CN","22","True","True"
"A5056366920","Siyong Xu","","3","168","4","I139759216","CN","5","False","True"
"A5031934499","Stefania Barburiceanu","0000-0002-9988-5966","5","244","25","I158333966","RO","4","False","True"
"A5060580339","Mohaiminul Islam","0000-0003-2727-5509","10","343","24","","","20","False","False"
"A5001661677","Muhammad Adnan Khan","0000-0002-5156-2033","9","423","27","I2799888298","AE","24","False","True"
"A2133406486","Maximilian Pichler","0000-0003-2252-8327","0","0","1","","","1","False","False"
"A5086534279","Ashok Dahal","0000-0003-3269-5575","13","454","61","I155028946","NP","10","False","True"
"A5106466395","Maria Vakalopoulou","","21","4714","119","I277688954","FR","8","True","True"
"A5022036341","Sridevi Gadde","","4","92","10","I47639616","IN","4","False","True"
"A5049143775","Ruimin Ke","0000-0001-9139-6765","28","4708","92","I165799507","US","11","False","True"
"A5076990624","Khalid El Asnaoui","0000-0003-4260-6898","9","888","32","I4210108110","MA","11","False","True"
"A5047611950","Sammy V. Militante","0000-0003-1962-9450","11","769","26","I3132855970","PH","7","False","True"
"A5041505523","Qiutong Li","","8","370","45","I162868743","CN","10","False","True"
"A5006756424","Rejwan Bin Sulaiman","0000-0002-3037-7808","10","427","78","I32394136","GB","24","False","True"
"A5070698492","Zhaocheng Liu","0000-0001-6623-9231","24","3558","105","I4210158071","CN","19","False","True"
"A5067553642","Can Tunca","0000-0002-7532-8428","13","1233","23","I56303344","TR","11","False","True"
"A5038698450","Yasin Yari","0000-0002-3178-4085","4","165","8","I204778367","NO","5","False","True"
"A5100428751","Weidong Zhao","0000-0002-8753-8457","22","1909","114","I126520041","CN","25","False","True"
"A5058352305","Abdulwahab Ali Almazroi","0000-0001-7181-2100","25","1930","103","I4210099699","SA","15","False","True"
"A5087783197","Yong Joon Suh","0000-0002-8661-0023","13","775","42","I4210159787","KR","15","False","True"
"A5010218597","Fahim Belal Mahmud","","2","26","3","I103434671","BD","2","False","True"
"A5011234657","Ashesh Chattopadhyay","0000-0002-2590-1230","15","1936","101","I185103710","US","51","False","True"
"A5042919231","Amit Aflalo","","2","42","2","I53964585","IL","2","False","True"
"A5101625765","Yiyu Liu","0009-0007-7811-3290","7","167","44","I103890011","CN","25","False","True"
"A5066291894","Shunwang Gong","0000-0001-8717-8722","7","232","16","I47508984","GB","4","False","True"
"A5092649566","Roheen Qamar","0000-0003-4169-9455","4","90","29","I65146876","PK","5","False","True"
"A2304929812","Setareh Maghsudi","0000-0002-0647-611X","11","729","13","","","1","True","False"
"A5047554299","Mengze Wu","0000-0001-6644-6505","6","267","17","I16365422","CN","5","False","True"
"A5101679464","Sanjay Sharma","0000-0003-2898-9925","13","1625","51","I39555362","GB","89","False","True"
"A5088784476","Bulent Ayhan","0000-0003-2813-9058","26","3219","105","I4210096458","US","23","False","True"
"A5030873409","Mahfuzur Rahman","0000-0003-2072-5829","27","2507","123","I29891158","AE","53","False","True"
"A5002480344","Mark Cheung","0000-0002-5909-8853","4","112","11","I74973139","US","5","False","True"
"A5065551389","Josue Genaro Almaraz-Rivera","0000-0001-8343-4530","4","155","5","I98461037","MX","4","False","True"
"A5100413481","Ji-Hyun Lee","0000-0001-5485-2776","8","366","23","I139264467","KR","16","False","True"
"A5077593277","Francesco Gentile","0000-0001-8299-1976","20","2488","73","I153718931","CA","44","False","True"
"A5059738909","Zhenhua Huang","0000-0002-5491-1120","14","775","77","I4210162753","CN","21","False","True"
"A5030576977","Guillermo Bernárdez","0000-0002-6790-4878","5","142","20","I154570441","US","5","False","True"
"A5058426743","Jianwen Sun","0000-0002-0951-1072","20","1087","100","I183935753","GB","19","False","True"
"A5048658855","Cristina Ledro","0000-0003-0656-4440","3","256","6","","","7","False","False"
"A5020100537","Song Xia","","2","127","3","I4210104151","CN","5","False","True"
"A5018198886","D. N. V. S. L. S. Indira","0000-0003-1631-1156","8","437","43","","","14","False","False"
"A5101580391","Hui Han","0000-0002-6295-5908","10","676","28","","","22","False","False"
"A5101813137","Ruijia Wang","0000-0003-2294-9164","8","574","18","I139759216","CN","7","False","True"
"A5023700092","Jorai Rijsdijk","0000-0002-7188-1744","1","128","2","","","2","False","False"
"A5070103338","Pawan Whig","0000-0003-1863-1591","27","2161","229","","","15","True","False"
"A5008204423","Eva Cetinić","0000-0002-5330-1259","10","926","21","I202697423","CH","13","False","True"
"A5025234301","Shahid Latif","0000-0002-6368-2729","27","2588","75","I178535277","GB","38","False","True"
"A5101503330","Byoungjun Kim","0000-0002-6786-0430","4","256","8","","","7","False","False"
"A5114585237","David R. Dalton","0000-0002-7571-2358","19","1216","166","","","64","False","False"
"A5033649295","Jingchen Zhao","0000-0003-0900-1352","10","491","78","","","23","False","False"
"A5060746555","Zeynep Hilal Kilimci","0000-0003-1497-305X","14","800","77","I51826884","TR","14","False","True"
"A5079409805","Justin Stebbing","0000-0002-1117-6947","83","30111","1067","I4210146582","GB","72","True","True"
"A5012742956","Alaa Sheta","0000-0002-3727-6276","27","2890","190","I35462925","US","30","False","True"
"A5012239175","Sara Aqab","","1","44","1","I117222138","AE","1","False","True"
"A5036562666","Khizar Abbas","0000-0002-2432-1357","17","1146","44","I4575257","KR","11","False","True"
"A5017553711","Wang-Zhou Dai","0000-0002-6884-7158","11","333","37","I881766915","CN","21","False","True"
"A5100626752","Guangyue Li","0000-0002-6320-9624","14","718","29","I4210097978","CN","15","False","True"
"A5064345628","Marwan Adnan Jasim","","2","223","2","I78277041","IQ","1","False","True"
"A5016180970","Carlo Milana","0000-0003-3042-0041","14","774","61","I193223587","IT","42","False","True"
"A5013138833","Junghyun Namkung","0000-0002-0246-0065","17","1017","57","I134353371","KR","21","False","True"
"A5083281703","YiRang Shin","0000-0001-6903-1719","8","273","25","I157725225","US","7","False","True"
"A5112523396","Gözde Karataş","","8","576","13","I197185219","TR","5","False","True"
"A5070439928","Gonçalo Marques","0000-0001-5834-6571","40","5355","201","","","25","False","False"
"A5025712960","Pradeep Kumar Roy","0000-0001-5513-2834","19","1870","72","I150870154","IN","20","False","True"
"A5040905250","Jan G. Rittig","0000-0003-4645-5716","13","557","40","I887968799","DE","6","False","True"
"A5056549312","Maciej Besta","0000-0002-6550-7916","24","2248","134","I35440088","CH","12","True","True"
"A5050652744","Lutfiah Zahara","","1","145","1","I4210087516","ID","1","False","True"
"A5048037778","Jide Yuan","0000-0002-5585-6039","10","433","40","I3923682","CN","10","False","True"
"A5042165620","Jinzhe Zeng","0000-0002-1515-8172","17","2088","59","I102322142","US","29","False","True"
"A5108739452","Sergii Bogachov","","3","114","6","I211738395","RU","3","False","True"
"A5070238515","Trang T. Le","0000-0003-3737-6565","23","3858","141","I1743320","US","29","False","True"
"A5090547435","Dávid Markovics","0009-0005-2848-2296","2","333","10","","","6","False","False"
"A5005788917","Ben Luijten","0000-0002-1797-8721","7","899","18","","","6","False","False"
"A5044654199","Fabrice Harel-Canada","","5","190","17","I161318765","US","6","False","True"
"A5113232103","Mohammad Hasan Ahmadilivani","","3","89","4","I111112146","EE","3","False","True"
"A5029732099","Ting Wang","0000-0002-1423-4559","12","1770","58","I93131583","US","26","False","True"
"A5005791474","Devansh Agarwal","0000-0003-0385-491X","12","817","37","I157075465","DE","51","False","True"
"A5034693564","Fei Liang","0000-0002-7639-1584","7","645","15","","","16","False","False"
"A5026505537","Filippo Arcadu","","11","691","34","I118019719","CH","27","False","True"
"A5044893361","Harry Surden","0000-0003-4434-1926","9","520","30","","","19","False","False"
"A5010573459","Saida Hafsa Rafique","0000-0002-2445-3798","4","168","8","","","8","False","False"
"A5052648906","Musaed Alhussein","0000-0002-5538-6778","34","4371","173","I12832649","KR","14","True","True"
"A5068105201","Jiaming Qian","0000-0002-9110-4950","17","1912","68","I205237279","CN","8","False","True"
"A5110037450","João Rico","","4","66","6","","","15","False","False"
"A5004931407","Guendalina Caldarini","0000-0001-5317-0845","3","381","3","I5728261","GB","3","False","True"
"A5025651569","Jiamin Wu","0000-0003-3479-1026","38","5820","234","I16351329","CN","35","False","True"
"A5016690806","Muhammad Shoaib Akhtar","0000-0003-2579-0208","15","942","23","","","7","False","False"
"A5007504195","Zitong Li","0000-0001-8469-7295","25","2112","116","I177739611","CN","37","False","True"
"A5080137972","Xiaoliang Dai","0000-0003-3098-2714","25","4247","96","","","19","False","False"
"A5086468602","Davood Moghadas","0000-0002-7231-1700","16","818","58","I51783024","DE","12","False","True"
"A5011713946","Brenden M. Lake","0000-0001-8959-3401","25","5600","123","I29955533","US","51","False","True"
"A5103034518","Siwar Chibani","0000-0002-4900-5684","20","1345","39","I1294671590","FR","11","False","True"
"A5030049443","K.A. Dhanya","","1","66","1","","","1","False","False"
"A5080806852","Giacomo Torlai","0000-0001-8478-4436","17","2015","41","","","13","False","False"
"A5070856929","Jayanarayana Reddy Dwaram","0000-0001-5390-2962","3","149","9","","","6","False","False"
"A5007918012","Said Boumaraf","0000-0001-8154-7195","6","306","25","I176601375","AE","7","False","True"
"A5041196110","Alfonso Navarro-Espinoza","0000-0002-2740-1707","1","114","1","I173664879","MX","1","False","True"
"A5101415186","Xingchen Zhang","0000-0002-8012-0103","16","1593","71","I23923803","GB","34","False","True"
"A5066199859","Nengfeng Zhou","","8","931","14","","","17","False","False"
"A5101757498","Muhammad Imran Sharif","0000-0002-4786-6579","17","1459","81","I142204992","PK","35","False","True"
"A2947902919","Harsh Chaudhari","0009-0000-3269-5685","1","119","1","","","1","False","False"
"A5027969322","Wei Yang Bryan Lim","0000-0003-2150-5561","28","6266","113","I172675005","SG","14","False","True"
"A5008672520","Huansheng Song","0000-0002-8590-0061","19","1875","100","I25355098","CN","21","False","True"
"A5085784629","Sudipta Das","0000-0002-7707-8629","16","913","88","I4210104904","IN","56","False","True"
"A5083961028","Tianliang Lu","","8","271","33","I37448385","CN","13","False","True"
"A5100728005","Yang Su","","34","4166","79","I160674187","CN","27","False","True"
"A5102912154","Jiho Ryu","0000-0003-4364-874X","16","923","32","I4210110027","JP","32","False","True"
"A5051408740","Lejla Batina","0000-0003-0727-3573","37","6369","283","I145872427","NL","25","True","True"
"A5110616325","Mark Ryan","","18","1800","40","I913481162","NL","30","False","True"
"A5003745365","Kaushal Kumar Sharma","0000-0001-7196-1659","22","1591","135","I152429107","IN","34","False","True"
"A5058309967","Urmil Bharti","0000-0003-2655-3001","6","285","17","I110166357","IN","6","False","True"
"A5051520427","Yu-nan Dong","","1","41","1","I153473198","CN","1","False","True"
"A5062105115","Jian‐Xun Mi","0000-0002-7531-4341","16","1096","87","I10535382","CN","21","False","True"
"A5063721993","Ali Zeeshan Ijaz","","13","464","44","","","17","False","False"
"A5011556172","Davide Chicco","0000-0001-9655-7142","29","14488","115","I185261750","CA","37","False","True"
"A5035533159","Ye Yu","0000-0002-9969-6516","4","226","18","","","24","False","False"
"A5083638224","Wesam Salah Alaloul","0000-0001-7752-3756","44","5904","285","I203899302","MY","11","True","True"
"A5068908402","Marijana Zekić–Sušac","0000-0001-6322-1917","14","966","66","I51314090","HR","21","False","True"
"A5079773097","Bilal Manzoor","0000-0003-0269-3739","12","624","23","I14243506","HK","14","False","True"
"A5043629291","Soad Almabdy","","4","217","4","I185163786","SA","4","False","True"
"A5064784380","Yunsheng Fang","0000-0003-2213-0167","29","4166","52","I1327237609","CN","12","False","True"
"A5080786674","Lushun Jiang","0000-0002-4026-7418","8","468","13","I4391768041","","6","False","True"
"A5013435074","Peter Bjørn Jørgensen","0000-0003-4404-7276","13","1320","43","I96673099","DK","15","False","True"
"A5044138322","Scott Monteith","","24","1720","52","I87216513","US","13","False","True"
"A5022496698","Alan Geer","0000-0002-9476-5519","35","56007","128","I154986956","GB","28","False","True"
"A5069913933","Ramsey M. Wehbe","0000-0003-0599-7957","11","679","50","I153297377","US","70","False","True"
"A5086295021","Alexey Melnikov","0000-0002-5033-4063","22","2043","220","I4210107303","RU","66","False","True"
"A5101916995","Tian Wang","0000-0001-7254-9340","16","1106","100","I82880672","CN","27","False","True"
"A5066789365","Akriti Taneja","0000-0002-5805-2159","4","207","7","","","4","False","False"
"A5057298092","Yaser A. Nanehkaran","0000-0002-8055-3195","27","3438","76","I106245021","TR","13","False","True"
"A5102873112","Nahida Islam","0000-0003-2401-555X","7","411","42","I75447333","BD","40","False","True"
"A5032749222","Richard Dazeley","0000-0002-6199-9685","22","2295","117","I149704539","AU","23","False","True"
"A5005714550","Tung‐Hung Su","0000-0002-6747-7941","42","8887","292","I154526488","FR","28","True","True"
"A5037642610","Yoonjoo Kim","0000-0002-9028-0872","15","976","57","I196345858","KR","17","False","True"
"A5089986646","Christian Devereux","","6","1221","16","","","7","False","False"
"A5082224136","Kunal Sharma","0000-0003-3132-1088","17","1919","63","I1341412227","US","14","False","True"
"A5060301380","Yahui Guo","0000-0002-0099-0759","33","3899","179","I111599522","CN","23","False","True"
"A5007736553","Wenbo Huang","0000-0002-6664-1172","16","1185","92","I111950717","MO","25","False","True"
"A5080589649","Xiaohan Xing","0000-0002-9992-3387","15","636","49","I191208505","CN","8","False","True"
"A5100783453","Weihan Li","0000-0002-2916-3968","34","4936","100","I316699675","US","11","False","True"
"A5042675693","Prasanalakshmi Balaji","0000-0002-6882-2233","10","402","68","I82952536","SA","17","False","True"
"A5100731088","Feiran Li","0000-0001-9155-5260","15","1503","74","I4210114105","CN","16","False","True"
"A5007356252","Zhaoqi Xiong","","3","224","5","I241749","GB","8","False","True"
"A5039650713","Eunsan Jo","","1","37","1","I18003638","KR","1","False","True"
"A5045820623","Linmin Pei","0000-0001-6135-9429","14","1864","30","I4210130649","US","11","False","True"
"A5034947367","Moisés Cordeiro-Costas","0000-0002-0403-2865","6","163","11","","","6","False","False"
"A5040801552","Neil B. Marya","0000-0001-8654-1948","15","854","187","I1303243448","US","18","True","True"
"A5050347050","Rui Liu","0000-0003-0310-8044","9","325","33","","","25","False","False"
"A5054427217","Shicong Liu","0000-0003-4370-7869","9","703","42","I168719708","HK","12","False","True"
"A5113891964","Qinghe Zheng","","2","191","3","I4210097214","CN","6","False","True"
"A5028125767","Nan Xu","0000-0003-1653-4149","27","2824","208","I194450716","CN","22","False","True"
"A5036770900","Vijeta Sharma","0000-0002-5889-3652","6","488","16","","","10","False","False"
"A5100768427","Hyunjae Lee","0000-0002-0569-7383","9","543","50","","","25","False","False"
"A5014702970","Wei Yin","0000-0002-9148-3401","19","3055","80","I154099455","CN","19","False","True"
"A2621703734","Mohsen Shahhosseini","0000-0001-9588-1143","2","662","2","","","1","False","False"
"A5076525092","Rohit Sharma","0000-0001-7160-4862","17","4517","46","","","10","False","False"
"A5003603219","Kunal Sankhe","0000-0002-4762-5310","12","1587","31","I12912129","US","12","False","True"
"A5067380547","Susan Akinwalere","0000-0002-0204-4475","2","127","9","I157227730","GB","8","False","True"
"A5051715347","Hamed Karimian","","17","1571","40","","","16","False","False"
"A5035815172","Tomas Ganz","0000-0002-2830-5469","154","87653","689","I161318765","US","51","True","True"
"A5050335233","Uros Arsenijevic","","1","110","1","I4068193","RS","1","False","True"
"A5002657872","Daekyo Jeong","0000-0001-5282-6726","2","89","4","","","7","False","False"
"A5020615442","Nishad Nawaz","0000-0003-4781-7993","27","2252","156","","","14","True","False"
"A5000944164","Jun Yuan","0000-0002-8160-6383","16","1129","59","I106645853","CN","33","False","True"
"A5072741449","Deep Kothadiya","0000-0002-5997-1720","8","416","28","I33459947","IN","6","False","True"
"A5080519665","Muhammad Aminul Islam","0000-0002-6221-3090","13","503","34","I40253897","US","18","False","True"
"A5004881465","Wiebke Reim","0000-0002-8939-5509","16","2685","36","I190632392","SE","14","False","True"
"A5022353147","Spyros Makridakis","0000-0003-2519-8095","58","23495","213","","","56","False","False"
"A5052164399","Jino Im","0000-0001-6594-8773","37","9173","140","I110273157","KR","27","False","True"
"A5088536972","Marek Pawlicki","0000-0001-5881-6406","27","9591","306","I1300393620","PL","61","False","True"
"A5081533044","Gabriel R. Vásquez-Morales","","1","135","1","I4210128985","CO","1","False","True"
"A5113943368","Abdulsalam O. Alzahrani","","1","227","1","I28022161","SA","1","False","True"
"A5073121386","Zichao He","0000-0002-9596-0869","1","26","1","I189210763","CN","1","False","True"
"A5101688301","Fei Xue","0000-0001-6129-2906","13","653","28","I4210098460","CN","11","False","True"
"A5044687271","Pouria Rouzrokh","0000-0003-4664-0751","20","1234","74","I1323778983","US","6","True","True"
"A5002694158","Huang Yun-jie","0000-0001-6930-1838","3","63","11","I200769079","HK","25","False","True"
"A5101847862","Zheng Li","0000-0001-7840-8303","11","605","82","I200845125","CN","25","False","True"
"A5003769412","Hongruixuan Chen","0000-0003-0100-4786","16","1370","60","I161296585","JP","7","False","True"
"A5065051130","Kamal Berahmand","0000-0003-4459-0703","35","3495","75","I160993911","AU","9","False","True"
"A5024444107","Ahmad Roihan","0000-0001-7388-5047","8","262","38","","","11","False","False"
"A5058959716","Alexandre M. Tartakovsky","0000-0003-2375-318X","44","7566","326","","","25","True","False"
"A5041883778","Dhanushi A. Wijeyakulasuriya","0000-0001-6244-6575","3","83","6","I1290206253","US","7","False","True"
"A5032193294","Mohammad Mahmudul Alam","","3","250","13","","","6","False","False"
"A5027852193","Nan Yin","0000-0002-0177-8514","11","438","60","I184681353","CN","21","False","True"
"A5076234168","Stephen M. Humphries","0000-0002-5113-4530","35","4227","164","I3019586173","US","35","False","True"
"A5011670509","M. Nakajima","0000-0001-9451-4675","22","3403","676","I104946051","JP","98","False","True"
"A5050574184","Romany F. Mansour","","35","3891","154","I189575948","EG","19","False","True"
"A5038255263","Nathan A. Spielberg","0000-0001-8501-0336","4","351","6","I97018004","US","10","False","True"
"A5048910552","Pawan Kumar Mall","0000-0001-6614-6430","9","644","30","","","10","False","False"
"A5049726439","Haoti Zhong","","8","514","10","","","7","False","False"
"A5039683470","Yifan Xing","0000-0002-6935-3491","18","1356","99","I19820366","CN","17","False","True"
"A5109395825","Songtao He","","18","1128","57","I178232147","CN","26","False","True"
"A2002480696","Mostafa Emadi","0000-0001-6143-7386","0","0","1","","","1","False","False"
"A5101600350","Rehan Ashraf","0000-0002-6627-9820","11","594","21","I505182","PK","21","False","True"
"A5040381211","Moustafa Abbas","","3","367","3","I84524832","EG","3","False","True"
"A5005901649","Marta Bistroń","0000-0003-2875-8713","4","144","10","I2800249161","PL","5","False","True"
"A5082582500","Amir Kotobi","0000-0002-1488-2847","4","105","8","I2801876189","DE","6","False","True"
"A5040109370","Yongfeng Suo","0000-0003-1936-8107","8","351","40","I161346416","CN","21","False","True"
"A5063981686","Melissa D. McCradden","0000-0002-6476-2165","28","5775","105","I185261750","CA","9","True","True"
"A5067075806","Zhang Baobao","","2","75","3","I110440473","CN","1","False","True"
"A5115430441","Yan Sun","","5","118","21","I125749732","CA","26","False","True"
"A5015179531","Saeed Amer Alameri","0009-0002-8335-8480","3","100","4","I319841309","YE","4","False","True"
"A5014262816","Qingchun Guo","0000-0002-0097-0168","23","1593","48","I196934937","CN","18","False","True"
"A5071914915","Ning Jin","0000-0002-5828-6908","23","3329","163","I4210090956","CN","34","False","True"
"A5026760255","Qianwen Ma","0000-0003-2419-2951","16","1004","70","I4210097066","CN","9","False","True"
"A5101846235","Md. Akhtaruzzaman","0000-0001-5679-5752","8","341","14","I4210129887","BD","7","False","True"
"A5047874759","Аlexander L. Fradkov","0000-0002-5633-0944","46","9272","547","I4210142628","RU","50","True","True"
"A5091151166","Mazin Abed Mohammed","0000-0001-9030-8102","58","11657","306","I27768575","IQ","16","True","True"
"A5084986124","Ramadhan Hardani Putra","0000-0002-0622-3892","7","431","47","I205133468","ID","13","False","True"
"A5029978692","Yunpeng Chen","0000-0002-9830-8980","30","7216","160","I139660479","CN","20","False","True"
"A5011553148","Weisen Pan","0000-0002-5468-022X","4","208","9","I180662265","CN","13","False","True"
"A5011227019","Milan Curcic","0000-0002-8822-7749","17","854","64","I145608581","US","16","False","True"
"A5039674369","Rabbia Mahum","0000-0003-1983-8201","14","1024","45","I173207729","PK","9","False","True"
"A5101401007","Young Jin Heo","0000-0002-3209-1643","7","418","18","","","13","False","False"
"A5062733657","Wutao Yin","0000-0002-4530-2956","10","480","20","I17145004","CN","17","False","True"
"A5045845840","Xiao Zhou","0000-0001-9397-6376","11","493","30","I16365422","CN","30","False","True"
"A5083605154","José Padarian","0000-0003-2250-5299","33","7236","101","I129604602","AU","14","False","True"
"A5083752468","Chun Lin","","2","49","2","I24185976","CN","2","False","True"
"A5086645984","Courtney J. Powers","0000-0002-2657-2432","2","60","2","I183533211","US","2","False","True"
"A5101952644","Shijie Feng","0000-0001-8261-5276","39","6638","155","I157773358","CN","18","False","True"
"A5103021210","Jérémie Sublime","0000-0003-0508-8550","10","456","81","","","13","False","False"
"A5100663457","Yiying Wang","0000-0002-9444-2744","15","636","88","","","20","False","False"
"A5084778521","Jie Sun","0000-0002-6470-9452","18","1502","97","I116953780","CN","36","False","True"
"A5018573770","Georgina Lukanova","0000-0002-1352-9208","2","143","15","I124938932","BG","16","False","True"
"A2145743251","Zhi-Hua Jin","0000-0001-7047-7988","0","0","3","","","1","False","False"
"A5000997218","T. Sathish","","79","14953","372","I4210088592","IN","18","True","True"
"A5082814497","Chalachew Muluken Liyew","0000-0003-4031-8032","3","196","10","","","7","False","False"
"A5050444281","Ethan Lau","0009-0001-4215-2278","5","352","17","I166337079","GB","15","False","True"
"A5041028758","Shaan Khurshid","0000-0002-2840-4539","31","4028","199","I107606265","US","17","True","True"
"A5022488249","Xiangjin Ran","0000-0002-8450-6345","8","239","27","I194450716","CN","16","False","True"
"A5006905756","Abraham George Smith","0000-0001-9782-2825","13","614","58","I124055696","DK","7","False","True"
"A5022442636","Tatdow Pansombut","0000-0003-0536-0833","4","136","7","I131868736","TH","12","False","True"
"A5053023979","So Takamoto","0000-0001-5739-6497","9","590","33","I4210166566","JP","13","False","True"
"A5100356973","Huan Zhang","0000-0002-9914-6602","32","6280","141","I3125743391","CN","20","False","True"
"A5036961841","Nida Aslam","0000-0002-1619-5733","25","1872","77","","","17","False","False"
"A5052092882","Arno van Hilten","0000-0003-2630-8217","7","249","18","I2801952686","NL","8","False","True"
"A5058353324","Huali Cao","","3","410","3","I66867065","CN","2","False","True"
"A5004407394","David S. Patterson","","14","894","82","","","54","False","False"
"A5062540970","Laura Abrardi","0000-0002-3910-7097","7","328","38","I177477856","IT","17","False","True"
"A5001395798","Long Wen","0000-0002-8355-9947","28","5839","98","I158842170","CN","17","False","True"
"A5030638980","C. Kavitha","","13","759","76","","","17","False","False"
"A5066420667","Nguyen Quoc Khanh Le","0000-0003-4896-7926","50","5308","201","I161318765","US","12","True","True"
"A5011087522","Dinesh Visva Gunasekeran","0000-0002-8502-2334","29","2777","82","I2799299286","SG","12","False","True"
"A5019969308","Li Gao","0000-0003-2465-5784","16","1566","106","I139759216","CN","36","False","True"
"A5100318580","Qian Liu","0000-0002-4517-6443","30","3124","132","I119273862","CN","22","False","True"
"A5100332872","Jie Chen","0000-0001-9644-8026","39","5924","169","I1283280774","US","24","False","True"
"A5079730455","M. Beatrice Fazi","0000-0001-7183-8095","7","415","23","","","15","False","False"
"A5074289048","Zhun Wei","0000-0002-8699-3749","21","2584","123","I108688024","CN","24","False","True"
"A5070488104","Angelos Chatzimparmpas","0000-0002-9079-2376","9","727","39","I193662353","NL","8","False","True"
"A2299033180","Yeonjong Shin","0000-0003-4577-1979","2","408","2","","","1","False","False"
"A5028869048","Nouri Hicham","0000-0003-4055-0616","7","249","30","","","4","False","False"
"A5078286296","Isselmou Abd El Kader","0000-0002-0140-0749","10","448","22","","","6","False","False"
"A5101906738","Yingxue Zhang","0000-0002-8370-3873","22","2160","126","I47689461","CN","24","False","True"
"A5100346332","Yiming Li","0000-0002-2258-265X","27","3095","244","I110440473","CN","27","False","True"
"A5059714048","Xinxiang Lei","0000-0001-7927-831X","7","637","7","I110440473","CN","3","False","True"
"A5070000452","Yuwang Ji","","3","111","3","I139759216","CN","4","False","True"
"A5008220079","Rahul Madbhavi","0000-0002-7242-6436","4","84","10","I24676775","IN","4","False","True"
"A5026364854","Awais Ashfaq","0000-0001-5688-0156","15","935","90","I1285204247","US","16","False","True"
"A5038416514","Bibi Ibrahim","0000-0003-1471-9609","5","164","7","I106165777","US","9","False","True"
"A5112689251","B. Karthiga","","2","79","5","","","6","False","False"
"A5071054943","Roseline Oluwaseun Ogundokun","0000-0002-2592-2824","25","2495","265","I137616099","ZA","9","True","True"
"A5047997045","Zhiyong Lv","0000-0003-2595-4794","29","3108","197","I149594827","CN","19","True","True"
"A5009243774","Bhagyashree Rajendra Gaidhani","","1","50","1","I2802982682","IN","1","False","True"
"A5054198262","Sanna Järvelä","0000-0001-6223-3668","65","15198","272","I98381234","FI","31","False","True"
"A5102874846","Uttam Majumder","0000-0002-5244-2500","15","787","72","","","21","False","False"
"A5002981171","Ernesto Aguilar Madrid","","2","180","4","I83558840","PT","5","False","True"
"A2118153217","Youyi Zheng","0000-0001-7532-9538","1","29","8","","","1","False","False"
"A5064950282","Bohdan Mytnyk","","2","62","3","I98435010","UA","3","False","True"
"A5056627205","Nabanita Das","0000-0001-7879-0071","17","1223","161","","","35","False","False"
"A5011428379","Andrew Saxe","0000-0002-9831-8812","27","5589","107","I2800011936","GB","20","False","True"
"A5026599330","Christoph Schran","0000-0003-4595-5073","17","1342","62","I241749","GB","10","False","True"
"A5053635944","Ηλίας Δρίτσας","0000-0001-5647-2929","20","1675","86","I4210094138","GR","9","False","True"
"A5100751424","Zhongmin Wang","0000-0003-0870-454X","27","3380","187","I4210136859","CN","29","False","True"
"A5069283448","Yang Long","0000-0001-7600-3396","25","2009","107","I172675005","SG","24","False","True"
"A5087061886","Joseph N. Stember","0000-0003-3169-9590","11","520","60","I1334819555","US","19","False","True"
"A5037300247","Rusmiyanto Rusmiyanto","","1","173","3","I4210162065","SD","8","False","True"
"A5055346529","Young Ho Chae","0000-0003-3625-7951","6","154","19","","","33","False","False"
"A5056578353","J. Dinal Herath","0000-0001-7568-7765","7","220","11","I90678064","LK","23","False","True"
"A5031849216","Tian Bian","0000-0003-0181-9870","8","1150","19","I4210145773","CN","10","False","True"
"A5058639146","Larysa Soroka","0000-0002-6979-6049","7","251","60","","","48","False","False"
"A5100332555","Zhen Li","0000-0001-8037-4245","58","17211","1272","I111381250","CN","39","True","True"
"A5045219356","Rangharajan Venkatesan","","24","3877","70","","","38","False","False"
"A5093823214","Humaid Al Naqbi","","1","182","2","I199440890","AE","1","False","True"
"A5077046779","Haiying Zhou","0000-0002-6372-0828","21","1873","164","I106994412","CN","39","False","True"
"A5076869143","Ismaila Temitayo Sanusi","0000-0002-5705-6684","22","2342","120","I175532246","FI","9","True","True"
"A5069625670","Anthony Lisacek-Kiosoglous","0000-0001-9574-8086","2","121","12","I1289784979","GB","8","False","True"
"A5021525505","Sonu Bhaskar","0000-0002-9783-3628","53","39081","224","I1311436738","AU","34","False","True"
"A5014023945","LI Shuan","0000-0002-0466-0554","2","213","5","I9224756","CN","15","False","True"
"A5062643671","Joon‐myoung Kwon","0000-0001-6754-1010","21","1807","81","I4210126996","KR","18","False","True"
"A5051738094","Gerasimos G. Samatas","","5","124","5","I183898223","GR","2","False","True"
"A3135861387","Alysa Ziying Tan","0000-0003-0084-3473","1","790","1","","","1","False","False"
"A5005341647","Qian Xie","0000-0002-1747-585X","14","759","50","I20231570","CN","41","False","True"
"A5088897776","Parham M. Kebria","0000-0001-7049-928X","17","1601","57","I165143802","AU","10","False","True"
"A5008743547","Rateb Jabbar","0000-0002-4886-6458","16","1432","43","","","7","False","False"
"A5026476348","Vasile-Daniel Păvăloaia","0000-0002-4540-3925","8","454","27","I138164181","RO","19","False","True"
"A5006226215","Milan Tripathi","0000-0002-8920-5920","5","422","10","I108108428","TH","5","False","True"
"A5067525240","Charles J. Murphy","0000-0003-1019-4518","4","150","39","","","144","False","False"
"A5065076634","Poonam Dhiman","0000-0001-9784-2375","9","708","19","","","13","False","False"
"A5107249192","Yi Li","0009-0007-0143-0677","11","1025","41","","","21","False","False"
"A5026503203","Genevieve Lam","","1","101","3","I172675005","SG","23","False","True"
"A5103073431","Tianlong Chen","0000-0001-7774-8197","29","3939","255","I107606265","US","21","True","True"
"A5067256109","Asif Raihan","0000-0001-9757-9730","49","7308","186","I134085113","SA","8","True","True"
"A5098435622","Jahandad","","1","161","1","I207206903","MY","1","False","True"
"A5051671733","Carlos Ortiz Marrero","0000-0001-8302-1322","9","1031","37","","","23","False","False"
"A5058293341","Kelly Joyce","0000-0002-2822-1548","14","861","50","","","51","False","False"
"A5005433729","Muratahan Aykol","0000-0001-6433-7217","38","13730","136","I1343180700","US","18","False","True"
"A5004219499","Amin Al Ka’bi","0000-0001-7898-0107","8","326","61","I67042835","KW","24","False","True"
"A5037405971","Korsuk Sirinukunwattana","0000-0002-3603-4435","23","7102","81","I40120149","GB","14","False","True"
"A5031972947","Kristina Kaličanin","0000-0001-7170-7300","2","51","3","I170253739","RS","3","False","True"
"A5064295682","Yunseok Kwak","","8","311","15","I197347611","KR","3","False","True"
"A5062390502","Yue Jian","0000-0003-2464-3337","1","45","1","I74973139","US","1","False","True"
"A5058090242","Masum Shah Junayed","0000-0003-3592-4601","11","516","48","","","8","False","False"
"A5064285808","Christopher M. Sandino","0000-0002-8360-0153","14","666","54","I97018004","US","11","False","True"
"A5089997788","Jason Ansel","0009-0007-5207-2179","21","2880","43","I3197470489","US","20","False","True"
"A5046176565","Wanyu Lin","0000-0002-7328-8039","19","1659","86","I14243506","HK","19","False","True"
"A5024028987","Manoj Dora","0000-0003-4730-8144","35","5282","116","I167360494","DE","16","False","True"
"A5059275737","Gottala Vineel Abhinav","0009-0000-8833-5005","2","47","3","","","7","False","False"
"A5066865485","Linh T. Duong","0000-0001-7411-1369","11","565","23","","","14","False","False"
"A5063244656","Shashi Kushwaha","","2","193","2","I70971781","IN","1","False","True"
"A5062097680","Carl Preiksaitis","0000-0002-3856-0068","9","588","57","I4210137306","US","13","False","True"
"A5056021083","Chengshuai Zhao","0000-0001-5923-626X","6","228","13","","","5","False","False"
"A5081153292","Malliga Subramanian","0000-0003-3263-0376","15","959","75","","","17","False","False"
"A5009791750","Jiahao Zhang","0000-0003-0379-4494","6","131","34","I200769079","HK","9","False","True"
"A5075909484","Junjie Jiang","0000-0003-2930-7770","10","694","26","I87445476","CN","16","False","True"
"A5100771708","Xiuling Wang","0000-0003-4690-1341","31","3287","267","I117015748","US","35","False","True"
"A5066945779","Fabio Morandín-Ahuerma","0000-0001-6082-2207","4","112","47","","","13","False","False"
"A5101862661","Yu Cai","0000-0002-8563-5640","4","258","14","I148128674","CN","16","False","True"
"A5020866046","Surenthiran Krishnan","0000-0002-9294-0686","2","62","3","I207206903","MY","6","False","True"
"A5077931070","Tsuyoshi Ozawa","0000-0002-0701-7978","23","3208","117","I74801974","JP","66","False","True"
"A5113908922","E. Balamurugan","","7","193","32","","","15","False","False"
"A5109491324","Yu-Der Chih","","34","3327","96","I4210119559","CN","19","False","True"
"A5030424442","Rizqi Amaliatus Sholihati","","1","135","1","I23758234","ID","1","False","True"
"A5100654502","Qingyi Wang","0000-0002-6891-7267","16","1205","73","I4210153482","CN","15","False","True"
"A5027476356","Chigozie Nwankpa","0000-0003-4966-7669","5","1390","11","I181647926","GB","5","False","True"
"A5087914122","Houda Orchi","0000-0002-3788-3914","4","202","7","","","4","False","False"
"A5087642747","Kevin Fauvel","0000-0002-4050-8912","7","312","23","I4210123571","FR","5","False","True"
"A5057842121","Verena Bader","0000-0002-4732-506X","5","293","30","I102248843","AT","8","False","True"
"A5047766724","Jinlong Du","","2","30","2","I9842412","CN","2","False","True"
"A5079389113","Sarvesh Kumar","0000-0001-9459-1312","16","773","89","I170396143","IN","23","False","True"
"A5030672372","Max Pinheiro","0000-0002-5120-4172","15","825","100","I107428990","BR","18","False","True"
"A5063944079","Spyros Kondylatos","0000-0002-0949-8592","4","221","28","I174458059","GR","5","False","True"
"A5028306673","Peter Grönquist","0000-0002-3290-9361","4","196","10","","","5","False","False"
"A5100713555","Yunbo Wang","0000-0002-6224-2481","17","2862","50","I183067930","CN","26","False","True"
"A5036755436","Zhezhi He","0000-0002-6357-236X","30","3085","134","I183067930","CN","10","True","True"
"A5100347838","Ming Liu","0000-0003-4256-6531","26","2227","125","I142108993","CN","31","False","True"
"A5101594068","Shiqing Ma","0000-0003-1551-8948","33","4655","130","I177605424","US","18","False","True"
"A5064893291","Andrej Miklošík","0000-0003-3318-534X","12","706","53","","","14","False","False"
"A5009255354","Lorenzo Ferretti","0000-0002-8935-6796","8","262","23","I11912373","US","12","False","True"
"A5038428882","Sikha Bagui","0000-0002-1886-4582","19","1420","158","I83683471","US","25","False","True"
"A5100687093","Sheng Guo","0000-0001-5493-3664","8","805","41","I116953780","CN","23","False","True"
"A5090094568","Oscar Rodríguez-Espíndola","0000-0002-4889-1565","15","2340","50","","","12","False","False"
"A5110747423","Nazrul Ismail","","3","286","4","I189462010","BN","3","False","True"
"A5036444278","Ha An Le","0000-0002-3112-2882","7","246","20","I139264467","KR","9","False","True"
"A5114357314","Yufei Liu","0000-0003-0270-1583","6","161","23","I74525822","CN","19","False","True"
"A5018238749","Can Yang","0000-0002-7235-9093","8","443","34","I90610280","CN","24","False","True"
"A5088617561","Ali Kashif Bashir","0000-0003-2601-9327","60","13690","453","I110360157","IN","20","True","True"
"A5041685747","Hüseyin Yaşar","0000-0002-7583-980X","7","205","29","I1303077703","TR","11","False","True"
"A5089104945","Zeqing Jin","0000-0003-1106-5478","9","892","20","I95457486","US","7","False","True"
"A5100443968","Shiqiang Wang","0000-0003-2090-5512","34","7946","181","I4210114115","US","17","True","True"
"A5101819360","Thong Hoang","0000-0001-5096-4834","12","636","43","I1292875679","AU","12","False","True"
"A2645862859","Christoph Schran","0000-0003-4595-5073","2","300","4","","","1","False","False"
"A5049568965","Petros Brimos","0000-0003-3397-3733","4","61","11","I192756129","GR","3","False","True"
"A5112623423","Shahan Yamin Siddiqui","","14","1029","28","","","8","False","False"
"A5008962516","Nhat-Duy Nguyen","0000-0001-8566-273X","5","262","11","I123565023","VN","5","False","True"
"A5068969920","AysSe Rumeysa Mohammed","","1","74","1","I153718931","CA","1","False","True"
"A5002250629","Dan Pan","0000-0002-2370-8541","8","707","65","I139024713","CN","24","False","True"
"A5080344855","Muhammad Arsalan","0000-0003-1868-5207","28","2562","114","I172780181","PK","16","False","True"
"A5075538786","Liang Huang","0000-0001-6924-4466","24","2817","192","I196699116","CN","25","False","True"
"A5001239264","Kathleen M. Bakarich","0000-0003-2338-1419","8","348","18","I139290212","US","7","False","True"
"A5037953109","Zaher Mundher Yaseen‬‬‬‬‬‬‬‬‬‬‬‬‬‬‬‬","0000-0003-3647-7137","85","24972","727","I134085113","SA","73","False","True"
"A5101785871","Runhua Xu","0000-0003-4541-9764","14","939","49","I82880672","CN","17","False","True"
"A5075418209","Mike Voets","0000-0001-9582-8799","1","286","3","I78037679","NO","2","False","True"
"A5060186388","Raghad Alshalan","0000-0002-1413-1816","4","248","8","","","8","False","False"
"A5065024936","Yunxiao Ren","0000-0002-0076-0857","6","252","10","I36373038","US","7","False","True"
"A5013477732","Manu Goyal","0000-0002-9201-1385","16","1812","40","","","10","False","False"
"A5083231273","Behrouz Pirouz","0000-0002-9163-3393","18","1058","46","I45204951","IT","8","False","True"
"A5064063993","Dhruv Khullar","0000-0002-0053-9028","33","5032","113","I205783295","US","16","False","True"
"A5016880522","Gourav Bathla","0000-0003-4198-9647","13","815","43","I82571370","IN","15","False","True"
"A5101406449","Qiang Hu","0000-0002-7793-4835","13","901","69","I24185976","CN","18","False","True"
"A5011371394","T. Patrick Xiao","0000-0001-9066-2961","17","1471","135","I4210104735","US","11","True","True"
"A5101569366","Quanzhong Liu","0000-0002-6217-6285","12","898","39","I89652312","CN","21","False","True"
"A5050734738","Yannis Panagakis","0000-0003-0153-5210","25","2522","161","I200777214","GR","18","False","True"
"A5026820627","Tarik Doğru","0000-0002-1149-0805","36","4656","110","I103163165","US","12","False","True"
"A5023225646","Jiahui Pan","0000-0002-7576-6743","37","4780","242","I176834541","CN","22","True","True"
"A5012913125","Dima M. Alalharith","0000-0001-8846-6267","3","249","3","I76571253","SA","2","False","True"
"A5076343953","James Dzisi Gadze","0000-0003-0550-9431","11","799","39","","","20","False","False"
"A5043322097","Ammar Mohammed","0000-0001-6844-9451","23","2795","123","I142608572","SA","18","False","True"
"A5063838872","Roger Alves de Oliveira","0000-0001-5845-5620","6","241","35","","","8","False","False"
"A5064570061","Rahul Katarya","0000-0001-7763-291X","29","3464","222","I863896202","IN","17","True","True"
"A5058601965","Michael Schmitt","0000-0002-0575-2362","41","7682","309","I40527276","DE","44","False","True"
"A5001660234","Dina M. Ibrahim","","8","881","28","I156216236","SA","15","False","True"
"A5101635428","Xin He","0000-0003-3509-664X","4","83","5","","","4","False","False"
"A5049158651","A. Boehnlein","0000-0002-6987-5994","73","24595","611","I1314696892","US","37","True","True"
"A5081906450","Dhruvi Gosai","0000-0003-3970-5545","2","158","6","","","5","False","False"
"A5102741305","Chao Xiong","0000-0003-1325-4192","9","361","33","I141649914","CN","17","False","True"
"A5068885379","Yonghao Xu","0000-0002-6857-0152","41","5886","229","I102134673","SE","33","False","True"
"A5023890945","Filippo Vicentini","0000-0003-3333-3648","13","912","41","I1294671590","FR","12","False","True"
"A5101992934","Zemin Liu","0000-0002-2261-2812","17","1504","98","I17721919","CN","33","False","True"
"A5042661222","Sofiène Jerbi","0000-0001-8171-5742","10","823","32","I75951250","DE","7","False","True"
"A5024379887","Gang Zheng","0000-0001-8507-7880","51","9223","582","I162868743","CN","35","True","True"
"A5048205934","Yung‐Hui Li","0000-0002-0475-3689","18","1459","149","I4210113837","TW","20","False","True"
"A5111076560","Munaf Mudheher Khalid","","1","79","1","I42317466","TR","1","False","True"
"A5039377037","Marwan Ali Albahar","0000-0003-3586-3423","18","1387","65","I199693650","SA","11","False","True"
"A5030485362","Jon Paul Janet","0000-0001-7825-4797","26","3315","116","I4210143795","SE","11","True","True"
"A5022319543","Chengjin Xu","0000-0002-4942-9049","15","906","79","","","25","False","False"
"A5039504568","Alfred Brendel","0000-0002-6511-221X","22","2018","197","I4210119109","US","203","False","True"
"A5071222408","Jordan Joseph Wadden","0000-0002-3636-8574","3","211","14","I185261750","CA","11","False","True"
"A5100649232","Hao Wang","0000-0002-6956-7342","18","1950","94","I149594827","CN","12","False","True"
"A5033352861","P. Mohamed Shakeel","","38","4082","79","I32589535","MY","9","False","True"
"A5059251513","Xiaofei Xing","0000-0002-2486-8379","18","979","94","I37987034","CN","29","False","True"
"A2502635959","Jonathan A. Weyn","0000-0002-4789-7594","2","234","4","","","1","False","False"
"A5044266379","Thanh Cong Truong","0000-0001-6603-392X","7","372","24","I4210096295","VN","15","False","True"
"A5111598130","Chen Chen","0000-0002-4971-5029","55","10753","692","I129604602","AU","31","True","True"
"A5001522727","Marylou Gabrié","0000-0002-5989-1018","7","350","42","I142476485","FR","11","False","True"
"A5071471628","Arman Malekloo","0000-0003-0188-3098","6","879","12","I223532165","US","7","False","True"
"A5064432251","Martin Eling","0000-0002-9528-555X","41","5705","306","","","22","True","False"
"A5046315641","Mounib Khanafer","0000-0003-1355-4566","11","674","45","I75535952","KW","19","False","True"
"A5052160218","Bin Cao","0000-0003-4558-9501","31","4543","122","I178232147","CN","25","False","True"
"A5052394772","Shaoping Hu","0009-0004-8647-8028","12","893","34","I3018134672","DE","22","False","True"
"A5086533292","Kan Xie","0000-0002-9932-8131","32","3512","115","I139024713","CN","15","False","True"
"A5044912031","Niklas Humble","0000-0002-5791-4765","11","805","55","I123387679","SE","38","False","True"
"A5085025441","Xiang I. A. Yang","0000-0003-4940-5976","28","2942","197","I130769515","US","19","True","True"
"A5012567636","Ezekiel Emanuel","0000-0002-9796-5735","55","19291","474","I4432739","NO","72","False","True"
"A5027255199","Wouter Bulten","0000-0002-6129-5039","10","1935","20","I145872427","NL","11","False","True"
"A5100328673","Zhiming Zhang","0000-0003-2221-9209","10","493","30","I55654194","CN","28","False","True"
"A5010250162","Miguel A. Bessa","0000-0002-6216-0355","21","3135","83","I27804330","US","16","False","True"
"A5029822155","Aleksandra Wolanin","0000-0002-9029-6911","10","926","34","I4210152878","DE","11","False","True"
"A5081983418","Xing Shu","0000-0003-1845-1988","25","2019","76","I50632499","CN","24","False","True"
"A5033447974","Ahmed E. Alprol","","23","1593","56","I3163904508","EG","12","False","True"
"A5079248864","Sameh Mahjoub","0000-0001-7004-2220","6","309","12","I142899784","TN","6","False","True"
"A5003859536","Roberto Bentivoglio","0000-0001-7992-4035","8","470","33","","","5","False","False"
"A5075743277","Jhossmar Cristians Auza-Santiváñez","0000-0002-7703-2241","11","411","113","I4210126354","BO","8","True","True"
"A5020389791","Roxana Radu","0000-0002-6329-7820","14","695","59","I40120149","GB","17","False","True"
"A5000766988","Karlo Puh","0000-0002-5014-071X","2","124","2","I181343428","HR","2","False","True"
"A5083755005","Chuan Lin","0000-0001-7592-1056","3","156","7","","","41","False","False"
"A5048983207","Ignat Kulkov","0000-0003-4521-4742","14","801","34","","","7","False","False"
"A5012257138","Nils Barlaug","0000-0003-4618-9702","3","105","9","","","6","False","False"
"A5101555401","Ali Mesbah","0000-0002-1700-0600","35","5056","199","I2803209242","US","25","False","True"
"A5068866336","Huiyu Cai","0000-0001-8506-537X","7","497","17","I4210164802","CA","14","False","True"
"A5036443016","Kristian M. Eschenburg","","4","73","9","I201448701","US","9","False","True"
"A5080190256","Karl Stöger","0000-0002-0294-2910","5","241","124","I129774422","AT","97","False","True"
"A5034321399","Christine Buchanan","0000-0001-5053-0737","4","451","17","I173537496","CA","45","False","True"
"A5055415786","Lun K. Tsou","0000-0002-1593-5226","19","1346","64","I165441096","TW","24","False","True"
"A5018166221","Chen Huang","0000-0002-3949-2693","23","1594","149","I4210155350","CN","30","False","True"
"A5057929380","Matthias Ihme","0000-0002-4158-7050","50","8279","502","I2801935854","US","23","True","True"
"A5012738378","Cach N. Dang","0000-0001-6979-9197","7","352","18","I120089902","VN","15","False","True"
"A5037719297","Dan Dumitriu","0000-0003-1715-1780","14","887","68","I88491126","RO","28","False","True"
"A5068658615","Jesús Bobadilla","0000-0003-0619-1322","28","6441","93","","","31","False","False"
"A5091227928","Maoguo Gong","0000-0002-0415-8556","75","23973","763","I149594827","CN","22","True","True"
"A5081897240","Eric Adler","0000-0002-4765-0188","39","6369","344","I154586514","US","89","False","True"
"A5005775373","Saeid Janizadeh","0000-0002-6314-6838","33","3704","70","","","7","False","False"
"A5008302909","Han Ma","0000-0002-1123-7447","22","1692","104","I177725633","HK","26","False","True"
"A5009968825","Mohamed Marzouk","0000-0002-8594-8452","41","6802","300","I145487455","EG","50","False","True"
"A5005957133","Haoxin Liu","0000-0002-9237-0708","9","232","35","I159948400","CN","8","False","True"
"A5062833517","Huikai Shao","0000-0001-9970-1576","18","777","50","I87445476","CN","9","False","True"
"A5005883118","Khan Nasik Sami","","1","46","1","I4164984","MY","1","False","True"
"A5111917333","Mohammadreza Karamad","0000-0003-3701-0117","17","5764","31","I18014758","CA","18","False","True"
"A5050313442","Pankaj Malik","","5","489","20","I4210119567","IN","21","False","True"
"A5043635748","Miaomiao Ji","0000-0002-1767-9166","7","501","16","","","5","False","False"
"A5033714709","Sarmad Dashti Latif","0000-0002-0417-3545","21","1247","53","I2801278263","IQ","6","False","True"
"A5004917812","Florent Vinchon","0000-0003-3443-3683","3","169","7","I204730241","FR","3","False","True"
"A5101581517","Nguyễn Thị Vân Anh","0000-0003-1215-6910","34","3717","261","I1282927834","US","39","False","True"
"A5026368238","Abeer Aljohani","0000-0002-4164-4940","11","604","68","I23075662","SA","9","False","True"
"A5101432698","Chen Cui","0000-0003-2932-6613","12","507","108","I143413998","CN","27","False","True"
"A5100332568","Zhen Li","0000-0002-0001-2998","11","764","95","I36373038","US","31","False","True"
"A5029612579","Sunanda Das","0000-0002-7164-6859","15","1238","78","","","25","False","False"
"A5004453563","Yuecen Wei","0000-0002-0218-948X","3","50","17","I82880672","CN","4","False","True"
"A5057746477","Jose Cortes-Briones","0000-0002-5721-4267","16","1139","46","I32971472","US","12","False","True"
"A5017660722","Masafumi Kidoh","0000-0002-9589-7054","29","3099","211","I96036126","JP","18","True","True"
"A5079973217","Viraj Bangari","","2","229","3","I204722609","CA","2","False","True"
"A5053959952","Mohana","","26","2602","112","I4389425378","","39","False","True"
"A5050409357","Julien Maître","0000-0003-3127-1068","11","658","46","I104914703","CA","11","False","True"
"A5101751856","Feng Dong","0000-0003-1486-7054","20","5331","55","I181647926","GB","27","False","True"
"A5029868613","Laurens Klerkx","0000-0002-1664-886X","69","17826","343","I134695357","CL","24","True","True"
"A5024203425","Arslan Munir","0000-0002-3126-8945","31","3384","230","I126520041","CN","24","False","True"
"A5054089132","İlker Ercanlı","0000-0003-4250-7371","13","485","67","I224962290","TR","21","False","True"
"A5082173308","Emre Sezgın","0000-0001-8798-9605","21","1860","158","I1314135232","US","15","True","True"
"A5046613453","Adrian P. Brady","0000-0003-3473-0282","27","3576","128","I145311948","US","43","False","True"
"A5008833196","Priyanka Kaushik","0000-0003-4766-8772","21","1126","87","I101407740","IN","10","False","True"
"A5017295309","Ji He","0000-0001-9811-6500","15","1157","73","I20231570","CN","21","False","True"
"A5096424529","Ifip","","1","99","1","","","1","False","False"
"A5058810278","Shibo Lu","0000-0002-8529-1083","11","807","23","","","23","False","False"
"A5020967629","Vivekanadam Balasubramaniam","","3","175","7","","","11","False","False"
"A5070938834","Ahmed Alqaraawi","","4","240","8","I45129253","GB","8","False","True"
"A5016694101","Christopher A. Ramezan","0000-0001-9580-9213","7","730","26","","","9","False","False"
"A2153055553","Saiprasad Ravishankar","0000-0002-5792-5827","7","686","16","","","1","True","False"
"A5113756445","Ying-Nong Chen","","12","472","38","I22265921","TW","19","False","True"
"A5091370166","Nizom Farmonov","0000-0002-2491-9340","9","484","20","","","6","False","False"
"A5112574959","Di Jin","0009-0001-4646-5220","34","4998","191","I109173049","CN","37","False","True"
"A5074896622","P. V. Thayyib","","3","153","7","I876193797","IN","5","False","True"
"A5032189040","Jonas Degrave","0000-0002-2738-6500","15","1744","38","I4210090411","GB","14","False","True"
"A5041405387","Jozef Jenis","0000-0002-1317-1576","3","52","14","","","4","False","False"
"A5055290494","Jinxi Yao","","2","634","5","","","6","False","False"
"A5101582303","Chen XueXin","0000-0001-9292-7919","6","203","52","I139024713","CN","30","False","True"
"A5101711822","Johannes Schneider","","9","1049","40","","","69","False","False"
"A5064930291","Tuan V. Vu","0000-0002-7100-096X","25","3280","92","I4210109636","GB","16","False","True"
"A5103230277","Ji Zhu","0000-0002-7736-406X","7","524","20","I200296433","CN","9","False","True"
"A5001174680","Stefano Teso","0000-0002-2340-9461","13","796","109","I193223587","IT","18","False","True"
"A5010320097","Mahmoud Elsisi","0000-0002-0411-9637","40","3771","124","I192168892","TW","11","True","True"
"A3162052811","Francisco Villaescusa-Navarro","0000-0002-4816-0455","15","1601","37","","","1","True","False"
"A5102874660","Lingxiao Ma","0009-0009-9524-5476","13","814","30","I4210113369","CN","14","False","True"
"A5077390327","Christina B. Azodi","0000-0002-6097-606X","15","1387","38","I87216513","US","11","False","True"
"A5030455844","Feng Xiao","0000-0001-6287-5935","6","278","12","","","14","False","False"
"A5044224621","Adarsha Balaji","0000-0002-3535-8788","13","482","38","","","7","False","False"
"A5102831239","Hua‐Chieh Shao","0009-0003-7664-7257","11","408","53","I4210164862","CA","18","False","True"
"A5000083718","Barath Narayanan Narayanan","0000-0001-9648-5695","18","1042","47","I127591826","US","11","False","True"
"A5035360317","Isfafuzzaman Tasin","","1","225","1","I157386601","BD","1","False","True"
"A5066631513","Hassan Masood","0000-0001-9390-169X","18","1939","36","","","20","False","False"
"A5012701826","Bang Ye Wu","","20","1462","78","I82951845","AU","35","False","True"
"A61157482","Tijana Radivojević","0000-0002-7165-2909","0","0","6","","","1","False","False"
"A5067628540","Cormac McGrath","0000-0002-8215-3646","19","2668","77","I161593684","SE","14","False","True"
"A5080090386","Sadia Anjum","","3","64","5","","","10","False","False"
"A5098391799","Prof. M. M. Bhajibhakare","","1","170","1","I878213199","IN","1","False","True"
"A5034369710","Yujia Xue","0000-0003-0144-3981","11","654","83","I161716053","CN","13","False","True"
"A5042356406","Jiangquan Zhang","","14","1813","27","I4800084","CN","24","False","True"
"A5058967117","Fangda Gu","","7","157","12","I95457486","US","5","False","True"
"A5064766573","Jingzhao Zhang","0000-0002-4347-2361","18","3458","111","","","35","False","False"
"A5035835836","Wen Qi","0000-0002-2091-3718","28","2770","129","I4210137546","PL","32","False","True"
"A5013837562","Yonis Gulzar","0000-0002-6515-1569","28","2606","139","I4210165529","SA","10","True","True"
"A5080397655","Felix Nobis","0000-0001-6939-7315","8","559","15","I62916508","DE","4","False","True"
"A5042046313","Vive Kumar","0000-0003-3394-7789","20","1500","168","I98499257","IN","29","False","True"
"A5082270908","Ömer Türk","0000-0002-0060-1880","9","380","32","I217764696","TR","11","False","True"
"A5082221812","Jenifer Sunrise Winter","0000-0002-6393-6637","13","718","67","I117965899","US","23","False","True"
"A5059074320","Moritz Böhle","0000-0002-5479-3769","7","424","25","","","6","False","False"
"A5012337252","Leloko J. Lepolesa","0000-0003-4172-0429","2","132","2","I192619145","ZA","3","False","True"
"A5024833338","Huaping Zhou","0000-0002-4419-0825","6","257","52","I184681353","CN","17","False","True"
"A5101853483","Li Han","0000-0002-0630-8220","12","442","40","I55538621","CN","21","False","True"
"A5101764997","Ju-Young Ryu","0009-0007-7293-9403","2","21","3","","","3","False","False"
"A5085956386","Qian Chen","0000-0002-5632-7630","10","1625","29","I76130692","CN","16","False","True"
"A5047212021","Chunyan Diao","","2","152","5","I169689159","CN","4","False","True"
"A5102762707","Rama Chellappa","0000-0002-7638-1650","116","64543","1326","I145311948","US","46","True","True"
"A5101950801","Hao Meng","0000-0003-4168-8385","8","574","43","","","20","False","False"
"A5102752069","Yanling Zhao","0009-0002-7034-1743","10","492","64","I4210142656","CN","25","False","True"
"A5102851428","Xiangjun Wu","0009-0002-7770-6071","17","995","83","I140786321","CN","24","False","True"
"A5093471559","MICHAEL GOFMAN","0000-0003-2108-447X","1","67","1","I154425047","CA","1","False","True"
"A5062377487","Maitiniyazi Maimaitijiang","0000-0001-6153-1583","23","4227","47","I177156846","US","16","False","True"
"A5082485342","H N Veena","","4","158","15","","","13","False","False"
"A5038765418","Ling Zhang","0000-0001-8371-5252","40","10521","408","I129975664","US","32","True","True"
"A5050248754","Sunan Cui","0000-0002-8846-9449","12","810","35","I201448701","US","13","False","True"
"A5103207920","Reetam Biswas","0000-0003-0993-6721","10","605","28","I4210153514","US","11","False","True"
"A5100776068","Wei Wang","0000-0002-2298-3429","25","3295","218","I121691239","CN","25","False","True"
"A5032984126","Yichu Xu","","5","194","12","I37461747","CN","8","False","True"
"A5045292141","Zahraa Tarek","0000-0001-9389-2850","16","848","41","I159247623","EG","12","False","True"
"A5000028489","Shtwai Alsubai","0000-0002-6584-7400","22","2131","216","I142608572","SA","9","True","True"
"A5033075709","Julia Amann","0000-0003-2155-5286","19","2493","46","","","31","False","False"
"A5008118549","Stephan Raaijmakers","0000-0003-2984-6889","15","1012","66","","","33","False","False"
"A5004392781","Yohei Ikenoyama","0000-0001-5035-3195","7","354","49","I4210116542","JP","7","False","True"
"A5069683922","Abdullahi Adinoyi Ibrahim","0000-0003-0704-4092","8","429","31","","","12","False","False"
"A5073580690","Wataru Souma","0000-0002-1051-4350","23","1992","136","","","30","False","False"
"A5005839288","Khan Md. Hasib","0000-0001-6504-4192","21","1579","60","I4210147955","BD","8","False","True"
"A5005945711","Yanqing Yang","0000-0001-9993-7757","13","1167","32","I96908189","CN","18","False","True"
"A5066132683","Takamichi Kuwahara","0000-0001-8348-8926","24","1962","162","I4210133851","JP","44","False","True"
"A5003720277","James Donnelly","","4","363","5","I39555362","GB","2","False","True"
"A5017964817","Keshav Kaushik","0000-0003-3777-765X","21","1746","211","I74885063","IN","11","True","True"
"A5079185796","Jacob D. Washburn","0000-0003-0185-7105","16","1260","66","I1312222531","US","14","False","True"
"A5103887144","A. Pasumpon Pandian","","2","130","2","","","6","False","False"
"A5015841077","Almir Badnjević","","3","94","4","I104817121","BA","4","False","True"
"A5034939357","Antonio João Gonçalves de Azambuja","0000-0002-4378-5181","3","179","11","I107428990","BR","6","False","True"
"A5004455182","Giulia Marcucci","0000-0001-7166-3643","12","991","77","I4210123738","GB","19","False","True"
"A5006791291","Nikhitha Yathiraju","0000-0003-1908-3267","9","569","45","","","4","True","False"
"A5041752193","Xiaopeng Tang","0000-0001-6151-4281","31","3540","70","I16351329","CN","17","False","True"
"A5043360068","Liyong Ma","0000-0002-9515-7988","13","572","72","","","20","False","False"
"A5023028617","Vassilis N. Ioannidis","0000-0002-8367-0733","14","562","66","I1311688040","US","10","False","True"
"A5090893472","Lisa Knopp","0000-0002-9422-0236","4","233","28","I2898391981","DE","30","False","True"
"A5065757575","Francisco Sales de Lima Filho","0000-0002-1893-0703","3","289","9","","","20","False","False"
"A5030228684","Sampath Boopathi","0000-0002-2065-6539","62","10281","305","I132806614","AE","15","True","True"
"A5067100603","Rahul Sawhney","","2","119","4","I4210126505","AE","1","False","True"
"A5033791444","Shakila Zaman","0000-0001-9299-4708","26","1954","112","","","41","False","False"
"A5064525011","Olajide Ore","","1","160","1","I60488453","GB","1","False","True"
"A5063412515","Xiaoliang Xu","0000-0001-8040-6809","19","1105","93","I50760025","CN","36","False","True"
"A5103078214","Yohwan Choi","0000-0001-8830-6917","9","892","18","I4387154587","","13","False","True"
"A5026303528","Ali Sohail","0000-0002-5579-9257","5","123","10","I3131353278","PK","6","False","True"
"A5012786052","Xu Feng","0000-0003-2181-6220","7","215","30","I184558857","GB","27","False","True"
"A5100439571","Zhu Wang","0000-0003-2368-8947","30","4080","210","I148099405","CN","21","False","True"
"A5101913211","Sheng Hong","0000-0002-4201-2005","8","430","12","I41198531","CN","4","False","True"
"A5043007229","Konstantinos Solakis","0000-0001-9504-5196","7","377","11","I4210094138","GR","9","False","True"
"A5054962224","Samreen Naeem","0000-0003-0529-8187","10","655","33","","","6","False","False"
"A5060207677","Min Jiang","0000-0001-7678-6159","14","898","70","I149594827","CN","36","False","True"
"A5052801249","Sagarika Mishra","0000-0003-0590-225X","17","1266","64","I149704539","AU","21","False","True"
"A5028812041","Davut Solyalı","0000-0002-7489-8883","11","878","19","","","13","False","False"
"A5067345495","Jacob Shreve","0000-0003-4897-6961","17","1117","57","I4210125099","US","14","False","True"
"A5075479148","Geethapriya Thamilarasu","0000-0003-0421-6100","15","903","37","","","21","False","False"
"A5100991469","Chi-Hua Yu","","11","729","17","","","13","False","False"
"A5004995576","Michael G. Jacobides","0000-0002-0615-6191","30","6936","127","","","29","False","False"
"A5112385275","Mingjie Liu","0000-0002-8399-2134","72","21960","503","I105126617","CN","34","True","True"
"A2786629092","Ali Mohammad Alqudah","0000-0002-5417-0043","0","0","8","","","1","False","False"
"A5028683042","Abiodun Emmanuel Abioye","0000-0002-9650-0397","11","853","21","I67328108","US","11","False","True"
"A5100460270","Chao Zhang","0000-0003-2776-5647","36","4778","270","I114539943","CN","28","False","True"
"A5010158984","Cesare Hassan","0000-0001-7167-1459","108","52812","1699","I1284886586","FR","56","True","True"
"A5115591423","Baocheng Wang","","38","5024","223","I1456306","CN","39","False","True"
"A2163259457","Jim Samuel","0000-0002-7599-3209","2","636","7","","","1","False","False"
"A5051623730","Stanislav Nikolov","0000-0001-8234-0751","9","45661","14","I113979032","US","21","False","True"
"A5014860174","Cong Feng","0000-0003-2866-0716","28","2795","173","I2250955327","CN","27","False","True"
"A5014211020","Rutwik Gulakala","0000-0001-6816-5029","5","202","16","","","6","False","False"
"A5019504600","Ehab Essa","0000-0002-3360-7285","15","686","40","","","18","False","False"
"A5029517630","Weijuan Cao","0000-0002-0580-4919","3","143","8","I4210108162","CN","17","False","True"
"A5061560898","Pierre P. Massion","0000-0003-0647-0559","71","24743","596","I200719446","US","33","True","True"
"A5008647105","Daixin Wang","0000-0002-5166-0362","8","3251","16","","","11","False","False"
"A5039026848","Akanksh Basavaraju","","1","153","1","I91045830","US","1","False","True"
"A5112578262","Tapani Toivonen","","10","708","28","","","9","False","False"
"A5112671535","Talal S. Qaid","","3","67","3","I31605765","YE","4","False","True"
"A5068507837","Dilara Gumusbas","0000-0002-0102-7825","5","226","5","I4101805","TR","3","False","True"
"A5040330135","Lucía Bouza","","2","87","3","I204730241","FR","3","False","True"
"A5045107243","José de Jesús Rubio","0000-0002-2005-5979","37","4600","251","I59361560","MX","22","True","True"
"A5013855064","Meftah Elsaraiti","0000-0001-7158-3475","5","423","9","","","7","False","False"
"A5083648335","Kuan Zhang","0000-0003-1014-4975","5","311","11","I4388891891","","4","False","True"
"A5033486904","Fawaz Waselallah Alsaade","0000-0003-3723-4532","18","1310","57","","","21","False","False"
"A5080545648","Zeinab Sherkatghanad","","11","1151","23","","","15","False","False"
"A5076971546","Khalil Aljohani","0000-0001-9227-2123","1","80","1","I185163786","SA","1","False","True"
"A3148913322","Alina Vretinaris","","1","30","1","","","1","False","False"
"A5113933970","Steve Rodriguez","","7","570","11","I136199984","US","18","False","True"
"A5069463141","Ishan Ayus","0000-0002-5320-6171","6","147","20","I193073490","IN","5","False","True"
"A5068450923","Patrycja Kowalek","0000-0002-0743-5125","4","242","5","I11923345","PL","4","False","True"
"A5031249202","Xiangyu Deng","0000-0002-7251-2529","26","3710","133","I154099455","CN","23","False","True"
"A5052775779","Mounir M. El Khatib","","9","889","12","","","10","False","False"
"A5039671042","Craig B. MacEachern","0009-0005-0362-1026","6","184","21","I129902397","CA","8","False","True"
"A5052463438","Andreas Hauptmann","0000-0002-3756-8121","19","2054","125","I45129253","GB","61","False","True"
"A5067764171","Xinyue Li","0000-0002-9562-3440","2","44","5","I183067930","CN","3","False","True"
"A5076826749","Ellery Wulczyn","","19","2937","83","I1291425158","US","14","False","True"
"A5056756521","Ruhollah Taghizadeh‐Mehrjardi","0000-0002-4620-6624","39","5315","178","I4392738095","","18","False","True"
"A5054400648","Futao Ni","0000-0002-1458-6909","7","784","11","","","8","False","False"
"A5070544419","ChiYan Lee","","1","176","1","I42766147","JP","1","False","True"
"A5076286335","Weixin Liang","0000-0001-9924-693X","15","1389","42","I97018004","US","8","False","True"
"A5099294596","Angel Olider Rojas Vistorte","","1","107","1","I205571821","MX","1","False","True"
"A5066276015","V E Sathishkumar","","26","2537","172","I84339108","MY","10","True","True"
"A5051278635","Jong-Chih Chien","0000-0001-8626-5525","9","316","36","I174748290","TW","59","False","True"
"A5014852456","Rajasshrie Pillai","0000-0001-6160-3911","19","2992","44","I2801293044","IN","8","False","True"
"A5034064578","Zhiqiang Geng","0000-0003-0647-3792","41","5788","255","I119203015","CN","23","True","True"
"A5013101570","Michael Frank","0000-0003-1684-0939","12","597","30","","","67","False","False"
"A5078445360","Noémi Bontridder","0000-0002-7593-7258","3","186","6","I149768937","BE","4","False","True"
"A5103197872","Deng Pan","0000-0002-1302-9182","7","249","41","I4210101555","CN","24","False","True"
"A5040097659","Venkat Anil Adibhatla","0009-0003-6575-6773","4","286","4","I4210128366","TW","4","False","True"
"A5065440334","Marvin Klimke","0000-0003-2647-9673","6","109","13","","","6","False","False"
"A5032293652","Guangzhou An","0000-0002-0875-4494","7","510","15","I4210139383","JP","11","False","True"
"A5100511183","Huarui He","","16","1307","39","I88830068","CN","34","False","True"
"A5059475832","Leila Ladani","0000-0002-5715-9851","27","2508","121","","","20","False","False"
"A5066063772","Jun‐Ho Huh","0000-0001-6735-6456","32","3678","230","I197867492","KR","14","True","True"
"A2148844886","Cheol Woo Park","0000-0002-0416-4542","2","462","3","","","1","False","False"
"A5010894228","Hannes Michaels","0000-0001-9126-7410","15","1275","55","","","46","False","False"
"A5056941899","Sarah Lewis","0000-0002-4791-9845","27","2779","284","I1281592970","AU","35","False","True"
"A5057167764","Ayan Seal","0000-0002-9939-2926","38","3574","105","I207223250","IN","15","False","True"
"A5100778479","Junbo Zhang","0000-0001-5947-1374","51","13033","315","I148128674","CN","20","True","True"
"A5066334688","Febian Fitra Maulana","","1","78","1","I23758234","ID","1","False","True"
"A5031231486","Tareq Bin Ahammed","","2","117","3","I151903974","IN","3","False","True"
"A5067756486","Kerstin Hammernik","0000-0002-2734-1409","23","3921","146","I62916508","DE","15","False","True"
"A5100333320","Li Shen","0000-0002-5443-0503","82","31749","1153","I1285929390","CN","56","True","True"
"A5100456725","Ding Liu","0000-0002-0931-1345","43","12374","257","I149594827","CN","40","False","True"
"A5090424086","Lorenzo Brigato","0000-0002-0872-069X","8","314","38","I118564535","CH","8","False","True"
"A5023655769","Carlo Combi","0000-0002-4837-4701","30","3705","295","I119439378","IT","38","False","True"
"A5048929878","Alhassan Mumuni","0000-0001-6103-1925","8","868","20","","","11","False","False"
"A5083502477","Mohammad Masum","0000-0001-9974-6950","14","602","52","I51504820","US","9","False","True"
"A5042444336","Man Yao","0000-0002-0904-8524","8","583","29","I14243506","HK","5","False","True"
"A5102934651","Yayong Li","0000-0003-2534-1971","8","465","35","I1292875679","AU","16","False","True"
"A5024666049","Gihan Panapitiya","0000-0002-3310-7600","8","364","36","I142606810","US","13","False","True"
"A5018041491","P. Sanju","","3","134","11","I33585257","IN","13","False","True"
"A5012771373","Chollette C. Olisah","0000-0001-7909-0384","4","266","24","I878950737","US","13","False","True"
"A5073382156","Peiyan Zhang","0000-0002-8691-1846","16","842","78","I177933477","CN","23","False","True"
"A5044793065","Zibo Pei","","11","743","14","I92403157","CN","8","False","True"
"A5015430594","Michael J. Willatt","0000-0002-2916-1233","11","881","20","I4210088365","DE","10","False","True"
"A5039158145","Miguel Angrick","0000-0002-7050-3397","13","775","26","I145311948","US","42","False","True"
"A5014373991","Moritz Thürlemann","","6","226","10","I35440088","CH","5","False","True"
"A5013521236","Silvia Pokrivčáková","0000-0002-6439-0656","7","508","42","","","23","False","False"
"A5009625156","Penglei Gao","0000-0003-1935-5752","5","168","15","","","5","False","False"
"A5018588641","Qasem Abu Al‐Haija","0000-0003-2422-0297","32","3360","252","I156983542","JO","16","True","True"
"A5029270585","Sabrina Habib","0000-0002-7849-6515","7","260","26","I155781252","US","14","False","True"
"A5059263431","Jana Sedláková","0000-0002-6887-5941","4","273","28","I202697423","CH","15","False","True"
"A5000198751","Jiangyong An","0000-0002-5121-7192","2","122","3","","","5","False","False"
"A5100696889","Changsheng Wang","0000-0002-1293-7605","27","2896","183","","","33","False","False"
"A5053089335","Ping‐Feng Pai","0000-0002-4020-3326","30","4751","120","I193365169","TW","25","False","True"
"A5050896973","Erfan Khoram","0000-0002-9921-5110","10","1454","22","I135310074","US","7","False","True"
"A5113154464","A. Ahila","","4","276","14","","","4","False","False"
"A5045402057","M. Dharani","","8","269","51","I108526665","IN","13","False","True"
"A5040292663","Chuanmin Jia","0000-0002-7418-6245","19","1699","125","I20231570","CN","11","True","True"
"A5100723445","Peilin Li","0000-0001-9826-1206","18","1587","145","I14243506","HK","34","False","True"
"A5000130796","Stefan Studer","0000-0003-1598-6899","3","252","9","I1332474105","DE","17","False","True"
"A5034896331","N. Muthukumaran","0000-0003-0592-6630","27","2280","152","I4210133257","IN","16","False","True"
"A5003237241","Patrice Kisanga","","2","27","2","I530967","CA","2","False","True"
"A5046379562","Zhaoying Li","0000-0001-7513-9494","17","854","70","I1291425158","US","14","False","True"
"A5100619114","Tao Wang","0000-0002-2926-3977","16","1206","81","I12411659","CN","24","False","True"
"A5060725887","X. D. Zhang","0000-0003-0940-6595","15","1025","132","I111088046","US","15","False","True"
"A5057047375","Dhivya Elavarasan","0000-0002-7238-9444","7","1149","9","I876193797","IN","7","False","True"
"A5021968389","Endre Grøvik","0000-0002-9925-1162","9","485","40","I204778367","NO","13","False","True"
"A5103189091","Yuyang Gao","0000-0002-8045-2001","10","295","31","I150744194","JP","8","False","True"
"A5057247502","Saman Razavi","0000-0003-1870-5810","42","6764","219","I118347636","AU","21","True","True"
"A5112421313","S. Shamshirband","","7","790","11","I141445968","VN","13","False","True"
"A5010031092","Shanjiang Tang","0000-0001-9533-9899","16","958","91","I162868743","CN","20","False","True"
"A5053159516","Daniel Klotz","0000-0002-9843-6798","29","5740","163","I137479271","DE","22","False","True"
"A5047894504","Jennifer S. Raj","0000-0001-7195-9647","22","1685","78","","","17","False","False"
"A5040000086","Chaochao Gao","0000-0002-0414-3477","26","3079","94","I4210141030","CA","21","False","True"
"A5020684799","Tatsuro Kawamoto","0000-0002-9898-839X","12","420","58","I73613424","JP","55","False","True"
"A5016906302","Yanghui Kang","0000-0001-8563-1503","13","1371","44","I859038795","US","11","False","True"
"A5048398079","Hyun Sik Sim","0000-0001-5031-2289","3","137","12","I2250650973","KR","7","False","True"
"A5041995175","Rahmatullah Roche","0009-0005-8593-8210","6","170","34","I199172307","US","6","False","True"
"A5005118558","Suxia Cui","0000-0003-1152-3272","12","580","91","","","23","False","False"
"A2411445079","Thilo Hagendorff","0000-0002-4633-2153","2","124","6","","","1","False","False"
"A5112920080","Yue Liu","","15","2764","42","I113940042","CN","22","False","True"
"A5100421442","Yang Li","0000-0002-1751-1742","39","7262","284","I14992734","CN","28","True","True"
"A5071878091","Abhishek De","0000-0001-5998-2430","19","1515","200","I111058918","IN","45","False","True"
"A5100753666","Soohyun Cho","0000-0002-1946-7239","7","358","32","","","22","False","False"
"A5010998250","Jørgen Berntsen","0000-0002-5976-1002","27","2206","88","I4210113819","SE","30","False","True"
"A5007330904","Jichong Han","0000-0001-9460-0733","14","1374","98","I25254941","CN","6","True","True"
"A5051396144","Daniel Bojar","0000-0002-3008-7851","18","2183","79","I881427289","SE","12","False","True"
"A5008902493","Eugene Vorontsov","0000-0002-4530-533X","19","6088","45","","","11","False","False"
"A5023160710","Mariam AlKandari","","3","309","3","I36721946","KW","6","False","True"
"A5103362331","Hongguang Fu","","11","502","55","","","28","False","False"
"A5081184903","Isra’a AbdulNabi","","1","165","1","I156983542","JO","1","False","True"
"A5110696757","A G Priya Varshini","","2","79","7","I81556334","IN","6","False","True"
"A5100673041","Yanbing Li","0000-0001-5368-6921","19","1296","91","I96908189","CN","30","False","True"
"A5021739663","Mostafa Zafari","0000-0002-2758-3977","3","171","4","I183263030","IR","3","False","True"
"A2580715797","Shu-ming Jiao","0000-0001-9965-3308","2","204","2","","","1","False","False"
"A5036562548","Samuel Lanthaler","0000-0003-1911-246X","10","732","50","I122411786","US","11","False","True"
"A5103230045","Shuo Li","0009-0003-7495-0869","3","202","3","I99065089","CN","3","False","True"
"A5101838699","Suriya Murugan","0000-0002-8130-7228","17","1236","79","I85461943","IN","40","False","True"
"A5037324697","Rafael Faria Caldeira","0000-0002-6724-8436","2","106","6","","","5","False","False"
"A5024942671","Jaikumar Shanmuganathan","","1","76","1","I33585257","IN","1","False","True"
"A5075658071","Debby Cotton","0000-0001-7675-8211","33","5026","71","","","23","False","False"
"A5037218363","Faezeh Farivar","0000-0003-1790-3161","17","1123","70","","","17","False","False"
"A5019075429","Xiaofeng Yuan","0000-0002-9072-7179","46","7142","176","I139660479","CN","20","False","True"
"A5055052519","Tariq Mahmood","0000-0002-4299-7756","31","3443","205","I142024983","SA","44","False","True"
"A5027844673","Ahmad Ali AlZubi","0000-0001-8477-8319","23","1743","127","I28022161","SA","22","False","True"
"A5010368240","Kristine Bærøe","0000-0002-4626-7232","17","1095","73","I184942183","NO","18","False","True"
"A5016386479","H L Gururaj","","15","970","157","I164861460","IN","12","True","True"
"A5101660910","Weicheng Kuo","0000-0001-9062-0331","19","1859","66","I1291425158","US","53","False","True"
"A5044078967","Eivind Meyer","","4","206","17","I62916508","DE","43","False","True"
"A5113290764","Badiea Abdulkarem Mohammed","","20","1382","62","I4210088963","SA","16","False","True"
"A5042933080","Alex Barrett","0000-0003-1229-9743","10","885","41","I103163165","US","11","False","True"
"A5001572579","Ayaz Ahmad","0000-0002-0312-2965","40","4372","63","","","6","True","False"
"A5081539458","Marion Mundt","0000-0001-6624-2895","12","1035","41","I12079687","AU","27","False","True"
"A5067671391","Frances V. Davenport","0000-0002-3061-2062","8","737","31","I92446798","US","8","False","True"
"A5007486142","Typhaine Paysan-Lafosse","0000-0001-5663-0894","12","8851","19","I1303153112","GB","11","False","True"
"A5037181980","Michael Rowe","0000-0002-1538-6052","27","2846","140","I201448701","US","76","False","True"
"A5037317760","Irum Hirra","0000-0002-8680-2105","1","222","1","I142204992","PK","1","False","True"
"A5082623277","Siti Nurmaini","0000-0002-8024-2952","23","2386","307","I271888150","ID","18","True","True"
"A5045500991","Oliver Sefrin","0000-0002-1111-7787","1","119","6","","","7","False","False"
"A5054054911","Xue Yang","0000-0003-4730-7299","14","843","85","I19820366","CN","25","False","True"
"A5028189878","Farzad Habibi","0000-0002-3180-5173","2","41","8","I204250578","US","6","False","True"
"A5007402264","Amanda Wheatley","0000-0003-3502-7855","6","259","149","I5023651","CA","36","False","True"
"A5087500661","Chun‐Teh Chen","","2","303","3","I95457486","US","6","False","True"
"A5006042809","Mehdi Gheisari","0000-0002-5643-0021","28","2836","151","I158809036","CN","18","False","True"
"A5033050244","Sidrah Hafeez","0000-0003-1996-7126","7","376","7","I14243506","HK","7","False","True"
"A5063776881","Julius Berner","0000-0002-5648-648X","10","641","27","","","25","False","False"
"A5073143385","Hongrong Cheng","0000-0002-4766-8935","11","545","36","I150229711","CN","17","False","True"
"A5049312755","Richard A. Berk","0000-0002-2983-1276","60","18955","411","","","65","False","False"
"A5076059332","Maya Krishnan","0000-0002-8902-5241","2","199","3","","","4","False","False"
"A5044378917","Hassan Ismail Fawaz","0000-0003-1384-5996","12","3935","20","","","8","False","False"
"A2115361290","Jia-Ming Qian","0000-0001-6570-9262","3","399","8","","","1","False","False"
"A5004040001","Bert Heinrichs","0000-0002-0181-0078","16","1747","121","I171892758","DE","47","False","True"
"A5113219704","G. Mostafa","","2","204","21","I113643904","EG","11","False","True"
"A5100435995","Lei Wang","0000-0002-7014-2149","41","6594","811","I102208913","CN","28","True","True"
"A5027819256","Ronald Mutegeki","0000-0001-8933-1487","4","598","4","I31419693","KR","3","False","True"
"A5058612735","Michelle Livne","0000-0002-8277-4733","14","1585","36","I39343248","DE","11","False","True"
"A5007896526","Josvin Jose","","1","58","1","","","1","False","False"
"A5017350427","Shubham Vishnoi","0000-0002-8213-5931","4","81","17","I230495080","IE","7","False","True"
"A5020049950","Jingjing Yan","0000-0002-3223-1781","2","34","12","I75390827","CN","40","False","True"
"A5023777760","Johannes Allotey","0000-0001-6410-1001","1","28","5","I36234482","GB","1","False","True"
"A5042411401","Kun Wang","0000-0002-6735-7667","6","498","23","I157485424","KR","14","False","True"
"A5037480186","Davoud Gholamiangonabadi","0000-0002-5476-0959","6","271","12","","","12","False","False"
"A5003412012","Xin Zheng","0000-0003-0915-7787","2","37","7","","","3","False","False"
"A5065810347","Lipeng Zhu","0000-0001-6051-9064","26","1935","115","I139660479","CN","20","False","True"
"A5075887337","G. M. Shahariar","0000-0001-9757-7663","6","146","37","I135564639","BD","7","False","True"
"A5008101052","Jiaming Mu","0009-0004-6713-2785","4","160","14","I126231945","GB","8","False","True"
"A2111217353","Yi An","0000-0001-5024-7624","3","173","27","","","1","True","False"
"A5011459316","Yash Sanghvi","0000-0002-7384-3573","6","218","21","I4210101778","US","10","False","True"
"A5107973130","Hamed Adab","0000-0002-0290-1908","1","175","2","I40734275","IR","4","False","True"
"A5015273174","Shakeel Ahmad","0000-0003-4653-3323","21","1406","81","I2799538428","PK","27","False","True"
"A5062673177","Murk Chohan","","1","115","1","","","1","False","False"
"A5038079014","Ryan W. Stidham","0000-0001-9638-2186","36","4424","191","I4210111179","US","17","True","True"
"A5101534607","Yuan‐Tung Chou","0000-0002-8382-1562","2","86","3","I16733864","TW","1","False","True"
"A5073323121","Yonghong Zhang","0000-0002-5456-4480","7","362","26","","","20","False","False"
"A5092260480","Okan Buyuktepe","0000-0002-1366-5111","1","56","1","I128277893","TR","1","False","True"
"A5100728390","Ruonan Liu","0000-0001-9963-7092","25","5305","85","I183067930","CN","36","False","True"
"A5028246560","Saber Kouadri","0000-0002-7079-8404","12","763","24","","","5","False","False"
"A5059412499","Samvedna Singh","0000-0001-5487-1184","3","89","12","I72769676","IN","25","False","True"
"A5083716544","Kevin Kaufmann","0000-0001-8358-3149","27","3607","52","I36258959","US","38","False","True"
"A5100429710","Zhuo Zhang","0000-0002-6515-0021","21","1525","158","I19820366","CN","23","False","True"
"A5101598585","Rajendra P. Joshi","0000-0001-6990-4962","17","985","75","","","56","False","False"
"A5059270708","Yudie Wang","0009-0006-0394-0040","10","395","45","I27781120","CN","15","False","True"
"A5000890501","Keshab Raj Dahal","0000-0002-3227-5039","7","450","17","","","6","False","False"
"A5053895504","Nahina Islam","0000-0002-5469-8104","13","1216","32","I74899385","AU","16","False","True"
"A5073073707","Milad Mohammad Taghi Zadeh","","1","91","1","I4210109871","IR","1","False","True"
"A5064145018","Bertalan Meskó","0000-0002-7005-7083","25","5438","99","I132735039","HU","22","False","True"
"A5101707934","Weiting Zhang","0000-0002-7473-2234","15","1559","69","I156144747","CN","19","False","True"
"A5048912804","Meshal Shutaywi","0000-0003-1454-2962","27","2318","102","I185163786","SA","8","True","True"
"A5004784611","Muhammet Fatih Ak","0000-0003-4342-296X","12","1291","29","I4210100577","TR","12","False","True"
"A5052062000","Tyler L. Jarvis","0000-0002-6358-1290","4","150","9","I4210125099","US","3","False","True"
"A5065296309","Vismika Ranasinghe","","6","86","11","I98381234","FI","4","False","True"
"A5025777942","Shashidhar Kaparthi","0000-0002-9077-6413","13","868","27","I119234918","US","34","False","True"
"A5090420827","Nishu Bali","","4","258","13","","","5","False","False"
"A5044448889","Amirreza Mahbod","0000-0001-5042-1442","16","2067","48","I1292235266","AT","10","False","True"
"A5113371514","Saba Ameer","","5","341","13","","","10","False","False"
"A5073923946","Lifan Chen","0000-0002-3007-7215","11","1005","35","I184693016","TW","29","False","True"
"A5009683450","Diyana Kinaneva","0000-0002-4914-2208","8","434","41","I43986944","BG","8","False","True"
"A5012727269","Min Zhang","0000-0003-1643-5271","34","5738","310","I111599522","CN","30","True","True"
"A5077491014","Sreenidhi Prakash","0000-0001-7740-3762","5","184","26","","","4","False","False"
"A5032237166","Gennady Veselov","0000-0002-7507-7649","5","155","11","I137534880","RU","24","False","True"
"A5016851329","K Hemachandran","","4","142","20","I3131870445","IN","4","False","True"
"A5103065528","Jian Guan","0000-0003-1739-4328","15","866","40","I4210155683","CN","29","False","True"
"A5006578545","Taihua Shao","0000-0002-2916-3167","9","339","21","I170215575","CN","7","False","True"
"A5057548404","Mohammad Navid Fekri","0000-0001-8079-7117","6","780","8","","","11","False","False"
"A5100354683","Yang Zhang","0000-0002-4170-4798","28","4413","244","I126924076","CN","32","False","True"
"A5010259663","Kevin Boehm","0000-0003-2426-5436","11","1568","35","I1334819555","US","23","False","True"
"A5085846550","Nigam Aruvansh","","1","169","2","I154970844","IN","1","False","True"
"A5012673747","Junaid Rashid","","18","1530","92","I28777354","KR","39","False","True"
"A2119819833","Yuehaw Khoo","0000-0002-8472-8984","2","328","7","","","1","False","False"
"A5108043307","Hai Van Pham","0000-0003-1547-9782","13","568","59","I94518387","VN","20","False","True"
"A5073608804","Younghoon Cho","0000-0002-9542-3916","15","820","49","I139264467","KR","39","False","True"
"A5063877302","Simon Ståhlberg","0000-0002-4092-8175","8","148","22","","","16","False","False"
"A5102072396","Jin Yu","","10","717","40","I87445476","CN","26","False","True"
"A5085415210","Danqing Ma","","13","518","40","I158842170","CN","15","False","True"
"A5056306746","Bashar Ahmed Khalaf","0000-0002-1676-932X","9","589","24","I78277041","IQ","15","False","True"
"A5026691557","Svenja Mohr","0000-0002-8929-1670","4","248","10","I200763008","DE","3","False","True"
"A5100706418","Wei Zhuang","0000-0003-1103-5148","21","1831","208","I200845125","CN","33","False","True"
"A5091152585","Steven Feldstein","0000-0003-4271-9868","8","419","46","I1304508199","US","20","False","True"
"A5043118390","Yannis Assael","0000-0001-7408-3847","18","3146","30","I4210090411","GB","16","False","True"
"A5025980566","Christopher Ifeanyi Eke","0000-0003-1325-2875","11","1311","39","I2800437794","NG","13","False","True"
"A5035174542","Dongkun Zhang","0000-0002-0811-4964","22","3692","87","I4210164898","CN","28","False","True"
"A5071716296","Andreas Mayr","0000-0003-1479-9450","15","1188","68","","","8","False","False"
"A5052997301","Massimo La Rosa","0000-0001-6718-7269","20","1586","120","I71267560","IT","117","False","True"
"A5030307162","Nathan S. Johnson","0000-0002-6565-7236","6","805","27","","","13","False","False"
"A5002008300","Sangeeta Sharma","0000-0002-2179-8264","14","527","94","I36909309","IN","36","False","True"
"A5073542398","Hal R. Varian","","70","40697","338","","","55","False","False"
"A5078909812","Yujie Tang","0000-0002-9086-7948","15","1254","65","I125839683","CN","22","False","True"
"A5018132697","Qingyun Sun","0000-0003-1930-3848","16","1172","113","I29739308","CN","20","False","True"
"A5023596257","Pablo Lemos","0000-0002-4728-8473","35","22163","139","I162608824","GB","10","True","True"
"A5047834526","Guiyang Luo","0000-0002-1912-8536","19","1614","75","I139759216","CN","10","False","True"
"A5070632327","Kevin Linka","0000-0002-1239-4778","28","2850","104","I159176309","DE","42","False","True"
"A5060333301","Loïc Masure","0000-0003-2978-4067","9","301","24","I1294671590","FR","7","False","True"
"A5043151277","Shu‐I Pao","0000-0003-0489-8260","9","283","27","I1293718874","TW","15","False","True"
"A5005656820","Manel Hamdi","","8","188","17","","","14","False","False"
"A5100458928","Yan‐Jun Liu","0000-0001-6047-0731","45","7292","166","I14243506","HK","30","False","True"
"A5039986888","Anthony DiSpirito","0000-0002-3232-7353","7","416","15","I170897317","US","5","False","True"
"A5092114430","Hepseeba Kode","","2","60","2","I154300980","US","2","False","True"
"A5073300655","Julien Brajard","0000-0003-0634-1482","18","1371","146","I2799966484","NO","22","False","True"
"A5113017919","Mohammed Rasool","","4","202","4","I4576418","MY","3","False","True"
"A5109597923","Seung Hyup Hyun","","29","2744","104","I2802194831","KR","19","False","True"
"A5040211080","Saurabh Gupta","0000-0003-0095-4704","37","11169","262","I157725225","US","40","False","True"
"A5032089501","Aliyu Muhammad Abdu","0000-0002-0094-3565","7","281","17","I4210152770","NG","31","False","True"
"A5057625030","Frank Emmert‐Streib","0000-0003-0745-5641","46","8328","418","I166825849","FI","26","True","True"
"A5071221828","Anteneh A. Gebremariam","0000-0002-4373-7753","9","506","16","I193223587","IT","7","False","True"
"A5036343520","Vishal Mandal","0000-0003-2292-1364","5","335","12","","","5","False","False"
"A5049676192","Arnold Adimabua Ojugo","0000-0003-4150-5163","22","1332","119","I891860020","NG","28","False","True"
"A5060836149","Mariliza Tzes","0000-0003-3667-9337","5","85","13","","","7","False","False"
"A5057474362","Abeer Ali Alnuaim","0000-0002-2537-2439","15","914","41","","","14","False","False"
"A5052555392","Lukas Grundner","","2","189","3","I4210087982","AT","4","False","True"
"A5065338900","Yuval Netzer","","2","5038","2","I1291425158","US","12","False","True"
"A5101662882","Hyunwoo Yang","0000-0003-2673-9623","6","262","22","I193775966","KR","19","False","True"
"A5050258109","Basem S. Abunasser","","5","243","6","","","3","False","False"
"A5083963800","Hai Xu","0000-0003-1610-9556","39","5931","222","I134687103","CN","31","False","True"
"A5102989996","Yongqi Zhang","0000-0003-2085-7418","13","978","89","I117532281","CN","28","False","True"
"A2097569871","Jaejun Yoo","0000-0001-5252-9668","2","220","2","","","1","False","False"
"A5010758983","Münevver Kılıç","0000-0002-3470-0430","7","202","37","I4210104933","TR","40","False","True"
"A5034973010","Oleg Ovcharenko","0000-0002-6717-8888","13","651","42","I1304085615","GB","10","False","True"
"A5037963408","Jorge Agnese","","2","108","2","","","3","False","False"
"A5090207188","Zhengmin Kong","0000-0001-9257-181X","14","791","81","I37461747","CN","18","False","True"
"A5101673681","Sonia Barrios","0000-0003-3233-6775","2","127","3","I255234318","ES","3","False","True"
"A5018377604","André G. C. Pacheco","0000-0003-0117-9308","14","1205","47","","","23","False","False"
"A5023843946","Raghav Shroff","0000-0002-7331-2799","13","1984","26","I1295876152","US","13","False","True"
"A5004534032","Lawrence B. Solum","","21","1361","154","","","39","False","False"
"A5021601956","Gülnur Coşkuner","","12","602","23","","","23","False","False"
"A5076454480","Sunil Vadera","0000-0001-6041-2646","18","2780","98","I54459138","GB","40","False","True"
"A5052876267","Ekene Francis Okagbue","0000-0002-2943-9848","5","127","23","I142108993","CN","7","False","True"
"A5015746825","Yong-Jin Choi","0000-0002-3253-7924","11","459","32","I130701444","US","38","False","True"
"A5090523960","Maribel Torres-Velázquez","0000-0001-5673-5012","7","229","9","I135310074","US","5","False","True"
"A5086635152","Sunil Mithas","0000-0002-2182-6202","46","12748","200","I2613432","US","25","False","True"
"A5109700819","Kushal Batra","","4","182","12","I145286018","IN","7","False","True"
"A5044596225","Mathias Kraus","0000-0002-2021-2743","23","2383","112","I60668342","DE","118","False","True"
"A5029023812","Zheshu Jia","0000-0002-1992-4858","2","174","7","I100188998","CN","4","False","True"
"A5102010573","Hai-Cheng Yi","0000-0001-8339-396X","21","1584","60","I17145004","CN","9","False","True"
"A5101491074","Alex Davies","0000-0003-4917-5234","7","729","28","I1291425158","US","54","False","True"
"A5003475331","Rony Medaglia","0000-0001-7292-5895","21","5988","97","","","20","False","False"
"A5089962053","Noha A. Mostafa","0000-0002-6410-3848","14","1029","58","I154023281","EG","20","False","True"
"A5068651250","Valerio Capraro","0000-0002-0579-0166","42","10877","258","I66752286","IT","15","True","True"
"A5031720352","Hanan Hindy","0000-0002-5195-8193","13","1170","45","I107720978","EG","8","False","True"
"A5100645319","Ahmad Salman","0000-0002-2852-1751","15","1568","59","","","33","False","False"
"A5101674609","Junshan Wang","0000-0002-7382-4823","12","733","33","","","19","False","False"
"A5040412307","Sara Al-Emadi","0000-0002-8762-7804","5","445","12","","","7","False","False"
"A5008208850","Peter C. Bermant","","4","215","6","","","6","False","False"
"A5072470661","Chien-Yao Wang","","19","30152","74","I4210098366","TW","11","False","True"
"A5025488519","Michael Howell","0000-0002-1767-5157","48","11972","247","I2801081054","GB","52","False","True"
"A5030035742","Li Bin","0000-0002-1051-801X","10","349","61","I200845125","CN","22","False","True"
"A5101391863","Dinh-Hau Tran","0009-0004-1452-1197","2","30","3","I141371507","KR","2","False","True"
"A5089020630","Cong He","0000-0001-5919-3669","18","1010","119","I116953780","CN","37","False","True"
"A5025747933","Andrey Sozontov","","2","77","2","I111567634","RU","2","False","True"
"A5049853160","Yuan Zhou","0000-0002-9198-6586","37","3970","209","I157773358","CN","30","False","True"
"A5071592530","Yichuan Wang","0000-0003-1575-0245","52","13685","297","I139660479","CN","22","True","True"
"A5083424747","Amy Nelson","0000-0002-3627-0155","5","208","19","","","27","False","False"
"A5077882166","Zeyad Ghaleb Al-Mekhlafi","0000-0001-6367-0309","20","1377","58","","","15","False","False"
"A5018727768","Jiacheng Xiong","","7","378","28","I19820366","CN","5","False","True"
"A1537471325","Arnaud Mignan","0000-0002-2167-7534","4","58","4","","","1","False","False"
"A5007384804","A. Mahabal","0000-0003-2242-0244","55","14137","803","I122411786","US","31","True","True"
"A5091867135","V. S. Chouhan","0000-0002-6592-2618","7","1002","8","I110360157","IN","14","False","True"
"A5085340418","Chun-Yang Zhang","0000-0001-6151-7028","10","725","51","I4210103627","CN","21","False","True"
"A5035179778","Van‐Sang Doan","0000-0001-9048-4341","14","898","83","I177733328","VN","11","False","True"
"A5101484037","Zeming Lin","0000-0002-0883-1373","18","35755","48","I4210137413","US","23","False","True"
"A5098484507","Rohit S Vilhekar","","1","59","1","I4210093348","IN","1","False","True"
"A5019493583","Carol Y. Cheung","0000-0002-9672-1819","36","4795","173","I177725633","HK","17","True","True"
"A5001478172","Ardi Tampuu","0000-0002-2120-1712","8","573","23","I56085075","EE","8","False","True"
"A5039808528","Ilias Tougui","0000-0001-7790-4284","5","362","7","I4210106663","MA","6","False","True"
"A5016610370","Mobeen Ahmad","0000-0001-5909-0125","7","289","16","","","6","False","False"
"A5048243433","Romit Maulik","0000-0001-9731-8936","23","2276","182","I1282105669","US","11","True","True"
"A2296602288","Nicola Rieke","0000-0003-0241-9334","1","1813","1","","","1","False","False"
"A5036063261","Tae‐Young Heo","0000-0002-0505-5559","25","1878","163","I163753206","KR","29","False","True"
"A5024563526","Diego Riquelme","0000-0003-0363-7720","3","224","8","","","12","False","False"
"A5010775448","Vanessa Smer-Barreto","0009-0009-1455-1261","2","131","4","","","5","False","False"
"A5083047437","Naif Al Mudawi","","22","1379","60","I47164929","SA","7","False","True"
"A5064001395","Shayan Doroudi","0000-0002-0602-1406","15","1435","54","I2803209242","US","11","False","True"
"A2264149365","Tianjiao Zeng","0000-0002-1286-0337","2","139","5","","","1","False","False"
"A5044745959","Ranpreet Kaur","0000-0003-0741-2377","8","342","25","I114724429","IN","10","False","True"
"A5100410450","Yucheng Wang","0000-0001-9271-6337","30","2811","98","I115228651","SG","25","False","True"
"A5112839864","European Society of Radiology","","12","1011","18","I2802317023","AT","5","False","True"
"A5034378865","Sura Mahmood Abdullah","0000-0002-1396-9086","6","235","13","","","14","False","False"
"A5017719372","Tran Doan Huan","0000-0002-8093-9426","37","6614","132","I114117164","CN","25","False","True"
"A5075125315","James P. Bohnslav","0000-0002-9359-8907","4","406","7","I136199984","US","8","False","True"
"A5100407984","Bo Wang","0000-0001-5951-0089","23","1721","156","I162868743","CN","20","False","True"
"A5100388005","Md. Rabiul Islam","0000-0002-5840-5882","24","3120","85","I132877587","BD","56","False","True"
"A5111530675","Chun Yan Li","","10","574","50","I169572211","CN","36","False","True"
"A5024469861","Daniela E. Blanco","","6","393","16","I24354313","AR","5","False","True"
"A5027748777","Ghazi M. Qasaimeh","","2","99","2","I3132651366","JO","2","False","True"
"A5042382229","Kyeong-Beom Park","0000-0003-4737-730X","12","1027","22","I188068037","KR","8","False","True"
"A5009001723","Rahib H. Abiyev","0000-0002-2682-7474","28","3009","126","","","25","False","False"
"A5030032587","Goram Mufarah Alshmrani","","2","221","3","","","2","False","False"
"A5064147151","P. L. S. Jayalaxmi","","5","274","7","I110360157","IN","4","False","True"
"A5100646674","Jina Kim","0000-0003-1140-6113","23","2301","222","I123900574","KR","29","False","True"
"A5010295725","Jasmin Praful Bharadiya","0009-0002-4264-6005","17","1323","23","","","3","False","False"
"A5036304829","Claudia Gonzalez Viejo","0000-0001-9207-9307","34","3358","127","I165779595","AU","10","True","True"
"A5051481965","Yan Xu","0000-0002-4981-0165","31","4087","298","I108160477","CN","34","False","True"
"A5063441690","Alwin Poulose","","22","1775","63","I50557253","IN","9","False","True"
"A5100784336","Zichen Wang","0000-0002-1415-1286","42","29191","167","I185261750","CA","19","False","True"
"A5023881129","Dat Tien Nguyen","0000-0002-6029-6849","25","1729","102","I141445968","VN","22","False","True"
"A5017388383","Xin Bi","0000-0002-2645-1112","18","1124","108","I116953780","CN","18","False","True"
"A5069835551","Ammar Mohamed Aamer","0000-0001-7300-9637","15","822","43","I87182695","MX","28","False","True"
"A5086454478","Dimitrios Loverdos","0000-0002-3997-2443","7","376","10","I130828816","GB","4","False","True"
"A5028426189","Chinthakindi Balaram Murthy","","1","156","1","I121750182","IN","1","False","True"
"A5011921647","Sid‐Ahmed Boukabara","0000-0002-1857-3806","28","4234","101","I4210089050","US","30","False","True"
"A5036270451","Ryne C. Johnston","0000-0002-6606-9401","20","1364","48","","","13","False","False"
"A5041064588","Yuanli Gu","0000-0002-6184-0463","7","481","34","I21193070","CN","24","False","True"
"A5013856812","Yanghua Peng","0000-0003-3989-4358","15","1330","36","","","12","False","False"
"A5031507259","Haiqiang Niu","0000-0001-7265-6111","14","871","52","I4210099069","CN","14","False","True"
"A248579657","Theerawit Wilaiprasitporn","0000-0003-4941-4354","2","320","22","","","1","True","False"
"A5015474725","Marco Salucci","0000-0002-6948-8636","36","4265","388","I193223587","IT","15","True","True"
"A5100453196","Qi Liu","0000-0002-4053-4213","25","3835","141","I1320320070","US","21","False","True"
"A5110770272","Kun Xia","","8","960","17","I148128674","CN","25","False","True"
"A5051451341","Adityanarayanan Radhakrishnan","0000-0002-0878-815X","10","556","49","I107606265","US","10","False","True"
"A5000925512","Disha Sharma","","4","184","15","","","15","False","False"
"A5078405221","Lennart Ljung","0000-0003-4881-8955","83","52968","749","I102134673","SE","54","True","True"
"A5004720047","Liqun Gao","0000-0001-5384-6219","29","3732","287","I37461747","CN","31","False","True"
"A5078223661","Amir Djenna","0000-0002-5026-9767","6","342","8","I125485651","DZ","11","False","True"
"A5054900401","Moritz Altenried","0000-0001-7152-335X","9","581","33","I39343248","DE","8","False","True"
"A5028179664","Grant Duffy","","10","572","29","I1282927834","US","5","False","True"
"A5032295259","Sudan Jha","0000-0003-0074-2584","27","2405","112","I110360157","IN","19","False","True"
"A5028557268","Kingsley A. Ogudo","0000-0001-6589-4904","14","861","138","I24027795","ZA","17","False","True"
"A5089127491","Sevda Kurt‐Bayrakdar","0000-0002-3711-6520","10","493","45","I159548981","US","14","False","True"
"A5046479021","Stevie Chancellor","0000-0003-0620-0903","20","2338","67","I130238516","US","12","False","True"
"A5048113582","Arman Eshaghi","0000-0002-6652-3512","23","2737","131","I152743029","TW","16","False","True"
"A5010353436","Anita K. Bakrania","0000-0002-8487-3946","10","780","27","I165831266","IN","11","False","True"
"A5018618997","Yongzheng Xie","","4","100","7","","","5","False","False"
"A5047675331","Michael Veale","0000-0002-2342-8785","31","5611","132","I887064364","NL","46","False","True"
"A5060382183","Michelle S. Lee","0000-0003-0188-3426","12","644","37","I4210089597","US","10","False","True"
"A5008871638","Yihong Ma","0000-0003-4729-5953","7","109","13","I107639228","US","4","False","True"
"A5100722141","Xinlei Wang","0000-0002-6542-3333","8","448","21","I66867065","CN","17","False","True"
"A5085863460","P.N. Rowe","0000-0003-3897-9181","27","3159","90","I241749","GB","72","False","True"
"A5102774102","Saqib Iqbal","0000-0003-0500-3676","3","120","7","","","13","False","False"
"A5059600446","Liuyi Chen","","3","143","6","I16609230","CN","16","False","True"
"A5000290016","Seong Ho Park","0000-0002-1257-8315","70","19383","484","I116631150","KR","44","True","True"
"A5016445191","Francesco Piccialli","0000-0002-5179-2496","45","7947","233","I71267560","IT","15","True","True"
"A5025771823","Hany Hassanin","0000-0002-8646-0520","33","3657","116","I119474363","GB","18","False","True"
"A5079023967","Yijia Lu","0000-0003-3535-3220","14","1105","42","I80626142","CN","17","False","True"
"A5079135001","Ping Kuang","0000-0003-3088-7135","10","362","97","I150229711","CN","22","False","True"
"A5026811963","Manya Afonso","0000-0003-0389-0515","10","1748","36","I913481162","NL","16","False","True"
"A5074681109","Abhaya Kumar Sahoo","0000-0002-1544-8823","13","889","54","I67357951","IN","12","False","True"
"A5074181157","Abdul Waheed","0000-0002-0974-6154","21","2302","107","I4210096899","CN","42","False","True"
"A5032726332","Y. T. Gu","0000-0002-9648-4913","51","9994","566","I150807315","CN","61","False","True"
"A5101831188","Hong Ye","0000-0001-6479-1233","8","425","30","I4210126203","CN","24","False","True"
"A5043205117","Viknesh Sounderajah","0000-0002-4595-8402","25","3820","113","I1291425158","US","13","False","True"
"A5029857320","Andreas M. Rauschecker","0000-0003-0633-9876","27","2809","110","I180670191","US","22","False","True"
"A5016753222","Andrew Gettelman","0000-0002-8284-2599","94","36460","600","I107766831","US","31","True","True"
"A5100366101","Dong Zuo-lin","0000-0002-2651-6051","6","179","14","I119045251","CN","22","False","True"
"A5061282814","Krzysztof Fiok","0000-0001-5711-1498","14","665","39","I106165777","US","13","False","True"
"A5073263195","Pedro Borlido","0000-0001-7675-3111","12","1163","27","I76903346","PT","8","False","True"
"A5101598115","Guokai Chen","0000-0002-7477-2797","5","115","15","I170215575","CN","12","False","True"
"A5027021592","Martin Genzel","0000-0002-2133-2579","7","344","37","","","13","False","False"
"A5000395681","Leila Ismail","0000-0003-0946-1818","26","2629","139","I201726411","AE","56","False","True"
"A5022366902","Wanie M. Ridwan","","4","443","4","I79156528","MY","3","False","True"
"A5068088836","Abozar Nasirahmadi","0000-0001-9163-2799","18","1552","45","","","13","False","False"
"A5100770560","Xiaobing Chen","0000-0003-3156-7221","10","438","65","I184983240","CN","26","False","True"
"A5082583182","Ye Yuan","0000-0002-4270-8002","30","5175","112","I125839683","CN","27","False","True"
"A5082812353","Alexander Brem","0000-0002-6901-7498","60","13380","516","I100066346","DE","38","True","True"
"A5030503283","Tyler L. Hayes","0000-0002-0875-7994","14","1708","46","I60922564","KR","10","False","True"
"A5090017573","He Feng","","9","586","51","I177739611","CN","26","False","True"
"A5085699861","Stefanie Jegelka","","36","8926","215","","","21","True","False"
"A5015308194","Nishai Kooverjee","0000-0001-5471-9465","2","19","5","I192619145","ZA","3","False","True"
"A5030105241","Anna Trunk","0000-0002-9406-6144","2","193","2","I181369854","DE","3","False","True"
"A5044340396","Karsten Lambers","0000-0001-6432-0925","21","1482","96","","","44","False","False"
"A5059167935","Çağla Sin","0000-0002-5844-9404","2","93","2","I51780484","TR","2","False","True"
"A5029089110","Jesús Pineda","0000-0002-5362-8614","10","406","41","I881427289","SE","10","False","True"
"A5101654483","Shengjie Liu","0009-0007-6544-017X","12","829","51","I82880672","CN","18","False","True"
"A5017156705","Kate Murray","0000-0002-5529-5710","1","57","1","I27577105","IE","1","False","True"
"A5052083463","Mingjian Cui","0000-0002-3047-5141","29","3040","100","I162868743","CN","16","False","True"
"A5040587139","Dongwoon Hyun","0000-0003-2625-8109","19","1209","91","I97018004","US","20","False","True"
"A5067109926","Muaadh A. Alsoufi","0000-0003-1404-4146","5","424","10","","","4","False","False"
"A5100359059","Tong Li","0000-0003-3678-8402","24","2996","149","I133270356","CN","39","False","True"
"A5054108408","Yosuke Toda","0000-0003-2421-4743","23","2356","63","I4210134374","US","53","False","True"
"A5092539588","Tamador Mohaidat","0009-0005-2269-3607","3","75","18","","","3","False","False"
"A5025914074","Marimuthu Kalimuthu","","5","348","13","","","7","False","False"
"A5070694496","Christian List","0000-0003-1627-800X","50","11063","230","I292141241","DE","165","False","True"
"A5016233233","K. Swetha","","9","281","78","I4210101034","IN","13","False","True"
"A5045131768","Sebastian Macaluso","","7","328","20","","","13","False","False"
"A5048925301","Qian Xie","0000-0001-9901-0396","25","2501","165","I2800710378","CN","31","False","True"
"A5075644772","Lei Sang","0009-0007-1480-6522","6","198","47","I143868143","CN","13","False","True"
"A2467112232","Suraj Pawar","0000-0001-7562-799X","5","350","57","","","1","True","False"
"A5064277907","Wencheng Yang","0000-0001-7800-2215","33","3569","127","I185523456","AU","23","False","True"
"A5015848532","Alessio Ragno","0000-0002-8477-2088","4","58","15","I1294671590","FR","5","False","True"
"A5037494059","Zunera Jalil","0000-0003-2531-2564","29","3445","65","I899713450","PK","18","False","True"
"A5005670717","Paweł Twardowski","0000-0002-1823-6279","14","924","68","","","22","False","False"
"A5023325607","Lin Huang","0000-0002-3753-7894","53","8517","322","I125904092","CN","30","True","True"
"A5055467779","Ahmad Arslan","0000-0001-6530-8397","43","6702","337","I172780181","PK","53","False","True"
"A5100339293","Wenwu Zhu","0000-0003-2236-9290","67","22303","662","I177388780","CN","36","True","True"
"A5062027838","Ratnabali Pal","0000-0002-0006-3293","4","205","11","","","6","False","False"
"A5083440317","Cédric Arisdakessian","0000-0001-5255-0942","8","649","18","","","11","False","False"
"A5009459648","Sarah Bankins","0000-0003-2290-3086","17","1821","68","","","18","False","False"
"A5103057205","Yoonyoung Park","0000-0002-5990-1220","15","1175","44","I4210108601","US","11","False","True"
"A5002986664","Laura M. Zingaretti","0000-0001-5618-2630","15","882","50","I4210158808","ES","13","False","True"
"A5006751935","Suman Chakravarti","0000-0001-7745-8747","15","843","55","I54606842","US","61","False","True"
"A5101755038","Jiayun Wang","","16","2727","71","I126924076","CN","23","False","True"
"A5039334205","Umara Urooj","0009-0009-1307-6040","3","207","4","I4576418","MY","5","False","True"
"A5056912386","Xuanhe Zhou","0000-0002-2285-7836","18","1094","46","I183067930","CN","24","False","True"
"A5053064472","Muh. Putra Pratama","0000-0001-7522-6686","3","203","14","","","5","False","False"
"A5067851797","Aixia Guo","0000-0003-0542-0920","11","361","44","I4210141776","CN","24","False","True"
"A5049718399","Hongwei Hou","0000-0003-4762-0920","70","18661","878","I38877650","CN","32","True","True"
"A5058200050","Lina Ni","0000-0003-2917-8198","15","750","59","I116953780","CN","29","False","True"
"A5020412391","Duong Tran Anh","0000-0002-6775-0055","33","2960","97","I4210123993","VN","11","False","True"
"A5101929475","Peng Xu","0000-0002-6431-1110","28","4183","135","I139759216","CN","24","False","True"
"A5016983922","Harshkumar Mehta","","1","69","1","I52353378","CA","1","False","True"
"A5081067439","V. Sujitha","","7","127","31","","","16","False","False"
"A5050005866","Umarani Nagavelli","","2","184","5","","","4","False","False"
"A5005157062","Alipujiang Jierula","","6","270","11","I96908189","CN","8","False","True"
"A5076048820","Luis S. Piloto","0000-0002-6552-4724","1","87","2","I20089843","US","1","False","True"
"A5049299476","L. F. Ehrke","0000-0002-2701-968X","26","2479","302","I114457229","CH","89","False","True"
"A5000895787","Mary L. Cummings","0000-0003-2557-6930","35","4603","216","I162714631","US","41","False","True"
"A5068384071","Jeongtae Son","","4","152","8","I57664883","KR","16","False","True"
"A5056163426","Νajwa Altwaijry","0000-0002-7386-1886","10","680","32","I28022161","SA","14","False","True"
"A5045029098","Yunji Liang","0000-0002-8381-8187","16","1357","78","I17145004","CN","26","False","True"
"A5071702962","Adriano Koshiyama","0000-0001-7536-1503","17","1225","137","","","15","False","False"
"A5077113484","Reenul Reedha","","2","189","2","I12449238","FR","1","False","True"
"A5002471406","Yara Mohajerani","0000-0002-4292-2367","11","2807","38","","","7","False","False"
"A5009632487","Pengzhan Jin","0000-0002-2169-1491","9","523","29","I20231570","CN","7","False","True"
"A5055775509","Awishkar Ghimire","","6","218","9","I863896202","IN","3","False","True"
"A5007025173","Casimir A. Kulikowski","0000-0002-0625-1666","25","4633","192","I102322142","US","55","False","True"
"A5090993508","Rocío Mercado","0000-0002-6170-6088","18","2447","59","I66862912","SE","15","False","True"
"A5052954560","Zenun Kastrati","0000-0002-0199-2377","23","2259","73","","","14","False","False"
"A5100650073","Linda Zhang","0000-0002-7032-3353","8","512","33","","","27","False","False"
"A5005287073","Gowri Uday Shekar","","2","86","5","","","17","False","False"
"A5032005339","Sai Gokul Subraveti","0000-0003-0413-7277","12","1115","40","I173888879","NO","9","False","True"
"A5069822917","Wolfram Höpken","0000-0002-4175-1295","26","2315","114","I24227732","DE","27","False","True"
"A5101963211","Jinghui Ma","0000-0002-3724-3749","14","1010","67","I24943067","CN","24","False","True"
"A5115594231","Xue Wang","0000-0003-0744-9882","39","6120","213","I102208913","CN","27","False","True"
"A5071872827","Yan Guo","0000-0001-8187-4022","16","1253","95","I142263535","GB","26","False","True"
"A5034108285","Jennifer Haase","0000-0001-8450-7252","10","622","45","I4210117750","DE","32","False","True"
"A5000745677","Xusheng Zhao","0000-0002-8181-6575","21","1042","57","","","21","False","False"
"A5076863464","Mateusz Płoszaj-Mazurek","0000-0002-4618-7849","3","122","3","I108403487","PL","5","False","True"
"A5052658396","Haidong Shao","0000-0002-8018-1774","52","11289","141","I16609230","CN","24","False","True"
"A5014624926","Jeffrey A. Ruffolo","0000-0002-3385-9191","16","1519","47","I145311948","US","7","False","True"
"A5086466437","Titus J. Brinker","0000-0002-3620-5919","44","8162","228","I17937529","DE","29","False","True"
"A5035405259","Yanqiu Ge","0000-0003-1456-7254","3","188","11","I141649914","CN","8","False","True"
"A5075191048","Qiang Wei","0000-0002-8665-0201","14","1619","59","I200719446","US","20","False","True"
"A5064130897","Ramgopal Kashyap","0000-0002-5352-1286","34","3704","119","I26285277","IN","56","False","True"
"A5044785440","Jincai Yang","0000-0002-0033-0187","5","2232","9","","","14","False","False"
"A5100389797","Na Liu","0000-0003-1046-0775","31","3267","176","","","21","False","False"
"A5067289821","Junfeng Fang","0000-0002-3317-2103","6","83","31","I126520041","CN","3","True","True"
"A5069758666","Benjamin P. Commerford","0000-0002-7887-6251","8","548","18","I143302722","US","12","False","True"
"A5024240784","Pietro Cinaglia","0000-0003-2237-6984","12","349","61","I36443711","IT","14","False","True"
"A5083898518","Henriikka Vartiainen","0000-0001-6005-907X","28","2923","115","I175532246","FI","45","False","True"
"A5069018938","Ali Guermazi","0000-0002-9374-8266","107","43946","1183","I111088046","US","32","True","True"
"A5070155692","Ruijie Zhao","0000-0001-6168-8687","14","861","46","","","9","False","False"
"A5052453150","Xavier P. Burgos-Artizzu","0000-0001-9681-5404","21","3386","60","I138847295","ES","19","False","True"
"A5053032836","Vahid Sohrabpour","","8","1192","19","I2802416562","SE","13","False","True"
"A5087349912","Seongyune Choi","0000-0002-7968-3726","8","674","19","","","5","False","False"
"A5082811458","Saeed N. Asiri","0000-0003-2848-5217","4","90","16","I142608572","SA","7","False","True"
"A5012906398","Zefeng Shen","0000-0002-4279-4879","14","748","32","I157773358","CN","17","False","True"
"A5014893121","Davide Valeriani","0000-0001-9866-0063","13","735","70","","","13","False","False"
"A5073420392","Magnús Halldór Gíslason","0000-0002-9479-6374","6","2344","9","","","6","False","False"
"A5030228799","Marco Seeland","0000-0001-7204-3972","16","1947","44","","","17","False","False"
"A5104092704","Glen Williams","","4","132","10","","","13","False","False"
"A5052510175","Mahmoud Afifi","0000-0003-0125-4945","14","926","76","","","54","False","False"
"A5079826085","Fedor Borisyuk","0009-0005-8171-7656","8","775","27","I1316064682","US","16","False","True"
"A5031880130","Antonio-José Moreno-Guerrero","0000-0003-3191-2048","37","3877","227","I173304897","ES","31","False","True"
"A5082323749","Jules Maurice Habumugisha","0000-0001-8397-8220","7","364","12","I19820366","CN","4","False","True"
"A5079034626","H. Selçuk Noğay","0000-0001-9105-508X","12","888","55","I131835042","TR","19","False","True"
"A5103145321","Daheng Wang","0000-0001-9474-952X","7","185","33","","","42","False","False"
"A5013606338","Lucas Paulo de Lima Camillo","0000-0001-8166-0761","6","196","11","I241749","GB","5","False","True"
"A5020620488","Delong Chen","0000-0002-8172-2894","11","725","63","I200769079","HK","30","False","True"
"A5082087264","Israel Campero-Jurado","0000-0001-6934-6833","5","251","23","I83019370","NL","6","False","True"
"A5100370688","Zheng Chen","0000-0003-0961-8758","48","8600","436","I125839683","CN","40","True","True"
"A5054603111","Peter Dauvergne","0000-0003-2887-8168","39","5825","167","","","33","False","False"
"A5023486968","Anthony Wimmers","0000-0001-6439-5206","20","1308","75","I135310074","US","27","False","True"
"A5048466960","Eran Hershko","","3","140","5","I174306211","IL","2","False","True"
"A5067452947","Plamen Krastev","0000-0002-0830-1479","17","1063","69","I136199984","US","23","False","True"
"A5065821874","Hongyang Jiang","0000-0003-0287-8581","11","843","40","I177725633","HK","13","False","True"
"A5045397888","Tomasz Grzywalski","0000-0002-9388-0494","5","183","29","I32597200","BE","15","False","True"
"A5101610472","Sidharth S Prakash","0000-0001-7941-0755","6","99","14","","","10","False","False"
"A5010584996","Karansingh Chauhan","","3","170","7","I129902397","CA","5","False","True"
"A5089858932","Mohammed Amin Almaiah","0000-0002-0246-4365","51","7393","143","I114972647","JO","12","True","True"
"A5021241296","Michele Ceriotti","0000-0003-2571-2832","60","16426","317","I122411786","US","20","True","True"
"A5069567146","Divish Rengasamy","0000-0001-5397-1271","8","336","16","I142263535","GB","7","False","True"
"A5070860472","Muhammad Naseer Bajwa","0000-0002-4821-1056","8","330","13","I153267046","DE","8","False","True"
"A5101641900","Xixun Lin","0009-0004-6645-0597","11","579","37","I19820366","CN","8","False","True"
"A5108047873","Pan Wang","0000-0003-2006-1129","27","3241","322","I178232147","CN","40","False","True"
"A5039721156","Ziqian Lin","0000-0002-6977-0156","4","383","14","I20231570","CN","7","False","True"
"A5066943736","Ayaz Hussain Bukhari","0000-0001-7455-3319","8","802","14","","","7","False","False"
"A5007585185","Jia-Hao Syu","0000-0002-3875-9317","12","525","48","","","11","False","False"
"A5066564672","Micah Goldblum","0000-0002-8266-2424","22","2086","134","","","7","True","False"
"A5075315963","Miller Janny Ariza Garzón","0000-0002-0370-9539","3","192","21","I121748325","ES","13","False","True"
"A5078100201","Julian Soh","","8","276","62","","","12","False","False"
"A5023595045","Edeh Michael Onyema","0000-0002-4067-3256","21","2142","77","I4387154394","","7","True","True"
"A5030170320","Patrick van Esch","0000-0002-0541-9340","31","3266","103","I208081647","US","23","False","True"
"A5035948743","Abdalsamad Keramatfar","0000-0001-6826-4692","10","343","20","","","12","False","False"
"A2136256734","Patrick Rowe","","2","476","6","","","1","False","False"
"A5081216284","Hanting Chen","","22","3653","92","I2250955327","CN","43","False","True"
"A5023643218","Jonathan Colen","0000-0003-4162-0276","7","245","27","I40347166","US","9","False","True"
"A5017683592","Soumik Saha","0000-0003-4873-1593","20","1434","67","I261330113","IN","37","False","True"
"A5101449721","Huili Chen","0000-0001-5828-2942","19","1549","66","I169351748","CN","32","False","True"
"A5090488727","Hasan Alkahtani","","16","1521","33","I4626487","SA","15","False","True"
"A5078359417","Xiaqiong Fan","","12","501","22","I36152291","CN","10","False","True"
"A5022198154","Amin Ullah","0000-0003-1911-4270","5","445","13","","","5","False","False"
"A5021897935","Arsenty D. Melnikov","0000-0003-1167-9103","4","266","5","I4210164255","RU","5","False","True"
"A5056325404","Abdullah Mujahid","0000-0001-5548-7694","1","280","1","I87482320","PK","1","False","True"
"A5063528156","Ricard Durall","0000-0002-1471-7980","9","733","42","I3019415892","DE","6","False","True"
"A5061854091","TaeWoo Kim","0000-0003-3040-4092","7","621","19","","","14","False","False"
"A5008824968","Smith K. Khare","0000-0001-8365-1092","31","2581","67","I177969490","DK","12","False","True"
"A5039264977","Shaymaa Taha Ahmed","0000-0002-4986-2475","8","157","19","","","7","False","False"
"A5061219746","Najmeh Razfar","","5","186","12","","","5","False","False"
"A5010225522","Jeffrey Pennington","","32","37370","94","","","19","False","False"
"A5102027565","Zitao Zeng","0000-0002-1107-1782","4","410","8","I4210098361","CN","11","False","True"
"A5002289420","Hail Jung","0000-0002-8376-2101","11","402","37","I118373667","KR","6","False","True"
"A5112542638","Chengli Hou","","1","42","1","I141649914","CN","1","False","True"
"A5023585928","Hassan El-Khatib","","4","177","8","I61641377","RO","22","False","True"
"A5043042273","Jurgita Kapočiūtė-Dzikienė","0000-0002-8402-4549","11","519","64","","","16","False","False"
"A5100778121","Hanyu Zhang","0000-0002-4728-7702","18","905","70","I179060312","CN","16","False","True"
"A5051518520","Adit B Sanghvi","","2","105","3","I4210098814","US","2","False","True"
"A5035908164","Tao Dong","0000-0003-0555-2720","25","1779","121","I142108993","CN","24","False","True"
"A5016375501","Peter Rubbens","0000-0001-5595-4758","15","875","37","","","11","False","False"
"A5028507567","Fahed Jubair","0000-0002-9311-807X","9","404","27","","","13","False","False"
"A5039378045","Soichiro Kuwayama","0000-0001-7758-6327","7","193","24","I33858575","JP","14","False","True"
"A5091718585","Alessandro Abate","0000-0002-5627-9093","40","6008","433","I40120149","GB","22","True","True"
"A5075941954","Yehia Ibrahim Alzoubi","0000-0003-4329-4072","20","1390","66","I2803079837","KW","16","False","True"
"A5104063852","Xiaomei Zhou","","2","72","23","I157773358","CN","19","False","True"
"A5085823404","Dharmaveer Singh","0000-0002-0017-2764","16","771","65","I244572783","IN","14","False","True"
"A5045324494","Zanariah Zainudin","0009-0006-8042-2562","5","116","23","","","14","False","False"
"A5077768594","Raphael Reher","0000-0002-5858-1173","23","2922","54","I161103922","DE","11","False","True"
"A5022913430","Richa Agarwal","0000-0003-3896-8175","4","350","9","I251424209","ES","10","False","True"
"A5028312728","Mohammad Ali Kadampur","0000-0001-6112-9033","6","314","21","","","18","False","False"
"A5058161586","Zhidong Shen","0000-0002-4880-381X","13","873","66","I37461747","CN","23","False","True"
"A5001178553","Yassir Edrees Almalki","0000-0001-7046-5311","9","379","46","I47164929","SA","8","False","True"
"A5103119148","Md Johirul Islam","0000-0003-0034-9395","5","188","18","","","9","False","False"
"A5077486846","Zeina Rayan","0000-0002-3101-3635","3","92","7","I107720978","EG","6","False","True"
"A3164521616","Mohamed-Amine Lahmeri","0000-0002-3086-8930","0","0","1","","","1","False","False"
"A5043446571","Adedamola O. Adedoja","","2","81","2","I137616099","ZA","3","False","True"
"A5054198241","Nehal M. Ali","0000-0001-8543-6660","4","125","9","I895027328","EG","5","False","True"
"A5072381512","Guowei Dong","0000-0002-2544-4818","15","1674","63","I2898894","CN","25","False","True"
"A5100370357","Jian Wang","0000-0001-7430-1218","32","4508","179","I134687103","CN","45","False","True"
"A5052296386","Huiqun Hong","","2","121","3","","","6","False","False"
"A5057827756","Hafiz Suliman Munawar","0000-0001-8492-0274","29","3231","58","I31746571","AU","9","False","True"
"A5100642156","Yong Zhang","0000-0003-4997-698X","22","2501","301","I139759216","CN","27","True","True"
"A5043165214","Anil Kumar","0000-0001-6675-1657","35","3841","170","I146620803","CN","58","False","True"
"A5005199865","Wei Feng","0000-0001-6997-926X","23","2136","174","I1294606314","CN","36","False","True"
"A5045228755","Tao Shan","0000-0003-4155-3851","16","873","78","I178169726","US","22","False","True"
"A5008352499","Alanazi Rayan","0000-0002-7559-0493","11","450","31","","","8","False","False"
"A5037408402","Jinsi Jose","0000-0002-4691-6474","4","94","10","I43663321","IN","9","False","True"
"A5070971176","Qi Yang","0009-0005-3198-1619","23","2506","102","I126520041","CN","29","False","True"
"A5034565243","Kuldoshbay Avazov","","6","271","7","I12832649","KR","4","False","True"
"A5075980331","Joshua C.O. Koh","0000-0002-3678-4789","7","260","13","","","10","False","False"
"A5018113933","Gil Cohen","0000-0002-1173-0338","17","1050","150","I23973178","IL","59","False","True"
"A5024597650","Samira Abbasgholizadeh Rahimi","0000-0003-3781-1360","18","1824","112","I2801766832","CA","21","False","True"
"A5041640551","Gousia Habib","0000-0002-4773-3733","7","549","29","","","6","False","False"
"A5032120530","Han‐Wei Liu","0000-0001-9135-4258","15","685","79","I79891267","SG","42","False","True"
"A5000422665","Benjamin van Giffen","0000-0001-6753-8399","6","297","31","I184656255","LI","6","False","True"
"A5018806075","Thien Van Luong","0000-0002-4661-4900","13","616","56","","","9","False","False"
"A5043199158","Erik Hermann","0000-0003-0895-3562","13","960","30","I94271068","DE","8","False","True"
"A5053638739","Prashant Kumar Shukla","0000-0002-3092-2415","33","3868","138","I191972202","IN","24","False","True"
"A5085031675","Faisal Mehmood","0000-0002-8350-679X","16","816","116","I12832649","KR","16","False","True"
"A5056029940","James Johnson","0000-0002-5203-8583","18","3483","125","","","199","False","False"
"A5031769250","Ravi B. Parikh","0000-0003-2692-6306","29","4090","263","I132943300","US","15","True","True"
"A5054352329","Suresh Narayanan","0000-0003-1195-323X","24","1950","107","I139322472","MY","49","False","True"
"A5021081864","Minh‐Quang Tran","0000-0002-6828-2679","19","1876","48","I4210115718","VN","45","False","True"
"A5112613441","Paul Dütting","","16","833","114","I4210100430","CH","17","False","True"
"A5007963696","Xu Yang","0000-0003-0553-4581","19","1669","153","I1335486098","US","35","False","True"
"A5111123930","Dimple Patil","0000-0002-8302-0888","11","370","51","","","57","False","False"
"A5108273467","Hee-Jin Yu","","2","315","2","I193775966","KR","1","False","True"
"A5049876834","Andrea Grisafi","0000-0003-1433-125X","13","1534","36","I1294671590","FR","10","False","True"
"A5032352229","Hossein Sharifi-Noghabi","0000-0003-0515-9267","6","573","16","I18014758","CA","5","False","True"
"A5054753083","Vatsala Anand","0000-0001-6143-250X","21","2260","212","I3132890203","IN","17","True","True"
"A5006226108","Tai-Yu Ma","0000-0001-6900-098X","16","975","95","","","19","False","False"
"A5101518389","Xudong Song","0000-0002-0095-5726","11","624","40","","","22","False","False"
"A5084203907","Sandra Śmigiel","0000-0003-2459-5494","7","351","20","I1300393620","PL","11","False","True"
"A5019441664","Ahatsham Hayat","","7","288","22","","","7","False","False"
"A5101638637","Yuanyuan Jin","0000-0003-3583-5668","22","1561","140","I14243506","HK","21","False","True"
"A5001875800","Friedemann Zenke","0000-0003-1883-644X","27","6920","88","I1850255","CH","18","False","True"
"A5041073447","Mashael Aldayel","0000-0001-6054-4534","10","566","26","I28022161","SA","15","False","True"
"A5007030707","David Ahmedt‐Aristizabal","0000-0003-1598-4930","16","1183","68","I1292875679","AU","15","False","True"
"A5109559930","Nguyen Hoang Nguyen","","4","147","11","I79775147","VN","18","False","True"
"A5071736086","Xiaofeng Zou","0000-0002-5823-6345","15","1202","104","I170215575","CN","20","False","True"
"A5004864381","Sheng How Kong","","1","118","1","I139322472","MY","1","False","True"
"A5087895775","Ye Sang","0009-0009-8002-7070","12","1842","30","I161350542","CN","8","False","True"
"A5063912062","Chetana Srinivas","","8","460","17","","","28","False","False"
"A5033706666","Shuqing Gao","0000-0002-8542-0332","8","506","29","","","22","False","False"
"A5012477529","Ronald Workman","","15","32376","40","I193531525","US","48","False","True"
"A5036558091","Tao Lei","0000-0002-2104-9298","34","5011","153","I200845125","CN","19","False","True"
"A5090515197","Hernán Lira","0000-0002-5155-587X","4","212","18","I4210128776","CL","9","False","True"
"A5035952625","Md. Habibur Rahman","0000-0002-7705-984X","16","1051","81","","","37","False","False"
"A5090573416","Weiming Xiang","0000-0001-9065-8428","31","3685","168","I25041050","US","22","False","True"
"A5091836978","Erlong Zhao","","9","401","26","","","17","False","False"
"A5000262821","Hui Kwon Kim","0000-0003-0694-9244","11","2039","17","","","12","False","False"
"A5026847903","Ashok Kumar","0000-0003-3279-5111","17","1004","100","I206935292","SA","37","False","True"
"A5029715787","Svetlana Borovkova","0000-0001-6585-999X","16","1161","62","I865915315","NL","28","False","True"
"A5039400990","Pooja Raundale","","8","232","24","","","9","False","False"
"A5089570143","Yalin E. Sagduyu","0000-0003-1576-5527","35","4809","264","","","23","True","False"
"A5079845726","Haoliang Jiang","","11","645","25","I152269853","CN","19","False","True"
"A5078261567","Fanar Emad Khazaal Al-Khuzaie","0000-0001-5632-6569","3","98","5","I166455938","IQ","8","False","True"
"A5028132157","Saikiran Bulusu","0000-0002-4594-4844","6","290","22","I52357470","US","12","False","True"
"A5065934463","Rijwan Khan","0000-0003-3354-3047","18","1099","93","","","51","False","False"
"A5049149140","Ahmed Faris Amiri","0009-0002-6538-428X","4","213","9","I4210145508","DZ","3","False","True"
"A5051934901","M. Hossein Eybposh","0000-0002-3934-1609","5","345","20","I114027177","US","8","False","True"
"A5043984873","Jianxiong Pan","0000-0002-6969-1407","11","629","34","I125839683","CN","12","False","True"
"A5042581267","Zhisheng Chen","0000-0002-0854-2547","25","2143","143","I165143802","AU","28","False","True"
"A5089450858","Zhenlong Man","0000-0003-1974-9890","8","403","22","I176808543","CN","7","False","True"
"A5057617953","Sahrish Khan","0000-0002-0741-5861","6","374","14","","","10","False","False"
"A5065119769","Samad M. E. Sepasgozar","0000-0003-2568-3111","45","7484","214","I31746571","AU","14","True","True"
"A5078219264","Kian Long Tan","","5","632","6","I173029219","MY","3","False","True"
"A5039890833","Galena Pisoni","0000-0002-3266-1773","12","590","57","","","15","False","False"
"A5055989962","Dongguang Li","0000-0001-7959-2173","25","3641","181","I166722992","US","30","False","True"
"A5065366456","Lazaros Tsochatzidis","0000-0002-4634-7419","11","816","32","I147962203","GR","14","False","True"
"A5047991266","Nada M. Abdalgawad","0000-0002-0543-9165","2","126","3","I199440890","AE","5","False","True"
"A5058410906","Qiyuan Hu","0000-0002-3326-6441","15","1138","64","I183067930","CN","9","False","True"
"A5100668320","Jiarui Chen","0000-0002-8301-1703","9","326","30","I9842412","CN","15","False","True"
"A5039405967","İbrahim Kök","0000-0001-9787-8079","10","595","46","I149218525","TR","17","False","True"
"A5064221386","Yuanyuan Wei","0000-0003-2504-0829","15","1444","72","I10660446","CN","21","False","True"
"A5091518967","Tianfei Zhou","0000-0001-5475-1473","35","4606","114","I102208913","CN","24","False","True"
"A5014760338","Ke Niu","0000-0003-1004-3613","10","430","50","I78675632","CN","15","False","True"
"A5101451920","Laura Stevens","0000-0002-1770-9556","12","869","25","I1281833243","US","27","False","True"
"A2804916753","Seyed Ali Osia","0000-0001-7613-5292","2","284","2","","","1","False","False"
"A5078566421","Petar Radanliev","0000-0001-5629-6857","29","2450","159","I125680101","GB","12","True","True"
"A5005106697","Kasara Sai Pratyush Reddy","","1","184","1","I138535024","IN","1","False","True"
"A5100457097","Xiaomei Wang","0000-0003-4990-3553","15","542","46","I17145004","CN","38","False","True"
"A5100770462","Jie Zhou","0000-0002-2589-0164","26","2522","177","I116953780","CN","38","False","True"
"A5084999558","Zongrui Pei","0000-0003-0748-4629","25","3062","93","I57206974","US","15","False","True"
"A5044125163","Pablo Hernández","0000-0003-0646-9144","2","97","7","I4210099336","US","14","False","True"
"A5034447869","Yara Alghofaili","0000-0002-6432-136X","5","287","5","I156216236","SA","4","False","True"
"A5042224421","Rebecca Marrone","0000-0002-9218-4120","13","1109","46","I170239107","AU","9","False","True"
"A5034373840","Zhenxiang Luo","","6","212","17","I4210114974","BE","28","False","True"
"A5041535967","Axel Seifert","0000-0001-9760-3550","38","8197","213","","","26","False","False"
"A5032785756","Thanh Tran","0000-0002-8262-2414","9","400","70","","","31","False","False"
"A5050282259","Alan Alexander","","8","353","53","","","70","False","False"
"A5072757778","Yi Yang","0000-0002-1330-9985","27","2531","161","I168879160","CN","47","False","True"
"A5076151257","Vimal Kumar","0000-0003-4548-5120","12","509","68","I155125381","IN","20","False","True"
"A5032420295","Shahzad Muzaffar","0000-0001-9237-1148","26","12679","91","I14916453","UZ","26","False","True"
"A5009688412","Rishi Desai","0000-0003-0299-7273","54","10475","410","I1283280774","US","31","True","True"
"A5024146798","Hythem Sidky","","14","989","41","","","7","False","False"
"A5103723886","Jack H. Collins","","10","969","22","I2801935854","US","12","False","True"
"A5050418323","Supriyo Mandal","0000-0002-1310-7291","7","147","15","","","11","False","False"
"A5065854845","Shuangming Yang","0000-0002-8044-0860","31","3388","120","I162868743","CN","23","False","True"
"A5001895103","Mathias Risse","0000-0003-0355-3025","32","3230","255","","","29","False","False"
"A5055825885","Gabriel Fabien‐Ouellet","0000-0002-1849-3718","10","433","61","I45683168","CA","13","False","True"
"A5051004995","Tianyi Zhao","0000-0003-1913-081X","20","1615","87","I204983213","CN","16","False","True"
"A5017862049","Joaquín Figueroa Barraza","0000-0001-9701-8124","5","137","8","I17974374","BR","5","False","True"
"A5039315967","Laohu Yuan","0000-0003-2664-1829","5","230","10","","","8","False","False"
"A5010030193","Dinesh Behera","0000-0003-0187-7800","10","428","27","I57206974","US","21","False","True"
"A5060180208","Konstantinos Paraskevoudis","","2","182","2","","","2","False","False"
"A5016959511","Vishal Goar","0000-0002-2267-6912","9","325","61","","","16","False","False"
"A5010472148","Faqian Guan","0000-0002-5701-8311","3","64","13","I3124059619","CN","8","False","True"
"A5054173368","Daniele Ielmini","0000-0002-1853-1614","81","25160","511","I93860229","IT","30","True","True"
"A5003289617","Shahriar Faghani","0000-0003-3275-2971","21","3446","99","I1330342723","US","6","True","True"
"A5064307543","Atheer Bassel","0009-0000-1962-118X","3","146","10","I27768575","IQ","8","False","True"
"A5107410257","Marcantonio Catelani","0000-0002-9537-9724","33","3310","289","I45084792","IT","38","False","True"
"A5028420890","Michael Köhler","0000-0002-2799-6798","42","8035","422","I3132465597","DE","65","False","True"
"A5043725008","Jacob Kauffmann","0000-0003-2667-513X","5","248","7","","","6","False","False"
"A5030414414","Habiba Arshad","","5","291","6","I192891849","PK","7","False","True"
"A5044526911","Sadia Arooj","","2","116","2","I200749728","PK","3","False","True"
"A2700521011","Elena Cuoco","","2","173","9","","","1","False","False"
"A5034860294","Thomas Guillod","0000-0003-0738-5823","26","2022","64","I107672454","US","47","False","True"
"A5040005782","Zeli Guan","0000-0002-8822-0897","6","182","40","I139759216","CN","7","False","True"
"A5110692025","S. R. Nandakumar","","19","2398","38","I4210126328","CH","9","False","True"
"A5073768392","Xiaojun Jin","0000-0001-5087-6877","10","587","37","I16295237","CN","25","False","True"
"A5086577635","Rubina Sarki","0000-0001-5018-9567","8","659","11","I71270174","AU","8","False","True"
"A5100421717","Yi Li","0000-0003-1334-9183","4","154","15","","","23","False","False"
"A5036004261","Mohammad Kazim Hooshmand","0000-0002-7840-7383","4","228","8","I19008122","IN","5","False","True"
"A5063528590","Xin Shu","0000-0002-1457-6487","10","444","37","I170215575","CN","21","False","True"
"A5100433327","Zhenyu Yang","0000-0002-6588-3014","5","368","31","I99043593","AU","15","False","True"
"A5069261009","Shachi Mall","0000-0002-4443-4885","5","159","14","","","13","False","False"
"A5033213947","Isil Erel","0000-0001-6347-3567","28","4195","107","","","20","False","False"
"A5024074396","Ali I. Siam","0000-0002-7242-5281","12","624","30","I130309236","EG","11","False","True"
"A5100402100","Yu Chen","0000-0003-1158-303X","8","226","25","","","16","False","False"
"A5100932875","Zhichun Guo","","13","768","47","","","21","False","False"
"A5048439332","Yi Luo","0000-0002-7447-3885","22","5667","112","I19820366","CN","26","False","True"
"A5012042192","Elham Rafiei-Sardooi","","8","993","13","I112536369","IR","7","False","True"
"A5080157553","Peixian Gong","","3","72","4","I24943067","CN","2","False","True"
"A5080668718","Alim Al Ayub Ahmed","0000-0003-4836-5423","21","1484","107","","","17","False","False"
"A5017407475","Ahmad Naeem","0000-0001-9705-386X","14","948","31","I4210129773","NP","6","False","True"
"A5002843500","Mario Geiger","0000-0001-5433-0900","21","2859","57","","","62","False","False"
"A5065663195","Carrie J. Cai","0000-0001-9421-7128","28","5678","67","I1291425158","US","14","False","True"
"A5007276088","Fatemeh Ghobadi","0000-0001-6207-1590","6","262","12","I35928602","KR","11","False","True"
"A5022275925","Ahmed Abdelhameed","0000-0002-9970-2517","12","619","35","I2802864460","US","23","False","True"
"A5100341613","Zhihao Chen","0000-0002-1803-7376","7","169","17","","","16","False","False"
"A5012913879","Mohammad Amin Nabian","0000-0003-1824-4217","11","739","37","I4210127875","US","12","False","True"
"A5046184214","John Powell","0000-0002-1456-4857","56","14588","511","I40120149","GB","286","False","True"
"A5014011120","Mario Pérez-Gomariz","0000-0003-1099-5219","2","53","5","","","6","False","False"
"A5087493208","Gang Xu","0000-0001-9875-051X","31","3521","319","I153473198","CN","41","False","True"
"A5026481672","Alfredo Nascita","0000-0002-7395-4222","8","450","20","","","5","False","False"
"A5074902886","Min-Jen Tsai","0000-0002-3142-9921","19","1185","93","I148366613","TW","46","False","True"
"A5037398393","Subhankar Roy","0009-0008-2395-8111","13","1263","49","","","9","False","False"
"A5060394018","Pengcheng Jiao","0000-0002-9577-3828","32","4915","193","I148128674","CN","23","False","True"
"A5067855869","Rebecca Charow","0000-0002-8553-4006","18","1000","61","I1325899441","CA","14","False","True"
"A5013871544","Simon B. Goldberg","0000-0002-6888-0126","47","9703","234","I135310074","US","28","False","True"
"A5033791540","Sydney Thompson","","3","75","4","I32971472","US","6","False","True"
"A5025237433","Bum‐Joo Cho","0000-0002-0244-388X","22","1562","81","I4210159787","KR","20","False","True"
"A5060762708","Bingnan Han","0000-0002-3511-3481","6","249","14","I63966007","US","6","False","True"
"A5036892535","Francesco Rundo","0000-0003-1766-3065","25","1922","140","","","22","False","False"
"A5087823737","Batool Lakzaei","0000-0001-6906-4086","3","42","6","","","5","False","False"
"A5058755242","Ye Tian","0000-0002-3487-5126","45","12316","172","I143868143","CN","15","True","True"
"A5087014859","Radamanthys Stivaktakis","0000-0002-9481-2485","2","105","2","I142617266","GR","2","False","True"
"A5028975396","Feng Feng","0000-0002-3569-8782","31","3784","275","I162868743","CN","30","False","True"
"A5076592473","Antonios Makris","0000-0003-0514-4292","15","810","71","","","18","False","False"
"A5078743663","Alex Shenfield","0000-0002-2931-8077","15","1314","63","I71422933","GB","23","False","True"
"A5044676254","Christopher C. Price","0000-0002-4702-5817","12","664","22","","","11","False","False"
"A5101507341","Xin Guo","0000-0003-4153-4642","13","675","88","I198645480","CN","17","False","True"
"A5062522283","Zitong Yu","0000-0001-6505-3304","35","4645","200","I135836153","CN","14","True","True"
"A5100690519","Bing Han","0000-0002-6526-4432","12","926","71","","","22","False","False"
"A5067423247","Dai Quoc Nguyen","0000-0001-8271-4485","14","1499","49","","","16","False","False"
"A5079887750","K. Lakshmi Narayanan","","19","1098","93","I145286018","IN","38","False","True"
"A5047961069","Weichi Yao","0000-0002-3412-5317","7","197","18","","","7","False","False"
"A5064230639","Sanjit A. Seshia","0000-0001-6190-8707","63","14720","427","I134446601","US","27","True","True"
"A5074611888","Rameshwar Dubey","0000-0002-3913-030X","71","25193","183","I4210131537","FR","17","True","True"
"A5037675893","Yuxing Tang","0000-0002-6452-2751","21","2009","100","I160354086","CN","31","False","True"
"A5061921174","Zenghua Ren","0000-0001-7142-0334","5","97","7","I183067930","CN","4","False","True"
"A5048071187","Theodoros Georgiou","0000-0001-8211-0569","11","1322","73","I55905543","CY","26","False","True"
"A5065262986","Nan Wu","0000-0001-8291-4292","9","567","41","I179060312","CN","20","False","True"
"A5011130748","Wazir Muhammad","0000-0002-0240-2930","14","929","84","I4210158169","US","66","False","True"
"A5074817051","Pedro R. Palos‐Sánchez","0000-0001-9966-0698","35","3708","142","I79238269","ES","27","False","True"
"A5000632390","Miquel Alfaras","0000-0002-8942-5843","10","658","20","","","8","False","False"
"A5040860853","Jongmin Han","0000-0003-0800-5925","6","128","9","","","4","False","False"
"A5068663980","Dimitrios Buhalis","0000-0001-9148-6090","97","48576","599","I9300472","GB","33","True","True"
"A5019228661","Nadia Muhammad Hussain","0000-0001-6572-7698","3","80","6","I188760350","IE","3","False","True"
"A5084615185","Xisuo Ma","0000-0003-2605-3904","4","292","5","I125839683","CN","3","False","True"
"A5056031186","Giovanni Costantini","0000-0001-8675-5532","23","1591","222","I116067653","IT","36","False","True"
"A5100395591","Bin Liu","0000-0003-3685-9469","56","10907","208","I125839683","CN","67","False","True"
"A5090386967","Sandro Augusto Magalhães","0000-0002-3095-197X","13","658","44","I4210166615","PT","19","False","True"
"A5041950000","Kaisa Liimatainen","0000-0002-9893-0278","7","3196","11","","","8","False","False"
"A5002617967","Keunyoung Jang","0000-0001-7471-5138","7","524","16","I28777354","KR","19","False","True"
"A5009619796","K. P. Rasheed Abdul Haq","0000-0002-8649-2725","4","160","6","I4210144604","IN","7","False","True"
"A5014565061","Hamed Nozari","0000-0002-6500-6708","23","1864","123","I4210124555","AE","13","False","True"
"A2128049376","Boah Kim","0000-0001-6178-9357","2","256","8","","","1","False","False"
"A5100424288","Min Zhou","0000-0002-4088-1266","10","373","46","I2250955327","CN","31","False","True"
"A5028585856","Alvin J. K. Chua","0000-0001-5242-8269","40","14811","125","I165932596","SG","14","False","True"
"A5040156230","Martin Májovský","0000-0001-7725-5181","15","810","72","I21250087","CZ","13","False","True"
"A5064851393","Ghulam Hussain","","6","212","11","","","6","False","False"
"A5063572107","Yongsik Sim","0000-0003-2711-2793","8","385","29","I2802194831","KR","7","False","True"
"A5100771498","Yanbin Li","0000-0002-4142-7743","77","21059","788","I108160477","CN","34","True","True"
"A5057929288","Balakrishnan Ramalingam","0000-0002-3243-9814","18","1168","111","I876193797","IN","19","False","True"
"A5101652862","Yu Guo","0000-0002-5489-8288","12","575","66","I4210105595","PL","24","False","True"
"A5064081550","Nebojša Bačanin","0000-0002-2062-924X","59","10677","531","I170253739","RS","16","True","True"
"A5110807867","Ali Salah Hashim","","7","395","13","I126633494","IQ","10","False","True"
"A5039615570","Hongkai Dai","0000-0002-6131-3620","17","2124","45","I4391768151","","13","False","True"
"A5034383475","Shang Jiang","0000-0002-0665-8693","10","655","28","I199305430","CN","7","False","True"
"A3002304911","Ahmed W. Moawad","0000-0001-6860-1513","2","90","2","","","1","False","False"
"A5062940935","Lisa Linville","0000-0003-1319-1056","7","284","53","I4210104735","US","26","False","True"
"A5071043120","Eissa Jaber Alreshidi","","10","698","31","I4210088963","SA","11","False","True"
"A5023108032","Xinhua Liu","0000-0003-4577-2250","20","1759","170","I154341788","CN","28","False","True"
"A5001419875","David Ha","0000-0001-8765-8574","14","1820","42","I67900169","KR","20","False","True"
"A5071685762","I. Jeena Jacob","0000-0001-6706-1017","14","783","71","","","20","False","False"
"A5021879917","Bifta Sama Bari","0000-0001-6102-1823","13","1543","42","","","7","False","False"
"A5007371750","Thi Thu Em Vo","","4","295","4","I4210144900","VN","2","False","True"
"A5033247026","Srikanth Namuduri","0000-0002-6539-2709","7","474","14","I19700959","US","7","False","True"
"A5100369544","Haoyang Li","0000-0003-3164-8240","17","1123","55","I157773358","CN","10","False","True"
"A5050088824","Zachary Ravichandran","","3","64","14","I79576946","US","4","False","True"
"A5071692760","Zhe Shi","0000-0001-9282-8881","23","3110","139","I10660446","CN","37","False","True"
"A5100441049","Xiao Liu","0000-0002-0205-9212","25","4119","166","I149704539","AU","34","False","True"
"A5080031358","Soumia Zohra El Mestari","0000-0002-1399-605X","2","92","7","","","4","False","False"
"A5113681529","Waqas Haider Bangyal","","22","1717","60","","","16","False","False"
"A5032847124","Li Caiwen","0009-0006-8341-965X","2","50","5","I177388780","CN","4","False","True"
"A5019398608","Jinbo Xu","0000-0001-7111-4839","53","15434","302","I20231570","CN","30","True","True"
"A5062804910","Md Saifullah Razali","","3","106","8","","","8","False","False"
"A5100640305","Shiyuan Wang","0000-0002-8898-2234","16","932","43","","","12","False","False"
"A5103085795","Huy Truong","0009-0006-9079-321X","3","31","8","I169381384","NL","3","False","True"
"A5044860088","Kavitha Palaniappan","0000-0003-4008-6059","12","972","53","I4210126319","SG","37","False","True"
"A5021809111","Phoebe Lin","0000-0002-2918-5470","37","4490","172","I1316902750","US","38","False","True"
"A5100407434","Dong Li","0000-0002-3758-7218","24","1782","147","I156087764","US","30","False","True"
"A5024129605","Lei Tao","0000-0002-8285-1356","14","1222","43","","","27","False","False"
"A5049741188","Sarang Sharma","0000-0003-1129-297X","5","290","8","I4210159729","IN","6","False","True"
"A5101770808","V. Sudha","","6","183","43","","","44","False","False"
"A5100328344","Shuai Wang","0000-0003-2008-2384","6","242","9","I163340411","CN","5","False","True"
"A5037062152","Shuo Jiang","0000-0001-5970-7949","10","697","36","I168719708","HK","28","False","True"
"A5100719013","Min Li","0000-0002-0188-1394","62","15181","789","I108688024","CN","27","True","True"
"A5068230284","Amanda Ramcharan","","8","705","82","I4210166400","FR","13","False","True"
"A5113000830","Senthil Kumar Jagatheesaperumal","","18","1479","104","","","10","True","False"
"A5001647002","Keith A. Brown","0000-0002-2379-2018","41","5898","218","I111088046","US","54","False","True"
"A5010952532","Farzin Kazemi","0000-0002-2448-1465","26","2104","54","","","26","False","False"
"A5075949420","Vanja Korać","0000-0002-8433-2621","1","72","27","","","20","False","False"
"A5027718572","Will Orr","0000-0002-6720-5794","5","191","8","I1174212","US","6","False","True"
"A5100750262","Zhijian Liu","0000-0003-1841-2671","52","10432","640","I10660446","CN","41","True","True"
"A5005751586","Jiajun Cai","0000-0002-9316-7568","9","1228","12","I177725633","HK","7","False","True"
"A5061670427","Anne Dattilo","0000-0002-1092-2995","5","131","22","","","7","False","False"
"A5102218123","Zhuo Sun","0009-0003-5026-5947","5","167","24","I162868743","CN","25","False","True"
"A5111408013","Jianwu Long","","14","591","66","I50632499","CN","46","False","True"
"A5100717646","Jiaxing Wang","0000-0002-1296-1621","6","333","29","","","25","False","False"
"A5065327460","Edgar Iván Sánchez Medina","0000-0001-5413-2795","7","234","34","I4210127568","DE","41","False","True"
"A5043699845","Christiane Gresse von Wangenheim","0000-0002-6566-1606","30","3378","235","I4104125","BR","29","False","True"
"A5003629376","Caroline A. Nelson","0000-0002-0863-6797","21","1759","92","I32971472","US","29","False","True"
"A5087347221","Garima Bhardwaj","0000-0001-6839-696X","23","1229","98","I4210099752","IN","40","False","True"
"A5065337969","Irfan Ullah","0000-0001-9254-6665","18","1153","57","I116953780","CN","15","False","True"
"A5080103470","Cheng-Sheng Yu","0000-0002-3334-0816","9","296","38","I47519274","TW","21","False","True"
"A5027687139","Zhichao Lu","0000-0002-4618-3573","25","3200","142","I168719708","HK","19","False","True"
"A5082908200","Tao Lin","0000-0001-9386-7858","12","457","59","I130343225","MY","55","False","True"
"A5101412768","Shichang Zhang","0000-0003-0954-5018","8","157","22","","","17","False","False"
"A5101736823","Zan Gao","0000-0001-6970-491X","20","1465","83","I134738993","CN","24","False","True"
"A5035951898","David Jungwirth","0000-0002-4834-8909","15","932","36","I76134821","AT","17","False","True"
"A5048843335","Xiaofei Chao","0000-0002-7828-482X","3","165","3","I89652312","CN","4","False","True"
"A5030324361","Ayodeji Oseni","0000-0001-6535-8730","1","143","1","I188329596","AU","1","False","True"
"A5085372861","Jinghan Zeng","0000-0003-1704-5603","22","1769","66","","","16","False","False"
"A5071407605","Matthew Young","0000-0002-9262-2346","12","851","52","I4210093100","US","33","False","True"
"A5031737525","S. Sumathi","","10","290","32","I2799761305","IN","15","False","True"
"A5102919557","Sung-Hee Jin","0000-0003-2145-4362","9","471","79","","","22","False","False"
"A5056050345","Marwa Keshk","0000-0001-5749-0408","15","1209","29","","","9","False","False"
"A5063408173","R. D. Seeja","","3","162","3","I4210108783","IN","5","False","True"
"A5081536362","Inzamam Mashood Nasir","0000-0002-3578-0081","14","620","30","I172574986","LT","6","False","True"
"A5028719733","Seyedeh M. Zekavat","0000-0003-4026-8944","46","8455","131","I107606265","US","11","True","True"
"A5051946528","Zhilu Chang","0000-0001-7744-4548","16","1420","26","","","9","False","False"
"A5030817787","Sunil Saha","0000-0002-2892-0656","40","4612","123","I33932797","IN","16","False","True"
"A5043091598","Bruno T. Kitano","","1","129","1","I80850581","BR","1","False","True"
"A5041460528","Patrik Sibolt","0000-0001-8621-7777","11","607","74","I2801827564","DK","12","False","True"
"A5003062842","Carmelo Corsaro","0000-0002-1497-8750","37","4694","158","I112862951","IT","45","False","True"
"A5063683767","Ayan Chatterjee","0000-0003-0407-7702","20","1576","188","I184531372","NO","74","False","True"
"A5021934286","S. Reema Sree","","3","61","3","I48018076","IN","1","False","True"
"A5089646974","Philippe Tillet","","7","1741","13","I4210161460","US","13","False","True"
"A5063405026","Pengfei Fan","0000-0002-2638-903X","7","781","32","I166337079","GB","10","False","True"
"A5080831166","Marko Toplak","0000-0003-4413-1603","9","2158","22","I153976015","SI","19","False","True"
"A5054557454","Daniel Cummings","","1","19","2","I1343180700","US","3","False","True"
"A5092498244","Zahedi Azam","0009-0000-7617-8030","1","161","1","I63169043","BD","1","False","True"
"A5037191476","Xinggang Wang","0000-0001-6732-7823","72","30758","443","I4210112595","CN","22","True","True"
"A5089834218","Hope Mbelwa","","4","79","6","","","4","False","False"
"A5071093011","Xin An","0000-0002-8080-1005","7","419","32","I43313876","CN","32","False","True"
"A5012068982","Paul Johannet","0000-0002-9264-8327","13","836","123","I1334819555","US","40","False","True"
"A5059061300","Jinchi Huang","","3","286","3","I4210095624","US","4","False","True"
"A5073957872","Muhammad Tahir Bhatti","0000-0002-9699-6716","3","291","3","I201384688","PK","2","False","True"
"A5069578368","Jason T. Smith","0000-0001-6675-5252","18","1384","90","","","28","False","False"
"A5026598513","Mariana Namen Jatobá","0000-0003-0102-6379","3","175","4","","","7","False","False"
"A5101809977","Priyanka Gupta","0000-0002-1907-0426","10","380","21","I63739035","IN","8","False","True"
"A5101464007","Yaqiong Zhang","0000-0002-7673-4591","17","988","41","I4210132841","CN","20","False","True"
"A5018830975","Tiago Domingues","0000-0002-7194-9710","2","205","2","I110026055","PT","1","False","True"
"A5007187612","Min Ki Baek","0009-0002-1801-3400","3","235","5","","","3","False","False"
"A5039817377","Roger Waleffe","0000-0002-3795-4997","5","87","28","","","9","False","False"
"A5051542220","Shumaila Aleem","","1","129","1","I173207729","PK","1","False","True"
"A5005311317","Feibo Jiang","0000-0002-0235-0253","15","860","55","I173759888","CN","19","False","True"
"A5104229304","S. Sriram","","3","259","6","","","8","False","False"
"A5064314449","S. Arivazhagan","","21","2736","209","","","31","False","False"
"A5111385169","Masanori Onishi","","10","555","46","I22299242","JP","58","False","True"
"A5075840329","W. Max Lees","0000-0002-8532-3807","2","96","3","I1321296531","US","5","False","True"
"A5063652253","Henock M. Deberneh","","6","266","14","I55302922","US","8","False","True"
"A5041489085","Pipat Thontirawong","","2","105","2","","","1","False","False"
"A5043809303","Ayenda Kemp","","3","160","61","I859038795","US","47","False","True"
"A5054026576","Sharaf J. Malebary","0000-0003-4339-3791","22","1812","68","I185163786","SA","10","False","True"
"A5056142969","Varad Vishwarupe","0000-0002-0372-814X","7","207","21","","","11","False","False"
"A5039116491","Hwa Jin Cho","0000-0002-2458-8529","25","2471","244","I2799865230","KR","55","False","True"
"A5056270264","Orhan Eroglu","0000-0003-3099-8775","8","500","21","","","14","False","False"
"A5012604520","Yi Shi","0000-0003-3575-4948","41","6666","290","I129708740","CN","36","False","True"
"A5044005697","Bernhard Schölkopf","0000-0002-8177-0925","142","144412","1436","I35440088","CH","37","True","True"
"A5063755349","Andrew Blance","0000-0003-1082-0654","6","311","7","I190082696","GB","4","False","True"
"A5057438082","Alexandra Chouldechova","0000-0002-2337-9610","21","2240","85","I74973139","US","15","False","True"
"A5086822364","M. R. Delavar","0000-0002-9654-6491","27","2083","178","","","25","False","False"
"A5048915209","Atsuko Tamashiro","","4","67","12","I4210151107","JP","23","False","True"
"A5042633934","Tomi Pitkäaho","0000-0001-7482-8976","11","640","47","I103547593","FI","17","False","True"
"A5015817476","C. Biscarat","0000-0002-1196-0643","89","45751","459","","","25","True","False"
"A5058529035","Sneha Grampurohit","","3","218","4","I3132975163","IN","2","False","True"
"A5006720439","Hongfeng Yu","0000-0002-8138-1372","33","3046","118","I19820366","CN","52","False","True"
"A5046809485","Amer Qasim","0000-0002-1818-9687","13","757","61","I12150220","IQ","16","False","True"
"A5112861803","Haibo He","","47","20446","140","","","20","False","False"
"A5058612594","Mohammed Amine El Mrabet","0000-0002-2644-8909","3","75","4","I4210108110","MA","4","False","True"
"A5064877617","Wejdan L. Alyoubi","","2","706","2","I185163786","SA","2","False","True"
"A5000522949","Wenju Du","0000-0003-4473-8130","8","294","29","I150229711","CN","18","False","True"
"A5078136609","Luc De Raedt","0000-0002-6860-6303","68","18503","696","I99464096","BE","56","True","True"
"A5011858380","Norio Yamamoto","0000-0002-7902-9994","15","1588","170","I10091056","JP","66","False","True"
"A5060428816","Zhiyuan Wan","0000-0001-7657-6653","12","869","44","I76130692","CN","15","False","True"
"A5029639020","Enis Gegić","0009-0007-3699-5651","2","130","4","","","6","False","False"
"A5076836164","Gebreab K. Zewdie","0000-0002-1797-8967","8","278","19","I130701444","US","8","False","True"
"A5072668597","Gökhan Aksu","0000-0003-2563-6112","11","516","56","","","28","False","False"
"A5069098428","Lucas Kohnke","0000-0001-6717-5719","24","2962","142","I4210086892","HK","15","False","True"
"A5034782639","George Lăzăroiu","0000-0002-3422-6310","34","4244","208","I107502644","RO","18","True","True"
"A5077589270","Ari Peryanto","","3","128","5","","","6","False","False"
"A5012105916","Benjamin Midtvedt","0000-0001-9386-4753","10","441","42","I881427289","SE","7","False","True"
"A5027116765","Fauzia Jabeen","0000-0002-3505-5955","39","4973","166","I117222138","AE","15","True","True"
"A5114235360","Maoxin Ji","","1","38","6","","","2","False","False"
"A5080715385","Muhammed Kürşad Uçar","0000-0002-0636-8645","15","735","84","I103703290","TR","57","False","True"
"A5065971749","Muhammad Wasimuddin","0000-0002-4367-7965","4","222","9","","","12","False","False"
"A5074455285","Samer Ellahham","0000-0003-1779-2414","32","4761","101","I1316902750","US","34","False","True"
"A5043997033","Mohamed Khaleel","0000-0002-3468-3220","19","1077","61","I173761726","TR","29","False","True"
"A5077089530","Haoke Qiu","0000-0003-4083-5507","8","231","20","I126520041","CN","7","False","True"
"A5077087174","Rasha Abbasi","0000-0001-6141-4205","59","13766","573","I1925986","US","24","True","True"
"A5005578078","Noor Saleh Alfaiz","","1","168","1","I142024983","SA","1","False","True"
"A5006004139","Mingxuan He","0009-0000-8646-5279","3","174","18","","","11","False","False"
"A5046668357","Feng Gao","0000-0002-1825-328X","31","4030","298","I157773358","CN","21","True","True"
"A5112961228","Mumtaz Ahmed","","4","94","15","","","12","False","False"
"A5088296414","Mohammed Saidul Islam","","3","160","18","","","7","False","False"
"A5110771712","Chang Xu","0000-0002-5659-6654","15","957","34","I154099455","CN","28","False","True"
"A5082484924","Maria Korshunova","0000-0003-4391-8228","4","228","6","","","4","False","False"
"A5007907980","Jesús Miguel Flores Vivar","0000-0003-1849-5315","9","634","105","","","22","False","False"
"A5108268424","Limeng Pu","0009-0002-1744-9325","12","607","39","I1313298211","US","12","False","True"
"A5064223784","Akber Raza","0000-0002-0365-2448","2","162","4","I103635307","US","2","False","True"
"A5028364603","Miao Yao","0000-0001-6563-060X","9","526","22","I154093214","CN","22","False","True"
"A5000058073","Trinayan Baruah","","8","273","15","","","11","False","False"
"A5065831982","Jinxin Xu","0000-0001-9025-1492","13","1461","84","I16365422","CN","34","False","True"
"A5004958526","Gaith Rjoub","0000-0002-7282-0687","17","1163","41","I60158472","CA","9","False","True"
"A5078362082","Lung‐Hao Lee","0000-0003-0472-7429","17","944","68","I148366613","TW","17","False","True"
"A5114173951","Kanil Patel","","8","236","14","","","23","False","False"
"A5057765100","Min Xu","0000-0002-7206-0059","27","8200","108","I125839683","CN","39","False","True"
"A5042192372","Andreas Jungherr","0000-0003-2598-2453","31","3795","134","","","17","False","False"
"A5029805698","Pradeep Kumar Mallick","0000-0002-1207-0757","32","7444","229","I67357951","IN","56","False","True"
"A5100699732","Shuyuan Zhang","0000-0002-9297-4333","15","1280","70","I133868755","CN","21","False","True"
"A5034796062","Steven Livingston","0000-0003-1974-8687","24","4560","140","I193531525","US","39","False","True"
"A5080584964","Kranthi Kumar Lella","0000-0001-7736-5321","10","447","33","I4210089305","IN","43","False","True"
"A5026283694","Mikhail Yurochkin","0000-0003-0153-6811","12","855","105","I4210151258","BY","9","True","True"
"A5069236857","Wu Hongping","","1","60","2","","","5","False","False"
"A5021672758","Ohoud Nafea","","6","247","8","I23075662","SA","10","False","True"
"A2810903903","Mohammad Mofatteh","0000-0002-2458-0447","2","200","6","","","1","False","False"
"A5105123623","Shiming Liu","0000-0002-1804-869X","5","302","10","I83791580","CN","7","False","True"
"A5065001783","Ji Lin","0000-0001-6053-4344","31","7820","85","I4210110987","US","20","False","True"
"A5014662198","Yazan Otoum","0000-0002-5500-3060","10","630","17","I86519414","CA","8","False","True"
"A5062027208","Lizhen Wu","0000-0002-8950-8198","9","446","69","I22716506","CN","28","False","True"
"A2552683554","Peter C. St. John","0000-0002-7928-3722","1","95","4","","","1","False","False"
"A5012422852","Supaporn Bunrit","","5","191","14","I82475049","TH","21","False","True"
"A5100727685","Nari Kim","0000-0002-9103-5473","14","852","75","","","28","False","False"
"A5018069499","Dieuwke Hupkes","","20","3370","99","","","13","False","False"
"A5025452062","Martin Than","0000-0001-9399-5227","48","8786","313","I2802773633","NZ","62","False","True"
"A5015086258","S. Anubha Pearline","0000-0003-0023-5523","4","162","12","I876193797","IN","7","False","True"
"A5090730336","Lu Jiang","0000-0003-0286-8439","41","7816","123","I74973139","US","15","False","True"
"A5028066599","Deyu Bo","0000-0003-2063-8223","8","899","15","I165932596","SG","5","False","True"
"A5043077840","Thomas M. Whitehead","0000-0002-1460-8979","12","1005","43","I1343180700","US","47","False","True"
"A5070203965","Derrick Bonafilia","","2","236","2","I2803092587","US","2","False","True"
"A5001236255","Gigi F. Stark","0000-0002-6658-3435","3","208","5","I32971472","US","5","False","True"
"A5033073680","Qiang Bai","0000-0002-2630-0090","12","1406","145","I151727225","CN","30","False","True"
"A5045314683","Xuan Yi","0000-0002-9416-289X","15","901","99","","","28","False","False"
"A5077296958","Prathamesh Kandpal","","2","69","2","","","1","False","False"
"A5026826190","Haohan Ding","0000-0001-7921-6629","8","281","21","I111599522","CN","10","False","True"
"A5006211525","Mathias S. Scheurer","0000-0002-9439-5159","28","2760","159","I100066346","DE","15","True","True"
"A5102760238","Van Nhan Nguyen","0000-0003-2515-5458","7","838","17","","","30","False","False"
"A5085900423","Pei Geng","0000-0002-8734-3182","4","66","6","I28006308","CN","4","False","True"
"A5057024077","Chia‐Tung Wu","0000-0002-5612-8607","5","257","17","I148366613","TW","10","False","True"
"A5038112353","Stefan Maetschke","0000-0002-9540-1717","16","1193","50","I4210146297","AU","20","False","True"
"A5063365839","Rishabh Sharma","0000-0002-6276-9961","23","2420","279","I189109744","IN","43","False","True"
"A5043685486","Anish Halimaa A.","","1","174","1","","","1","False","False"
"A5003943520","Duolin Wang","0000-0003-1649-460X","17","1857","66","I76835614","US","14","False","True"
"A5024328368","Yangtao Li","0000-0001-8840-7291","23","1356","56","I163340411","CN","14","False","True"
"A5030676394","Sadia Jamil","0000-0003-0524-7355","17","1030","79","I2801712768","PK","13","False","True"
"A5100435599","Jianguo Chen","0000-0001-5009-578X","35","4693","429","I157773358","CN","42","True","True"
"A5060025664","Volodymyr Kindratenko","0000-0002-9336-4756","23","2095","162","I157725225","US","32","False","True"
"A5044616364","Colin A. Grambow","0000-0002-2204-9046","16","1911","48","","","12","False","False"
"A5053184947","Omid Moztarzadeh","0000-0002-4768-2382","8","315","28","I21250087","CZ","18","False","True"
"A5013433350","Zhen Chen","0000-0002-9412-9774","24","3122","113","I4210086717","IN","33","False","True"
"A5001919662","Mowei Wang","0000-0001-9085-2247","11","782","35","I2250955327","CN","17","False","True"
"A5100341891","Hang Su","0000-0002-6877-6783","56","14988","413","I150229711","CN","34","True","True"
"A5080219134","Edgar Galván","0000-0001-8474-5234","23","2927","153","I157286207","IE","22","False","True"
"A5059862791","Gustavo Scalabrini Sampaio","0000-0003-1150-5584","2","126","6","I18167132","BR","11","False","True"
"A5025098840","Felix Teufel","0000-0003-1275-8065","13","2593","19","I124055696","DK","7","False","True"
"A5085550534","José Manuel Amigo","0000-0003-1319-1312","47","7155","218","I110594554","ES","30","False","True"
"A5006659912","Chengjuan Ren","0000-0002-9958-0476","5","110","10","","","6","False","False"
"A5082309905","Imme Ebert‐Uphoff","0000-0001-6470-1947","37","4508","160","I161675122","US","31","False","True"
"A5066394455","Safaa Laqtib","","5","111","10","","","10","False","False"
"A5022303724","Nikki Pelchat","0000-0001-7326-817X","2","97","2","I194028371","CA","2","False","True"
"A5007032334","N. Benjamin Erichson","0000-0003-0667-3516","17","1117","64","I1297971548","US","11","False","True"
"A5102954368","James Kirkpatrick","0000-0002-6344-8190","36","16583","67","I4210090411","GB","22","False","True"
"A5090128156","Victor Oliveira Santos","0000-0002-0436-2653","9","288","30","I79817857","CA","9","False","True"
"A5015293969","Saeid Nahavandi","0000-0002-0360-5270","87","34774","1374","I141945490","CA","35","True","True"
"A5076978179","Amritanand Sebastian","0000-0003-4558-0013","15","2790","39","","","23","False","False"
"A5049060236","James C Biard","0000-0002-2952-2828","7","380","33","","","35","False","False"
"A5024686854","Fahad Alshehri","0000-0001-5958-2621","26","2054","130","I156216236","SA","7","True","True"
"A2150315520","Yaoyi Chen","0000-0002-3603-4398","1","1","5","","","1","False","False"
"A5004139444","Afnan Nafees","0000-0002-7971-7455","11","750","13","I16076960","PK","5","False","True"
"A5002952341","Li Sun","0000-0002-8211-6124","23","1771","97","I157773358","CN","22","False","True"
"A5063580605","Ala Saleh Alluhaidan","0000-0001-6829-9705","18","932","98","I106778892","SA","13","False","True"
"A5103116091","Hiroshi Kuwajima","0000-0003-0731-8057","5","169","12","I114531698","JP","15","False","True"
"A5101937398","Yifei Sun","0000-0002-5346-5341","16","923","104","I17145004","CN","103","False","True"
"A5078299707","R. Nithya","","8","298","40","I876193797","IN","15","False","True"
"A5006163188","Ki-Sun Lee","0000-0002-6933-3589","13","872","37","I197347611","KR","36","False","True"
"A5023832609","Mark Sujan","0000-0001-6895-946X","29","2708","171","I1330855593","IN","27","False","True"
"A5090160831","Nathan C. Frey","0000-0001-5291-6131","21","3955","94","","","18","False","False"
"A5028891015","Adekanmi Adeyinka Adegun","0000-0001-7244-9665","17","1447","49","I877107187","GB","11","False","True"
"A5084350939","Muhammad Zeeshan Khan","0000-0002-7905-3345","12","542","41","","","14","False","False"
"A5017097972","Zihao Zhang","0000-0002-7950-7386","4","376","16","","","17","False","False"
"A5012030274","Zain Ul Abideen","0000-0002-8941-3615","9","443","123","I142016965","PK","26","False","True"
"A3183307178","Ardhendu Sekhar","0000-0002-5540-3208","1","153","1","","","1","False","False"
"A5079382054","Muhammad Usman Tariq","0000-0002-7605-3040","31","3412","275","I117222138","AE","15","True","True"
"A5100622643","Xing Gao","0000-0001-8458-7483","9","531","54","I163340411","CN","23","False","True"
"A5025500898","David M. Wilkins","0000-0003-3739-5512","20","3001","70","I126231945","GB","68","False","True"
"A5092444004","Christine Musanase","0000-0003-3032-173X","1","76","3","I4210087849","RW","2","False","True"
"A5062035392","Joshua Melton","0000-0001-9813-1049","2","42","12","","","6","False","False"
"A5085813694","Thair A. Salih","0000-0002-5501-515X","5","139","22","I4210143651","IQ","14","False","True"
"A5060498232","Gopi Battineni","0000-0003-0603-2356","33","4705","139","I112859197","IT","7","True","True"
"A5013589265","Junfei Chen","0000-0001-6660-7284","27","2898","226","I163340411","CN","24","False","True"
"A5095085064","Kazi Ahnaf Alavee","","2","39","2","I5518804","BD","2","False","True"
"A5001440226","Peilun Wu","0000-0002-4325-0507","6","219","15","","","5","False","False"
"A5101573507","Wenjin Zhang","0000-0003-4593-1936","20","1168","140","I184565670","US","29","False","True"
"A5005510538","Somayya Madakam","0000-0001-6708-2061","11","2600","42","","","12","False","False"
"A5100423076","Tiantian Wang","0000-0003-2352-5611","15","1878","65","","","17","False","False"
"A5066321568","Mengjia Qiao","0000-0001-8919-8647","10","419","28","I38877650","CN","8","False","True"
"A5066096821","Angel N. Desai","0000-0001-8962-9427","24","2651","129","I4210156829","US","20","False","True"
"A5043302116","Jingjing Gao","0000-0003-0792-4073","24","2702","178","I10535382","CN","20","False","True"
"A5039301888","Arjun Singh","0000-0002-3475-077X","24","5158","128","I166533956","IN","29","False","True"
"A5073276659","Hanyoung Go","","5","526","9","I114395901","US","14","False","True"
"A5062045775","Foyez Ahmed Prodhan","0000-0003-3109-0558","18","971","44","I80738882","BD","12","False","True"
"A5060304132","Balqis Al Braiki","","1","67","1","I201726411","AE","1","False","True"
"A5085977562","Rafia Nishat Toma","","11","979","22","I124386471","BD","10","False","True"
"A5007068402","Adven Masih","0000-0001-6124-9422","6","208","16","","","10","False","False"
"A5100758612","Qi Wang","0000-0002-6817-7967","10","879","66","I24185976","CN","35","False","True"
"A5025236262","Shruti Patil","0000-0002-4903-1540","30","3253","177","I1286490081","US","12","True","True"
"A5101666099","Kunlong Yang","0000-0001-5397-9433","2","136","10","","","18","False","False"
"A5091099679","Alexander Brauckmann","0000-0001-5774-3970","5","117","14","I98677209","GB","8","False","True"
"A5100663686","Weikang Wang","0000-0002-2780-0783","22","1207","78","I143413998","CN","23","False","True"
"A5009804879","Kathleen A. Gallo","0000-0002-9194-3498","33","4168","129","I7877124","DE","47","False","True"
"A5065696059","Wenliang Chen","0000-0003-4308-3128","45","10062","353","I148366613","TW","48","False","True"
"A5067011495","Ahmed Ahmim","0000-0001-5519-8868","12","696","31","","","15","False","False"
"A5102012406","Haibing Guo","0000-0002-7159-7778","22","1750","70","I4210154146","CN","33","False","True"
"A5028489262","Sumaiya Dabeer","0000-0002-8391-2501","2","201","2","","","1","False","False"
"A5081860651","Vibhor Kumar Vishnoi","0000-0002-6682-4171","5","603","10","","","6","False","False"
"A5100325829","Fei Li","0000-0002-4737-5710","42","6624","352","I137506752","CN","30","True","True"
"A5100753353","Chaoran Li","0009-0006-8386-0912","11","889","32","","","13","False","False"
"A5079807084","Asel Sagingalieva","0009-0009-3931-3702","8","269","18","","","4","False","False"
"A5063998320","Valma Prifti","0000-0002-1901-9831","5","111","15","I193184871","AL","12","False","True"
"A2102534008","Jun Qi","0000-0001-6709-2614","3","312","52","","","1","True","False"
"A5100877396","Xiang Feng","","4","106","23","","","24","False","False"
"A5055434640","Min‐Chi Chiu","0000-0001-5075-2997","5","157","7","I131948415","TW","4","False","True"
"A5059876393","Youjiang Gao","0000-0003-1122-1549","2","215","3","I90727586","CN","2","False","True"
"A5108271969","Jiangtan Yuan","","26","3043","45","I111979921","US","10","False","True"
"A5058580744","S. Manimurugan","","20","1444","76","I72264486","SA","16","False","True"
"A5044457743","Yassine Bouabdallaoui","0000-0002-5789-395X","3","192","4","I1294671590","FR","5","False","True"
"A5086483064","Othmane Friha","0000-0002-1160-2846","13","2223","15","I153718931","CA","5","False","True"
"A5066640453","Sara Anastasi","","8","402","41","","","38","False","False"
"A5033487036","Minglei Fu","0000-0002-4371-8667","14","813","126","I55712492","CN","20","False","True"
"A5110198018","Jón Danı́elsson","","38","5494","180","","","33","False","False"
"A5101583237","Hao Zhou","0000-0002-9111-9626","9","818","23","I116953780","CN","24","False","True"
"A5008573204","A. Möller","0000-0001-8211-8608","36","9374","180","I4210126807","AU","46","False","True"
"A5082752549","Ke Bu","0000-0002-9486-5982","1","140","1","I139759216","CN","1","False","True"
"A5071101282","Evan R. DeLancey","0000-0001-7131-2202","13","1058","23","I4210093491","CA","10","False","True"
"A5070923234","Faisal Karim Shaikh","0000-0003-4692-6696","18","2881","94","I180291457","PK","18","False","True"
"A5101878364","Yize Li","0000-0001-8566-8699","9","533","34","I177388780","CN","19","False","True"
"A5014421453","Paul Hill","0000-0001-7718-204X","18","1692","110","","","85","False","False"
"A5000315193","Viet‐Ha Nhu","0000-0003-1812-950X","26","2503","36","I29199639","VN","9","False","True"
"A5054111994","Mengxi Dai","0000-0001-7872-404X","7","394","11","I4210151703","CN","16","False","True"
"A5060556967","Anderson Monken","0000-0002-7137-6027","5","75","9","I1317239608","US","4","False","True"
"A5044851968","Abdullah Alanazi","0000-0001-8400-0742","12","700","99","I185163786","SA","13","False","True"
"A5046749893","Hector Mendoza","","2","202","2","I161046081","DE","4","False","True"
"A5055212062","Quang Hải Trương","0000-0003-3640-3672","9","523","33","I107672454","US","22","False","True"
"A5100710896","Tawsin Uddin Ahmed","0000-0002-2684-5955","5","241","10","I204778367","NO","6","False","True"
"A5011537956","Lanning Wei","0000-0001-9184-3019","6","358","23","I4210090176","CN","9","False","True"
"A5024777523","Kayode O. Kazeem","0000-0002-9175-729X","5","69","9","I14243506","HK","4","False","True"
"A5089601342","Shoobhangi Tyagi","0000-0002-1583-8100","3","109","8","","","8","False","False"
"A5019242210","Minnie Teng","0000-0002-8819-6516","6","303","14","I141945490","CA","6","False","True"
"A5019935408","Camile Söthe","0000-0001-5259-3838","12","837","36","","","11","False","False"
"A5064647908","Thomas Dratsch","0000-0003-4014-7763","15","1024","57","I180923762","DE","14","False","True"
"A5003184366","Kenji Kawaguchi","0000-0002-5361-9793","40","7315","449","I4210148156","JP","56","False","True"
"A5036405022","Ling Wu","0000-0001-5293-8701","11","848","56","I142108993","CN","32","False","True"
"A5073187748","Naizhuo Zhao","0000-0002-1778-2112","27","2363","85","I2801766832","CA","65","False","True"
"A5070381743","Syuan-He Wang","","1","59","1","I25846049","TW","1","False","True"
"A5027528600","Tanya Nijhawan","","2","142","2","I164861460","IN","2","False","True"
"A5085711120","Wangli He","0000-0003-3857-4125","41","6562","158","I143593769","CN","20","False","True"
"A5049094418","İrem Ülkü","0000-0003-4998-607X","7","311","21","I149218525","TR","12","False","True"
"A5021745724","Martino E. Malerba","0000-0002-7480-4779","19","882","63","I149704539","AU","14","False","True"
"A5075964109","Sam Van der Jeught","0000-0002-4184-6147","10","845","27","","","17","False","False"
"A5101556344","Srinath Shiv Kumar","0000-0002-3544-4715","9","833","22","","","20","False","False"
"A5041353741","James R. Clough","0000-0002-9135-0545","15","959","70","I183935753","GB","40","False","True"
"A5043109192","Thomas R. Clancy","0000-0002-0016-9522","17","859","66","","","39","False","False"
"A5048053053","Zhaoqiang Peng","","9","414","21","I170201317","US","8","False","True"
"A5048257330","M. Vijayalakshmi","0000-0001-6151-8004","13","945","67","I4210088592","IN","38","False","True"
"A5089586575","Guangxing Bai","0000-0001-6968-2351","11","560","26","","","23","False","False"
"A5004292045","Chang-Won Seo","0000-0003-3499-0578","2","40","28","","","19","False","False"
"A5060536399","Henry Pinkard","0000-0002-4748-5207","10","2519","33","","","30","False","False"
"A5015222692","Hsin-Yuan Huang","0000-0001-5317-2613","28","4992","106","I122411786","US","33","False","True"
"A5032217449","Sumit Sharma","0000-0002-1238-6639","12","476","53","","","15","False","False"
"A5101513174","Shaofeng Li","0000-0002-1491-4319","10","682","57","I76569877","CN","18","False","True"
"A5101614662","Hao Qian","0000-0002-7232-1300","12","418","36","","","23","False","False"
"A5100613014","Cheng Yan","0000-0002-5021-6841","22","2254","136","I113389987","CN","21","False","True"
"A5069274904","Maham Saeidi","0000-0001-7768-682X","4","244","4","I106165777","US","2","False","True"
"A5100345829","Yu Li","0000-0002-6876-3587","15","800","30","I165745306","CN","22","False","True"
"A5076551840","S. Rosaline","","1","54","1","I4387154816","","1","False","True"
"A5022284668","He Wang","0000-0002-1353-391X","16","846","99","I4210101410","CN","26","False","True"
"A5101451300","Jiabin Tang","0009-0002-7002-3585","10","405","30","I889458895","HK","16","False","True"
"A5066422087","Arsenii Senokosov","0009-0008-2383-7475","4","111","6","","","2","False","False"
"A5045260525","Mazhar Javed Awan","0000-0003-3535-8005","30","2524","67","I87482320","PK","13","False","True"
"A5074179418","Naresh Kumar","0000-0001-9984-506X","15","1137","92","I2799452066","IN","45","False","True"
"A5069692552","Sijing Cai","0009-0005-8052-1782","11","757","67","I83791580","CN","33","False","True"
"A5100428456","Qian Chen","0000-0002-1909-302X","84","32553","2112","I10535382","CN","44","True","True"
"A2620602756","Kang Lin Hsieh","0000-0002-2043-5605","1","26","1","","","1","False","False"
"A5057137618","Zhencheng Fang","0000-0002-0137-4683","12","653","29","I4210120929","CN","7","False","True"
"A5079378336","Mingyang Sun","0000-0002-5790-5025","36","4437","175","I113940042","CN","51","False","True"
"A5031560310","Ashley S. Deeks","0000-0003-3383-088X","14","554","104","","","29","False","False"
"A5069713891","Volodymyr Tkachenko","0000-0003-2114-7194","9","606","29","","","17","False","False"
"A5022627950","Yue Tian","0009-0003-6213-4995","5","322","14","","","27","False","False"
"A5079015282","Mohammad Ashraf Ottom","0000-0002-6751-8811","9","541","19","","","9","False","False"
"A5086626098","Giuseppe Futia","0000-0002-3866-5177","5","150","18","I4210155329","IT","12","False","True"
"A5004320904","Mohammad Wazid","0000-0001-9898-0921","48","9313","185","I60054993","IN","14","True","True"
"A5061453031","Aybike URAL","","1","35","1","I129994210","TR","1","False","True"
"A5027303775","Binsheng He","0000-0002-2232-4634","31","2445","109","I165911609","CN","21","False","True"
"A5058983977","Rabia Saleem","0000-0002-1124-9624","17","1032","123","I16076960","PK","14","False","True"
"A5045798224","Joanne Yu","0000-0001-7605-6367","20","2614","60","I6469544","MO","40","False","True"
"A5059718334","Christian Nauck","0000-0003-1972-9654","4","50","17","","","4","False","False"
"A5088646289","Anuruddha Thennakoon","","1","208","1","I192365124","LK","1","False","True"
"A5101512309","Xinyue Hu","0000-0001-6748-0596","8","587","34","I4210094881","HK","8","False","True"
"A5070440674","Devdatta A Bondre","","1","153","1","","","1","False","False"
"A5025607808","Pankaj Kunekar","0000-0001-6729-5315","6","185","48","I4210145362","IN","7","False","True"
"A5054144988","Amani Aldahiri","0009-0008-3722-4266","2","165","6","I4210099699","SA","10","False","True"
"A5110840227","Muhammad Afaq Hussain","","11","452","22","I3124059619","CN","5","False","True"
"A5059235837","Zabit Hameed","0000-0003-2514-1064","6","566","8","","","8","False","False"
"A5109954135","Anish Bhardwaj","","48","7055","159","I55302922","US","36","False","True"
"A5101511712","Hao Cheng","0000-0003-4823-0908","21","3339","96","","","19","False","False"
"A5053428885","Di Qi","0000-0002-9865-2327","14","813","64","I219193219","US","12","False","True"
"A5049367784","Fábio Gama","0000-0003-1390-1820","7","455","24","I746986","SE","11","False","True"
"A5008584468","Sinikka Neuhaus","0000-0002-7410-7391","3","178","22","","","24","False","False"
"A5101536547","Zhiqiang Tian","0000-0002-2296-4543","6","172","18","I4210158804","CN","11","False","True"
"A5072296425","Nitu Singh","","14","1842","74","I4210094671","IN","25","False","True"
"A5110493241","Sri Sunarti","","7","444","40","I177055848","ID","14","False","True"
"A5101295018","Abdulwahid Ahmad Hashed Abdullah","","1","94","1","","","1","False","False"
"A5030403062","Lukas-Valentin Herm","0000-0002-0101-5429","11","499","26","","","6","False","False"
"A5073875037","Takuma Kikutsuji","","4","71","11","","","7","False","False"
"A5036660816","Simon Tam","0000-0003-3918-7100","34","4042","122","I43406934","CA","44","False","True"
"A5037428435","Ibrahim Alrashdi","0000-0001-7537-5542","12","810","76","I199702508","SA","8","False","True"
"A5055642846","Aanand Kumbhar","","1","87","1","I4210097370","IN","1","False","True"
"A5101246171","Jianli Feng","","4","220","10","I181903023","CN","11","False","True"
"A5008672493","Joel B. Harley","0000-0001-8920-1498","24","2207","202","I33213144","US","63","False","True"
"A5087013593","Heimo Müller","0000-0002-9691-4872","33","5894","207","","","110","False","False"
"A5064328941","Reham El Shazly","0000-0002-3810-8434","3","192","13","I59272784","EG","7","False","True"
"A5100381995","Qiang Zhang","0000-0003-3385-1242","20","1193","92","I2802742124","GB","35","False","True"
"A5070593882","Fariha Sohil","","5","1705","12","I4210126226","PK","6","False","True"
"A5102969899","Fuzhen Zhuang","0000-0002-0520-2619","36","9602","178","I179193067","TH","28","False","True"
"A5058664452","Federico M. Asch","0000-0002-1744-5271","55","12469","367","I184565670","US","21","True","True"
"A5021517881","Đào Nguyên Khôi","0000-0002-1618-1948","23","2226","78","I123565023","VN","13","False","True"
"A5046797918","Harshini Sewani","","3","75","5","I530967","CA","4","False","True"
"A5042797493","Timothy Sands","0000-0002-4681-7919","25","1528","94","I205783295","US","20","False","True"
"A5015479227","Diab Abueidda","0000-0003-3594-2455","28","3969","103","I157725225","US","14","False","True"
"A5076562643","Davood Karimi","0000-0001-7277-9736","18","1397","90","I1288882113","US","21","False","True"
"A5069444478","Federico Cruciani","0000-0002-1870-0203","11","518","44","I138801177","GB","16","False","True"
"A5051850505","Junbo Yin","0000-0001-6071-9074","16","1600","52","I14894300","CN","10","False","True"
"A5083514118","Khabat Khosravi","0000-0001-5773-4003","49","10296","139","I1187138","IR","14","False","True"
"A5100771674","Hai Wang","0000-0002-9136-8091","34","4520","342","I115592961","CN","39","False","True"
"A5094010250","Md. Eshmam Rayed","0009-0008-2118-5565","2","218","9","I103434671","BD","3","False","True"
"A2090401057","Wei Peng","0000-0001-5197-7282","15","689","362","","","1","True","False"
"A5055934790","Lirong Cai","0000-0001-9432-2024","7","377","15","","","4","False","False"
"A5010270380","Ye-Jiao Mao","","7","179","15","I14243506","HK","4","False","True"
"A5100330633","Yi Liu","0000-0003-2745-6940","17","1289","63","I1321296531","US","22","False","True"
"A5032465742","Maximilian AH Jakobs","0000-0002-0879-7937","8","805","23","I241749","GB","10","False","True"
"A5017163658","Adeesh Kolluru","0000-0001-8125-6881","8","425","14","I74973139","US","4","False","True"
"A5000027184","Laura Schaefer","0000-0002-9351-4910","32","4015","169","I74775410","US","44","False","True"
"A5100669271","Zilong He","0000-0001-7963-082X","13","904","58","I157773358","CN","15","False","True"
"A5077825171","Guangyi Tang","","11","434","41","I100188998","CN","21","False","True"
"A5013620504","Penglei Wang","0000-0002-1966-3491","2","71","3","","","5","False","False"
"A5002568108","Yanghao Xie","0000-0003-2521-3726","5","178","9","I150229711","CN","4","False","True"
"A5074926342","Katherine Fraser","0000-0003-3723-8517","8","275","29","I148283060","US","43","False","True"
"A5034581482","Bosheng Song","0000-0002-1479-5399","26","2067","112","I16609230","CN","14","False","True"
"A5025816613","Dipo Dunsin","0009-0009-7376-0477","4","110","23","I126193024","GB","3","False","True"
"A5042802004","Li Shen","0000-0001-5659-3464","39","7336","329","I157773358","CN","42","False","True"
"A5058682991","Xiaying Wang","0000-0003-3467-5033","14","926","69","I35440088","CH","21","False","True"
"A5103141821","Hongwei Zhang","0000-0003-2667-9990","7","361","21","I14243506","HK","15","False","True"
"A5066580697","Deba Prasad Dash","0000-0002-4441-696X","13","548","53","","","16","False","False"
"A5034152853","Nitin Upadhyay","0000-0001-8301-8924","13","2236","74","I4210127441","IN","19","False","True"
"A5055728930","Aidin Ferdowsi","0000-0003-1353-3685","15","962","53","I859038795","US","8","False","True"
"A5021472169","Jieli Liu","0000-0001-8158-3735","11","585","52","I157773358","CN","18","False","True"
"A5018258748","Yuli Liang","0000-0002-5697-2234","9","475","55","I13511017","US","22","False","True"
"A5112132517","Wei-Hsuan Lo-Ciganic","","12","1168","35","I33213144","US","14","False","True"
"A5009956465","Hsieh‐Fu Tsai","0000-0002-8652-4643","12","656","25","I173093425","TW","15","False","True"
"A5072540623","Ruben J Franklin","","4","459","4","","","18","False","False"
"A5039441458","Steve J. Bickley","0000-0002-9579-4231","8","284","24","","","6","False","False"
"A5089052896","Bilal Hmoud","0000-0003-1685-7941","5","192","5","I132735039","HU","5","False","True"
"A5007270370","Patrícia Bota","0000-0002-0514-7517","9","944","24","I4210087915","US","8","False","True"
"A5101464639","Malvika Sharma","0000-0003-4334-9977","7","262","20","","","16","False","False"
"A5022613437","Ali M. Hasan","0000-0001-9151-6958","14","711","48","I56409017","IQ","27","False","True"
"A5013605789","Weixin Luo","","23","4721","46","","","12","False","False"
"A5100708902","Peng Han","0000-0003-1201-2060","20","1496","89","I150229711","CN","24","False","True"
"A5043555425","Sandesh S. Kalantre","0000-0002-3086-3769","6","239","18","","","7","False","False"
"A5101540798","Smita Nayak","0000-0002-0328-6492","21","2469","55","","","41","False","False"
"A5079617098","Abdelfatteh Haidine","0000-0001-9581-5357","14","872","72","I4210125507","MA","24","False","True"
"A5102717874","Xiaoning Du","0000-0003-3728-9541","14","1351","86","I2801239119","AU","27","False","True"
"A5039680751","Julia Westermayr","0000-0002-6531-0742","13","723","65","I4401726909","","6","True","True"
"A5062070831","Kunal Naik","0009-0005-3314-9279","3","105","4","I1320320070","US","8","False","True"
"A5069548821","Rajasekhar Chaganti","0000-0001-5341-6729","16","1215","26","I4391768151","","6","False","True"
"A5103215918","Zhida Li","0000-0003-0218-6227","12","418","44","I135364568","CA","20","False","True"
"A5013260348","Pascal M. Vecsei","0000-0003-1058-8808","3","128","10","I9927081","FI","7","False","True"
"A5021674361","Yaoyi Chen","0000-0002-9299-2005","14","910","32","I4210124949","IN","14","False","True"
"A5072393490","Jinlei Zhang","0000-0003-0763-9344","19","1620","79","I166337079","GB","19","False","True"
"A5055552347","Kristopher Knott","0000-0003-1611-817X","22","1607","111","I138801177","GB","15","False","True"
"A5100439576","Cheng Zhang","0000-0001-5050-1899","11","606","42","I143868143","CN","15","False","True"
"A5070336991","Bao Gia Doan","0000-0001-6941-2765","7","540","19","","","7","False","False"
"A5005318753","Yutai Duan","","3","46","10","I205237279","CN","5","False","True"
"A5088282818","Volodymyr Dudnyk","","3","152","7","I4210155744","UA","4","False","True"
"A5008004245","Yazid Tikhamarine","0000-0001-6656-5360","13","1245","20","I4210096460","DZ","6","False","True"
"A5027186207","Alexander Sludds","0000-0002-7443-1378","10","950","49","I4210112840","US","7","False","True"
"A5024296105","Yu Weng","0000-0002-0787-550X","11","1052","87","I145897649","CN","54","False","True"
"A5089341855","Elena Magán","0000-0001-9797-6146","4","627","7","I50357001","ES","5","False","True"
"A5026606717","Kazi Ishfaq Ahmed","","4","189","5","I46247651","CA","16","False","True"
"A5053730566","Bruno A. A. Nunes","0000-0002-8890-7963","13","2760","40","","","23","False","False"
"A5046207452","Mat Herold","","3","178","5","I4210147761","DE","4","False","True"
"A5054096882","Jae Yong Ryu","0000-0003-0603-1599","26","2698","105","I141371507","KR","15","False","True"
"A5081854244","Mohammad Yaseliani","0000-0001-7631-4098","3","93","15","I1333606569","US","4","False","True"
"A5000933188","Yibo Lin","0000-0002-0977-2774","30","3759","309","I20231570","CN","17","True","True"
"A5020418509","Qiqi Bao","0000-0001-9599-1844","7","263","24","I168879160","CN","6","False","True"
"A5069874026","Jason M. Lodge","0000-0001-6330-6160","33","4298","204","I160993911","AU","177","False","True"
"A5008757575","Siyi Qian","0000-0003-1521-7221","2","47","3","I168879160","CN","3","False","True"
"A5064240230","Ping Luo","0000-0002-0039-747X","14","690","194","I91656880","CN","21","False","True"
"A5041152501","Hafez Ahmad","0000-0001-9490-9335","7","267","35","I99041443","US","17","False","True"
"A5017854541","Bernardo Pulido-Gaytán","0000-0002-7384-7670","6","234","24","I104546213","IE","7","False","True"
"A5023545499","Alexander Garzón","0000-0002-0012-7293","5","162","13","I98358874","NL","21","False","True"
"A5021787984","Moritz Feigl","0000-0002-3545-864X","10","342","46","I92869138","AT","8","False","True"
"A5006031820","Razib Hayat Khan","0000-0001-6718-9918","14","749","67","I31669788","BD","19","False","True"
"A5021837066","Okan Köpüklü","0000-0001-5281-9462","10","699","43","I4210087053","DE","8","False","True"
"A5075802670","Ebru Aydındağ Bayrak","0000-0002-2637-9245","5","200","16","I4210112471","TR","5","False","True"
"A5066436983","Jonathan Dong","0000-0002-8315-5571","10","593","65","I1174212","US","18","False","True"
"A5092854119","Shahid Allah Bakhsh","0009-0007-1526-2862","1","152","6","I929597975","PK","3","False","True"
"A5100567561","Xiaoxue Fan","","9","245","37","I181877577","CN","10","False","True"
"A5031891655","Kuldeep Vayadande","0000-0002-0848-5407","8","272","92","","","8","True","False"
"A5025886885","Mercelin Francis","0000-0003-3391-3343","4","162","5","","","6","False","False"
"A5051541195","Shaojie Dai","0000-0002-0375-1972","5","111","7","","","4","False","False"
"A5034901082","Guisheng Fan","0000-0002-2702-0242","20","1704","278","I143593769","CN","31","False","True"
"A5102758747","Yi Ouyang","0000-0001-5987-451X","15","604","100","I105991555","CN","26","False","True"
"A5070386973","Wentao Zhao","0000-0003-0321-7750","5","268","11","I4210147759","CN","5","False","True"
"A5001265667","Nusrat Rouf","0000-0002-9989-2357","4","576","10","I36893310","IN","6","False","True"
"A5046556188","David Kuntz","","3","73","4","I123534392","US","3","False","True"
"A5009069223","Thuy‐Anh Nguyen","0000-0003-4266-1707","19","1216","77","I4210138918","VN","40","False","True"
"A5058331957","Jiande Wu","0000-0002-9357-2977","10","419","47","","","23","False","False"
"A1969531979","David Griffiths","0000-0001-5435-3184","0","0","81","","","1","True","False"
"A5102749490","Shantani Kannan","0000-0001-9332-9427","3","72","4","","","4","False","False"
"A5001131805","Yusi Teng","","1","91","3","I4210131919","CN","13","False","True"
"A5089719727","Cuiying Huo","0000-0003-4914-4577","6","341","19","I162868743","CN","5","False","True"
"A5062839054","M. M. El-Gayar","0000-0002-4644-1835","8","328","24","I159247623","EG","13","False","True"
"A5061902727","Leah Chong","0000-0001-5619-4674","6","338","21","I4210164117","US","5","False","True"
"A5062785992","Kevin McCloskey","0000-0001-9967-4117","8","2069","22","I1291425158","US","10","False","True"
"A5048670175","Seher Arslankaya","0000-0001-6023-2901","15","558","48","I103703290","TR","24","False","True"
"A5090369592","C M Suneera","","4","51","7","I114845381","IN","5","False","True"
"A5049088156","Ghaith Mqawass","0009-0005-2514-5999","2","17","2","I129774422","AT","7","False","True"
"A5079670783","Henri Korkalainen","0000-0002-4686-6112","17","1003","65","I175532246","FI","7","False","True"
"A5084731651","Mahmoud Y. Shams","0000-0003-3021-5902","30","2485","105","I130309236","EG","15","False","True"
"A5008931071","Zhesi Chen","","8","562","18","","","12","False","False"
"A5100674821","Zhenbo Ren","0000-0001-7795-517X","17","1255","59","I17145004","CN","30","False","True"
"A5039661531","Jaeseok Yun","0000-0003-3225-9597","44","6033","116","I180726961","CN","28","False","True"
"A5086450317","S. Gnanavel","","9","283","43","I145286018","IN","13","False","True"
"A5081985247","Zhuoling Li","0000-0002-9188-8521","8","712","42","I53411278","CN","25","False","True"
"A5024477428","Dongfang Ma","0000-0002-9334-1570","31","2752","179","I31847773","CN","36","False","True"
"A5004410169","Martin Ebers","0000-0001-5241-7121","12","596","124","I56085075","EE","25","False","True"
"A5058095594","Bartosz Zieliński","0000-0002-3063-3621","16","1301","147","I126596746","PL","28","False","True"
"A5045922762","Tuba Livberber","","1","76","4","I137996928","TR","5","False","True"
"A5101688569","Xingyan Liu","0000-0002-9509-3259","14","625","52","I145581781","CN","23","False","True"
"A5030138469","Adnan Siraj Rakin","0000-0002-6056-2625","18","1480","69","I123946342","US","10","False","True"
"A5015101640","Yanqiao Zhu","0000-0003-2205-5304","22","3094","94","I1337719021","AU","21","False","True"
"A5029943655","Xiaoyu Dong","","12","682","38","","","21","False","False"
"A5043251934","Benjamin Gravesteijn","0000-0001-8096-5803","33","4428","107","I2801952686","NL","9","True","True"
"A5004760143","Chao Hu","0000-0002-7452-7353","41","14136","292","I134687103","CN","25","True","True"
"A5100669104","Jiang Jian","0000-0002-6801-7381","7","210","61","I75689368","CN","38","False","True"
"A5104336185","Jianwei Li","0009-0008-6868-5751","1","153","3","","","4","False","False"
"A5066082046","Stanley Greenstein","0000-0002-0694-768X","3","139","23","I161593684","SE","16","False","True"
"A2105617194","Margaret Mitchell","0000-0001-7043-6545","2","2526","25","","","1","True","False"
"A5079628419","Jinghao Niu","0000-0002-9598-297X","7","295","16","I19820366","CN","11","False","True"
"A5069813052","Nachaat Mohamed","0000-0002-4202-1294","17","3420","69","","","8","False","False"
"A5092107778","Jayesh Rane","0000-0001-8002-9863","29","2817","162","","","3","True","False"
"A5100402095","Yu Chen","0000-0003-0966-8026","10","1474","24","I19820366","CN","15","False","True"
"A5031191389","Abbas Abbaszadeh Shahri","0000-0002-3832-572X","23","1759","66","I2801613826","ES","17","False","True"
"A5034507822","Jessica B. Hamrick","0000-0002-3860-0429","18","6522","58","","","14","False","False"
"A5047078657","Raha Moraffah","0000-0002-6891-2925","9","555","46","I107077323","US","8","False","True"
"A5035044398","Andrew Kelly","0000-0002-2896-5993","8","917","83","","","147","False","False"
"A5100639565","Hongwei Guo","0000-0002-9766-6241","12","944","45","","","29","False","False"
"A5100761149","Xin Wu","0000-0002-1733-3560","20","2853","104","I139759216","CN","25","False","True"
"A5044809939","Chui Shan Chu","0000-0002-3660-5568","3","165","3","I889458895","HK","2","False","True"
"A5011925762","Ashutosh Sharma","0000-0002-4990-5252","45","5991","194","I167383011","CN","57","False","True"
"A5031542093","Jianjing Qu","0009-0002-7686-4668","1","78","5","","","2","False","False"
"A5101657449","Fuxin Zhang","0000-0003-0842-2550","12","562","37","I150229711","CN","35","False","True"
"A5103070560","Alaa Abd‐Alrazaq","0000-0001-7695-4626","37","5989","177","I4210152471","QA","8","True","True"
"A5060643224","Marvin Chia-Han Yeh","0000-0001-6710-4435","5","110","8","I2803004286","TW","4","False","True"
"A5053007810","André Renz","0000-0002-5791-3586","7","397","27","I159176309","DE","22","False","True"
"A5100461336","Yuqing Wang","0000-0002-9789-4295","15","1454","36","","","18","False","False"
"A5113076176","Nimesh Agrawal","","2","22","7","","","3","False","False"
"A5037066853","Amjad Iqbal","0009-0009-3614-1554","7","250","18","","","15","False","False"
"A5020397787","Pär J. Ågerfalk","0000-0002-3241-342X","32","4538","191","I123387679","SE","28","False","True"
"A5006433130","Gabriel Bradford","0000-0002-2729-6097","1","94","1","I63966007","US","1","False","True"
"A5043469036","M. Talaat","0000-0001-5976-7810","22","1622","99","I192398990","EG","64","False","True"
"A5075904309","Qinbo Bai","0000-0003-2933-1180","5","205","26","","","6","False","False"
"A5087522998","Damian Owerko","0000-0003-4676-5327","4","103","11","","","7","False","False"
"A5085746715","Arnd Koeppe","0000-0002-4833-1306","14","841","60","I102335020","DE","56","False","True"
"A5032383719","Tejasvi Alladi","0000-0003-4612-3180","18","2664","27","I74796645","IN","7","False","True"
"A5100382040","Jiaqiang Wang","0000-0003-0202-2046","11","674","54","I150229711","CN","28","False","True"
"A5029617840","Esraa Saleh Alomari","0000-0003-4281-8954","10","613","23","","","14","False","False"
"A5006472613","Wilson Castro","0000-0001-7286-1262","14","854","106","I4387154969","","28","False","True"
"A5052062229","Rohit Kundu","0000-0001-8665-8898","17","1362","37","I103635307","US","8","False","True"
"A5081628298","Rony Kalfarisi","0000-0003-2090-9898","8","387","17","","","5","False","False"
"A5101737699","Yanan Guo","0000-0001-9372-8276","15","726","52","I170215575","CN","29","False","True"
"A5089063294","Jiaqi Ma","0000-0001-8292-5901","24","2878","134","I146563203","CN","20","False","True"
"A5045904058","Gaofeng Zhi","","2","170","4","I146620803","CN","2","False","True"
"A5029552869","Seunguk Na","0000-0002-4043-4765","13","608","31","","","21","False","False"
"A5043804740","Weixin Ye","","4","171","8","I182707071","CN","4","False","True"
"A5028772801","Amit Sheth","","95","37973","1091","I155781252","US","42","True","True"
"A5015919186","Han Shi Jocelyn Chew","0000-0002-4209-1647","24","1874","95","I165932596","SG","16","False","True"
"A5041900092","Silvio Barra","0000-0003-4042-3000","18","1272","84","I71267560","IT","40","False","True"
"A5019378858","Emin Borandağ","0000-0001-5553-2707","9","287","27","I16748637","TR","10","False","True"
"A2058057436","Xuefeng Bai","0000-0001-6060-9000","0","0","7","","","1","False","False"
"A5083648380","Hemlata Sahu","","4","125","20","","","13","False","False"
"A5028952393","Ju Huyan","","19","1585","44","I4210100281","KR","9","False","True"
"A5038115688","Tehreem Ashfaq","","8","382","15","I4390039375","","6","False","True"
"A5100382430","Wang Li","0000-0003-1330-2019","16","1012","82","I157773358","CN","28","False","True"
"A2273784232","Weixin Lu","0000-0001-5963-4241","2","248","11","","","1","True","False"
"A5005797050","Farzad Samie","0000-0002-3089-7707","11","920","20","I102335020","DE","7","False","True"
"A5079782583","Pranjal Kumar","","4","55","7","","","10","False","False"
"A5018330771","İlkay Çınar","0000-0003-0611-3316","17","1156","43","I137996928","TR","7","False","True"
"A5030351372","Patrizia Ferroni","0000-0002-9877-8712","45","7186","305","I186995768","IT","55","False","True"
"A5073244714","Dewie Tri Wıjayatı","","8","380","31","I148158369","ID","15","False","True"
"A5049956256","Konstantinos Poulinakis","0000-0003-0103-5857","3","106","3","I17389662","CY","2","False","True"
"A5048056611","Clemens Stachl","0000-0002-4498-3067","20","1885","93","I202963720","CH","11","False","True"
"A5064744030","Liang Zhang","0000-0002-9091-3262","11","286","61","","","20","False","False"
"A5081263592","Zhilin Lu","0000-0002-0751-9847","8","424","27","I99065089","CN","8","False","True"
"A5101754024","Lei Lei","0000-0002-9144-0559","35","6058","1270","I154099455","CN","36","True","True"
"A5102890552","Ronghui Zhang","0000-0001-7838-0638","10","506","56","I157773358","CN","8","False","True"
"A5052200911","Davor Kolar","0000-0002-5622-6434","7","257","36","I181343428","HR","15","False","True"
"A5101719493","Jason Edward Lewis","0000-0003-0130-8544","7","264","28","I60158472","CA","26","False","True"
"A5100752851","Chih-Cheng Chen","0000-0001-7054-903X","8","259","18","I4880106","TW","19","False","True"
"A5103115676","Andrew Dickson White","0000-0002-6647-3965","36","5745","293","I27837315","US","160","False","True"
"A5047136256","Heidi Aly","","3","208","6","I145487455","EG","32","False","True"
"A5028465560","Omid Gheibi","0000-0003-1493-8211","5","207","10","I133529467","IR","3","False","True"
"A5038848973","Tomohiro Saito","0000-0002-9916-4640","27","3212","284","I4210110562","JP","61","False","True"
"A5030498760","Vinchhi Devang","","1","48","1","","","1","False","False"
"A5100719934","Xin Wang","0000-0002-6391-2651","18","874","96","I2802534033","CN","35","False","True"
"A5063346362","Hongjian Zhang","0000-0003-1322-6634","6","218","31","I881766915","CN","21","False","True"
"A5050310538","Priyadarshini Panda","0000-0002-4167-6782","33","6169","232","I32971472","US","11","True","True"
"A5084415408","P. Nagaraj","","32","3552","246","I145286018","IN","37","False","True"
"A5024353157","Jose A. Almaraz-Damian","0000-0002-9132-9973","5","229","15","I64663401","MX","10","False","True"
"A5063012701","Maryam Kouzehgar","0000-0001-9040-900X","6","163","14","","","13","False","False"
"A5036889913","Kaveri A. Thakoor","0000-0001-5589-8151","10","457","42","I2799503643","US","21","False","True"
"A5080284858","Mingyu Gao","0000-0002-5893-3802","12","614","48","I152269853","CN","24","False","True"
"A5004723202","Stefan T. Radev","0000-0002-6702-9559","12","629","79","I165799507","US","9","False","True"
"A5113167311","Thuan Quoc Pham","","12","425","33","","","29","False","False"
"A5100446064","Hao Wang","0000-0001-9301-5989","71","26564","2015","I108688024","CN","78","True","True"
"A5100742340","Zixiao Wang","0000-0002-0964-6436","7","210","19","I17747738","CN","9","False","True"
"A5040532479","Louis Henry Kamulegeya","","6","868","21","I72227227","UG","9","False","True"
"A5023148083","Máté Baranyi","0000-0003-4415-4805","4","91","14","","","6","False","False"
"A5040618388","Patrick Schelb","","7","625","11","I17937529","DE","5","False","True"
"A5028935352","Yemeserach Mekonnen","0000-0003-2773-8745","6","502","13","I19700959","US","4","False","True"
"A5069762508","Nagnath Aherwadi","0000-0001-6250-4245","3","149","6","","","5","False","False"
"A5090815753","Fanwen Kong","","6","298","25","I83714178","CN","20","False","True"
"A5075100287","Md Mamunur Rahaman","0000-0003-2268-2092","22","2701","77","I31746571","AU","8","False","True"
"A5046881670","Riya Sil","0000-0003-4158-9301","7","196","42","","","6","False","False"
"A5051240125","Abdulrahman Takiddin","0000-0003-4793-003X","12","708","39","I103163165","US","6","False","True"
"A5101885276","Atul Sharma","0000-0002-8960-5449","41","6432","411","I129734738","IN","44","False","True"
"A5014061286","Ri Tang","0000-0003-0137-2917","11","427","34","I183067930","CN","13","False","True"
"A5089428149","Arthur P. Guillaumin","0000-0003-1571-4228","7","297","23","","","8","False","False"
"A5028145127","Sushravya Raghunath","0000-0001-7623-3095","15","1729","64","","","15","False","False"
"A5066502175","Sundas Matloob","","1","38","1","I184681353","CN","1","False","True"
"A5082895926","Yundi Chu","0000-0002-3678-2142","11","787","25","I163340411","CN","15","False","True"
"A5090320352","Patricia Melín","0000-0001-5798-1426","84","21893","1150","I4210090124","MX","81","True","True"
"A5100657921","Haiping Zhang","0000-0003-2133-1768","31","3629","243","I119868032","CN","24","True","True"
"A5103130740","Pengxu Jiang","0000-0002-2946-7806","1","101","3","","","7","False","False"
"A5018453793","Jackson K. Wilt","0000-0002-0023-4566","8","397","13","","","7","False","False"
"A5022057977","Zhengyu Chen","0000-0002-9863-556X","6","114","16","I4210087373","CN","3","False","True"
"A5022339119","Raffaele Filieri","0000-0002-3534-8547","51","13253","170","I161463649","FR","19","False","True"
"A5038486497","Seyed‐Hassan Miraei Ashtiani","0000-0001-7135-3493","20","1306","25","I129902397","CA","14","False","True"
"A5066356768","Sima Siami‐Namini","0000-0002-0320-352X","12","3028","50","I145311948","US","21","False","True"
"A5017194640","Mavra Mehmood","","4","265","4","I148520331","PK","2","False","True"
"A5044251888","Emir YÜZBAŞIOĞLU","0000-0001-5348-6954","15","1757","52","I4210136215","BE","21","False","True"
"A5100338179","Wenwen Li","0000-0003-2237-9499","44","6859","462","I12411659","CN","30","True","True"
"A5022376480","Ayush Jain","0000-0003-3699-6623","11","1008","98","I1291425158","US","55","False","True"
"A5021672440","Armando Bedoya","0000-0001-6496-7024","18","1464","65","I170897317","US","16","False","True"
"A5082859766","Marina Codari","0000-0001-8475-2071","24","3886","114","I97018004","US","13","False","True"
"A2030288916","Mirto Musci","0000-0002-3868-3738","2","150","2","","","1","False","False"
"A5103032733","Elsayed Said Mohamed","0000-0001-5888-525X","9","683","19","","","15","False","False"
"A5050375559","Sean Hartling","","10","2120","11","I47838141","US","9","False","True"
"A5063934370","Falk Schwendicke","0000-0003-1223-1669","87","116450","605","I3018771216","DE","52","True","True"
"A5073530240","Osama Sohaib","0000-0001-9287-5995","21","1720","102","I114017466","AU","16","False","True"
"A5011735043","Vishnu Kandimalla","","1","98","2","I129902397","CA","2","False","True"
"A5066012880","Ning Hung","","7","265","12","","","19","False","False"
"A5035065122","Turgay Ertekin","0000-0003-4698-0211","32","4505","274","I130769515","US","51","False","True"
"A5013579962","Ya Lu","0000-0003-0795-4483","11","436","33","I118564535","CH","11","False","True"
"A5040685421","Jen-Yin Yeh","0000-0002-9717-0828","5","184","17","I1309796872","TW","18","False","True"
"A5006439193","Sanjit Bhat","0000-0001-8107-6485","3","233","4","","","16","False","False"
"A5063456975","Valentina Villamil","","3","62","6","I168635309","CA","4","False","True"
"A2772558931","Shaoxing Mo","0000-0003-2831-4805","2","598","3","","","1","False","False"
"A5055893142","Nilesh Anute","0000-0001-6599-813X","7","145","129","I4210115345","IN","11","True","True"
"A2140121375","Matthias Langer","0000-0001-8690-1106","2","22","23","","","1","True","False"
"A5100740494","Yue Fei","0000-0001-6723-036X","23","3325","178","I204553293","CN","28","False","True"
"A2170679935","Mingzhen Li","0000-0001-7167-2646","2","178","20","","","1","True","False"
"A5105511988","H. Qu","0000-0002-0250-8655","48","12004","434","I67311998","CH","21","True","True"
"A5053587604","Ali Lashkaripour","0000-0002-1734-9634","12","703","25","","","11","False","False"
"A5101961582","Siddhartha Mishra","0000-0002-2665-5385","37","5161","239","I35440088","CH","48","False","True"
"A5079203449","Saim Khalid","0009-0008-9854-4909","1","74","1","I200749728","PK","1","False","True"
"A5029031687","Zifeng Guo","0000-0002-5765-1694","7","488","18","I35440088","CH","26","False","True"
"A5054119243","Mashael Khayyat","0000-0003-3770-432X","17","967","82","I4210099699","SA","14","False","True"
"A5057530239","Dai Kusumoto","0000-0002-2906-5516","17","1651","41","I203951103","JP","16","False","True"
"A5053410790","Rita Casadio","0000-0002-7462-7039","67","22753","569","I4210148743","IT","52","True","True"
"A5012002701","Hamidreza Jahangir","0000-0003-4462-1370","14","1164","28","I39555362","GB","15","False","True"
"A5029029867","Wahab Khan","0000-0002-5694-0419","17","1125","89","I1289422878","US","16","False","True"
"A5047272417","Fabio Broccatelli","0000-0002-0724-9752","21","2071","46","","","16","False","False"
"A5093919645","Md Rasheduzzaman Labu","","2","43","3","","","1","False","False"
"A5081531184","K. M. Faizullah Fuhad","","2","173","3","I157386601","BD","1","False","True"
"A5091714241","Alexandra Sasha Luccioni","0000-0001-6238-7050","22","3370","69","","","11","False","False"
"A5000676745","G. E. Spoorthi","","4","491","4","I4210109292","IN","3","False","True"
"A5005220098","Sidrah Liaqat","0000-0001-6727-0791","7","228","18","I7882870","GB","14","False","True"
"A5005657243","Huimin Huang","0009-0003-8107-5839","21","3765","130","I2250653659","CN","36","False","True"
"A5103097769","Jiang Qing-sheng","0000-0002-0516-9775","1","62","3","I55712492","CN","15","False","True"
"A5101691076","Tianming Zhao","0000-0003-3365-1726","2","174","4","I27357992","CN","6","False","True"
"A5021368755","Xinhan Di","0009-0001-8855-8628","7","972","50","","","41","False","False"
"A5040096140","Tomasz Tarasiewicz","0000-0002-7706-1317","6","151","21","I119004910","PL","6","False","True"
"A5051919832","Edward Korot","0000-0002-5687-1564","16","1772","54","I1325675289","GB","11","False","True"
"A5039986288","Andronicus A. Akinyelu","0000-0003-2172-0755","14","1972","26","","","12","False","False"
"A5046663348","Ola Spjuth","0000-0002-8083-2864","38","5167","289","I123387679","SE","21","True","True"
"A5064919352","Shaik Asif Hussain","0000-0001-5312-4320","8","484","50","","","25","False","False"
"A5100395392","Yiming Zhang","0009-0001-0233-3541","11","576","48","I116953780","CN","14","False","True"
"A5035022380","Syna Sreng","0000-0002-1000-6233","9","343","16","I2799299286","SG","13","False","True"
"A5017032902","Ranting Cui","0000-0002-5932-7724","6","238","37","I145897649","CN","9","False","True"
"A5089293990","Vasileios P. Rekkas","0000-0001-9171-8023","5","199","23","I21370196","GR","6","False","True"
"A5053420376","Ebru Pekel Özmen","0000-0001-7717-6790","4","93","10","","","6","False","False"
"A5078570280","Elizabeth H. Manser Payne","0000-0002-7734-2282","6","838","6","I189957204","US","8","False","True"
"A5039886187","Aditi Govindu","","2","173","3","I4210088227","IN","3","False","True"
"A5025912754","Ashfaq Ali Kashif","","2","334","2","I79571142","PK","1","False","True"
"A5032532059","Meicheng Yang","0000-0002-8093-799X","6","184","11","I4387154005","","6","False","True"
"A5077434718","Weihao Song","0000-0003-3604-3224","13","450","27","I20231570","CN","20","False","True"
"A5047790917","Robin Bell","0000-0002-7325-4277","24","2099","92","I808010","GB","76","False","True"
"A5072113617","Michail Chatzianastasis","0000-0002-9905-1646","6","112","27","I142476485","FR","6","False","True"
"A5103431978","Heather Johnston","","19","1981","47","I118347636","AU","44","False","True"
"A5050892907","Sai Munikoti","0000-0002-1205-7405","9","574","50","I142606810","US","7","False","True"
"A5101152730","Yunxiang Hu","","1","77","1","I111950717","MO","1","False","True"
"A5088570801","Yang Xiao","0000-0003-1410-0486","10","340","36","I149594827","CN","9","False","True"
"A5077907668","Saúl Cano-Ortiz","0000-0003-1383-180X","4","152","6","I13134134","ES","3","False","True"
"A5006610452","Jamiu Adetola Odugbesan","0000-0003-3301-396X","14","1222","22","","","7","False","False"
"A5040991435","Peter Parycek","0000-0003-3242-0475","20","2187","143","","","22","False","False"
"A5015271071","Zainab Alshingiti","","3","175","5","I28022161","SA","4","False","True"
"A5008262194","Ahmedbahaaaldin Ibrahem Ahmed Osman","","4","653","4","I79156528","MY","4","False","True"
"A5101758654","Jinyin Chen","0000-0002-7153-2755","26","2599","278","I55712492","CN","30","False","True"
"A5004210416","Suhad Al-Shoukry","0000-0001-6314-9361","3","241","7","I102913810","MY","10","False","True"
"A5057578694","Fahid Aslam","0000-0003-2863-3283","51","7625","132","I142608572","SA","13","True","True"
"A5051514360","Sella Nevo","0000-0002-4743-3634","12","801","46","I1291425158","US","5","False","True"
"A5091816840","Guangqing Shao","","2","190","2","I204983213","CN","1","False","True"
"A5101957793","Weiwei Li","0000-0003-2157-9261","18","1030","73","I110440473","CN","20","False","True"
"A5040373406","Shintaro Sukegawa","0000-0001-7986-2735","26","2242","150","I201933988","JP","18","False","True"
"A5038065195","Haohuai He","0000-0003-3831-3996","8","335","22","I14243506","HK","12","False","True"
"A5085078000","Philip Brey","0000-0002-4789-4588","26","3102","135","","","29","False","False"
"A5090158293","Ramin Hasibi","0000-0002-6175-8195","5","203","15","I4432739","NO","8","False","True"
"A5108766051","Pratik Patil","","8","227","28","","","11","False","False"
"A5020870582","Salah S. Al‐Zaiti","0000-0002-6862-0658","21","2163","237","I114027177","US","17","True","True"
"A3121254158","Dominic A. Neu","","2","244","2","","","1","False","False"
"A5064378234","Ji Young Lee","0000-0003-1181-8070","20","1605","124","I4210160144","KR","25","False","True"
"A5101640344","Kai Zhou","0000-0001-9859-1758","28","2502","346","I126520041","CN","39","False","True"
"A5090421249","Akira Sakai","0000-0003-3951-1089","27","2798","260","","","71","False","False"
"A5063958136","Ivan Cvitić","0000-0003-3728-6711","18","1326","98","I181343428","HR","13","False","True"
"A5015260108","Yutao Jiao","0000-0001-8794-6330","16","3415","80","I4210163363","CN","12","False","True"
"A5054064600","Ali Raza","0000-0002-0885-4620","2","159","2","I16076960","PK","4","False","True"
"A5042582581","Bachir Jdid","0000-0003-1805-8545","2","179","2","I55285296","MY","1","False","True"
"A5101572925","Yi Zeng","0000-0002-6901-9194","9","4738","38","I125839683","CN","23","False","True"
"A5067592402","Moziihrii Ado","0000-0002-1154-5124","3","154","7","I197465736","IN","5","False","True"
"A5077208746","Alex Mathai","","3","60","11","","","16","False","False"
"A5102935340","K. Shankar","0000-0002-2803-3846","59","10605","325","I85461943","IN","32","True","True"
"A5044683684","Nesma M. Rezk","0000-0002-4674-3809","3","127","13","I746986","SE","9","False","True"
"A5008457688","Albara Awajan","0000-0002-8665-1191","9","925","30","I33926330","JO","18","False","True"
"A5020367679","Thomas W. Sanchez","0000-0002-8259-0088","33","3440","230","I19894307","FR","51","False","True"
"A5036959077","Hyun Jin Yoon","0000-0003-3135-033X","13","542","71","I51226738","KR","33","False","True"
"A5100326592","Yuan Zhang","0000-0003-2726-2855","29","3820","289","I142108993","CN","33","False","True"
"A5076595303","Oliver Atkinson","0000-0001-8382-9559","7","137","15","I7882870","GB","5","False","True"
"A2036346442","Bo Liu","0000-0001-5002-0243","21","1471","606","","","1","True","False"
"A5029822464","Junwei Sun","0000-0001-8518-5064","38","5633","383","I108688024","CN","22","True","True"
"A5077105480","Simon Vandenhende","","12","1592","23","","","5","False","False"
"A5036307171","Qi Teng","0000-0003-3573-4146","10","788","23","I1297460800","CA","25","False","True"
"A5080666751","Md Taimur Ahad","0000-0001-7657-2185","7","311","55","","","14","False","False"
"A5076944135","Tahmina Zebin","0000-0003-0437-0570","13","902","28","I59433898","GB","15","False","True"
"A2138203349","Dan Popescu","0000-0001-7164-9155","1","83","15","","","1","True","False"
"A5100458718","Ying Xie","0000-0003-3223-1797","51","10767","456","I114539943","CN","30","True","True"
"A5047175752","Joy Qiaoyi Li","0000-0001-6848-7394","3","133","5","I170897317","US","3","False","True"
"A5042642081","Alberto Marchisio","0000-0002-0689-4776","15","973","110","I120250893","AE","8","True","True"
"A5100321843","Sijia Liu","0000-0003-2817-6991","33","4188","329","I102345215","CN","18","True","True"
"A5100674176","Yaohua Liu","0000-0003-4485-1918","5","138","19","I19820366","CN","21","False","True"
"A5045023838","Hongbin Xia","0000-0003-4314-5878","8","148","39","I111599522","CN","24","False","True"
"A5087435409","Shengxi Gui","0000-0001-8932-0577","5","260","11","I52357470","US","5","False","True"
"A5030697993","Wooje Lee","0000-0002-6238-2898","13","714","33","","","19","False","False"
"A5100680951","Jiliang Zhang","0000-0001-8712-2964","21","1842","122","I16609230","CN","29","False","True"
"A5054934801","Mumtaz Ahmad","0000-0002-2404-7001","1","51","1","I51783024","DE","1","False","True"
"A5065810383","Muhammad Pervez Akhter","0000-0002-4933-8905","12","634","20","I17120543","PK","11","False","True"
"A5018980806","Sulaiman Khan","0000-0003-2562-3477","23","1459","89","I181063083","PK","13","False","True"
"A5069972503","Hongmei Li","0000-0003-3829-4465","28","3056","358","I16365422","CN","31","True","True"
"A5074626162","Guangsu Zhou","0000-0002-3026-4643","12","463","32","","","41","False","False"
"A5066939022","Woongsup Lee","0000-0002-9431-7804","25","2804","134","I193775966","KR","25","False","True"
"A5054469496","Yipin Lei","","6","673","15","I99065089","CN","5","False","True"
"A5089152522","Noe M. Yungaicela-Naula","0000-0002-3131-0672","9","429","21","I126231945","GB","10","False","True"
"A5101582158","Shivani Singh","0000-0001-5784-4202","2","101","6","I74885063","IN","10","False","True"
"A5054449710","Gabriel de Souza Pereira Moreira","0000-0002-9745-5014","9","540","45","","","16","False","False"
"A5084839157","Addis Fuhr","0000-0002-8819-8255","12","1057","28","I1289243028","US","14","False","True"
"A5035508199","Stephanie Baker","0000-0003-0467-7791","16","1904","41","I86467917","AU","68","False","True"
"A5101528192","Chenxing Wang","0000-0003-4565-5759","4","212","9","I92403157","CN","8","False","True"
"A5040096854","Qi Chang","0000-0001-9546-1827","39","5126","175","I1285764155","US","33","False","True"
"A5102013451","Kirandeep Kaur","","9","327","57","","","21","False","False"
"A5014332568","Imane Lasri","0000-0002-1481-094X","5","216","15","","","7","False","False"
"A5057118518","Tushar Nayak","0000-0002-4328-7983","4","124","10","","","2","False","False"
"A5030927546","Yuchao Zhu","0000-0002-0277-200X","14","1432","37","I19820366","CN","30","False","True"
"A5079546302","Jingcheng Du","0000-0002-0322-4566","25","2630","100","I4210131568","US","12","False","True"
"A5054077896","Candyce Hamel","0000-0002-5871-2137","29","18894","106","I153718931","CA","28","False","True"
"A5086465022","Dimitris Drikakis","0000-0002-3300-7669","57","10069","488","I17389662","CY","56","False","True"
"A5076863392","Yuanwei Liu","0000-0002-6389-8941","89","33241","1187","I1456306","CN","27","True","True"
"A5063344287","Hugo Boulze","0000-0001-9935-3145","3","188","18","","","7","False","False"
"A5006350897","Hongdou Yao","0000-0002-6297-7138","6","204","11","I170215575","CN","7","False","True"
"A5072472657","Pakarat Musikawan","0000-0001-5315-751X","8","185","18","","","10","False","False"
"A5100355482","Yong Li","0000-0003-3057-8578","20","1545","75","","","24","False","False"
"A5081872852","Massimiliano Greco","0000-0003-1003-4637","41","21515","192","I1339471597","IT","70","False","True"
"A5101892536","Hyeji Kim","0000-0002-8318-1868","12","552","59","I146429904","KR","22","False","True"
"A5119271918","Xinqiao Zhao","0000-0002-9087-008X","4","322","4","I69356397","CN","6","False","True"
"A5084837129","Iman Akour","0000-0002-6914-2213","26","4168","80","I29891158","AE","23","False","True"
"A5100750907","Wei Han","0000-0002-4201-9645","17","4479","37","","","24","False","False"
"A5000759766","Praveen K. Kopalle","0000-0002-2430-2228","36","7205","100","I107672454","US","34","False","True"
"A5078822681","Yandong Yang","0000-0003-3055-623X","11","967","60","I3125743391","CN","22","False","True"
"A2925721461","Michael Y.-S. Fang","","1","166","1","","","1","False","False"
"A5048134047","Dmitry A. Duev","0000-0001-5060-8733","32","5946","171","I122411786","US","16","True","True"
"A5069418475","Christian Heipke","0000-0002-7007-9549","38","6536","360","","","36","False","False"
"A5007987858","Shuihua Wang‎","0000-0003-4713-2791","84","22575","456","I146655781","GB","29","True","True"
"A5062656355","Laiyi Fu","0000-0001-9086-3982","10","687","40","I4210108865","CN","13","False","True"
"A2263523439","Ryan Marcus","0000-0002-1279-1124","1","35","2","","","1","False","False"
"A5026158058","Chan Soo Ha","0000-0003-3314-2657","12","1147","16","I859038795","US","9","False","True"
"A5010711448","Valentin Aranha dos Santos","","16","1282","38","I4210110056","PT","11","False","True"
"A5059843828","Madhuri Panwar","0000-0003-4763-0707","10","1040","13","I65181880","IN","6","False","True"
"A5067167924","Lanqin Zheng","0000-0001-9378-5027","26","2314","112","I25254941","CN","30","False","True"
"A5100657627","Lei Han","0000-0002-6141-4595","14","991","113","I59028903","CN","21","False","True"
"A5046135185","Zhan Ban","0000-0002-2671-8649","5","409","18","I100930933","IE","8","False","True"
"A5013048872","Prathit A. Kulkarni","0000-0001-8611-8699","14","1137","67","I1299501804","US","22","False","True"
"A5056213519","Emily K. Makowski","0000-0002-9709-9873","15","724","32","I27837315","US","12","False","True"
"A5060451304","Jaemin Son","0000-0002-8358-7534","13","2932","19","","","11","False","False"
"A5100754886","Kaiming Zhang","0000-0001-9525-9944","22","1952","119","I157773358","CN","32","False","True"
"A5070857760","Abolfazl Mollalo","0000-0001-5092-0698","24","2184","62","I153297377","US","12","False","True"
"A5076277927","Arthur Gwagwa","0000-0001-9287-3025","6","294","15","I193662353","NL","11","False","True"
"A5021519126","Youbin Zheng","0000-0003-3905-8552","48","6375","144","I137506752","CN","34","False","True"
"A5078821760","Zi Wang","0000-0001-8635-8334","27","2627","195","I111599522","CN","27","False","True"
"A5026367973","Jihad S. Obeid","0000-0002-7193-7779","31","3623","147","I153297377","US","34","False","True"
"A5026535521","Pablo Carbonell","0000-0002-0993-5625","40","4570","171","I16097986","ES","37","False","True"
"A5045835605","Hongwu Peng","0000-0003-2025-2195","15","964","77","I140172145","US","10","False","True"
"A5102922412","Jiangchao Yao","0000-0001-6115-5194","23","2305","167","I183067930","CN","36","False","True"
"A5060981149","Uta Wilkens","0000-0002-7485-4186","14","658","78","I904495901","DE","29","False","True"
"A5100614868","Rui Yang","0000-0003-4552-584X","17","844","86","I152031979","CN","81","False","True"
"A5061766903","Catharina Silvia Lisson","","7","240","26","I196349391","DE","9","False","True"
"A2886751028","Moming Duan","0000-0001-5402-6634","0","0","1","","","1","False","False"
"A5080891810","Wei Cai","0000-0001-6590-2388","10","336","38","","","40","False","False"
"A5001043637","Haitham Alsaif","0000-0003-0581-7178","18","1358","109","I4210088963","SA","13","False","True"
"A5110769721","Guo X. Hu","","2","169","2","I53592917","CN","4","False","True"
"A5071078581","Yuxin Qi","0000-0003-4762-2715","4","60","20","I183067930","CN","4","False","True"
"A5030462767","Drishti Beohar","","1","38","1","I91277730","IN","1","False","True"
"A5049885997","Alice Capecchi","0000-0003-3552-1298","14","986","42","I118564535","CH","9","False","True"
"A5058582253","Ahmad Hassanpour","0000-0002-3936-2223","6","229","19","I204778367","NO","7","False","True"
"A2139563917","Maoguo Gong","0000-0002-0415-8556","2","86","11","","","1","True","False"
"A5014327880","Joy Purohit","","4","102","6","","","2","False","False"
"A5089706575","Νικόλαος Παπανδριανός","0000-0001-5416-1991","19","1023","60","","","19","False","False"
"A5035466097","Lucía Gómez Vicente","0000-0003-2769-5028","5","151","22","","","16","False","False"
"A5018980236","Adnan Saood","0000-0003-1152-4531","3","264","8","I201181511","FR","8","False","True"
"A5024389911","Edward D. Kantz","0000-0001-5152-3790","2","109","8","I36258959","US","7","False","True"
"A5010511301","Saleh Aly","0000-0002-1772-4254","18","1342","57","I195631090","SA","20","False","True"
"A5060571110","Chyan-Long Jan","","2","105","2","I185940356","TW","1","False","True"
"A5061758518","Xueliang Wang","0000-0002-9962-327X","4","112","8","","","5","False","False"
"A5017888698","Duaa AlSaeed","0000-0002-8464-7279","11","896","39","I28022161","SA","15","False","True"
"A5113379593","Shaimaa E. Nassar","0009-0008-7591-6810","2","108","7","","","3","False","False"
"A5059623278","M. S.","0009-0004-5734-1268","5","427","29","I4210104323","IN","34","False","True"
"A5031091191","Jesús Arturo Pérez-Díaz","0000-0002-7678-5487","14","1419","64","I98461037","MX","26","False","True"
"A5061847219","Sayeh Sharify","","11","718","27","","","8","False","False"
"A5027644323","Jindong Han","0000-0002-1542-6149","9","233","32","I154099455","CN","14","False","True"
"A5009917853","Marios Mattheakis","0000-0001-6450-1128","15","804","65","","","12","False","False"
"A5090947996","Baozhong Liu","0000-0002-6090-4867","35","4067","185","","","27","False","False"
"A5002656266","Kai Yang","0000-0002-7188-8049","12","744","23","","","9","False","False"
"A5054139148","Hassane Alami","0000-0002-5461-7693","20","1598","65","","","16","False","False"
"A5055290113","Redwane Nesmaoui","0000-0001-7675-3330","2","55","5","","","4","False","False"
"A5010131771","Cristina Trocin","0000-0002-0710-8351","5","345","12","I25169866","PT","10","False","True"
"A5083589591","Hamad Zogan","0000-0002-8146-336X","6","367","15","I114017466","AU","5","False","True"
"A5012158435","B. K. Patle","0000-0001-8038-6238","18","2058","69","I4210131298","GB","14","False","True"
"A5100334042","Can Li","0000-0002-0039-2839","11","1052","27","I116953780","CN","15","False","True"
"A5005018629","Geetanjali Panda","0000-0001-8650-9200","2","125","6","I244572783","IN","6","False","True"
"A5045074831","Linlu Hou","","4","360","4","I205237279","CN","3","False","True"
"A5100721347","Hongda Wang","0000-0003-0110-5624","18","3043","68","","","15","False","False"
"A5035167001","Ching Sing Chai","0000-0002-6298-4813","71","18383","354","I177725633","HK","25","True","True"
"A5061487955","Baichuan Jin","","5","231","9","I162868743","CN","4","False","True"
"A5007933623","Michele Polese","0000-0002-9740-134X","32","7536","186","I12912129","US","10","True","True"
"A5100331301","Nan Zhang","0000-0001-7084-0273","36","6833","445","I111483173","US","34","True","True"
"A5100419870","Yong Zhang","0000-0003-3214-3332","6","249","9","I153374732","CN","22","False","True"
"A5008602344","Xiran Song","0000-0002-6737-8513","4","58","6","I204465549","US","4","False","True"
"A5059147614","Mohamad Alipour","0000-0003-2018-134X","15","892","69","","","22","False","False"
"A5057683946","Oleksandr Melnychenko","0000-0002-7707-7888","11","465","52","","","15","False","False"
"A5108132766","Suganthi ST","","1","102","1","I4210125537","IQ","1","False","True"
"A2115939599","Xiangbo Shu","0000-0002-4725-656X","1","202","2","","","1","False","False"
"A5100765920","Yongxin Liu","0000-0003-4527-8623","30","3712","316","I162714631","US","23","True","True"
"A5067404312","Francisco Pedro","0000-0002-2149-6530","6","209","30","I99682543","PT","29","False","True"
"A5005090755","Reihaneh Torkzadehmahani","0000-0003-0851-2185","8","409","26","","","6","False","False"
"A5081057230","Andrea Bucci","0000-0001-9872-9761","11","492","69","","","50","False","False"
"A5079069251","Bouziane Brik","0000-0002-3267-5702","26","2273","154","I29891158","AE","22","False","True"
"A5072938130","Robert A. Sowah","0000-0003-2117-4870","17","832","67","I138690464","GH","21","False","True"
"A5041045546","Lifeng Zhou","0000-0001-7927-8504","15","1729","70","I72816309","US","27","False","True"
"A5009021792","Hubert Szczepaniuk","0000-0001-7613-4281","7","285","21","","","14","False","False"
"A5078946433","Francesca Grisoni","0000-0001-8552-6615","38","5568","198","I3018483916","NL","14","True","True"
"A5085363107","Guilherme Brandão Martins","0009-0003-4159-1636","5","200","19","I4210149283","PT","21","False","True"
"A5101886784","Xiao Sun","0000-0002-8385-7020","25","1864","106","","","27","False","False"
"A5059788672","Xolani Dastile","0000-0003-4628-9420","4","418","7","I192619145","ZA","15","False","True"
"A5091124551","Thomas Härtung","0000-0003-1359-7689","102","38810","864","I1299907687","US","64","True","True"
"A5032407979","Adil Rasheed","0000-0003-2690-983X","28","4297","251","I173888879","NO","19","True","True"
"A5007817160","Maged Farouk","","3","118","7","","","5","False","False"
"A5025143675","Philippe Goulet Coulombe","","9","367","51","I79576946","US","6","False","True"
"A5103954673","Nur-A-Alam Alam","","1","175","1","I41173762","BD","1","False","True"
"A5100670005","Haihua Chen","0000-0002-7088-9752","20","1590","186","I123534392","US","26","False","True"
"A5087277345","Wannipa Sae-Lim","0000-0002-3834-2052","4","212","8","I131868736","TH","12","False","True"
"A5084206216","Kjell Jorner","0000-0002-4191-6790","22","2296","90","I185261750","CA","14","False","True"
"A5070014684","I.U. Ekanayake","","11","886","23","I111199411","LK","6","False","True"
"A5059256534","Ray Bahado‐Singh","","44","7062","308","I177721651","US","39","False","True"
"A5069201141","Sanne G. M. van Velzen","0000-0003-0682-1013","9","512","22","I4210151833","NL","7","False","True"
"A5082317601","Xuan Guo","0000-0001-6678-4168","3","47","8","I38877650","CN","5","False","True"
"A5055169519","Satoki Shichijo","0000-0002-5750-0976","31","4387","213","I4210151107","JP","62","False","True"
"A5053995495","Marriam Nawaz","0000-0002-2238-4645","24","2551","56","I173207729","PK","36","False","True"
"A5100522545","Kun Xu","","6","115","33","I143593769","CN","16","False","True"
"A5052423780","Tobore Igbe","0000-0002-8216-9576","15","912","44","I51556381","US","10","False","True"
"A5036058193","Agostina J. Larrazabal","","4","653","14","","","7","False","False"
"A5088972909","Maleika Heenaye-Mamode Khan","","12","543","56","","","17","False","False"
"A5020704154","Zhengyang Xiao","0000-0002-2617-2738","9","203","18","I204465549","US","24","False","True"
"A5003200822","Peng Yue","0000-0003-3006-4542","30","3923","256","I37461747","CN","22","True","True"
"A5101777258","Ahsan Ali","0000-0002-8146-2076","11","701","48","I19716509","IN","32","False","True"
"A5057422431","А. В. Бойков","0000-0002-6583-2436","10","415","35","","","35","False","False"
"A5027965204","Hayssam Dahrouj","0000-0002-0737-6372","21","2429","103","I29891158","AE","18","False","True"
"A5044331344","Bader Aldughayfiq","0000-0001-9584-0560","8","439","25","I199702508","SA","12","False","True"
"A5052310373","Sylwia Majchrowska","0000-0001-7576-7167","7","414","40","I4210143795","SE","8","False","True"
"A5101321972","Ahmad Saleh","","2","167","6","","","9","False","False"
"A5058245923","Begüm D. Topçuoğlu","0000-0003-3140-537X","12","637","32","","","12","False","False"
"A5001357374","Alaa Mohammed Banaamah","","1","81","1","I185163786","SA","1","False","True"
"A5048901019","Amon Barros","0000-0002-9748-7788","17","757","104","I4210116846","DE","59","False","True"
"A5026305840","Roberta Avanzato","0000-0002-2160-1863","10","410","41","I39063666","IT","7","False","True"
"A5034789908","Ting Zhong","0000-0002-8163-3146","24","2243","135","I150229711","CN","18","False","True"
"A5061649918","Ellen M. Ditria","0000-0002-5218-090X","11","646","15","I11701301","AU","6","False","True"
"A5039016992","Felipe A. Csaszar","0000-0002-1255-9368","16","1454","83","","","30","False","False"
"A5069470446","Zhongqi Miao","0000-0002-0439-8592","8","1490","29","I1290206253","US","9","False","True"
"A2951886807","Husein Perez","0000-0001-6475-5638","1","48","1","","","1","False","False"
"A5006711069","Mohd Zulfaezal Che Azemin","0000-0001-5496-0822","14","968","128","I4164984","MY","17","False","True"
"A5033658049","Junfeng Gao","0000-0002-5622-8210","21","2040","91","I125839683","CN","41","False","True"
"A5071008430","Colby Wight","","3","259","10","","","5","False","False"
"A5013111055","Ioannis Kousis","0000-0002-4433-1878","15","746","38","","","9","False","False"
"A5003274716","Tim Kreuzer","0000-0002-0813-9555","2","91","6","","","4","False","False"
"A5086927957","Magnus Haraldson Høie","0000-0003-2567-758X","9","769","13","I96673099","DK","4","False","True"
"A5034016431","Syed Atif Ali Shah","0000-0002-4275-9731","9","426","24","","","8","False","False"
"A5046677534","Ali Sezer","","2","192","2","I3017902709","TR","1","False","True"
"A5005877741","Sahil Garg","0000-0003-0229-608X","56","10108","377","I186129607","AE","47","False","True"
"A5056427557","Isibor Kennedy Ihianle","0000-0001-7445-8573","8","270","52","I52590639","GB","26","False","True"
"A5020903138","Lizheng Liu","0000-0002-6554-2041","10","522","47","I19820366","CN","21","False","True"
"A5101842801","Muhammad Waqar","0000-0001-8842-5449","6","308","16","I17120543","PK","12","False","True"
"A5084794908","Song Wang","0000-0001-7880-9676","8","387","28","","","26","False","False"
"A5076152765","Anu Jagannath","0000-0003-4459-5336","15","1068","67","I12912129","US","7","False","True"
"A5065130121","Apurv Garg","","1","82","1","","","1","False","False"
"A5100345861","Yu Li","0000-0002-8828-7020","9","438","28","I20231570","CN","23","False","True"
"A5029814958","Binh Thai Pham","0000-0001-9707-840X","94","26570","333","I4210138918","VN","26","True","True"
"A5067079132","Javad Hassannataj Joloudari","0000-0001-9374-2326","16","1347","71","I4210089766","IR","7","True","True"
"A5042259936","Akila Gurunathan","","3","110","3","I4210119396","IN","3","False","True"
"A5048640865","Amaya Noain Sánchez","0000-0002-2845-3285","6","216","17","","","10","False","False"
"A5100763097","Kwabena Owusu‐Agyemang","0000-0002-6943-2288","6","262","23","I28046988","GH","11","False","True"
"A5095770966","Reema Alsabt","","2","70","2","I134085113","SA","1","False","True"
"A5012536010","Maziar Raissi","0000-0002-8467-4568","28","22995","90","I103635307","US","14","False","True"
"A5101416036","Xiang Ling","0000-0002-7377-7844","10","524","36","I4210101167","CN","13","False","True"
"A5084256278","Rammanohar Das","","1","56","1","I244572783","IN","1","False","True"
"A5039563871","Ahmad Waleed Salehi","0000-0002-5248-9720","12","955","19","I4210133311","IN","5","False","True"
"A5065087132","Shisrut Rawat","","2","74","2","","","3","False","False"
"A5076007811","Bhavana Jamalpur","0000-0001-8454-3384","4","113","32","","","14","False","False"
"A5065289736","Robail Yasrab","0000-0002-1673-1946","12","512","43","I241749","GB","13","False","True"
"A5084945799","Neelu Khare","0000-0001-9516-0637","17","1778","69","","","66","False","False"
"A5072173351","Rivu Midya","","15","6348","33","I24603500","US","10","False","True"
"A5078205498","Emmanuel Ahishakiye","0000-0001-6598-2111","8","368","31","I43480833","UG","9","False","True"
"A5029949770","Fouad Sakr","0000-0002-6905-5814","15","816","183","I1302444339","US","23","False","True"
"A5038925727","Mitra Baratchi","0000-0002-1279-9310","14","695","74","I121797337","NL","15","False","True"
"A5056787014","Carolin Graßmann","0000-0002-8655-5239","12","588","36","I883909435","KH","11","False","True"
"A5101528830","Qi Yuan","0000-0002-7675-2642","14","1005","55","I114539943","CN","24","False","True"
"A5100692354","Yu Feng","0000-0001-5110-5564","12","771","59","I157773358","CN","30","False","True"
"A5078614909","Gaku Fujii","","3","72","4","","","8","False","False"
"A5079389977","Kathryn Tunyasuvunakool","0000-0002-8594-1074","15","63085","22","I4210090411","GB","4","False","True"
"A5052906249","Yang Liu","0000-0003-3791-4343","3","62","12","I19820366","CN","3","False","True"
"A5100767271","Jihoon Park","0000-0002-4829-5587","30","3244","330","I129634264","JP","24","True","True"
"A5025907276","Anya E. R. Prince","0000-0002-0086-7881","17","1074","102","I126307644","US","91","False","True"
"A5064619766","Xuan-Nam Bui","0000-0001-5953-4902","43","5342","143","I141445968","VN","46","False","True"
"A5009958025","Semen Budennyy","0000-0001-6916-2030","10","439","55","","","14","False","False"
"A5035974072","Ah Reum Kang","0000-0002-0732-5313","14","766","54","I110118728","KR","15","False","True"
"A5086221093","Michał Kawulok","0000-0002-3669-5110","27","3090","182","I119004910","PL","21","False","True"
"A5107852817","Muhammad Sajid","0000-0001-9459-6623","4","142","8","I899713450","PK","11","False","True"
"A5088181138","Shankeeth Vinayahalingam","0000-0002-2679-3841","17","1067","80","I145872427","NL","7","True","True"
"A5071854504","E Weinan","","95","34568","483","I20089843","US","42","True","True"
"A5068523611","Lucas Prado Osco","0000-0002-0258-536X","25","2411","137","","","13","True","False"
"A5079309376","Félix Musil","0000-0001-7401-012X","12","1193","34","I75951250","DE","12","False","True"
"A5073139801","MinWoo Kim","0000-0001-7547-2596","11","568","52","I4921948","KR","25","False","True"
"A5090857805","Ahmad Al Miaari","0000-0002-0011-9154","7","223","15","I134085113","SA","5","False","True"
"A5004403213","Rashid Jahangir","0000-0003-1129-6006","11","721","26","I16076960","PK","8","False","True"
"A5023927737","Qi Wu","0000-0002-1136-7786","29","2849","201","I169689159","CN","33","False","True"
"A5112570365","Weinan E Weinan E","","7","230","8","","","4","False","False"
"A5101772231","Sonal Jain","0000-0001-6258-2227","6","228","11","","","13","False","False"
"A5071016470","Junchao Xiao","0000-0002-8450-2483","13","416","51","I139024713","CN","21","False","True"
"A5014823194","Jiayi Yang","0000-0002-3135-689X","27","2442","131","I110440473","CN","40","False","True"
"A5006356222","Rahul R. Divekar","0000-0002-6914-1800","8","312","26","I139924743","US","9","False","True"
"A5017040692","Syafiq Kamarul Azman","0000-0002-8759-3528","6","217","12","I176601375","AE","7","False","True"
"A5084113245","Xue Jun Li","0000-0003-2241-0767","36","6196","344","I20942203","CN","38","False","True"
"A5006521040","Rizvi Syed Aal E Ali","0009-0003-1866-1421","5","330","6","I66867065","CN","7","False","True"
"A5076885404","Reya Sharma","0000-0002-0784-8050","6","137","17","","","8","False","False"
"A5018542086","Wen-jing Niu","0000-0001-5351-2040","40","5011","168","I150807315","CN","17","False","True"
"A5082921939","Xian Tao","0000-0001-5834-5181","19","2207","96","I19820366","CN","32","False","True"
"A5100351611","Jiang Wang","0000-0002-2189-8003","54","14017","815","I106079672","CN","27","True","True"
"A5085915629","Joseph Bamidele Awotunde","","33","3614","319","I134542131","NG","12","True","True"
"A5033322364","Theresa Eriksson","0000-0002-9285-397X","9","600","21","","","21","False","False"
"A5063529604","Laha Ale","0000-0002-4070-5289","9","580","24","I4800084","CN","11","False","True"
"A5050584318","Beatriz Flamia Azevedo","0000-0002-8527-7409","8","297","38","","","9","False","False"
"A5032693575","Peng Wu","0000-0003-2938-6798","24","2012","86","I17145004","CN","17","False","True"
"A5078521000","Celia Escamilla‐Rivera","0000-0002-8929-250X","23","4104","121","","","34","False","False"
"A5018156889","Seyd Teymoor Seydi","0000-0002-3678-4877","17","1339","68","I120156002","US","11","False","True"
"A5049427346","Sudhanshu Kumar","0000-0001-5424-7744","7","492","19","","","10","False","False"
"A5089681125","Zachary C. Lum","0000-0002-5871-8539","18","1439","77","I203088144","US","10","False","True"
"A5102824504","Jingwen Zhao","0000-0002-2263-654X","5","169","11","I241749","GB","7","False","True"
"A5037923738","Nagaraja Gundluru","","3","218","3","I876193797","IN","6","False","True"
"A5035598584","Hammam Alshazly","0000-0002-9942-8642","29","2265","51","","","12","False","False"
"A5023272525","Sumika Chauhan","0000-0003-0367-4193","22","1224","68","I110360157","IN","27","False","True"
"A5005198509","Wonbong Choi","0000-0002-7896-7655","59","12655","258","I123534392","US","33","False","True"
"A5101933868","Juntao Jiang","0000-0003-4294-9903","22","1640","85","I173899330","CN","30","False","True"
"A5063291442","Linda Studer","","7","165","24","I145872427","NL","33","False","True"
"A5075971377","Jason Hagerty","0000-0003-1474-4636","13","542","37","I20382870","US","14","False","True"
"A5036899043","José Ramón Saura","0000-0002-9457-7745","45","5529","116","","","10","True","False"
"A5089254983","Chih‐Shen Cheng","0000-0001-7226-4484","6","269","17","I86519309","US","5","False","True"
"A5064517159","Sonja Zlatanov","","4","109","8","","","8","False","False"
"A5027701167","Alex Casey","0000-0003-3558-8046","7","220","23","","","12","False","False"
"A3038276084","Sohrab Mokhtari","0000-0001-9363-1706","1","48","1","","","1","False","False"
"A5090591934","Xiangfeng Dai","0000-0002-5985-1745","17","1071","78","I114027177","US","22","False","True"
"A5112853910","James Y. Coe","","19","958","66","I154425047","CA","47","False","True"
"A5030732784","Shuo Chang","0000-0001-5663-2793","18","1411","89","I139759216","CN","23","False","True"
"A5100638482","Dawei Liu","0000-0001-5553-2379","27","2910","256","I154425047","CA","32","False","True"
"A5021250548","Luciano M. Prevedello","0000-0002-6768-6452","33","5550","157","I1283280774","US","25","False","True"
"A5089489436","Amit Gangwal","","8","401","20","I4210132590","IN","17","False","True"
"A5011104775","Nadim Mahmud Dipu","","4","211","4","I157386601","BD","1","False","True"
"A5037736702","Inmaculada García‐Martínez","0000-0003-2620-5779","18","1716","149","I173304897","ES","24","False","True"
"A5100425283","Liang Zhang","0000-0003-3115-1752","16","1150","95","","","23","False","False"
"A5029496521","Morshedul Bari Antor","0000-0001-6374-5171","2","167","3","I157386601","BD","9","False","True"
"A5023052774","Faisal Jamil","0000-0003-1994-6907","26","2904","81","I133837150","GB","20","False","True"
"A5101741414","Atta Rahman","0000-0001-6696-277X","34","3638","283","I172324550","PK","50","False","True"
"A5030925408","Dmitry Tuzoff","0000-0002-3852-8471","3","467","9","","","8","False","False"
"A5001045254","Kyrollos Yanny","0000-0003-4623-8172","5","560","18","I19620478","US","8","False","True"
"A5068987161","Hugo Crisóstomo de Castro Filho","","2","172","3","I150729083","BR","12","False","True"
"A5013877182","Justin Ker","0000-0003-1657-3711","7","2018","15","I165932596","SG","13","False","True"
"A5053912333","Anneketh Vij","","2","249","3","","","8","False","False"
"A5101442657","Mingu Kang","0000-0002-0837-7254","17","2131","59","I157485424","KR","31","False","True"
"A5031374090","Mike Zajko","0000-0001-7804-4618","6","304","18","","","18","False","False"
"A5093348720","Konstantinos Mira","","1","19","1","I277688954","FR","1","False","True"
"A5112417122","Md Faruque","","5","224","24","I12079687","AU","56","False","True"
"A5100763245","Jian Cui","0000-0003-1371-4945","17","1347","87","I4210123185","CN","17","False","True"
"A5018364198","S. Maity","0000-0003-3076-9243","12","830","87","","","16","False","False"
"A5061540470","Syed Haleem Shah","0000-0001-9943-202X","3","593","4","I71920554","SA","9","False","True"
"A5067521048","Andres Milioto","0000-0002-5716-3279","15","2605","32","","","6","False","False"
"A5023213667","Ahmed T. Sahlol","0000-0002-6221-6961","15","1637","32","I1287366011","AE","11","False","True"
"A5084312616","Navid Nourian","","2","40","2","I168635309","CA","1","False","True"
"A5011620756","G.B.M. Heuvelink","0000-0003-0959-9358","70","26948","487","I31761138","NL","37","True","True"
"A5018678698","Pravik Solanki","0000-0002-5868-3962","6","212","14","I4210163178","AU","6","False","True"
"A5115076705","He Zhang","0000-0003-2812-2192","5","137","12","","","7","False","False"
"A5036194526","Xiao Cheng","0000-0001-5456-3827","8","613","30","I31746571","AU","13","False","True"
"A5022164406","Juan Carrasquilla","0000-0001-7263-3462","26","4302","139","I151746483","CA","22","False","True"
"A5075155216","M. A. Hannan","0000-0001-8367-4112","75","25506","446","","","56","False","False"
"A5075988802","Stefan Chmiela","0000-0003-0892-952X","15","5132","52","I4401727010","","9","False","True"
"A5075964277","Xiangzhou Chen","","7","530","63","I126520041","CN","23","False","True"
"A5003571713","Mark Coeckelbergh","0000-0001-9576-1002","49","7583","401","I129774422","AT","28","True","True"
"A5024472827","Martin Jullum","0000-0003-3908-5155","11","544","41","","","13","False","False"
"A5039648013","Xiaotian Jiang","0000-0002-2629-8728","19","1156","88","I139759216","CN","41","False","True"
"A5013633154","Francesco Nex","0000-0002-5712-6902","39","8677","186","","","19","False","False"
"A5034412369","Jayme Garcia Arnal Barbedo","0000-0002-1156-8270","32","6009","111","I199691007","BR","25","False","True"
"A5100695543","Peifeng Li","0000-0002-0969-9407","76","22138","491","I150229711","CN","63","False","True"
"A5037128368","Aymen Hamrouni","0000-0002-8490-7878","9","215","26","I71920554","SA","7","False","True"
"A5100372303","Bin Wang","0000-0001-6850-5206","16","771","58","","","28","False","False"
"A5049527767","Işıl Karabey Aksakallı","0000-0002-4156-9098","6","229","25","I265519392","TR","7","False","True"
"A5050902157","Sankavi Muralitharan","0000-0002-2175-8895","2","164","3","I2800290887","GB","1","False","True"
"A5045667203","Sansar Raj Meena","0000-0001-6175-6491","24","2889","96","I111088046","US","8","True","True"
"A5054797662","Vipin Venugopal","0000-0002-7943-8923","5","391","9","I81556334","IN","4","False","True"
"A5101515469","Li Zhou","0000-0002-5722-2574","6","211","9","I4210116517","CN","18","False","True"
"A5069337921","Maria Tsiakmaki","","6","280","8","I174878644","GR","7","False","True"
"A5053414084","Eustace M. Dogo","0000-0002-6125-0180","14","864","50","I180664298","NG","13","False","True"
"A5028351142","Kaijian He","0000-0001-8097-4435","26","3175","105","I173759888","CN","23","False","True"
"A5076083494","Hela Elmannai","0000-0003-2571-1848","24","2283","126","I106778892","SA","14","False","True"
"A5101484264","ShanShan Hu","0009-0001-0221-2184","7","309","20","I24185976","CN","12","False","True"
"A5038118094","Valerio La Gatta","0000-0002-5941-4684","9","328","36","I111979921","US","6","False","True"
"A5084039348","Chia‐Han Lee","0000-0002-6013-9659","27","2573","140","I1299303238","US","19","False","True"
"A5014501999","Riffat Sharmin","","2","63","2","I885507782","BD","1","False","True"
"A5014300312","Roxana Daneshjou","0000-0001-7988-9356","31","4670","164","I202697423","CH","15","True","True"
"A5091912720","Mohammed Jabreel","0000-0001-9774-9066","12","620","39","I4210087053","DE","14","False","True"
"A5054410728","R. Prakash Dixit","","7","266","25","","","52","False","False"
"A2179350751","David Manheim","0000-0001-8599-8380","1","31","26","","","1","True","False"
"A5101478122","Lingfei Wu","0009-0008-8081-6275","9","251","30","","","14","False","False"
"A5035098825","Arthur Huang","0000-0002-5859-8549","17","1408","80","","","29","False","False"
"A5078082127","Aina Gallego","0000-0001-7943-3500","26","2699","98","","","44","False","False"
"A5073748933","Yunhe Feng","0000-0001-6577-227X","14","698","78","I123534392","US","15","False","True"
"A5042682401","Sébastien Valade","0000-0002-6687-7302","21","1376","60","","","17","False","False"
"A5110724818","Md. Arif Istiake Sunny","0009-0002-9053-960X","1","275","3","I2802982682","IN","6","False","True"
"A5031130797","Geoffrey A. Fricker","0000-0001-6310-3427","15","812","50","I149919469","US","56","False","True"
"A5065317507","S. P. Maniraj","","10","571","49","I145286018","IN","12","False","True"
"A5068512068","Shrooq Alsenan","0000-0003-1476-5357","10","349","33","I106778892","SA","11","False","True"
"A5101950079","Somin Park","0000-0002-8885-0872","17","1493","83","","","18","False","False"
"A5101952816","Qiuyun Fu","0000-0002-4331-0004","14","631","55","I148128674","CN","15","False","True"
"A5061026288","Umair Muneer Butt","0000-0002-9197-3419","11","539","22","I87482320","PK","10","False","True"
"A5063839073","M.A.P. Chamikara","0000-0002-4286-3774","16","1671","56","I1292875679","AU","14","False","True"
"A5007353173","Milad Mozafari","0000-0002-4521-1640","10","700","23","","","13","False","False"
"A5075267855","Tae‐Eui Kam","0000-0002-6677-7176","13","638","55","I197347611","KR","15","False","True"
"A5025224507","Christine Fink","0000-0002-3875-6415","27","5560","183","","","31","False","False"
"A5036126889","Jooae Choe","0000-0003-0486-4626","24","2592","114","I116631150","KR","20","False","True"
"A5037580930","Andrew Cox","0000-0002-2587-245X","47","8924","315","I91136226","GB","120","False","True"
"A5114546988","Jun Zhang","0000-0003-1321-6022","11","471","42","I19820366","CN","25","False","True"
"A5100370277","Xinyi Li","0000-0002-4059-4531","9","239","29","I211433327","CN","24","False","True"
"A5070582684","Mustafa Abdul Salam","0000-0003-1673-6947","15","881","48","I142608572","SA","19","False","True"
"A5100732467","Muhammad Adnan","0000-0003-3366-4084","8","515","49","I141945490","CA","14","False","True"
"A5100355786","Yang Liu","0000-0002-0857-9905","13","772","44","I161346416","CN","29","False","True"
"A5020014761","Qian Chen","0009-0009-8296-5749","5","201","10","","","8","False","False"
"A5047417992","Ming‐Der Yang","0000-0003-2904-5838","32","2962","126","I162838928","TW","35","False","True"
"A5102001191","V. Vijayalakshmi","","13","751","154","","","33","False","False"
"A5100357081","Liying Zhang","0000-0001-7742-4985","17","772","41","I4210109300","CN","24","False","True"
"A5086199805","Israa Y. AbuShawish","0000-0003-3337-8918","4","93","11","I29891158","AE","5","False","True"
"A5025119387","Shubham Joshi","0000-0003-3815-1261","17","1162","90","I110166357","IN","16","False","True"
"A5016424652","Jonas Schuett","0000-0001-7154-5049","12","671","36","","","7","False","False"
"A5009882421","Anton Korinek","0000-0001-9435-2653","37","5989","139","","","24","False","False"
"A5035117617","Junzhong Ji","0000-0001-6951-741X","22","1684","177","I37796252","CN","25","False","True"
"A5019972279","Yangkang Chen","0000-0001-6429-4261","67","14484","403","I1288783943","US","31","True","True"
"A5102714399","King Chung Ho","0000-0001-5196-3032","9","540","13","","","9","False","False"
"A5034470555","Ghazanfar Latif","0000-0002-5931-9353","23","1918","100","I138564716","SA","16","False","True"
"A5023263491","Sifat Rezwan","0000-0003-2890-6413","8","316","20","I4210093367","DE","9","False","True"
"A5033012575","Punyaslok Pattnaik","0000-0001-6216-2353","4","144","13","I64189192","IN","6","False","True"
"A5042965510","Guanbin Li","0000-0002-4805-0926","57","14267","400","I157773358","CN","33","True","True"
"A5102848539","Yi Lu","0000-0001-7652-313X","12","767","56","I4210100255","CN","20","False","True"
"A5063982880","Florian M. Dietrich","0000-0002-2383-7298","2","84","12","I45129253","GB","6","False","True"
"A5065100964","Dahee Jung","0000-0002-4913-1680","5","167","9","I8991828","KR","6","False","True"
"A5011172970","Pham Viet Hoa","","17","1555","31","I70349855","VN","14","False","True"
"A5109633401","Ibrahim Hussein Musa","","6","200","22","","","22","False","False"
"A5026198819","Mitchell Gordon","0000-0003-1008-2321","14","890","36","I201448701","US","11","False","True"
"A5036967546","Tim Lucas","0000-0003-4694-8107","26","59827","128","I153648349","GB","57","False","True"
"A5047500682","Mohamed H. Behiry","0000-0001-5467-3305","3","77","5","I63601056","EG","4","False","True"
"A5047521975","Abdulkhaliq Ali F. Alshadidi","0000-0002-1121-1917","14","561","44","","","10","False","False"
"A5066304951","Deekshith Shetty","","1","30","1","","","1","False","False"
"A5100369954","Hongming Li","0000-0001-6934-1928","30","3139","177","I117532281","CN","19","False","True"
"A5101672238","Jin Zheng","","11","365","31","","","24","False","False"
"A5102846996","Libin Tang","0000-0002-2085-8579","9","1141","16","","","18","False","False"
"A5024762696","Christian Sabater","0000-0002-0492-9875","7","193","13","","","5","False","False"
"A5042509817","Huaqing Zhang","0000-0001-9180-7309","27","3150","197","I163340411","CN","32","False","True"
"A5086250883","Liuqing Yang","0000-0002-4064-501X","19","1475","106","I123387679","SE","25","False","True"
"A5100391416","Dong Wang","0000-0001-6928-8725","34","4124","299","I108688024","CN","26","True","True"
"A5022974795","Hussein A. Abbass","0000-0002-8837-0748","49","10490","579","I188329596","AU","32","True","True"
"A5031652616","Frederick M. Howard","0000-0002-6039-1141","18","2375","119","I169222155","US","18","False","True"
"A5086862776","Tatsuyuki Sagawa","0000-0001-8891-2773","13","791","30","I22749227","JP","51","False","True"
"A5084056829","Kristian M. Black","0000-0002-3936-3752","9","450","36","I27837315","US","9","False","True"
"A5041082456","Qikun Shen","0000-0002-1749-2641","31","3977","141","I157773358","CN","21","False","True"
"A5059182729","Pooja Goel","0000-0001-7635-5842","15","1123","81","I110166357","IN","20","False","True"
"A5081190821","Tao Jiang","0000-0002-5947-2788","16","2522","62","","","14","False","False"
"A5027165614","Johrha Alotibi","","1","28","1","","","1","False","False"
"A5032965136","Steven Dewitte","0000-0002-4571-1450","26","2749","169","","","31","False","False"
"A5021509436","Xavier Dray","0000-0002-4527-203X","36","4603","340","I177969490","DK","26","True","True"
"A5066721550","Hazem Ibrahim","0000-0003-2165-214X","7","249","25","I57206974","US","36","False","True"
"A5011891980","Lukas Schott","","10","655","32","","","11","False","False"
"A5090475829","Aki Koivu","0000-0003-4116-344X","7","247","12","I1287163989","US","10","False","True"
"A5043026603","Run-Fa Liao","","1","98","1","I150229711","CN","1","False","True"
"A5006750451","Wenyi Shao","0000-0002-9910-5480","16","766","51","I16609230","CN","22","False","True"
"A5036100381","Chenxi Yang","0000-0003-0180-4126","18","1213","114","I159176309","DE","29","False","True"
"A5100373459","Yuyang Liu","0000-0002-6182-3786","13","521","87","I139660479","CN","14","False","True"
"A5003795739","Wenzhe Guo","0000-0003-2410-7315","17","1273","36","","","17","False","False"
"A5033147328","Tristan Bilot","0000-0003-4153-735X","3","157","6","I122941322","FR","3","False","True"
"A5022318453","Joseph Clements","0000-0002-8371-8602","7","261","11","I4210144946","US","7","False","True"
"A5044283512","Mingkun Lu","0000-0003-1522-6320","10","427","27","I135237710","CN","20","False","True"
"A5063603492","Yadan Luo","0000-0001-6272-2971","21","1656","118","I165143802","AU","19","False","True"
"A5054313007","Nan Wu","0000-0001-6851-409X","8","297","30","I1292875679","AU","17","False","True"
"A5043650796","Vratika Gupta","","1","56","3","I134705546","IN","2","False","True"
"A5003066667","Wonik Jang","0000-0003-3010-521X","5","112","8","I2250650973","KR","4","False","True"
"A5081177522","Lorenz Kemper","0000-0002-0479-7155","2","166","3","","","6","False","False"
"A5089119201","Nicola Rares Franco","0000-0002-4980-5606","8","195","38","","","6","False","False"
"A5075179980","Simon Letzgus","0000-0003-0044-8959","8","379","23","","","10","False","False"
"A5014317810","Fan Mo","0000-0001-5743-246X","12","428","32","I241749","GB","5","False","True"
"A5005357653","Tom Hitron","0000-0001-8611-9085","7","269","7","I4210093787","IL","7","False","True"
"A5080941988","David Hradecky","","1","143","1","I55060895","GB","1","False","True"
"A5061104487","Maha Alafeef","0000-0001-6603-2169","23","2612","53","I130769515","US","9","False","True"
"A5045594204","Weng Marc Lim","0000-0001-7196-1923","69","30004","382","I26771391","IN","16","True","True"
"A5056933502","Mohammad Ahmadlou","0000-0002-9221-6487","12","785","23","I170238339","VN","11","False","True"
"A5040086890","Amin Zollanvari","0000-0002-9172-8413","22","1397","133","","","20","False","False"
"A5022782953","Ryosuke Tonozuka","0000-0003-3999-2847","30","2812","210","I158929114","JP","17","True","True"
"A5003595003","Bryce Manifold","0000-0002-5281-8969","7","452","21","I95457486","US","8","False","True"
"A5059068275","Shenglin Wang","0000-0002-7188-7521","18","990","101","I134052481","CN","52","False","True"
"A5020377679","Zhanwei Liu","0000-0002-5318-956X","30","8401","327","I125839683","CN","29","True","True"
"A5070396879","Sushil Punia","0000-0001-8468-7994","9","1000","15","","","6","False","False"
"A5012814618","Francesca Matrone","0000-0002-9160-1674","16","1089","59","","","12","False","False"
"A5089764368","Naseem Saquer","0000-0003-0791-0085","2","16","2","I119942284","US","4","False","True"
"A5020621134","Sophie Giffard‐Roisin","0000-0001-5606-145X","13","825","75","I1294671590","FR","12","False","True"
"A5101748110","Min Hu","0000-0001-8288-3078","23","1834","143","I113940042","CN","32","False","True"
"A5018092152","Myung-Sun Baek","0000-0003-3915-9409","14","740","101","I28777354","KR","23","False","True"
"A5001307394","Ryota Shimizu","0000-0001-9600-7255","29","3128","290","I10091056","JP","54","False","True"
"A5048572024","Alex Zyner","0000-0002-7569-2131","7","625","14","I129604602","AU","7","False","True"
"A5056680752","Neelesh Rampal","0000-0001-9801-9348","8","284","35","I31746571","AU","9","False","True"
"A5085512777","Mohamed Shaban","0000-0003-4900-1859","12","694","45","I83809506","US","28","False","True"
"A5003220288","Sangdoo Yun","0000-0002-0417-8450","32","11482","134","I60922564","KR","14","False","True"
"A5009541916","Yashon O. Ouma","0000-0003-1163-0385","23","2364","52","I157273133","BW","21","False","True"
"A5014069746","Ruiying Guo","","4","59","4","I191208505","CN","7","False","True"
"A5100753321","Heng Liu","0000-0001-5746-1279","17","1073","130","I134687103","CN","38","False","True"
"A5081866566","Guangzhan Zhang","","2","74","2","I204823248","CN","1","False","True"
"A5055349217","Kok‐Lim Alvin Yau","0000-0003-3110-2782","37","4639","171","I931681460","MY","18","False","True"
"A5050460821","Joanne C. Wen","0000-0002-8407-7819","24","2050","85","I168639165","SG","21","False","True"
"A5004863525","Muhammad Waqas Nadeem","0000-0002-9195-9529","13","1001","27","I4210105365","CN","12","False","True"
"A5043558899","Caihua Shan","0000-0001-9012-7088","9","300","33","I4210113369","CN","5","False","True"
"A5029956297","Liyun Gong","0000-0002-7223-5904","12","500","35","","","25","False","False"
"A5022499594","Yuanming Shi","0000-0002-1418-7465","45","10655","401","I30809798","CN","18","True","True"
"A5039571970","Chao Ye","0000-0003-3794-5756","21","1812","99","I4210157719","CN","43","False","True"
"A5072023945","Barry Siegel","","2","67","3","I92446798","US","22","False","True"
"A5031613608","Banghua Zhu","0000-0002-7320-3533","11","527","53","I4210165198","CN","9","False","True"
"A5042975544","Yulei Jiang","0000-0001-9322-0958","33","4616","165","I4210142504","CN","34","False","True"
"A5036322379","Walid Al-Dhabyani","0000-0001-8934-2178","2","1748","8","","","7","False","False"
"A5052657968","Tausifa Jan Saleem","0000-0002-0827-0043","8","362","23","","","7","False","False"
"A5074636993","Moruf Akin Adebowale","0000-0001-5704-4985","4","309","5","","","4","False","False"
"A5101823681","Man Zhou","0000-0003-2872-605X","26","2404","114","I126520041","CN","22","False","True"
"A5101891025","Shiqing Zhang","0000-0001-8184-5088","31","3487","157","I159948400","CN","22","False","True"
"A5007468197","Qing Dong","0000-0002-1380-269X","23","2166","83","I4210156877","CN","20","False","True"
"A5087581935","Shuhei Ohno","0000-0002-4096-4299","7","271","42","","","37","False","False"
"A5031801103","Rundi Qiu","0009-0005-9236-1691","10","321","22","","","6","False","False"
"A5021904143","Luigi Capogrosso","0000-0002-4941-2255","4","107","21","I119439378","IT","4","False","True"
"A5086236078","Chao Gao","0000-0002-5865-2285","34","3947","292","I17145004","CN","30","False","True"
"A5088013951","Zhan Gao","0000-0001-7250-7386","12","508","58","I241749","GB","22","False","True"
"A5014611705","Viet‐Khoa Tran‐Nguyen","0000-0001-7497-333X","11","603","30","I1294671590","FR","11","False","True"
"A5100709551","Zhihua Chen","0000-0002-5883-3684","31","3968","302","","","28","True","False"
"A2116942895","Karthik Duraisamy","0000-0002-3519-8147","2","924","4","","","1","False","False"
"A5032001655","Adib Bin Rashid","0000-0002-0681-7383","20","1581","79","","","9","False","False"
"A5089477818","Qiao Liu","0000-0001-9966-7101","6","589","22","","","19","False","False"
"A5043925430","Giuseppina Gini","0000-0002-0334-420X","34","3942","220","","","226","False","False"
"A5035962673","Dhavalkumar Thakker","0000-0003-4479-3500","17","1091","120","I191240316","GB","21","False","True"
"A5007765220","Tam Sakirin","0000-0003-4103-1797","8","278","16","","","13","False","False"
"A5100421591","Yang Li","0000-0002-6515-4567","66","17871","1341","I108160477","CN","43","True","True"
"A5007213040","Inam Ullah Khan","0000-0002-8130-3016","8","384","27","I178169726","US","12","False","True"
"A5091879252","Michael J. Horry","0000-0001-6691-9739","7","666","20","I114017466","AU","4","False","True"
"A5063643578","Michael T. Lu","0000-0003-4696-9610","42","6860","357","I1283280774","US","39","False","True"
"A5078412004","Dhirendra Prasad Yadav","0000-0001-9349-3964","14","926","79","I82571370","IN","15","False","True"
"A5007540973","Haya Elayan","0000-0001-8104-626X","8","705","11","I28407311","GB","5","False","True"
"A5057280711","Siddharth Siddharth","","8","423","18","I160977438","UA","15","False","True"
"A5037758422","Odey Alshboul","0000-0002-7293-6663","23","1443","41","I157392197","JO","7","False","True"
"A5071619607","Fahima Hossain","0000-0001-8743-8547","9","246","43","I96369009","BD","9","False","True"
"A5030517260","Shuai-qun PAN","","1","80","1","I118347636","AU","1","False","True"
"A5074236387","Shruti Aggarwal","0000-0001-5200-2591","10","303","62","","","15","False","False"
"A5000969382","Uchilla S. Vishal Rao","","2","141","3","I4210113515","IN","5","False","True"
"A5004075397","Sergio Luis Náñez Alonso","0000-0001-5353-2017","16","889","47","I185020484","ES","11","False","True"
"A5064323152","Chengjia Han","0000-0003-1851-9487","18","916","56","I172675005","SG","8","False","True"
"A5087129178","Mariel Musso","0000-0002-3226-5076","9","541","76","I173304897","ES","16","False","True"
"A5012563613","Praphula Kumar Jain","0000-0001-7651-4444","20","1057","42","I189109744","IN","8","False","True"
"A5033711346","S. Neelakandan","0000-0001-8583-0019","37","3917","101","","","15","False","False"
"A5013092212","Anatoliy Kazak","0000-0001-7678-9210","10","428","85","","","9","False","False"
"A5073276929","Lizhen Tang","","3","233","7","","","16","False","False"
"A5100687183","Wei Jiao","0000-0001-6569-9770","25","9520","67","I103890011","CN","34","False","True"
"A5053388507","Anand Singh Rajawat","0000-0001-5940-5799","26","1725","213","I2802982682","IN","15","True","True"
"A5053830993","Zeyu Ren","0000-0003-2303-5663","9","745","21","I113940042","CN","4","False","True"
"A5022372336","Farhat Abbas","0000-0002-2032-8527","49","9777","212","I145487455","EG","33","False","True"
"A5103030258","Xu Zhang","0000-0001-9364-0418","1","84","4","I4210101457","CN","6","False","True"
"A5037612097","D. Dhanya","","3","132","4","","","4","False","False"
"A5090245061","Yeonghun Kang","0000-0001-5191-5735","9","431","32","I157485424","KR","5","False","True"
"A5104156170","Sherwin S. S. Ng","","1","19","1","I172675005","SG","1","False","True"
"A5037864330","Yinying Wang","0000-0002-9005-9641","17","1981","66","I181565077","US","18","False","True"
"A5012572638","Oscar Holmström","0000-0001-9447-4618","6","275","13","I133731052","FI","22","False","True"
"A5113820354","Maryam Tahir","","6","256","21","I2802841970","US","9","False","True"
"A5085604133","Aneeqa Ijaz","0000-0003-4359-4366","8","309","25","I8692664","US","9","False","True"
"A5030823020","Asma Belhadi","0000-0002-7103-2179","26","2076","89","I184531372","NO","13","False","True"
"A363098506","Natalia A. Trayanova","0000-0002-8661-063X","2","136","19","","","1","True","False"
"A5018946764","Katsuyuki Tomita","0000-0002-4050-775X","25","2415","127","I4210115271","JP","35","False","True"
"A5074172272","William John Thrift","0009-0004-5022-2119","9","518","28","","","12","False","False"
"A5070614543","Locky Law","0000-0003-2234-9337","5","262","16","","","70","False","False"
"A5061643029","Norita Ahmad","0000-0001-5129-1133","22","2134","92","I199440890","AE","20","False","True"
"A5037093869","Nick Hajli","0000-0002-9818-181X","46","9758","136","I143804889","GB","14","False","True"
"A5022533710","Xuefeng Wu","0000-0003-2133-220X","14","788","110","I100188998","CN","37","False","True"
"A5060479777","Vivian Youngjean Park","0000-0002-5135-4058","24","1916","122","I193775966","KR","23","False","True"
"A5074733625","Gaël Varoquaux","0000-0003-1076-5122","59","94347","428","I4210094257","FR","20","True","True"
"A5063130523","Varsha Sahni","0000-0001-7965-6552","6","184","30","I110360157","IN","14","False","True"
"A5041942189","Mohamed Loey","0000-0002-3849-4566","18","3548","38","I207547235","EG","10","False","True"
"A5110923882","Syed Nawaz Pasha","","6","201","32","","","9","False","False"
"A5056772910","Sahil Sandhu","0000-0001-6458-5253","16","1182","57","I1316535847","US","23","False","True"
"A5083586618","Kaixuan Wei","0000-0002-9887-0455","13","810","28","I71920554","SA","10","False","True"
"A5031967712","Mei‐Ling Huang","0000-0002-0187-6130","29","2407","146","I65446980","TW","27","False","True"
"A5112479301","Fei Li","0000-0002-6260-1907","25","3253","180","I157773358","CN","22","False","True"
"A5028718810","Lianlian Wu","0000-0002-9611-4488","32","4506","159","I157773358","CN","12","True","True"
"A5075790092","Vasiliki Balaska","0000-0002-9770-8552","11","373","36","I147962203","GR","9","False","True"
"A5004973785","Shree Krishna Sharma","0000-0001-9823-2886","34","7356","163","I186903577","LU","33","False","True"
"A5005485404","Rakesh Chandra Joshi","0000-0003-1264-9010","16","1046","60","I191972202","IN","12","False","True"
"A5012997528","Gongxu Luo","","5","141","17","","","7","False","False"
"A2620341450","Patrick Hohenecker","","2","122","2","","","1","False","False"
"A5074676946","Deqing Zou","0000-0001-8534-5048","33","4151","288","I47720641","CN","23","True","True"
"A5073873550","K. Bresilla","0000-0001-9629-5015","8","345","27","","","7","False","False"
"A5033287358","Zao Zhang","0000-0002-6536-0993","4","106","12","I4210159154","CN","6","False","True"
"A5069093312","N. M. Saravana Kumar","0000-0002-6017-5115","11","532","43","","","12","False","False"
"A5103918405","Yabo Fu","0000-0001-7301-1980","25","3187","168","I1334819555","US","22","False","True"
"A5028289674","Min Woo Kang","0000-0002-9411-3481","19","1185","97","I139264467","KR","31","False","True"
"A5042387485","Katherine R. Storrs","0000-0001-9573-8654","16","1012","74","","","15","False","False"
"A5042500910","Daniela Haluza","0000-0001-5619-2863","32","3522","133","I76134821","AT","18","False","True"
"A5069263111","Huaijun Wang","0000-0002-2933-6566","19","1312","135","I204823248","CN","28","False","True"
"A5069716488","Sawyer D. Campbell","0000-0002-3973-2730","19","1509","209","I130769515","US","20","True","True"
"A5065081397","Zebin Yang","0000-0001-5683-7502","10","630","27","I166794780","US","11","False","True"
"A5066576243","Thomas Bergs","0000-0003-2754-2689","25","4738","705","I4210096398","DE","29","True","True"
"A5024613998","Γεώργιος Λαμπρόπουλος","0000-0002-5719-2125","27","2909","140","I142617266","GR","34","False","True"
"A5094004425","Ehtesham Hashmi","0009-0000-2526-9899","10","316","25","I204778367","NO","2","True","True"
"A5030289647","Nicola Lucchi","0000-0001-8611-0072","11","371","116","","","36","False","False"
"A5048098196","Yini Fang","","1","25","2","I98677209","GB","2","False","True"
"A5022135696","Zhentian Jiao","","3","308","4","I4210131919","CN","3","False","True"
"A5012735675","Junhao Wu","0000-0002-1695-0735","14","611","79","I24943067","CN","23","False","True"
"A5042702804","Adeeb Salh","0000-0002-5100-818X","13","538","36","I931681460","MY","7","False","True"
"A5021612858","Qijin Yin","0000-0001-5284-2259","10","444","23","I99065089","CN","9","False","True"
"A5003749318","Chaimaa Boukhatem","","1","137","1","I29891158","AE","1","False","True"
"A5083774696","Hwiyoung Kim","0000-0001-7778-8973","21","1193","57","I4210160791","KR","8","False","True"
"A1967282223","Takayuki NISHIO","0000-0003-1026-319X","5","2617","15","","","1","True","False"
"A5090936590","Kanwal Yousaf","0000-0003-2198-6932","5","428","12","","","14","False","False"
"A5052562722","Sachin Kumar","0000-0002-4717-3203","20","1414","48","I70971781","IN","18","False","True"
"A5090065897","Navneet Singh","0000-0002-3940-1608","5","421","21","","","45","False","False"
"A5018410302","Ali Kazemy","0000-0001-7472-224X","14","693","50","I9570713","IR","19","False","True"
"A5101844885","Zhiyuan Xie","0000-0003-0372-7961","4","192","15","","","12","False","False"
"A5055452554","Ines Chami","","10","890","18","","","7","False","False"
"A5101472215","Byunghyun Kim","0000-0002-5601-399X","11","885","24","I157725225","US","22","False","True"
"A5101472656","Guang Yang","0000-0001-5211-3531","2","97","2","I24541011","KR","4","False","True"
"A5006318966","Keno K. Bressem","0000-0001-9249-8624","30","3174","200","I2802619606","DE","9","True","True"
"A5100749532","Peng Xu","0000-0001-7028-9987","26","4260","104","I183519381","CN","33","False","True"
"A5038833701","Diego Mesquita","0000-0002-9061-7041","11","445","59","I44202434","BR","11","False","True"
"A5067958182","Tanjim Mahmud","0000-0002-1892-0310","29","2096","134","I3129529705","BD","14","False","True"
"A5017635085","Ban Salman Shukur","0000-0002-7351-0760","6","137","24","I2955852263","IQ","15","False","True"
"A5049970243","Kirti Nayal","0000-0003-1477-0500","11","1212","14","I244572783","IN","6","False","True"
"A2181276703","Anjith George","","0","0","8","","","1","False","False"
"A5051212309","Divya Garikapati","0009-0002-2171-9623","5","145","14","","","4","False","False"
"A5051548302","Mohammad J. Hamayel","0000-0002-3885-4082","2","256","2","I53620714","PS","1","False","True"
"A5004556778","Ertuğrul Uysal","0000-0002-0025-8613","4","180","9","","","12","False","False"
"A5003961936","Erik M. Bollt","0000-0001-7083-7592","40","6155","276","I16944753","US","31","False","True"
"A5100340184","Qi Chen","0000-0002-7430-1645","12","992","67","I139759216","CN","29","False","True"
"A5074696041","Yong‐Soo Baek","0000-0002-6086-0446","18","990","116","I4210153373","KR","20","False","True"
"A5002738306","Pu Wang","0000-0002-1234-309X","25","3398","130","I150229711","CN","41","False","True"
"A5054926386","Abdu Salam","0000-0001-8580-0223","14","586","41","I181063083","PK","13","False","True"
"A5014161625","Erik Matel","","1","114","4","I94624287","NL","4","False","True"
"A5014433698","Shuyuan Sun","0009-0003-5737-3422","3","42","8","I24943067","CN","4","False","True"
"A5009167877","Xiaole Cao","","13","1110","18","I19820366","CN","6","False","True"
"A5060305757","Ammara Zamir","","4","243","5","I16076960","PK","3","False","True"
"A5056584468","Sotirios Bisdas","0000-0001-9930-5549","50","7520","329","I1340918713","GB","23","True","True"
"A5090178187","Thomas M. Vogl","0000-0002-9509-223X","7","254","12","","","31","False","False"
"A5060891522","Seokhyun Moon","0000-0002-5197-0096","4","208","14","I157485424","KR","3","False","True"
"A5100686648","Jay Lee","0000-0002-4022-4274","71","29158","562","I1282927834","US","44","True","True"
"A5033618286","Haoyu Yin","","3","120","12","","","9","False","False"
"A5083567791","Roohallah Alizadehsani","0000-0003-0898-5054","49","8101","254","I149704539","AU","14","True","True"
"A5054716038","Qixiang Cheng","0000-0001-8671-2102","29","3335","182","I241749","GB","13","True","True"
"A5044015235","Ali Shariq Imran","0000-0002-2416-2878","31","3616","170","I204778367","NO","19","False","True"
"A5040928549","Ezequiel Gleichgerrcht","0000-0002-4212-4146","43","6476","174","I150468666","US","18","False","True"
"A5100690148","Yougang Sun","0000-0002-1549-0108","26","2111","132","I116953780","CN","17","False","True"
"A5042270147","Ahmed Ali","0000-0003-2775-4104","7","216","27","I142608572","SA","16","False","True"
"A5081893786","Runnan Tan","","3","63","9","I37987034","CN","6","False","True"
"A5101444168","Masaaki Komatsu","0000-0003-0421-8085","27","2408","129","I4210126580","JP","44","False","True"
"A5100328840","Shuai Zhang","0000-0001-8536-8493","41","6854","168","I19820366","CN","18","False","True"
"A5026341461","Nilay Tüfek","0000-0002-0446-1299","5","155","13","","","8","False","False"
"A5100437453","Tianyi Zhang","0000-0002-5468-9347","21","6230","121","I130769515","US","14","False","True"
"A5006485479","Md. Tofael Ahmed","0009-0002-0375-4660","7","222","31","I288011450","BD","11","False","True"
"A5014800024","Kartik K. Venkatesh","0000-0002-8043-556X","34","3864","353","I114027177","US","28","True","True"
"A5040807448","Eyad Elyan","0000-0002-8342-9026","29","4371","124","I522815984","GB","19","False","True"
"A5072212265","Haibin Zheng","0000-0002-8997-5343","20","1243","149","I24185976","CN","12","True","True"
"A5056466283","Herath Mudiyanselage Viraj Vidura Herath","0000-0002-5350-2317","4","370","11","","","27","False","False"
"A5055679699","Roshan Ayyalasomayajula","0000-0002-4069-8429","8","424","17","I63190737","US","9","False","True"
"A5048995075","Ali Chelli","0000-0003-1800-8249","18","953","52","I2801380234","NO","25","False","True"
"A2098763328","Ding Liu","0000-0001-7688-8200","3","88","39","","","1","True","False"
"A5018141394","Xiaolin Pan","0000-0002-9465-3971","18","1350","146","I141649914","CN","30","False","True"
"A5101648066","Weile Jia","0000-0002-7049-2587","16","1792","41","I4210090176","CN","15","False","True"
"A5033726514","David B. Larson","0000-0002-1157-5905","74","30726","353","I97018004","US","50","False","True"
"A5044201204","Mousa Afrasiabi","0000-0001-5251-6437","18","1021","37","I63548447","FI","6","False","True"
"A5039865987","Jiawei Du","0000-0002-5186-5595","5","229","18","I20231570","CN","4","False","True"
"A5037764837","Thomas Boillat","0000-0002-4684-8969","9","432","36","","","12","False","False"
"A5009934723","M. M. Kamruzzaman","0000-0001-8464-1523","29","2670","129","I199702508","SA","15","False","True"
"A5110935604","Mohammad Hussain Al-Rabeah","","1","42","1","I184468904","IR","1","False","True"
"A5013802580","Adeel Rafiq","0000-0002-9873-4955","10","311","21","","","12","False","False"
"A2043571136","Haotian Li","0000-0001-6126-1624","4","198","38","","","1","True","False"
"A5059752117","Jianjun Ren","0000-0002-5938-688X","17","1111","106","I184490438","CN","27","False","True"
"A5111306296","Amer Farea","","2","74","4","I166825849","FI","2","False","True"
"A5045453895","Min Liu","0000-0002-0142-1400","9","473","28","I74525822","CN","25","False","True"
"A5100360381","Qi Zhang","0000-0002-9119-9523","8","407","30","I204983213","CN","20","False","True"
"A5061527815","Yumiao Wang","0000-0002-0980-5353","17","1937","62","I109935558","CN","11","False","True"
"A5051918746","Pouyan Esmaeilzadeh","0000-0002-3885-8112","24","2473","76","I19700959","US","16","False","True"
"A2883055178","Pawel Mlynarski","","1","105","1","","","1","False","False"
"A5086571466","Donna N. Dillenberger","0000-0002-6457-2679","11","458","26","I4210114115","US","26","False","True"
"A5028425853","Giovanna Deiana","0000-0003-1151-6830","20","2421","46","I159650629","IT","12","False","True"
"A5059580001","Giuseppe Spillo","0000-0001-8345-4232","5","95","24","I5561750","IT","6","False","True"
"A5049308643","Alejandro J. del Real","0000-0002-6514-8132","16","1291","34","I79238269","ES","20","False","True"
"A5078473479","Mulagala Dileep","","6","164","14","","","15","False","False"
"A5027418869","Bohayra Mortazavi","0000-0003-3031-5057","58","9905","185","I114112103","DE","20","False","True"
"A5064638117","Matthew VerMilyea","","18","1715","104","I4210159815","US","24","False","True"
"A5061781691","Eman A. Alshari","0000-0003-3488-7992","6","302","15","I288216842","YE","5","False","True"
"A5051536843","Taiyu Zhu","0000-0002-9782-3470","16","1397","39","I40120149","GB","8","False","True"
"A5074055540","Parisa Foroutan","0000-0003-4230-3125","4","89","4","I60158472","CA","3","False","True"
"A5058773312","Michael Gerlich","0000-0003-4033-4403","9","539","36","I2801290870","CH","5","False","True"
"A5100607719","Jian Guo","0000-0002-3722-6578","27","2610","222","I125839683","CN","25","False","True"
"A5100422632","Hongyu Wang","0000-0001-7345-2794","29","5245","256","I117532281","CN","27","False","True"
"A5054975453","Zhonghui Shen","0000-0001-7828-0397","41","7008","122","I196699116","CN","18","False","True"
"A5087281080","Lubomir M. Hadjiiski","0000-0003-2069-8066","58","12651","396","I27837315","US","33","True","True"
"A5005919758","David Hin","","5","264","8","I5681781","AU","4","False","True"
"A5044026532","Saqib Aziz","0000-0001-6390-6406","14","1000","61","","","22","False","False"
"A5065636490","Zixiao Kong","0000-0002-5596-3782","7","358","17","","","8","False","False"
"A5056261942","Rajshree Varma","0000-0002-8369-8779","1","61","1","I226983648","IN","1","False","True"
"A5011856305","Chunqiu Xia","0000-0002-4910-1430","9","462","14","","","9","False","False"
"A5014895523","Lilis Kurniasari","0000-0001-7703-9104","3","138","16","","","8","False","False"
"A5041815520","Aman Kumar","0000-0002-4718-3903","16","868","108","I2801347850","IN","13","False","True"
"A5043905498","Timur Bikmukhametov","","5","433","8","I204778367","NO","7","False","True"
"A5014193410","Evren Dağlarlı","0000-0002-8754-9527","5","125","25","","","19","False","False"
"A5100660001","Hongyi Zhang","0009-0006-6676-9543","13","6248","89","I116953780","CN","26","False","True"
"A5092345393","José de la Torre-López","0000-0003-2612-395X","1","111","2","","","1","False","False"
"A5079737237","Johannes Jakob Meyer","0000-0003-1533-8015","12","2204","30","I4210136082","DE","6","False","True"
"A5039191048","Umesh Kumar Lilhore","0000-0001-6073-3773","28","3112","177","I101407740","IN","14","True","True"
"A5032290743","AKM Bahalul Haque","0000-0002-7942-0096","18","1340","73","","","7","True","False"
"A5103273809","Honggang Yu","0000-0002-9134-206X","8","481","22","I33213144","US","27","False","True"
"A5049209415","Ali Emami","0000-0002-3188-9805","10","656","29","I170013655","IR","14","False","True"
"A5059168344","Omar Elnakib","0000-0002-2811-4232","2","86","4","I107720978","EG","2","False","True"
"A5045696916","Muhammad Awais","0000-0001-8993-4667","25","1908","119","I126131087","PK","20","False","True"
"A5021055543","Muhammad Yousuf Ali","0000-0002-5715-3070","12","630","63","I11701301","AU","61","False","True"
"A5034234051","Shouq Mohsen Alnemari","0000-0001-7653-2052","2","78","3","I179331831","SA","3","False","True"
"A5102716470","Subarna Shakya","0000-0003-2268-0097","23","2143","201","I155028946","NP","56","False","True"
"A5101611838","Anirban Chakraborty","0000-0002-6946-9152","17","1949","144","I106969075","US","21","False","True"
"A5009053077","Sabrina Gado","0000-0002-9792-0895","4","149","18","I25974101","DE","5","False","True"
"A5068868607","Huan Yang","0000-0001-8539-7104","10","610","58","I125839683","CN","24","False","True"
"A5101450100","Mengkun Liu","","2","251","3","","","7","False","False"
"A5039918531","Soumyasundar Pal","0000-0002-5356-3961","8","343","28","","","8","False","False"
"A5063766245","H M Dipu Kabir","0000-0002-3395-1772","17","1324","85","I153230381","AU","24","False","True"
"A5074004456","Zhijin Wang","0000-0002-7962-2827","11","402","41","I161346416","CN","30","False","True"
"A5054363686","Syed Saba Raoof","0000-0001-8666-8156","5","236","16","","","5","False","False"
"A5062706653","Bo Xiao","0000-0003-0798-8018","18","1321","79","I11957088","US","24","False","True"
"A5020183359","Anamaria Vizitiu","0000-0002-4289-0385","9","289","36","I208470662","RO","19","False","True"
"A5039075354","Angela Lombardi","0000-0003-1815-9522","22","1206","80","I68618741","IT","32","False","True"
"A5101737624","Thomas J. O’Neill","0000-0002-2975-7459","22","1768","100","I12315562","US","78","False","True"
"A5076545321","Rezaul Haque","0000-0002-9922-8632","11","467","40","I173536338","BD","4","False","True"
"A5016171875","Shelly Rodgers","0000-0002-9062-8912","27","4028","102","I76835614","US","25","False","True"
"A5042394362","Jeong‐Bae Son","0000-0001-5346-5483","23","1841","95","I185523456","AU","28","False","True"
"A5008946746","Abdelhameed Ibrahim‬‬‬‬‬‬‬‬‬‬‬‬‬‬‬‬‬‬‬‬‬‬‬‬‬‬‬‬","0000-0002-8352-6731","46","6706","234","I73898932","BH","21","True","True"
"A5033803843","Robert G. de Luna","0009-0007-8633-9724","10","506","55","","","20","False","False"
"A5026414100","Nicky Hockly","0000-0002-7814-0690","23","2021","156","","","44","False","False"
"A5089360754","Tanisha Madan","","2","103","4","I155125381","IN","5","False","True"
"A5090823790","Pasumpon Pandian A.","","1","144","1","","","1","False","False"
"A5006479392","Anthony Solomonides","0000-0003-2117-2461","19","1618","95","I1339509835","US","28","False","True"
"A5064640984","Cinmayii Manliguez","0000-0003-0079-2450","3","139","7","","","8","False","False"
"A5111525101","Kah Phooi Seng","","31","3842","264","I174025329","AU","26","True","True"
"A5024061075","Mark Lokanan","0000-0002-2099-0115","15","863","86","I65595360","CA","17","False","True"
"A5055875522","Yongchun Gu","","4","50","12","I3923682","CN","16","False","True"
"A5082075598","Reinhold Haeb‐Umbach","0000-0001-9468-7330","39","7617","393","I206945453","DE","40","False","True"
"A5022634496","Hao Zheng","0000-0001-5769-6035","27","2337","217","I102345215","CN","24","False","True"
"A5062337169","M. Umasankar","","2","145","14","","","14","False","False"
"A5082701259","Alexandre M.J.‐C. Wadoux","0000-0001-7325-9716","28","2697","108","I19894307","FR","10","True","True"
"A5021207045","N. Kalaivani","","3","108","20","","","15","False","False"
"A5058852174","Haifeng Lin","0000-0002-3835-6075","34","3536","163","I167027274","CN","22","False","True"
"A5103171121","Xiaowu Sun","0000-0002-9216-0866","5","191","12","I204250578","US","6","False","True"
"A5004618535","Rabia Emhamed Al Mamlook","0000-0002-2523-7819","21","1759","76","I165075387","US","8","False","True"
"A5000303741","Meenakshi Aggarwal","","8","276","12","I105454292","IN","5","False","True"
"A5029584756","Anastasiia Safonova","0000-0002-3290-2717","8","550","23","","","8","False","False"
"A5058616510","Lehan Yao","0000-0003-1945-833X","13","809","32","I157725225","US","18","False","True"
"A5045246627","Nathan R. Hill","0000-0001-7927-8678","27","6172","91","I157075465","DE","38","False","True"
"A5100327368","Xin Zhang","0000-0001-8560-5006","7","157","34","I200769079","HK","23","False","True"
"A5058863955","Haben Berhane","0000-0002-1381-7373","12","429","71","I111979921","US","11","False","True"
"A5048403349","Salih Sevgican","","2","118","2","","","5","False","False"
"A5030957753","Wengong Jin","0000-0002-0555-3056","27","7913","70","I107606265","US","11","False","True"
"A5100769221","Xue Zhang","0000-0002-9120-0459","12","825","58","I19820366","CN","27","False","True"
"A5009660520","Konstantina Athanasopoulou","0000-0002-4071-6076","7","340","22","I200777214","GR","7","False","True"
"A5066531179","Kumar Saurav","0000-0002-7084-4204","26","1772","104","I4210122847","CZ","17","False","True"
"A5040056150","Ali Rohan","0000-0002-6496-0452","17","825","39","","","16","False","False"
"A5042211537","Mohammad Zafari","0009-0000-6782-2824","18","1507","30","I48566637","KR","22","False","True"
"A5041926767","Isra Al-Turaiki","0000-0003-0550-5115","17","1305","61","I28022161","SA","14","False","True"
"A5109485638","Dominik Šišejković","","13","499","78","I889804353","DE","11","False","True"
"A5048013654","Helmut Messmann","0000-0002-4026-6837","58","13670","715","I2802007660","DE","32","True","True"
"A5110626742","Yu-Wei Lin","","1","171","1","I157725225","US","1","False","True"
"A5016262156","Purushottam Agrawal","","3","96","5","","","9","False","False"
"A5049383811","Ejaz Ul Haq","0000-0002-0099-0708","13","710","65","I12469534","PK","42","False","True"
"A5100367029","Qiang Wang","0000-0001-9875-7500","99","39986","1504","I12912129","US","62","True","True"
"A5039966032","Haixia Bi","0009-0003-2879-0550","11","635","43","I74525822","CN","10","False","True"
"A5031808825","Yun Bian","0000-0002-4863-4956","21","1393","143","I177933477","CN","17","False","True"
"A5100610224","Yuqian Li","0000-0002-6364-5063","3","194","8","","","17","False","False"
"A5000907762","Lucas Mohimont","0000-0001-8006-6656","5","141","27","I96226040","FR","5","False","True"
"A5091206501","Joel Serey","","4","107","9","I10457146","CL","16","False","True"
"A5006377642","Hu Huang","0000-0001-8882-0940","4","49","5","","","4","False","False"
"A5050197562","Yu‐Cheng Yeh","0000-0002-3393-3996","13","610","62","I148099254","TW","15","False","True"
"A5068142343","Atsushi Ikeda","0000-0003-0934-5470","12","576","119","I146399215","JP","29","False","True"
"A5059618711","Maher Alaraj","0000-0001-9315-0670","15","1167","27","I91044093","AE","11","False","True"
"A5024753869","Qinghua Zhou","0000-0002-3327-0440","21","1804","83","I24185976","CN","30","False","True"
"A5084712610","Branko Kosović","0000-0002-1746-0746","42","6942","287","I107766831","US","35","False","True"
"A5036479028","Fernando Korn Malerbi","0000-0002-6523-5172","21","1147","97","I3017888287","BR","22","False","True"
"A5027904255","Lara Waltersmann","0000-0003-4606-4985","8","367","19","","","7","False","False"
"A5027997476","Zhenge Jia","0000-0002-0554-3608","8","251","50","I107639228","US","8","False","True"
"A5014618727","Seungsu Paek","","4","151","6","","","3","False","False"
"A5005271596","Nebrase Elmrabit","0000-0002-4267-8798","7","281","15","I195939026","GB","11","False","True"
"A5100601775","Hao Peng","0000-0002-5583-0998","24","1657","67","I4210165203","CN","19","False","True"
"A5089975783","Yilin Ma","0000-0002-4074-5870","8","546","20","I76569877","CN","11","False","True"
"A5014724927","Bo-Wei Zhao","0000-0001-8200-6016","27","2168","128","I142108993","CN","37","False","True"
"A5067414540","Xiangning Wang","0000-0003-2608-9026","19","2756","103","I183067930","CN","32","False","True"
"A5001171298","M. Sadegh Riazi","0000-0002-6316-4649","12","1504","38","I36258959","US","9","False","True"
"A5012567085","Hung Tuan Nguyen","0000-0003-4751-1302","16","1232","110","","","51","False","False"
"A5063075000","Bin Liang","0000-0001-7234-1347","20","1992","169","I158809036","CN","30","False","True"
"A5102808981","Javed Ashraf","0000-0003-0491-5649","12","907","37","I175532246","FI","48","False","True"
"A5032885437","Naqash Ahmad","","4","277","7","I201384688","PK","11","False","True"
"A5037717507","Babajide O. Ayinde","0000-0001-7341-8799","11","574","29","I4210146847","US","11","False","True"
"A5042866883","Vishal B. Siramshetty","0000-0002-5980-8288","16","1283","39","","","11","False","False"
"A5020078888","Sonia Katyal","","10","364","81","","","21","False","False"
"A5080296240","Aryan Mobiny","0000-0002-6040-4264","12","578","27","I44461941","US","5","False","True"
"A5071236925","Tunhua Wu","0009-0007-8742-9393","21","1737","79","I16351329","CN","20","False","True"
"A5031378379","Yi Qin","0000-0002-2160-4300","51","8259","339","I137506752","CN","32","True","True"
"A5100701404","Pengju Liu","0000-0001-8413-9621","8","1322","16","I76130692","CN","19","False","True"
"A5056962236","Jaeil Kim","0000-0002-9799-1773","26","2316","151","I123900574","KR","29","False","True"
"A5057744965","Xuan Peng","0000-0002-1211-1846","16","815","79","I139660479","CN","20","False","True"
"A5100377147","Meng Wang","0000-0002-3094-7735","103","40926","1431","I109935558","CN","34","True","True"
"A5106667806","Tianrui Liu","0000-0002-7532-3790","6","114","19","I170215575","CN","9","False","True"
"A5054209131","Song-Shun Lin","0000-0002-9120-2040","16","1438","27","I165932596","SG","6","False","True"
"A5085176718","Shigeru Kiryu","0000-0003-1440-9483","34","4716","146","I79072001","JP","29","False","True"
"A5033550231","Aya Nabil","0000-0001-8839-4371","3","157","4","","","2","False","False"
"A5101977675","Pallavi Pandey","0000-0002-1294-2949","9","491","21","I110166357","IN","12","False","True"
"A5101692035","Jiachen Wu","0000-0002-1797-0113","16","1217","90","I2722730","CN","27","False","True"
"A5078778755","Morteza Dabbaghjamanesh","0000-0003-3532-5318","24","1806","49","","","9","False","False"
"A5006290785","Vanja Vitezić","0000-0002-2484-4529","13","654","31","I154347574","HR","14","False","True"
"A5040825414","Alexandra Nagy","","2","256","3","","","3","False","False"
"A5090985907","J. Dharneeshkar","","2","130","3","I81556334","IN","3","False","True"
"A5016557721","Christian Lovis","0000-0002-2681-8076","47","18747","509","I114457229","CH","33","True","True"
"A5101783267","Jiabao Yu","0000-0003-4932-5239","15","1013","41","I4210100830","CN","10","False","True"
"A5070268822","Ruben Pauwels","0000-0002-9462-7546","65","21481","412","I158708052","TH","70","False","True"
"A5006722493","Wanke Yu","0000-0002-3927-5656","17","1555","57","I154425047","CA","12","False","True"
"A5034158541","Marios Krestenitis","0000-0002-7845-7719","8","420","25","","","8","False","False"
"A5030944635","Ran Wu","0000-0002-5806-7617","4","92","7","","","5","False","False"
"A5010616886","Jau‐Woei Perng","0000-0002-4703-8845","18","1267","109","I148366613","TW","27","False","True"
"A5053552023","Lida Ketsbaia","","3","41","4","I32394136","GB","4","False","True"
"A5112548823","Jieyu Lü","0000-0002-7129-0418","12","564","39","I157773358","CN","15","False","True"
"A5100783794","Jinqiang Wang","0000-0002-5344-5201","2","34","4","","","4","False","False"
"A5026270656","I. Xi","","5","265","17","I2799810409","US","7","False","True"
"A5020099374","Gabriele Scalia","0000-0003-3305-9220","13","1804","62","","","9","False","False"
"A5101898735","Kun Wu","0009-0009-9954-0886","5","60","10","I108468826","US","8","False","True"
"A5077157673","Ouissem Ben Fredj","0000-0001-8367-1405","6","353","30","I55167344","TN","24","False","True"
"A5051234103","Min Yan Chia","","12","613","21","I931681460","MY","7","False","True"
"A5077933411","Rosario Michel‐Villarreal","0000-0002-1158-924X","10","1127","47","I130828816","GB","10","False","True"
"A5112514259","H. Anandakumar","","17","1892","56","","","13","False","False"
"A5103134653","Ahmed Sakr","0000-0001-8389-3462","12","441","21","I63601056","EG","14","False","True"
"A5101913464","Li Yan","0000-0002-0167-4520","13","633","74","","","31","False","False"
"A5035612585","V. Durga Prasad Jasti","","5","245","26","I116891498","IN","8","False","True"
"A5045435740","Md. Sajjad Mahmud Khan","","2","68","2","I157386601","BD","1","False","True"
"A5026257114","Rui Yang","0000-0002-1783-9051","17","933","65","I197869895","CN","23","False","True"
"A5110692803","Dickshon N. T. How","","1","278","1","I79156528","MY","1","False","True"
"A5014618394","Nathan J. Lee","0000-0001-9572-5968","30","2554","160","I1285301757","US","26","False","True"
"A5040696909","Kun Zhu","0000-0001-6279-9215","16","1129","40","","","20","False","False"
"A5018091726","Jintang Li","0000-0002-6405-1531","6","172","20","I157773358","CN","4","False","True"
"A5101752524","Tao Guo","0000-0002-9909-6705","30","3152","118","I36152291","CN","26","False","True"
"A5068614402","Erik Hartman","0000-0001-9997-2405","7","169","22","I187531555","SE","5","False","True"
"A5004107129","Abejide Ade-Ibijola","0000-0001-9507-0455","12","1162","66","I24027795","ZA","14","False","True"
"A5066478445","Kenniy Olorunnimbe","0000-0002-1815-0555","4","127","5","I153718931","CA","3","False","True"
"A5090077498","Yifan Fei","0000-0002-9704-707X","20","1124","73","I157725225","US","8","False","True"
"A5088119150","Xiliang Yan","0000-0003-4173-6228","20","1297","66","I101479585","CN","13","False","True"
"A5100631401","Xiang Li","0000-0003-0569-2176","65","16458","706","I10660446","CN","32","True","True"
"A5063035156","Li Huang","0000-0002-8454-9839","20","1986","76","I129708740","CN","25","False","True"
"A5009893200","S. Shyam Sundar","0000-0002-5779-8864","69","18518","356","I130769515","US","34","True","True"
"A5112328529","Doreswamy","","9","561","48","I187761245","IN","16","False","True"
"A5110913984","Y. Jeevan Nagendra Kumar","","8","344","23","","","11","False","False"
"A5044541383","Ke Gu","0000-0001-5540-3235","51","10579","209","I191208505","CN","19","True","True"
"A5039731055","Yinwei Wei","0000-0003-1791-3159","21","2738","90","I154099455","CN","13","False","True"
"A5080363974","Sanal Madhusudana Girija","0000-0003-0007-5718","12","546","245","I4210123001","IN","22","True","True"
"A5039439727","Vinay Gautam","0000-0002-0258-5132","18","1329","125","I74319210","IN","19","False","True"
"A5091409918","Zechuan Wu","","7","296","15","I47689461","CN","6","False","True"
"A5016923575","Qiaoxing Liang","0000-0002-2876-3013","11","496","22","","","7","False","False"
"A5084521469","Xiangyu Niu","0000-0002-4134-7292","6","234","28","","","14","False","False"
"A5104076612","Pang-jo CHUN","","17","1190","77","I74801974","JP","22","False","True"
"A5083383962","G. Kalyani","","10","570","84","I1330855593","IN","16","False","True"
"A5072386697","Guanjun Liu","0000-0002-7523-4827","35","5437","465","I116953780","CN","27","True","True"
"A5021040764","Regina G. Russell","0000-0002-5540-7073","9","477","33","I200719446","US","45","False","True"
"A5042371596","Yongqian Xiao","0000-0002-1674-988X","5","199","10","","","5","False","False"
"A5103158321","Müslüme Beyza Yıldız","0009-0002-0231-687X","3","41","10","I137996928","TR","3","False","True"
"A5079275314","Ali Momeni","0000-0001-9707-8290","16","949","44","I5124864","CH","26","False","True"
"A2770520211","Daniel Muthukrishna","0000-0002-5788-9280","2","262","3","","","1","False","False"
"A5028237781","Jae‐Mo Kang","0000-0002-8181-5994","23","2340","183","I3019177047","KR","34","False","True"
"A5038431680","Imen Jdey","0000-0001-7937-941X","9","259","30","","","14","False","False"
"A5032698744","Y. Wang","0000-0002-6021-3521","17","1260","56","I145897649","CN","36","False","True"
"A5066956474","Noé Sturm","0000-0002-9775-7872","12","776","39","I1283582996","CH","13","False","True"
"A5046822372","Changhao Chen","0000-0002-8341-6399","11","621","39","I170215575","CN","14","False","True"
"A5004033970","Maheen Zahid","","8","332","16","I2799345741","PK","8","False","True"
"A5033242835","Darshana Upadhyay","0000-0001-5822-0020","7","597","37","I129902397","CA","13","False","True"
"A5085852399","Rossella Arcucci","0000-0002-9471-0585","27","2539","192","I47508984","GB","15","True","True"
"A5032390196","Haitian Zhang","0000-0002-1122-8647","39","4880","142","I17145004","CN","17","False","True"
"A5018464571","Riyan Hidayat","0000-0002-7962-0194","13","572","95","I130343225","MY","12","False","True"
"A5076497696","Rui Gao","0000-0002-8863-1717","9","194","58","I79223203","CN","44","False","True"
"A5057294055","Francesco Renna","","20","2324","119","I182534213","PT","44","False","True"
"A5015879147","Obaidur Rahaman","0000-0002-1362-7115","21","2060","36","I51441396","DE","19","False","True"
"A5044837930","Sergey Shevchik","0000-0003-0073-3450","24","2259","70","","","24","False","False"
"A5103871520","M. Asjid Tanveer","","3","142","7","I891191580","DK","6","False","True"
"A5045543936","Hsing‐Chung Chen","0000-0002-5266-9975","19","1749","212","I143578492","TW","19","True","True"
"A5001499305","M. Hassaballah","0000-0001-5655-8511","33","4220","118","I142608572","SA","21","False","True"
"A5063862530","Mohamed H. Shamji","0000-0003-3425-3463","60","12400","371","I4210101049","US","26","True","True"
"A5091128801","Yuri Vanessa Nieto","0000-0001-8108-7969","6","289","9","I4210145466","CO","9","False","True"
"A5043348543","Nawal Soliman ALKolifi ALEnezi","","1","227","2","I4210088963","SA","7","False","True"
"A5046352244","Van-Hoang Le","0000-0002-7651-9154","11","1019","27","I78757542","AU","9","False","True"
"A5049320813","Xuenong Hong","0000-0003-2448-8082","6","111","19","I172675005","SG","15","False","True"
"A5075540167","Jason Yang","0000-0003-3184-1550","11","836","28","I122411786","US","13","False","True"
"A5066096702","Seunghyeok Oh","","7","304","15","I49946491","KR","5","False","True"
"A5100676202","Jinsung Kim","0000-0002-1587-0389","14","812","70","","","27","False","False"
"A5085321534","Jing Nie","0000-0002-3763-9559","18","1206","120","I102208913","CN","22","False","True"
"A5020558163","Ruheng Wang","0009-0003-8393-1387","13","803","53","I154099455","CN","25","False","True"
"A5051300937","Swathi Kaliki","0000-0002-0800-9961","44","8146","370","I2801255070","IN","15","True","True"
"A5078056378","Abdulqader M. Almars","0000-0002-6822-1008","15","576","36","I23075662","SA","9","False","True"
"A5063208791","Alireza Arabameri","0000-0002-1142-1666","53","6901","138","I1516879","IR","11","True","True"
"A5062779308","Junjue Wang","0000-0002-9500-3399","22","2863","69","I74801974","JP","12","False","True"
"A5101477550","Ruihao Li","0000-0002-9839-1489","19","1473","61","I36373038","US","43","False","True"
"A5101469635","Patricia García","0000-0002-9058-9933","10","495","47","I97018004","US","82","False","True"
"A5047926199","Mohanad Sarhan","0000-0001-8597-6042","16","1503","38","I160993911","AU","3","True","True"
"A5102951666","Yuyan Lei","0000-0003-3301-1438","2","88","3","I4210136859","CN","6","False","True"
"A5036272614","Dima Suleiman","0000-0001-5601-4928","13","613","37","","","18","False","False"
"A5074723369","Meng Wei","0000-0001-9027-9436","17","970","55","","","20","False","False"
"A5076052920","Sunil Kumar Jauhar","0000-0002-6124-9868","24","2490","94","","","14","False","False"
"A5091348388","Mohameth Faye","0000-0003-1051-0680","8","384","85","I4210139965","SN","39","False","True"
"A5014654270","Marwan Al‐Raeei","","15","842","74","I4210142061","SY","8","False","True"
"A5005451913","Venkata Rami Reddy Chirra","0000-0002-4381-9097","4","201","13","I4210131147","IN","7","False","True"
"A5019213836","Shanglong Liu","0000-0002-5828-4718","26","1907","115","I108688024","CN","44","False","True"
"A5027022795","Qingqing Long","0009-0003-7105-361X","13","1225","41","","","8","False","False"
"A5081440831","Xinjun Pei","","10","476","28","I139660479","CN","7","False","True"
"A5109670766","Bishnu Padh Ghosh","","10","302","15","I181401687","US","3","False","True"
"A5046771870","Sasha Nikolic","0000-0002-3305-9493","15","805","59","I204824540","AU","54","False","True"
"A5026255242","Vimala Nunavath","0000-0001-6911-8056","8","299","39","","","15","False","False"
"A2241441106","Shing Chan","0000-0001-9600-5575","2","191","43","","","1","True","False"
"A5072481534","Jingjing Wang","0000-0002-6820-4777","2","36","3","","","4","False","False"
"A5088548970","Jie Huang","0000-0001-9717-8355","20","1650","94","I168879160","CN","23","False","True"
"A5049456178","Francesco Regazzoni","0000-0001-6385-0780","34","4497","229","I174878644","GR","21","True","True"
"A5108545251","Oana Bălan","0000-0003-0557-7952","12","703","59","","","13","False","False"
"A3120107566","Hong-ye Hu","0000-0001-5841-831X","0","0","1","","","1","False","False"
"A5001192465","Jacob C. Jentzer","0000-0002-6366-2859","50","8814","435","I1330342723","US","16","True","True"
"A5046858150","Emad E. Abdallah","0000-0002-1181-9973","14","728","60","I157392197","JO","20","False","True"
"A5015242360","Abraham Chandy","","5","240","5","I119668213","IN","2","False","True"
"A5013825701","Kevin Ryczko","0000-0001-6933-3856","9","379","28","","","10","False","False"
"A5090914268","Hatice Gökcan","0000-0002-0112-5679","8","328","34","","","15","False","False"
"A5027117106","Xibing Zuo","0000-0002-8120-8692","8","224","26","I169689159","CN","6","False","True"
"A5016964202","A. Savchenko","0000-0001-6196-0564","26","2665","693","I118501908","RU","33","True","True"
"A5004550656","Nisha Jha","0000-0003-1089-6042","19","1334","221","I4210154879","NP","56","False","True"
"A5050361686","Noemí DeCastro‐García","0000-0002-5610-0153","10","369","54","I8833935","ES","11","False","True"
"A5009041508","Liyi Yu","0000-0002-7428-4849","5","105","8","I105991555","CN","20","False","True"
"A5049730248","Zeyi Liu","0000-0003-2177-8906","14","605","45","I176808543","CN","7","False","True"
"A2139719616","Amin Ullah","0000-0001-7336-0064","0","0","21","","","1","True","False"
"A5059883724","Eleonora Pantano","0000-0001-9480-3346","42","7065","232","","","22","True","False"
"A5062761975","Jiawen Kang","0000-0002-8218-3490","58","16538","604","I13175533","CN","13","True","True"
"A5011493692","Justin Airas","0000-0001-5045-9926","5","61","18","I63966007","US","28","False","True"
"A5014359358","Ishan Manandhar","0000-0001-6772-2540","10","1149","41","I4210116328","US","6","False","True"
"A5083988269","Troy Arcomano","0000-0002-9359-6020","6","258","24","I1282105669","US","9","False","True"
"A5018732611","Moshe Kravchik","0000-0001-8171-3755","7","569","11","","","8","False","False"
"A5030822405","Guangyu Ding","","2","281","3","I4210158926","CN","7","False","True"
"A5020447488","Xueqian Fu","0000-0001-7983-8700","26","2304","137","I4210110609","CN","16","False","True"
"A5076449537","Anja Butter","0000-0003-4525-6256","20","1202","93","I204730241","FR","13","False","True"
"A5093555458","Mr. Aryan Ganesh Nagtilak","","1","5","1","","","1","False","False"
"A5064634333","Selçuk Korkmaz","0000-0003-4632-6850","13","2315","82","I12387023","TR","29","False","True"
"A5100701572","Ming Zhou","0000-0002-2551-2964","82","28346","384","I1290900354","US","32","True","True"
"A5026106253","Amir Miraki","0000-0001-8594-8746","5","61","10","I179863766","NO","6","False","True"
"A5109621668","Koneti Chaitanya","","2","50","3","I110525433","IR","1","False","True"
"A5078444388","Kevin C. Leonard","","22","1746","85","I146416000","US","27","False","True"
"A2951005307","Renkun Han","","2","338","2","","","1","False","False"
"A5027613326","Marc Alier","0000-0003-3922-1516","24","2208","185","","","19","False","False"
"A5020542342","Patrice Monkam","0000-0003-3805-9457","11","512","35","I9224756","CN","10","False","True"
"A5070218627","Zhidong Zhao","0000-0001-6659-3732","25","2035","161","I16295237","CN","37","False","True"
"A5079659487","DongNyeong Heo","0000-0002-8765-6744","5","77","27","","","6","False","False"
"A5074040288","Roshni Anna Jacob","0000-0002-4661-5241","9","182","28","","","9","False","False"
"A5078427266","Kristen Getchell","0000-0002-4064-2636","13","791","49","I4210108482","US","29","False","True"
"A5040575641","Wenting Li","0000-0003-1382-2030","7","327","11","I1343871089","US","6","False","True"
"A5100434594","Jinwoo Kim","0000-0002-2237-4965","30","3061","278","I73616290","KR","33","False","True"
"A5085714172","Seok‐Jae Heo","0000-0002-8764-7995","16","969","111","I193775966","KR","13","False","True"
"A5089635981","Dipu Chandra Malo","","1","46","1","I157386601","BD","1","False","True"
"A5025400322","Alok Sharma","0000-0002-7668-3501","49","8331","294","I11701301","AU","36","False","True"
"A5048190302","Nam Ha","0000-0001-9571-5348","12","1136","26","I82951845","AU","21","False","True"
"A5051553656","C. Ganeshkumar","","11","412","40","","","11","False","False"
"A5047247082","Chongchong Xu","","8","282","26","","","8","False","False"
"A5033033186","Cam-Van Thi Nguyen","0009-0001-9675-2105","4","73","32","I67868205","VN","10","False","True"
"A5036264277","Bahman Zohuri","0000-0002-3605-6650","31","3614","589","I44829897","US","49","True","True"
"A5066373402","Siheng Chen","0000-0002-9144-0583","42","8087","300","I154099455","CN","13","True","True"
"A5101474274","Jing Chen","0000-0003-0521-9709","15","1391","65","I166427055","CN","31","False","True"
"A5030313961","Leila Farsi","","7","145","12","I185523456","AU","11","False","True"
"A5031641963","Yücel Çimtay","0000-0003-2980-9228","5","449","35","","","13","False","False"
"A2986248911","Nanzhe Wang","0000-0002-5177-946X","1","76","6","","","1","False","False"
"A5021031337","Ashish Mishra","0000-0002-8327-1847","20","1212","46","I234615573","IN","51","False","True"
"A5023499987","Qiang He","0000-0002-2607-4556","51","8442","364","I189210763","CN","21","True","True"
"A5052696779","Monika Vishwakarma","0000-0002-4706-0348","4","195","8","I73779912","","4","False","True"
"A5033572800","William Villegas-Ch","0000-0002-5421-7710","22","1660","138","I4210102282","EC","10","True","True"
"A5078825751","Tobias Andermann","0000-0002-0932-1623","18","2480","76","I123387679","SE","9","False","True"
"A5053031721","Xiongjun Zhao","0000-0003-1315-1396","4","51","12","I16609230","CN","5","False","True"
"A5023575906","Zaheer Allam","0000-0001-7682-5912","37","8126","218","I114017466","AU","8","True","True"
"A5074720524","Nikola B. Kovachki","0000-0002-3650-2972","16","2652","47","","","7","False","False"
"A5051822336","Gerda Žigienė","0000-0002-6169-8137","3","107","28","I172574986","LT","20","False","True"
"A5012933268","Luigi Ceccaroni","0000-0002-3116-0811","25","3108","156","I4210088629","GB","29","False","True"
"A5028925951","Gary McGraw","0000-0003-2307-2739","35","6934","196","I103605065","US","32","False","True"
"A5089196186","Hongji Xu","0000-0001-6916-348X","12","572","64","I154099455","CN","21","False","True"
"A5042257994","Beny Nugraha","0000-0001-8169-2181","6","197","29","","","11","False","False"
"A5023874796","Fei Wang","0000-0001-7888-625X","6","325","8","I126520041","CN","20","False","True"
"A5062459841","Yunsie Chung","0000-0002-3097-010X","11","896","46","I1285764155","US","25","False","True"
"A5010457221","Khalil Gholamnia","0000-0002-3860-8674","9","1850","11","I21250087","CZ","7","False","True"
"A5067519537","Maarten van Smeden","0000-0002-5529-1541","52","16878","269","I193662353","NL","15","True","True"
"A5029470286","Guanyao Li","0000-0002-3950-9360","12","414","37","I4210126705","CN","15","False","True"
"A5003259313","Karthik V. Sarma","0000-0002-7442-9526","10","663","34","I180670191","US","13","False","True"
"A5000753846","Yasaman Ensafi","","1","178","1","I530967","CA","1","False","True"
"A5089049594","Han Xuanyuan","","1","24","4","I241749","GB","3","False","True"
"A5028596536","Галина Алексеевна Булатова","0000-0002-2936-5869","1","79","7","I39422238","US","9","False","True"
"A5079396327","Christian Mühlroth","0000-0001-9671-5331","4","225","9","","","12","False","False"
"A5069112934","Yeji Wang","0000-0003-1073-8589","8","345","17","I139660479","CN","4","False","True"
"A5013077462","Stefano Giglio","0000-0002-7703-2671","38","8950","140","I32971472","US","42","False","True"
"A5074487561","Dapai Shi","0000-0001-6438-1728","11","442","33","I4210113795","CN","12","False","True"
"A5012487013","Abhishek Kumar","0000-0002-6022-3068","62","17854","798","I101407740","IN","60","True","True"
"A5048852821","Aimin Yang","","27","2538","205","I137506752","CN","25","False","True"
"A5072181104","Alexander Pan","0000-0002-7277-1109","7","349","24","I2802730090","US","14","False","True"
"A5033586394","Anouar Nechi","0000-0001-9680-6145","2","120","6","","","5","False","False"
"A5046144617","Hussein Altabrawee","0000-0001-7941-8909","2","101","4","","","8","False","False"
"A5071380196","Heitor Murilo Gomes","0000-0002-5276-637X","25","3167","128","I41156924","NZ","23","False","True"
"A5032731519","Robert M. Wachter","0000-0003-3226-2737","69","17222","353","I180670191","US","42","False","True"
"A5083948807","Dalton Lunga","0000-0003-0054-1141","14","1004","113","I1289243028","US","20","False","True"
"A5064356374","Colin G. Walsh","0000-0002-9379-2056","28","3575","121","I901861585","US","43","False","True"
"A5028594370","Lucas Richter","","4","96","9","I4210111500","DE","8","False","True"
"A5078228672","Hamdi Altaheri","0000-0003-1780-6388","14","1631","18","","","9","False","False"
"A5061345071","Changchun Cai","","5","177","17","I163340411","CN","11","False","True"
"A5059361853","Seonho Park","0000-0002-4726-2441","7","195","31","I130701444","US","14","False","True"
"A5014477998","James Bleeg","0000-0001-7640-8887","8","365","16","","","25","False","False"
"A5016281730","Serena Villata","0000-0003-3495-493X","31","3236","294","I1294671590","FR","21","True","True"
"A5017832889","Kohulan Rajan","0000-0003-1066-7792","16","1739","84","I76198965","DE","18","False","True"
"A5072603127","Muhammad Zohaib Anwar","0000-0002-2049-367X","1","245","2","I16076960","PK","5","False","True"
"A5005549618","Dmitriy D. Matyushin","0000-0003-0978-7666","10","446","52","I4210085913","RU","9","False","True"
"A5026569393","Rongquan Zhang","0000-0002-6707-5985","11","456","26","","","21","False","False"
"A5103283463","Prince Kumar","0000-0002-5632-4421","8","330","23","","","8","False","False"
"A5084639710","Vincenzo Riccio","0000-0002-6229-8231","17","1531","61","I129043915","IT","42","False","True"
"A5028133103","Saheba Bhatnagar","0000-0003-2194-8442","7","334","14","","","8","False","False"
"A5016843517","Shuang Liang","0000-0001-7387-2801","9","337","40","I150229711","CN","18","False","True"
"A5047160329","Viktor Zaverkin","0000-0001-9940-8548","13","437","38","","","8","False","False"
"A5018623904","Benedetta Brevini","0000-0003-3596-6561","13","614","76","I129604602","AU","19","False","True"
"A5017891550","Philipp Kellmeyer","0000-0001-5538-373X","23","3903","89","I161046081","DE","19","False","True"
"A5034364292","Chinedu I. Ossai","0000-0002-9749-3256","17","1205","59","I57093077","AU","15","False","True"
"A5054982958","Lal Khan","0000-0002-1624-7580","9","470","18","I12832649","KR","11","False","True"
"A5108884189","Adebayo Olusegun Aderibigbe","","6","366","7","","","2","False","False"
"A5016595609","Wim Westera","0000-0003-2389-3107","26","2514","210","I7876267","NL","29","False","True"
"A5077386816","Gaurav Gupta","0000-0002-5192-4428","24","2542","191","I4210133311","IN","55","False","True"
"A5058626822","Taís Fernanda Blauth","0000-0001-9128-128X","2","116","7","","","12","False","False"
"A5071517100","Meysam Alizamir","0000-0003-1047-1917","27","2394","69","I170238339","VN","10","False","True"
"A5024335659","Fernando Terroso-Sáenz","0000-0002-1921-1137","16","1081","85","I3123212020","ES","16","False","True"
"A5063751389","Nikita Bhandari","0000-0002-6064-3863","4","100","6","","","13","False","False"
"A5055091042","Isabella Hermann","0000-0002-2226-8898","5","131","16","","","22","False","False"
"A5100665356","Zhao Zhen","0000-0001-5406-6441","31","4355","145","I108688024","CN","18","False","True"
"A5047797726","Joshua E. Lewis","0000-0002-4168-0407","12","735","49","I129975664","US","57","False","True"
"A5038387961","Yuanyuan Hu","0000-0003-2592-8473","15","771","79","I16609230","CN","21","False","True"
"A5101982885","Abdul Saboor","0009-0009-7067-2228","4","171","8","","","9","False","False"
"A5049968836","Mundher Mohammed Taresh","0000-0001-8722-4661","4","148","11","I16609230","CN","5","False","True"
"A5084900180","Chun‐Hung Liu","0000-0001-8822-9966","23","2170","232","I91045830","US","37","False","True"
"A5027633398","Eunjin Baek","0000-0003-4089-2392","5","202","9","I139264467","KR","5","False","True"
"A5043445022","Liuzhuo Zhang","","5","194","18","I4210090564","CN","12","False","True"
"A5061954442","Kudakwashe Zvarevashe","0000-0001-8426-1221","7","297","26","I153455119","ZW","10","False","True"
"A5112969207","Hanaa ZainEldin","","10","1028","22","I159247623","EG","12","False","True"
"A5089421575","Xavier Giró Gràcia","0000-0003-2960-8469","3","78","5","I71999127","ES","3","False","True"
"A5007166261","Matthew W. Segar","0000-0001-6100-0897","25","2420","152","I4388891891","","14","True","True"
"A5046295159","Mansu Kim","0000-0002-0785-4514","16","653","77","","","21","False","False"
"A5004562735","Grigorios G. Chrysos","0000-0002-0650-1856","12","971","89","I135310074","US","19","False","True"
"A5002312300","Kan Zeng","0000-0002-1547-1441","10","783","31","","","24","False","False"
"A5047146376","Muhammad Alam","0000-0003-3415-6014","32","3717","172","I142732210","PK","20","False","True"
"A5078783442","Zhuohuang Zhang","0000-0003-3342-323X","7","252","21","I182722699","CN","11","False","True"
"A5023196768","Ying Ma","0000-0002-3819-8679","21","2261","135","I196699116","CN","26","False","True"
"A5052655362","Ziping Zhao","0000-0002-8719-6389","23","1684","89","I15062923","CN","19","False","True"
"A5066661344","Mohammad Khishe","0000-0002-1024-8822","39","5089","179","I146367977","JO","10","True","True"
"A5043748979","Mohammad Hijji","0000-0001-9279-401X","18","1431","74","I72264486","SA","13","False","True"
"A5103211910","Jiali Guo","0000-0003-4775-8700","35","3469","200","I108688024","CN","26","False","True"
"A5075960743","Kemal Davaslıoğlu","0000-0003-2745-6764","21","1448","87","","","16","False","False"
"A5027943191","Nick Bostrom","","46","12995","130","","","32","False","False"
"A5108277522","Haifeng Jin","0000-0002-1215-554X","13","1256","47","I116953780","CN","26","False","True"
"A5100311890","Md. Mafiqul Islam","","4","78","11","I902853133","BD","2","False","True"
"A5078643316","Ayushi Mitra","","2","127","2","I47639616","IN","2","False","True"
"A5043707383","Giuseppe Marco Tina","0000-0003-3896-1838","48","8050","301","I39063666","IT","35","False","True"
"A5084993727","Babita Pandey","0000-0003-3290-3899","24","1939","135","I143247161","IN","18","False","True"
"A5071015109","Huawei Fan","0000-0001-7703-0185","13","651","42","I4210136859","CN","17","False","True"
"A5072014736","Elizabeth M. Brunt","0000-0003-1862-325X","100","70924","406","I204465549","US","38","True","True"
"A5051917978","Miguel Mascarenhas","0000-0002-0340-0830","20","1485","286","I182534213","PT","62","False","True"
"A5109513819","Y. Haque","","5","115","15","","","56","False","False"
"A5048436032","Yiwei Cheng","0000-0003-3000-6860","17","2135","58","I20231570","CN","27","False","True"
"A5081826932","Bibhu Dash","0000-0002-7509-3462","3","88","5","","","3","False","False"
"A5101520411","Sehhoon Park","0000-0001-9467-461X","21","1676","150","I103187081","US","11","True","True"
"A5072097752","Sajid Iqbal","0000-0002-8464-2275","19","2021","69","I4626487","SA","27","False","True"
"A5007223857","Seongjun Yun","0000-0003-3147-8560","2","593","2","I197347611","KR","1","False","True"
"A5100417315","Hongli Zhang","0000-0002-9364-7406","8","422","27","I183067930","CN","21","False","True"
"A5102964402","Taichi Nakamura","0000-0002-4678-4838","17","1339","139","I203951103","JP","49","False","True"
"A5074230777","Aras Bozkurt","0000-0002-4520-642X","46","11800","269","I133743585","TR","13","True","True"
"A5005855973","Robert Arntfield","0000-0003-4954-487X","28","2375","110","I123431417","US","23","False","True"
"A5086824367","Zemin Liu","0000-0002-9211-6603","27","3604","118","I10660446","CN","35","False","True"
"A5064217008","A. Feder Cooper","0000-0002-4892-681X","13","954","76","I184565670","US","18","False","True"
"A5103270145","Shuhei Doi","0000-0003-2597-4330","2","176","3","I205349734","JP","3","False","True"
"A5068874732","Priyanka Patel","0000-0002-2618-072X","5","157","53","","","15","False","False"
"A5074561163","Yangbo Feng","0000-0001-9867-1555","4","45","10","I162868743","CN","7","False","True"
"A5010917006","Yideng Cai","0000-0003-3820-1804","9","634","35","I204983213","CN","7","False","True"
"A5060829194","Md. Sharafat Chowdhury","0000-0001-5046-1671","9","353","13","I46080048","BD","5","False","True"
"A5110951538","Bo Yan","0000-0003-1750-3803","16","729","77","","","20","False","False"
"A5001492743","Leila Mohammadpour","0000-0003-4596-0964","5","227","11","I2800744764","IR","13","False","True"
"A5064965993","Xinying Yu","0000-0002-5569-9360","2","201","3","I184558857","GB","3","False","True"
"A5024397951","Fangyu Li","0000-0003-2340-3622","48","7877","413","I1327237609","CN","38","True","True"
"A5092859260","Ethan M. Sunshine","0000-0002-1636-9094","2","22","6","I74973139","US","3","False","True"
"A5044760646","Javier Gurrola-Ramos","0000-0001-7177-5127","4","352","6","I124618812","MX","5","False","True"
"A5050408790","Elijah S. Lee","0000-0002-6535-004X","6","227","16","I36788626","US","6","False","True"
"A5032266950","Wen Sun","0000-0001-7086-4910","38","5245","164","I17145004","CN","23","False","True"
"A5019963143","Faeze Gholamiankhah","0000-0001-9183-5908","9","212","21","I2800006345","NL","5","False","True"
"A5112604725","Ellysia Jumin","","2","216","2","I79156528","MY","2","False","True"
"A5101641601","Dongdong Ye","0000-0003-4835-5444","15","2955","38","I139024713","CN","10","False","True"
"A5017548394","Meng Li","0000-0001-7313-0277","9","233","23","I116953780","CN","12","False","True"
"A2004091125","Maria Francesca Spadea","0000-0002-5339-9583","0","0","3","","","1","False","False"
"A5067806446","Ghulab Nabi Ahmad","0000-0002-5496-3019","4","340","8","I244923355","IN","2","False","True"
"A5018488940","Cheng Yang","0000-0002-4654-5861","13","600","65","I167274908","CN","21","False","True"
"A5030917007","Mark Ibrahim","0009-0005-2135-7476","10","592","44","","","6","False","False"
"A5075240853","Sander Vandenhaute","0000-0003-0473-1006","8","332","18","I32597200","BE","16","False","True"
"A5066003040","Tomasz Rymarczyk","0000-0002-3524-9151","27","2224","329","I2799788900","PL","31","True","True"
"A5022688258","Kiarash Sadeghi R.","","4","167","4","","","3","False","False"
"A5041000976","Sebastian Scher","0000-0002-6314-8833","13","1097","69","I15766117","AT","9","False","True"
"A5103262037","Anthony Chang","0000-0003-4380-5151","39","5710","346","","","44","False","False"
"A5021273060","Yong Liao","0000-0002-0400-0820","25","2602","241","I158842170","CN","25","False","True"
"A5064987172","Raymond Erz Saragih","0000-0001-5600-2492","4","151","12","","","7","False","False"
"A5112466266","Fen Qin","","14","640","45","I173899330","CN","21","False","True"
"A5046078249","Ruben Foresti","0000-0002-1060-978X","13","845","40","I124601658","IT","10","False","True"
"A5052021182","Hema Shekar Basavegowda","","1","182","1","I19008122","IN","1","False","True"
"A5107163491","Aravind Reddy Nayani","","3","94","4","","","5","False","False"
"A5082360272","Yufan Zeng","0000-0001-5335-4126","1","33","1","I41198531","CN","1","False","True"
"A5033312589","Qingchao Jiang","0000-0002-3402-9018","31","4027","142","I143593769","CN","15","False","True"
"A5009770786","Aayush Jaiswal","0009-0000-0865-834X","2","711","4","","","4","False","False"
"A5090499291","Adam Palanica","0000-0002-0035-7128","12","877","30","I4210130843","CA","12","False","True"
"A5051352643","Krupali Donda","0000-0001-6802-0145","9","746","25","","","11","False","False"
"A5087835779","Alexios Kaponis","0000-0002-2001-6275","3","54","8","I187792471","GR","4","False","True"
"A5075139751","Sue Ellen Haupt","0000-0003-1142-7184","43","10853","273","I107766831","US","38","False","True"
"A5067319190","Zhong Zhuang","","6","183","20","I78978612","CN","6","False","True"
"A5034689255","Oleksandr Striuk","0000-0002-6391-4382","8","129","13","I103402955","UA","4","False","True"
"A5004978642","Shivalila Hangaragi","","5","149","8","I81556334","IN","3","False","True"
"A5090726519","Siwar Chaabene","0000-0002-6458-9569","6","184","22","I142899784","TN","10","False","True"
"A5000041280","Nada Alay","","2","189","3","","","3","False","False"
"A5054651399","Osman Taylan","0000-0002-5806-3237","34","3716","117","I48912391","TR","23","False","True"
"A5101495478","Junmin Liu","0000-0001-8371-9747","21","1296","86","I180726961","CN","37","False","True"
"A5102915910","Zhewei Yao","0000-0001-7678-4321","28","4161","112","I194450716","CN","23","False","True"
"A5062253808","Aneta Zemánková","","2","60","2","I35913352","CZ","4","False","True"
"A5030291480","Guofa Li","0000-0002-7889-4695","39","5343","237","I158842170","CN","24","False","True"
"A5072177336","Moren Lévesque","0000-0002-9815-4192","27","4357","127","","","28","False","False"
"A5100454275","Jiajia Li","0000-0001-8158-3970","11","1074","67","I182386381","CN","20","False","True"
"A5037009406","Mahdi Khodayar","0000-0003-4683-7810","19","2131","57","I87208437","US","11","False","True"
"A5025780758","Jurgita Černevičienė","0000-0002-9032-0723","4","172","4","I172574986","LT","3","False","True"
"A5001349788","Tran The Anh","0000-0003-4751-4570","8","522","19","I172675005","SG","7","False","True"
"A5023112452","R. Pinto","0000-0001-8010-8502","1","117","4","I243754102","BR","19","False","True"
"A5011405516","Jin Yuan","0000-0002-9954-0693","8","515","22","","","18","False","False"
"A2105452872","Tian Lin","0000-0001-6160-579X","4","464","258","","","1","True","False"
"A5047549712","Alessandro Sebastianelli","0000-0002-9252-907X","10","601","63","I4210165017","IT","8","False","True"
"A5090768947","Tianxin Huang","0000-0003-3579-371X","13","775","42","I139759216","CN","6","False","True"
"A5081724215","Vincenzo Pasquadibisceglie","0000-0002-7273-3882","12","439","29","I5561750","IT","10","False","True"
"A5049303689","Eva Prašnikar","0000-0002-6537-165X","5","142","8","I4210152560","SI","5","False","True"
"A5028845198","Sarika Choudhary","","8","392","16","","","14","False","False"
"A5044242809","Priyanka Vijay Sonar","0009-0005-3649-2259","3","218","15","I4210103194","IN","11","False","True"
"A5030758377","Vijendra Kumar","0000-0002-0053-1210","16","1165","50","I4210088227","IN","24","False","True"
"A5030165481","Luca Flesia","0000-0003-0841-5174","10","538","21","","","4","False","False"
"A5003694430","Theo Sanderson","0000-0003-4177-2851","28","4193","99","I2801081054","GB","29","False","True"
"A5077735586","Martín Larocca","0000-0002-8700-4308","18","1127","52","I1343871089","US","8","False","True"
"A5017837598","Ryan Lagerquist","0000-0002-8409-415X","14","1647","65","I1308126019","US","60","False","True"
"A5001432047","Zijian Wang","0000-0001-5772-258X","14","643","55","I168337820","CN","19","False","True"
"A5051997161","Michael G. Endres","0000-0002-1411-360X","14","996","71","","","34","False","False"
"A5101506140","Bin Hou","0000-0003-1373-9181","5","332","30","I134738993","CN","19","False","True"
"A5083575490","Christian Borch","0000-0001-8217-5880","27","2309","156","I124055696","DK","56","False","True"
"A5058638938","Rubén Morales Ferré","0000-0002-7010-0539","11","664","25","","","4","False","False"
"A5039369605","Danielle S. Bitterman","0000-0003-0345-2232","28","3275","179","I1283280774","US","16","True","True"
"A5059022840","Wenmei Li","0000-0002-1108-0507","36","4930","214","I20231570","CN","39","False","True"
"A5067737249","Bettina Mieth","0000-0001-6055-6869","5","196","6","I4210130445","DE","11","False","True"
"A5030978807","Anas Bilal","0000-0002-7760-3374","21","1583","83","I152033890","CN","9","False","True"
"A5071283243","Imene Jemal","0000-0002-4104-6094","6","167","9","I200745827","CA","4","False","True"
"A5054413779","Mahabub Shaik","","1","82","1","","","1","False","False"
"A5100449293","Ye Zhang","0000-0001-9228-3746","16","672","42","I162868743","CN","33","False","True"
"A5112989377","S. Mostafa Mousavi","","2","79","2","","","2","False","False"
"A5004681822","Wei Yu","0000-0002-7453-422X","69","26201","656","I102208913","CN","35","True","True"
"A5003039083","Le Ye","0000-0003-0599-7762","22","1651","204","I183067930","CN","20","True","True"
"A5062206979","Süha Berk KUKUK","0000-0003-1651-2417","1","29","1","I4210161067","TR","1","False","True"
"A5058062231","Amisha Bhargava","0000-0003-0343-988X","1","160","1","I4210149788","AE","1","False","True"
"A5014998968","Aleksej Logacjov","0000-0002-8834-1744","8","282","18","I204778367","NO","7","False","True"
"A5101451236","Sonali Dubey","0000-0002-2852-8996","15","1503","47","","","18","False","False"
"A5031223524","Di Luo","0000-0001-6562-1762","13","748","57","","","43","False","False"
"A5100352133","Xin Liu","0000-0001-7170-2630","21","2003","165","I113940042","CN","23","False","True"
"A5021084639","Metin Akay","0000-0002-2988-4669","45","7713","416","I44461941","US","38","True","True"
"A5114444435","Ziheng Liu","0009-0000-5495-1619","7","177","49","I125839683","CN","8","False","True"
"A5090587530","Fangping Wan","0000-0003-1647-3278","20","2198","43","I36788626","US","10","False","True"
"A5082396379","Stephan Rasp","0000-0001-8676-2687","24","2743","90","","","9","False","False"
"A5031588692","Shunping Ji","0000-0002-3088-1481","31","5249","146","I199305430","CN","21","False","True"
"A5017644589","Shahriar Akter","0000-0002-2050-9985","54","14638","178","I104338594","KR","19","False","True"
"A5101737739","Junyu Lin","0000-0002-5555-3935","5","276","8","I889458895","HK","10","False","True"
"A5047223794","Selene Gallo","0000-0003-4152-8808","6","386","24","I1295801184","NL","12","False","True"
"A5078918163","Samira Yeasmin","0000-0001-8547-6320","5","122","8","I28022161","SA","6","False","True"
"A5103110800","Yar Muhammad","0000-0001-6224-392X","7","468","13","I82880672","CN","6","False","True"
"A5066655516","Romulus Costache","0000-0002-6876-8572","48","7573","154","I141595442","RO","14","True","True"
"A5074179995","Baotong Chen","0000-0003-2324-4916","20","3176","62","I43922553","CN","9","False","True"
"A5035986214","Talha Mahboob Alam","0000-0001-7228-0046","26","2591","49","I204778367","NO","7","False","True"
"A5087015476","Katerina Berezina","0000-0002-1309-9930","20","2630","57","I368840534","US","16","False","True"
"A5063356628","Sudipta Bose","0000-0002-3895-2416","24","2396","119","I78757542","AU","20","False","True"
"A5082197722","Nikola Bešinović","0000-0003-4111-2255","19","1591","83","I78650965","DE","15","False","True"
"A5060706335","Akshai KP","","1","84","1","I119668213","IN","1","False","True"
"A5039057672","Rahul Parhi","0000-0002-1971-7699","8","278","28","I36258959","US","11","False","True"
"A5079178149","Manuel Knott","0000-0002-5447-4549","5","126","14","I122411786","US","8","False","True"
"A5108052744","Selim Reza","0000-0002-2877-2980","7","340","15","I182534213","PT","24","False","True"
"A5063409460","Fuyi Li","0000-0001-5216-3213","39","6469","166","I184983240","CN","28","False","True"
"A5050823429","John Grezmak","0000-0001-6686-5398","9","360","13","I58956616","US","10","False","True"
"A5056117219","Bart Vanneste","0000-0002-3209-9370","12","856","51","","","19","False","False"
"A5050226080","Tania Akter","0000-0002-7404-0756","15","685","43","","","10","False","False"
"A5074737067","Özgür Koray Şahingöz","0000-0002-1588-8220","31","5075","114","I4210104933","TR","27","False","True"
"A5093850037","Tosin Michael Olatunde","","16","613","23","I874055015","GB","1","True","True"
"A5061515014","Juan J. Gómez-Valverde","0000-0002-5073-5908","9","571","34","","","15","False","False"
"A5077387325","Adithya Legala","0000-0002-8336-754X","5","191","8","I1290463931","US","9","False","True"
"A5041169243","Muhammad Mazhar Bukhari","","2","204","2","I43729321","PK","2","False","True"
"A5037023801","Reneilson Santos","0000-0001-9328-9744","4","217","8","I190085865","BR","4","False","True"
"A5061671442","Ali Al Bataineh","0000-0001-9530-7950","7","302","30","I169768744","US","7","False","True"
"A5100325849","Fei Li","0000-0002-7930-5485","34","5242","175","I14894300","CN","23","False","True"
"A5034063494","Kanwarpartap Singh Gill","0000-0002-6496-7208","12","1112","312","I74319210","IN","4","True","True"
"A5078130488","Chang Hu","0000-0002-5457-6190","16","21632","52","I37461747","CN","19","False","True"
"A5034165632","Lean Karlo S. Tolentino","0000-0002-8014-8229","13","646","88","","","11","False","False"
"A5052899950","Hippolyte Verdier","0000-0002-3650-0555","7","121","18","I1294671590","FR","3","False","True"
"A5089248806","Naicheng Guo","0000-0002-0144-2148","6","113","8","","","5","False","False"
"A5015955392","Arun Sharma","0000-0003-3854-7944","31","3128","102","I31847773","CN","36","False","True"
"A5100358864","Liu Ming","0000-0001-9369-2584","5","188","28","","","25","False","False"
"A5030414284","Ruttala Sailusha","","1","172","1","I116891498","IN","1","False","True"
"A5077249620","Jeff Zhang","0000-0001-7411-8923","16","928","101","I55732556","US","25","False","True"
"A5028616130","Ping Xuan","0000-0001-5328-691X","32","3663","155","I1300757298","CN","37","False","True"
"A5078754523","Jinming Duan","0000-0002-5108-2128","31","3378","185","I2799725268","GB","22","False","True"
"A5100624941","Chunyan Yu","0000-0002-9260-6629","27","2045","171","I152031979","CN","22","False","True"
"A5035763774","Wiame Benzekri","0009-0004-7125-7206","3","97","6","","","9","False","False"
"A5100728878","Liu Jun","0000-0003-2938-440X","16","1832","190","I200845125","CN","32","False","True"
"A5109200358","Elaine C. Meng","","34","68748","48","I180670191","US","34","False","True"
"A5012832048","Hyun-Kyo Lim","0000-0002-8807-1158","10","453","42","I4575257","KR","19","False","True"
"A5101456098","Junyi Wei","","7","366","42","","","15","False","False"
"A5003636226","Apeksha Aggarwal","0000-0001-7230-3869","12","587","33","I154851008","IN","44","False","True"
"A5056871083","Rahul Ranjan","0000-0003-4983-0403","14","1097","93","I36090812","IN","30","False","True"
"A1934845753","Mario Miscuglio","0000-0001-5953-8452","0","0","2","","","1","False","False"
"A5019138841","Poornima Jayaraman","0000-0003-1171-4319","2","81","7","","","4","False","False"
"A5100386948","Yifei Zhang","0000-0003-4185-8663","15","864","107","I172675005","SG","20","False","True"
"A5063578134","Jixuan Wang","0000-0003-1986-6747","14","1165","108","I4210130148","CN","19","False","True"
"A5017981507","Abu Saleh Musa Miah","0000-0002-1238-0464","20","1250","105","I141591182","JP","9","True","True"
"A5028362101","Bo Yang","0000-0002-6275-8904","31","2936","213","I149594827","CN","29","False","True"
"A5004836760","Ricardo Francisco Reier Forradellas","0000-0002-4790-0351","11","539","28","I185020484","ES","14","False","True"
"A5044339031","Ankur Saxena","0000-0003-1112-5186","10","404","92","I4210125057","IN","24","False","True"
"A5041217239","Rawan Ghnemat","0000-0002-7560-0874","10","515","70","I158749337","JO","20","False","True"
"A5111868574","B R Nanditha","","3","86","7","","","11","False","False"
"A5043877153","Yasunari Miyagi","0000-0003-0962-033X","23","1890","119","I4210137409","JP","38","False","True"
"A5093382995","Mohammad Hmoud","0000-0003-0693-8465","3","110","7","I17533244","PS","3","False","True"
"A5100767204","Chenchen Liu","0000-0001-9522-8312","15","762","52","I146620803","CN","37","False","True"
"A5081768082","Tim Salzmann","0000-0002-7305-2667","7","351","16","I4210090411","GB","7","False","True"
"A5083072051","Barbara Martini","0000-0002-0413-591X","24","1806","151","I4210132817","IT","31","False","True"
"A5057333913","Konstantinos Sgantzos","0000-0001-9033-5805","4","94","8","I174458059","GR","7","False","True"
"A5046848439","Ke Si","0000-0001-8328-4325","22","1736","115","I111971639","CN","26","False","True"
"A5057367570","Saeid Nikbakht","0000-0003-2398-3962","1","84","1","I51441396","DE","1","False","True"
"A5011261818","Xiang Cheng","0000-0003-3246-7062","20","2693","41","I116953780","CN","23","False","True"
"A5100462720","Yu Han","0000-0003-1462-1118","132","72293","1470","I113940042","CN","55","True","True"
"A5101575289","Liwen Zheng","0009-0002-9217-3330","14","791","33","I131434179","CN","16","False","True"
"A5048068865","Stefan Leijnen","","6","139","28","","","21","False","False"
"A5100720798","Xuemei Li","0000-0002-7912-8538","5","199","16","I4210129459","CN","21","False","True"
"A5032625133","Daniel Shu Wei Ting","0000-0003-2264-7174","63","24427","325","I157582758","SG","23","True","True"
"A5003859891","Min Pang","0000-0002-6377-8915","14","626","63","I108160477","CN","38","False","True"
"A5080734082","Fantine Huot","","12","1523","56","","","29","False","False"
"A5035765842","Rida Nasir","","3","94","8","I929597975","PK","11","False","True"
"A5045597458","Xiang Chen","0000-0003-4203-4578","14","666","73","I16609230","CN","25","False","True"
"A5039074311","Banalaxmi Brahma","0000-0002-0647-0359","5","160","17","","","6","False","False"
"A5000881617","S. Hemming","0000-0001-6638-7453","26","2035","177","I913481162","NL","24","False","True"
"A5036366502","Anita Rácz","0000-0001-8271-9841","25","3345","86","I80251312","HU","37","False","True"
"A5047380888","Joshua C. Peterson","0000-0001-6713-1353","17","1157","77","I111088046","US","12","False","True"
"A5026922943","Faisal Hussain","0000-0001-9812-7488","19","1442","67","I17120543","PK","19","False","True"
"A5071261087","Nastasiya F. Grinberg","0000-0002-2727-5130","9","956","27","","","11","False","False"
"A5100652853","Liting Wang","0000-0002-1215-9495","8","331","47","I194450716","CN","18","False","True"
"A5023339664","Siyi Tang","0000-0001-7504-5885","13","950","60","I3923682","CN","30","False","True"
"A5100418543","Chen Chen","0000-0003-1406-5721","25","2110","145","I158842170","CN","16","False","True"
"A5067735026","Matthew Chantry","0000-0002-1132-0961","21","1382","99","I154986956","GB","15","False","True"
"A5015752834","Katharine E. Henry","0000-0002-0446-9717","8","1293","16","I145311948","US","13","False","True"
"A5045096489","Maciej Krzywda","0000-0002-0758-8498","3","38","7","I126596746","PL","5","False","True"
"A5021786062","Claudio Angione","0000-0002-3140-7909","23","1909","138","I874055015","GB","14","False","True"
"A5100362571","Shiqi Zhang","0000-0002-9406-7550","18","2098","86","I132369690","CN","27","False","True"
"A5064423496","Ayad Almryad","","3","73","4","I173761726","TR","5","False","True"
"A5062147441","M. Akshay Kumaar","","2","97","2","","","2","False","False"
"A5102721316","Scott D. Nelson","0000-0002-1941-1817","21","1876","83","I901861585","US","31","False","True"
"A5042621595","Xiangzhou Yuan","0000-0002-6480-3983","30","3760","113","I61057504","CN","17","False","True"
"A5007515089","Shuming Zeng","0000-0002-0941-6200","23","1683","101","I78978612","CN","26","False","True"
"A5106943686","Jie Zhang","0000-0001-9638-574X","28","2171","104","I126231945","GB","41","False","True"
"A5088230040","He Fang","0000-0002-4562-9190","17","1093","61","I111753288","CN","23","False","True"
"A5081569993","Matsumoto Hayato","","2","27","2","I56624758","JP","2","False","True"
"A5067790073","Kateřina Žmolíková","0000-0003-4438-8580","13","1138","38","","","10","False","False"
"A5041155503","Khadija Alhumaid","0000-0002-1242-9133","19","1427","39","I4210164135","AE","12","False","True"
"A5039800821","Neng Shi","0000-0002-3838-7031","3","67","7","I52357470","US","31","False","True"
"A5041587667","Bahzad Taha Chicho","","2","63","2","I4210124331","IQ","1","False","True"
"A5110593591","D M Sotvoldiev","","3","31","8","","","6","False","False"
"A5049171030","Shahin Atakishiyev","0000-0002-3666-4656","6","303","15","I154425047","CA","8","False","True"
"A2636802701","Petar Radanliev","0000-0001-5629-6857","2","216","5","","","1","False","False"
"A5101835444","Francesco Fusco","0000-0002-9612-2082","14","1293","55","I2802536511","IT","33","False","True"
"A5012074957","Andrea Tassi","0000-0002-5882-3275","17","1284","111","I4210117523","GB","38","False","True"
"A5102906232","Hasnain Ali Shah","0000-0001-5325-9014","6","382","12","I175532246","FI","4","False","True"
"A5088670724","Kadija Ferryman","0000-0001-8552-1822","13","970","45","I145311948","US","12","False","True"
"A5002566545","Marwah Sattar Hanoon","","6","274","6","I3131779051","IQ","2","False","True"
"A5054916016","Visa Kurki","0000-0002-1308-6398","12","672","50","I133731052","FI","15","False","True"
"A5037872785","Prem N. Ramkumar","0000-0002-1704-9156","38","5172","188","I1281539108","US","21","False","True"
"A5070774177","Wen Torng","0000-0002-8877-4785","9","1567","11","I1291425158","US","11","False","True"
"A5075641130","Patrice Carbonneau","0000-0001-8246-9491","31","4566","113","I190082696","GB","27","False","True"
"A5028994702","Bulat Kerimov","0000-0002-1037-0705","2","31","7","","","4","False","False"
"A5110829364","Nazin Ahmed","","1","153","1","I4210125938","BD","1","False","True"
"A5008541218","Xianlun Tang","0000-0002-9174-7366","23","1712","109","I10535382","CN","21","False","True"
"A5045770665","Zhantao Cao","","4","274","10","I150229711","CN","9","False","True"
"A5052953923","Xiaojun Ma","0000-0001-6757-3055","13","793","54","I4210113369","CN","26","False","True"
"A5100430331","Hong Zhang","0000-0002-9401-8409","6","167","27","I18570673","CN","20","False","True"
"A5025879107","Yu He","0000-0001-8157-0598","29","4160","145","I126924076","CN","33","False","True"
"A5013860231","Manas Rahman","0000-0001-7054-5661","2","98","4","","","6","False","False"
"A5074197720","Mohsen Naderpour","0000-0002-3549-3875","19","1241","61","","","16","False","False"
"A5009005728","Fei Shan","0000-0001-7519-2172","30","4917","106","I4210106542","CN","28","False","True"
"A5059931150","Marilyn Giroux","0000-0001-5764-0533","14","1346","40","","","13","False","False"
"A5020237777","Chao Song","0000-0002-1087-8701","21","1691","128","I194450716","CN","23","False","True"
"A5042956862","Yi Zhang","0000-0003-0248-7644","34","3926","326","I14243506","HK","28","True","True"
"A5041210869","Imane Sadgali","","6","297","9","I99297268","MA","5","False","True"
"A5088352004","P. Ramprakash","","2","104","2","","","2","False","False"
"A5042357679","Tariq Sadad","0000-0002-0078-7849","15","1300","40","I142732210","PK","8","False","True"
"A5043504359","José Peña‐Guerrero","0000-0002-9183-6369","7","179","15","I88155538","ES","9","False","True"
"A5112246911","Jiejie Zhou","","14","912","50","I2799773085","CN","13","False","True"
"A5077346963","Rahat Iqbal","0000-0002-5222-7122","10","769","35","","","26","False","False"
"A5029712362","Ibrahim Eren Bisen","","2","41","5","I74775410","US","2","False","True"
"A5029915669","Jaron Thompson","0000-0001-5967-0234","12","424","29","I135310074","US","7","False","True"
"A5058380109","Nalini Chintalapudi","0000-0003-0818-306X","24","2376","64","I112859197","IT","7","False","True"
"A5048279241","Yao Wu","0000-0002-2865-0094","32","4837","88","I47720641","CN","32","False","True"
"A5100771483","Chenchen Sun","0000-0002-9990-0425","6","98","24","I136765683","CN","13","False","True"
"A5006684633","Xiaoying Qiu","0000-0002-5585-5220","10","472","42","I78675632","CN","16","False","True"
"A5066694165","Bernd W. Wirtz","0000-0003-1480-8513","49","12026","965","","","30","True","False"
"A5100348813","Duo Li","0000-0001-8160-0443","8","698","23","","","40","False","False"
"A5101607532","Mohamed Mostafa Soliman","0000-0001-6084-1686","5","280","19","I107720978","EG","42","False","True"
"A5101948795","Leimin Wang","0000-0002-0663-3365","39","4114","156","I3124059619","CN","16","False","True"
"A5038033801","Nikzad Chizari","0000-0002-7300-6126","2","25","5","","","3","False","False"
"A5030763743","Lawrence S. Chan","0009-0007-0640-980X","43","7216","194","I84218800","US","40","False","True"
"A5080002208","Kai Yang","0000-0001-9007-6030","6","207","24","I132586189","CN","18","False","True"
"A5021051472","Joseph F. Hair","0000-0002-9226-9693","80","128458","286","I178721510","US","54","False","True"
"A5016923656","Kevin Dick","0000-0003-3931-523X","15","798","79","I2799330578","CA","50","False","True"
"A5038210330","Lucas Baier","0000-0001-5964-9865","9","326","18","I102335020","DE","6","False","True"
"A5052697795","Jinlong Sun","0000-0002-3373-2203","20","1602","70","I41198531","CN","45","False","True"
"A5000133551","Riemer H. J. A. Slart","0000-0002-5565-1164","63","16634","652","I1334415907","NL","31","True","True"
"A5070462429","Ioannis D. Apostolopoulos","0000-0001-6439-9282","16","3377","76","I145722265","GR","9","False","True"
"A5082770257","Ramanaesh Ramakrishna","","1","31","3","I885383172","MY","1","False","True"
"A5101794430","Ruilong Zhang","0000-0002-1278-0556","9","672","51","","","26","False","False"
"A5081011219","Stanislav Ivanov","0000-0002-6851-5823","46","7959","359","I4210108054","BG","28","True","True"
"A5017530864","Parul Madan","0000-0002-9727-5961","6","506","46","I60054993","IN","7","False","True"
"A5019584967","Hari Krishnan Andi","","2","101","7","","","5","False","False"
"A2805113983","Alexander Buslaev","","1","1807","2","","","1","False","False"
"A5030825900","Abolfazl Zargari Khuzani","","7","826","22","I185103710","US","5","False","True"
"A5040501884","Nicolás Gaggion","0000-0002-6684-5300","6","191","20","I151201029","AR","6","False","True"
"A5038012137","Massa Baali","","4","100","16","","","6","False","False"
"A5048235684","Lauren C. Smail","0000-0002-2982-5976","3","315","8","I204722609","CA","52","False","True"
"A5030186755","Kawther S. Alqudaihi","0000-0001-6597-2781","6","331","7","I76571253","SA","3","False","True"
"A5001560598","Kurnianingsih Kurnianingsih","","10","558","115","I148158369","ID","14","False","True"
"A5028351338","Ehsan Hesamifard","","5","697","6","","","8","False","False"
"A5062423604","Ali Ameri","0000-0001-6518-3184","12","994","38","","","23","False","False"
"A5070254031","Jannes Münchmeyer","0000-0002-4006-9673","15","879","73","I1294671590","FR","10","False","True"
"A5013320229","Yanji Luo","0000-0002-8514-020X","18","914","78","I157773358","CN","13","False","True"
"A5011728448","Zouheir Trabelsi","0000-0001-8686-8975","20","1509","150","I201726411","AE","30","False","True"
"A5057701613","Peter K. Yu","0000-0001-6029-8775","23","2096","440","I37461747","CN","42","True","True"
"A2009623512","Lei Han","0000-0001-5176-7664","7","295","156","","","1","True","False"
"A5038862460","Thomas Küstner","0000-0002-0353-4898","25","2307","147","I4210094118","DE","11","True","True"
"A5011724124","A. R. Bushara","","6","164","21","","","13","False","False"
"A5053985772","Remah Younisse","","6","195","18","I158749337","JO","7","False","True"
"A5018961622","Hadi Jahanshahi","0000-0001-7810-6479","42","5379","182","I2800043112","CA","11","True","True"
"A5008359980","Andrea Soro","","2","95","2","I35440088","CH","2","False","True"
"A5101963467","Mingyi Liu","0000-0001-7998-7415","7","212","42","I204983213","CN","21","False","True"
"A5070106281","Zhaonan Wang","0000-0002-2613-9727","16","907","57","I135598925","JP","12","False","True"
"A5058022821","Minoru Kanehisa","0000-0001-6123-540X","89","176230","399","I22299242","JP","53","False","True"
"A5100374175","Chen Zhang","0000-0003-2762-2726","18","4210","107","I108904480","CN","24","False","True"
"A5058165562","R. Thandaiah Prabu","0000-0002-5727-2977","24","1770","179","I85461943","IN","10","True","True"
"A5010298048","Janin Karoli Hentzen","0000-0002-3410-9392","4","260","5","I5681781","AU","3","False","True"
"A5022538261","Akhil Narang","0000-0001-9248-808X","31","3433","198","I111979921","US","50","False","True"
"A5005084383","Yaohu Lin","0000-0001-5206-8160","2","95","6","I82880672","CN","10","False","True"
"A5027809407","T. Ananth Kumar","0000-0002-0494-7803","17","1204","198","","","12","True","False"
"A5040341611","Xuan Ji","0000-0002-9810-4574","5","214","10","I76569877","CN","12","False","True"
"A5031934250","Dayeon Shin","0000-0003-0828-184X","24","1915","103","I191879574","KR","25","False","True"
"A5017217074","Mohammed Zagane","0000-0003-2508-0265","4","89","7","I4210124230","DZ","6","False","True"
"A5016490930","Rui Chen","0000-0001-5292-3374","10","522","40","I157725225","US","17","False","True"
"A5032618622","Ully Yunita Nafizah","0000-0001-5444-4916","3","47","27","","","8","False","False"
"A5100734808","Seungjin Lee","0000-0002-1465-4609","3","197","16","I67900169","KR","14","False","True"
"A5049239916","Nurshazlyn Mohd Aszemi","0000-0001-7421-4421","3","209","10","","","6","False","False"
"A5034118645","Ye‐Qun Wang","","1","46","1","I90610280","CN","1","False","True"
"A5007124999","Valerio Milo","0000-0002-3305-2742","22","2086","42","","","8","False","False"
"A5100649371","Xin Wang","0000-0003-4049-7667","9","661","45","","","22","False","False"
"A5102221375","Yajing Xue","","5","141","12","","","21","False","False"
"A5101444654","Shuai Ma","0000-0003-1269-6546","10","346","51","I150229711","CN","20","False","True"
"A5080907554","Abolfazl Mehranian","0000-0003-4584-4453","21","1527","73","I4210140215","GB","17","False","True"
"A5103081477","Jingyun Liang","0000-0001-9841-8584","16","4764","37","","","5","False","False"
"A5082528825","Eslam A. Hussein","0000-0001-6040-8516","6","202","15","","","17","False","False"
"A5017842570","Nickson M. Karie","0000-0001-5173-9268","18","1089","54","I205640436","AU","16","False","True"
"A5004668950","Mahsa Ghanbari","0000-0002-6015-2968","8","302","18","I205582932","DE","9","False","True"
"A5101248217","Parvataneni Rajendra Kumar","","1","87","1","","","1","False","False"
"A5057241943","Pei-San Lo","0000-0002-7061-2307","9","563","9","I55285296","MY","4","False","True"
"A5112908713","Kazi Kutubuddin Sayyad Liyakat","","18","811","24","","","4","False","False"
"A5007954649","Shuja Khalid","0000-0003-1029-907X","3","232","15","I185261750","CA","6","False","True"
"A5020068117","Yante Li","0000-0003-4824-2044","11","738","37","I98381234","FI","11","False","True"
"A5100628794","Bin Shi","0000-0003-1732-3052","30","3339","235","I129708740","CN","29","False","True"
"A5099981837","Liuxi Yan","","1","12","1","I41208885","CN","1","False","True"
"A5074273659","Komal Chopra","0000-0003-2168-9604","6","238","52","I244572783","IN","22","False","True"
"A5028133110","Khaled Salah","0000-0002-2310-2558","70","20444","511","I153230381","AU","28","True","True"
"A5036935012","Maja Rožman","0000-0002-8546-4351","17","877","67","I37696226","SI","26","False","True"
"A5082887262","Sindhu Abro","","3","158","5","I68288478","PK","2","False","True"
"A5086817358","Zhilong Lu","","5","201","7","","","8","False","False"
"A5052385092","Ki Hoon Ahn","0000-0002-6314-4621","20","1491","165","I197347611","KR","25","False","True"
"A5101666417","Yang Zhong","0000-0002-3368-6788","6","264","44","","","35","False","False"
"A5004617213","Mireille Hildebrandt","0000-0003-4558-9149","34","4109","300","I44260953","DE","33","False","True"
"A5066044089","Fadi Al‐Turjman","0000-0001-5418-873X","66","17343","676","I69050122","CY","19","True","True"
"A5005837963","Mohd Imran Khan","0000-0001-8895-6469","6","195","9","","","15","False","False"
"A5046642881","Hongmei Wang","0000-0002-5881-2488","28","2650","181","I1285764155","US","27","False","True"
"A5090794745","William Gilpin","0000-0001-8666-6951","20","1447","559","I86519309","US","232","False","True"
"A5090500943","Sachin Kumar","0000-0002-5324-2156","23","1896","189","I155125381","IN","36","False","True"
"A5021681620","Wiktor Beker","0000-0002-2913-6724","15","1458","37","I4210127373","US","14","False","True"
"A5055814440","Djordje Slijepčević","0000-0002-2295-7466","11","539","110","","","9","True","False"
"A5005867621","Shokofeh Anari","0000-0001-6983-9777","8","917","17","I110525433","IR","5","False","True"
"A5050217016","Milan Parikh","0000-0002-8549-3873","5","186","12","","","6","False","False"
"A5007444058","Nicholas Crafts","0000-0002-1885-6240","60","11401","389","","","52","False","False"
"A5094021368","Adewale Daniel Sontan","","1","54","3","","","1","False","False"
"A5014960619","Wangyang Chen","0000-0002-3258-3998","22","1295","71","I200296433","CN","18","False","True"
"A5086154334","Debabrata Swain","0000-0001-7775-3244","13","665","152","I33586908","IN","30","False","True"
"A5005486130","M. Usha","0000-0001-6226-3605","14","483","36","","","23","False","False"
"A5030877663","Inseung Kang","0000-0002-5846-1550","13","1252","48","I130701444","US","22","False","True"
"A5043499959","Zhun Fan","0000-0002-4232-8229","42","6660","379","I116953780","CN","24","True","True"
"A5026138364","Osama Al Qasem","0000-0001-5496-0654","4","168","4","I85507684","JO","2","False","True"
"A5068573207","Vani Rajasekar","0000-0003-1851-6526","14","832","87","I876193797","IN","37","False","True"
"A5023822841","Lukuman Wahab","0000-0002-5814-8169","9","426","13","I2800834503","GH","4","False","True"
"A5046782580","Ganesh B. Chand","0000-0002-9857-5800","16","1180","62","I204465549","US","37","False","True"
"A5007190842","Donghua Chen","0000-0003-1786-7551","24","2052","147","I4210115456","CN","26","False","True"
"A5007255618","Stuart I. Campbell","0000-0001-7079-0878","15","3148","70","","","41","False","False"
"A5101330960","Yanxin Hu","0009-0009-4388-8883","21","1766","66","","","17","False","False"
"A5063676718","Se-Yeol Rhyou","0000-0001-5117-8966","3","61","7","I848706","KR","7","False","True"
"A5083701330","Vikas Verma","0000-0002-4911-4709","14","836","31","I59270414","IN","14","False","True"
"A5089177690","Laisen Nie","0000-0001-8813-7738","22","1582","52","","","14","False","False"
"A5086314063","Zhan Shi","0000-0002-7798-1121","13","940","118","I47720641","CN","26","False","True"
"A5059816576","Paúl Arévalo","0000-0002-6721-1326","25","1590","108","I189914110","EC","9","True","True"
"A5100674576","Md. Abdur Rahman","0000-0002-4105-0368","30","3937","224","I134900695","IN","40","False","True"
"A5030966496","Stanislav Abaimov","0000-0003-2441-4710","7","175","47","I36234482","GB","8","False","True"
"A5110886697","Cheng Xiao","","6","274","75","I96733725","CN","27","False","True"
"A5013947060","Ammar Almomani","0000-0002-8808-6114","27","2807","144","I119744171","AE","15","False","True"
"A5015613580","Mostafa Mohammadkarimi","0000-0003-4953-978X","9","427","44","I98358874","NL","15","False","True"
"A5026401904","Yusra Qamar","0000-0002-0658-3361","3","300","5","I178102782","US","3","False","True"
"A5102005717","Xiaoling Shu","0000-0001-8696-326X","18","1409","46","I84218800","US","30","False","True"
"A5003003437","Mamoon M. Saeed","0000-0002-6081-2559","17","822","84","I12832649","KR","10","False","True"
"A5045624501","Yu Deng","0000-0001-7241-8519","9","1484","14","","","18","False","False"
"A5015947983","Xanthi Bampoula","0000-0003-2830-8464","3","146","8","I174878644","GR","5","False","True"
"A5021611426","Yunsheng Bai","0000-0003-1623-6184","13","707","45","I4210127875","US","11","False","True"
"A5084804792","Jadel Marzouq Alsamiri","","1","115","2","","","2","False","False"
"A5071832141","Shichang Ding","0000-0002-7565-1778","2","27","6","","","3","False","False"
"A5030174783","Minghui Liao","0000-0002-2583-4314","23","6266","60","I37461747","CN","22","False","True"
"A5048107244","Antonio Caño","0000-0002-6440-021X","24","1686","82","I191420491","ES","25","False","True"
"A5058994289","Francisco Fumero","0000-0001-9806-2477","8","805","26","I158438070","ES","15","False","True"
"A5088531553","Christian Dallago","0000-0003-4650-6181","26","5473","76","I170897317","US","9","False","True"
"A5100289268","Sunita Bhaskar Shirsat","","1","63","1","I878213199","IN","1","False","True"
"A5052091501","O Sungmin","","21","1662","98","I138925566","KR","11","False","True"
"A5091914674","Jocelyn Sunseri","0000-0002-9043-6267","8","1541","18","","","17","False","False"
"A5091790870","Jian Zhang","0000-0003-3612-7989","16","1210","182","I172675005","SG","32","False","True"
"A5035160808","Weiwei Bai","0000-0002-1374-2228","22","1888","78","I4210097978","CN","20","False","True"
"A5049832796","A. Rajkumar","0000-0003-4714-2631","6","233","97","","","14","False","False"
"A5026472823","Thijs Stuyver","0000-0002-8322-0572","30","2875","102","I1294671590","FR","13","False","True"
"A5019692903","Han Qiu","0000-0003-2678-8070","26","3305","158","I149137203","CN","25","False","True"
"A5100768244","Yongxin Zhang","0000-0003-3173-4560","26","3405","196","I116036724","CN","35","False","True"
"A5100442589","Jingjing Liu","0000-0003-0840-0984","9","319","33","I181903023","CN","19","False","True"
"A5093566558","Vimukthi Dananjaya","","5","169","10","I57093077","AU","3","False","True"
"A5013062422","Xing Zhu","0000-0002-0602-7832","22","1896","88","I31595395","CN","22","False","True"
"A5063003263","Nicolas Wentzensen","0000-0003-1251-0836","119","82990","1025","I1299303238","US","27","True","True"
"A5102928295","Carlos Sampedro","0000-0003-2414-2284","17","1940","31","I4210125392","ES","33","False","True"
"A5024660141","Peter Königs","0000-0002-7267-4675","8","299","40","","","14","False","False"
"A5002857697","Felix Weber","0000-0002-5910-7182","4","210","26","I62318514","DE","28","False","True"
"A5102748341","Penny Chong","0000-0002-4422-6576","6","164","18","","","8","False","False"
"A5074051723","Panagiotis G. Asteris","0000-0002-7142-4981","71","14106","268","I254421610","GR","56","False","True"
"A5114856976","Friedrich Krotz","","1","99","1","","","1","False","False"
"A5110133782","Haoyan Xu","","18","1143","76","I125839683","CN","18","False","True"
"A5101484881","Huanting Wang","0000-0003-0579-4295","5","348","15","I130828816","GB","9","False","True"
"A5024564691","Zhixiang Yin","0000-0003-2216-1203","10","514","34","I143868143","CN","22","False","True"
"A5100664656","Ping Ma","0000-0002-5728-3596","36","4793","311","I125029298","US","24","True","True"
"A5002524763","Rahim Hirani","0000-0002-9304-9916","12","823","172","I1334819555","US","10","True","True"
"A5070953645","Ksenia Yadav","","3","39","18","","","12","False","False"
"A5066679289","Othmar M. Lehner","0000-0002-3317-9604","22","2493","129","","","22","False","False"
"A5043151491","Clea Bourne","0000-0002-7754-4335","9","312","49","I4210160447","MX","46","False","True"
"A5076063854","Chih‐Wen Wu","0000-0001-7672-5102","15","1015","43","","","33","False","False"
"A5077562449","Dmitry E. Kislov","0000-0001-9289-7203","9","331","36","I4210097402","RU","21","False","True"
"A5020810059","Erkan Şengönül","0000-0002-0958-348X","3","80","6","","","11","False","False"
"A5029504384","Anjali Jain","0000-0001-8395-8377","13","942","53","I50557253","IN","49","False","True"
"A5004787718","Yan Yang","0000-0001-8648-9692","18","1567","116","I10535382","CN","29","False","True"
"A5083642141","Dinah Chen","0000-0003-0129-4306","8","200","23","","","17","False","False"
"A5072675243","Norah N. Alajlan","0000-0002-2426-2668","5","179","6","","","6","False","False"
"A5100436158","Lei Wang","0000-0003-4415-1268","14","660","91","I37987034","CN","19","False","True"
"A5054426708","Fernando Filgueiras","0000-0001-9570-8113","17","833","105","I4396570575","","23","False","True"
"A5100662637","Jie Zhang","0000-0001-8219-5590","18","1233","128","I10660446","CN","29","False","True"
"A5010709003","Petteri Nevavuori","","3","661","7","","","5","False","False"
"A5060727966","Hyerim Lim","0009-0003-0858-6114","8","382","35","I113409471","KR","30","False","True"
"A5074238659","Ilya Makarov","0000-0002-3308-8825","24","1751","226","I173089394","RU","23","False","True"
"A5101473086","Wei Dou","0000-0002-2193-4430","9","307","61","I4210098042","NO","27","False","True"
"A5077087558","Lucas Woltmann","0000-0003-0720-8878","4","141","16","","","7","False","False"
"A5079463424","Zhiyan Yi","0000-0002-2386-3883","7","615","14","I223532165","US","9","False","True"
"A5015787649","Zhuo Ma","0000-0001-6023-2864","25","1995","123","I149594827","CN","26","False","True"
"A5033455573","Ania Cravero","0000-0003-0883-7254","11","539","45","I11944219","CL","17","False","True"
"A5011155311","Abdelghani Dahou","0000-0003-4561-2185","31","3000","82","I135237710","CN","10","False","True"
"A5100691329","Daming Wang","0000-0002-4414-1150","13","621","66","I16609230","CN","31","False","True"
"A5016980869","Ming Zheng","0000-0001-9001-0859","10","582","36","I4472751","CN","18","False","True"
"A5100767774","Haonan Chen","0000-0002-9795-3064","39","4834","418","I126520041","CN","14","True","True"
"A5044000711","G. Ushadevi","","2","101","3","I876193797","IN","5","False","True"
"A5000130215","Youngchun Kwon","0000-0001-7911-3670","14","724","21","I2250650973","KR","8","False","True"
"A5082694832","Yongming Rao","0000-0003-3952-8753","37","6178","102","I2250653659","CN","9","True","True"
"A5080939291","Juntao Fei","0000-0001-7954-2125","42","6564","351","I1335486098","US","23","True","True"
"A5065818921","Gorka Muñoz-Gil","0000-0001-9223-0660","12","530","42","I190249584","AT","9","False","True"
"A5030603143","K. Hemachandran","","11","450","77","I3131870445","IN","17","False","True"
"A5020501435","Jiancheng Yang","0000-0003-4455-7145","23","3178","183","I183067930","CN","24","False","True"
"A5080914326","Andrei Stoian","0000-0002-3479-9565","15","1108","55","I4210109499","FR","22","False","True"
"A5100458385","Biao Chen","0000-0001-6311-9306","12","1202","62","I9927081","FI","48","False","True"
"A5085083471","Naser Ahmed","0000-0003-2775-0592","13","1084","29","I2801106189","IQ","27","False","True"
"A5022550580","Hai Yang","0000-0002-1161-4337","23","1777","197","I143593769","CN","49","False","True"
"A5010629579","Stefania Ileana Chivu","","1","67","1","I88491126","RO","1","False","True"
"A5030488664","Ehsan Sharifi","0000-0001-7181-8406","13","1296","59","","","18","False","False"
"A5025629079","Facundo Lezama","","3","27","4","I180910786","UY","5","False","True"
"A5100332426","Zhonghua Zhang","0009-0003-6825-0196","29","2871","310","I100188998","CN","33","False","True"
"A5083911531","José Renato Garcia Braga","0000-0001-9585-3329","5","226","22","I80849659","BR","20","False","True"
"A5024920328","Ulrich Lichtenthaler","0000-0002-5443-6665","45","9206","128","","","23","False","False"
"A5101117792","Manisha Tripathi","","2","103","10","I106826634","IN","28","False","True"
"A5011015504","Inioluwa Deborah Raji","","19","3006","31","","","6","False","False"
"A5100628298","Yuanchun Li","0000-0002-1591-2526","23","1568","137","I183816158","CN","33","False","True"
"A5042052472","Kaixing Hong","0000-0002-9803-1897","11","630","30","","","30","False","False"
"A5101805684","Soyeon Jeong","0000-0001-9064-4261","10","299","21","I130701444","US","13","False","True"
"A5090482974","Yuanyuan Qiao","0000-0002-3573-9847","16","1277","83","I139759216","CN","16","False","True"
"A5061509713","Evangelos-Marios Nikolados","0000-0003-2303-0889","5","187","10","I98677209","GB","7","False","True"
"A5007104924","Sicong Cao","0000-0003-3688-4437","9","463","28","I78978612","CN","5","False","True"
"A5012932733","Xiaolan Liu","0000-0002-7500-9128","10","554","38","I143804889","GB","22","False","True"
"A5023087733","Jakob Thrane","0000-0003-0056-4503","8","477","20","I96673099","DK","5","False","True"
"A5030471618","Ibragim Suleimenov","0000-0002-7274-029X","17","908","182","I204275683","KZ","35","False","True"
"A5110518565","Nir Kshetri","","9","893","29","","","23","False","False"
"A5039097889","Galen Weld","0000-0002-2106-9889","7","200","22","","","10","False","False"
"A2641055566","Malu Zhang","0000-0002-2345-0974","1","150","3","","","1","False","False"
"A5053079934","Aurelia Michele","","1","164","1","I166073570","ID","1","False","True"
"A5101450801","Muhammad Attique Khan","0000-0001-7058-0715","17","1381","50","I138564716","SA","37","False","True"
"A5041519364","Lirong Wu","0000-0001-5551-3194","16","1460","77","I118987531","CN","22","False","True"
"A5015064108","Uladzislau Blazhko","0000-0002-3249-950X","4","136","11","I54108979","NO","9","False","True"
"A5100649868","Hangjun Zhou","","11","465","49","I4210150398","CN","15","False","True"
"A5101924544","Ziming Liu","0009-0009-3355-6770","5","174","17","I165932596","SG","29","False","True"
"A5073563997","Sergey A. Lobov","0000-0002-3689-6035","14","947","70","","","21","False","False"
"A5109086141","Moataz Samir","","15","1319","30","I60158472","CA","13","False","True"
"A5075388695","Shengyuan Li","0000-0003-1665-5434","21","1970","90","I867306930","IN","21","False","True"
"A5070629154","Zhenfeng Shao","0000-0003-4587-6826","55","11214","365","I37461747","CN","23","True","True"
"A5076928390","Bohan Zhuang","0000-0002-0074-0303","26","3499","136","I56590836","AU","35","False","True"
"A5065748524","Aspen Lillywhite","0000-0001-6955-1984","8","313","11","I154425047","CA","6","False","True"
"A5100765992","Yogesh Kumar","0000-0002-8169-7481","11","470","78","I4210126423","IN","15","False","True"
"A5045868980","Federico Paredes-Vallés","0000-0002-9478-7195","12","601","32","I1304132090","TW","12","False","True"
"A5033408639","Sreyan Ghosh","0000-0003-3773-561X","9","272","92","I66946132","US","10","False","True"
"A5054050893","Phumudzo Lloyd Seabe","0000-0002-7538-2547","3","134","4","","","3","False","False"
"A5101995509","Chao Du","0009-0008-2893-5461","7","292","22","","","16","False","False"
"A5082763689","Ying Zhuge","0000-0003-2952-4302","31","4328","130","I1299303238","US","27","False","True"
"A5024012801","Adnan Qayyum","0000-0002-6732-7601","22","3001","107","I1323252656","PK","28","False","True"
"A5103098792","Nikhil Mehta","0000-0002-7277-8466","7","156","40","","","35","False","False"
"A5046971659","Davide Andreoletti","0000-0003-3790-9341","8","372","41","I15196421","CH","11","False","True"
"A5052870284","Zhou Chen","0000-0002-3018-8169","10","473","28","I183067930","CN","6","False","True"
"A5054033580","Ta‐Wei Tang","0000-0003-4151-5038","3","150","4","I16733864","TW","4","False","True"
"A5037784196","Max Hort","0000-0001-8684-5909","9","454","33","I2799829267","NO","6","False","True"
"A5074004189","Bilal Khan","0000-0002-9562-9922","22","1708","127","I134085113","SA","52","False","True"
"A5100607664","Hongyuan Zhang","0000-0003-4274-7332","22","1850","167","I142108993","CN","28","False","True"
"A5062363568","Abigail Enders","0000-0002-3747-5304","4","186","17","I1325736334","US","6","False","True"
"A5026626873","Javier L. Baylon","0000-0003-1802-8450","16","940","33","I157075465","DE","14","False","True"
"A5018508159","Alexandr Kuznetsov","0000-0003-2331-6326","28","2631","518","I167322064","IT","58","False","True"
"A2258809325","David R. Stirling","0000-0001-6802-4103","2","234","2","","","1","False","False"
"A5080589239","Jung Han Hwang","0000-0002-0872-0956","7","159","30","I12832649","KR","34","False","True"
"A5072436130","Yiqun Li","0000-0002-6399-129X","5","131","8","","","4","False","False"
"A5035233392","Pooja Mehta","0000-0002-3668-4577","4","330","23","I94616015","IN","14","False","True"
"A5032473728","Xuefeng Xian","0000-0002-0918-3128","6","180","47","I4210092223","CN","17","False","True"
"A5056230197","Yongbao Wu","0000-0001-7670-7393","26","1826","103","I76569877","CN","25","False","True"
"A5058062868","Rahma Atallah","","2","205","4","I114794399","EG","5","False","True"
"A5037295300","Nikos Tsiknakis","0000-0002-7581-467X","8","499","33","I28166907","SE","7","False","True"
"A5100380082","Chuan Zhang","0000-0002-7736-6487","36","8662","536","I125839683","CN","32","True","True"
"A5114091678","Mansoor Sheikh","","1","83","1","I83202590","KR","1","False","True"
"A5065828158","Yasuhiro Aoki","0000-0001-6513-4366","31","3155","131","I4210094747","JP","90","False","True"
"A5083747207","Mrutyunjaya Panda","0000-0001-5713-9220","21","1610","128","","","30","False","False"
"A5071824369","Fei Xiao","0000-0002-3789-6387","8","245","24","","","15","False","False"
"A5003456566","Muhammad Saleem","0000-0002-5209-8375","17","1241","37","","","14","False","False"
"A5100666525","Yi Wang","0000-0002-3549-2960","10","529","45","I20231570","CN","22","False","True"
"A5089545423","B. Kavitha","","6","247","28","I876193797","IN","17","False","True"
"A5006559883","Martin Magris","0000-0002-4237-2457","5","199","30","I187481652","MX","8","False","True"
"A5060736488","Christopher J. Urban","0000-0003-0768-767X","5","217","20","I17626003","US","30","False","True"
"A5020674786","Qimei Wang","","7","423","27","","","24","False","False"
"A5015196288","Mattie Salim","0000-0003-3239-1803","5","592","6","I28166907","SE","5","False","True"
"A5013379229","Xiaoming Zhaı","0000-0003-4519-1931","33","4433","162","I165733156","US","29","False","True"
"A5013532569","Alexei A. Kananenka","0000-0001-9422-7203","17","993","49","I86501945","US","13","False","True"
"A5058311554","Iván Sánchez Fernández","0000-0002-4313-002X","41","5305","161","I111088046","US","35","False","True"
"A5002413587","Jinhyuk Lee","0000-0003-4972-239X","25","8477","89","","","26","False","False"
"A5001729302","Jacqueline Schmitt","0000-0002-5780-702X","4","215","12","I170239107","AU","7","False","True"
"A5100567599","Pan Lu","0000-0002-2193-8415","22","1808","160","I4210137306","US","23","False","True"
"A5101810681","Meiying Qiao","0000-0001-9281-341X","8","841","39","","","31","False","False"
"A5044973834","Yannik Steiniger","0000-0002-9327-446X","7","159","15","I230604491","US","7","False","True"
"A5086587386","Adebowale Jeremy Adetayo","0000-0001-7869-5613","11","466","74","I2799835767","NG","8","False","True"
"A5010491131","Wessam M. Salama","0000-0002-1411-1970","11","530","34","","","9","False","False"
"A5075074073","Demetrios Vakratsas","0000-0001-8596-4578","14","2322","40","","","28","False","False"
"A5029377637","Shalini Garg","0000-0002-1729-1604","8","325","33","","","19","False","False"
"A5114281318","S. B. Egizbaeva","","1","34","1","","","1","False","False"
"A5100716399","Shikha Sharma","0000-0002-2710-8447","9","523","99","I3133021252","IN","23","False","True"
"A5100352368","Xin Liu","0009-0008-9325-1891","6","470","13","I30809798","CN","15","False","True"
"A5070953055","Md Kamrul Hasan Khan","0009-0004-9835-5594","4","115","18","","","12","False","False"
"A5047182302","Esther Rolf","0000-0001-5066-8656","10","2053","50","I188538660","US","25","False","True"
"A5112450702","Seema Yadav","","6","178","17","","","14","False","False"
"A5023800995","Prangon Das","0000-0002-6135-5732","14","769","32","","","6","False","False"
"A5012308900","Young Joo Yang","0000-0003-4524-0991","18","1266","62","I146824383","KR","26","False","True"
"A5020285418","Ross J. Burton","0000-0002-1516-7749","5","185","12","I1299209451","GB","6","False","True"
"A5024842057","Cheng‐Hsiung Lee","0000-0003-2782-4862","13","741","42","","","24","False","False"
"A5101595779","Xing Fang","0000-0001-8574-9149","17","1986","80","I154099455","CN","35","False","True"
"A5088420108","Silvia Cavedoni","0000-0002-2995-3855","10","488","27","I4210134201","IT","20","False","True"
"A5036740364","Belal A. M. Ashqar","","4","285","5","","","3","False","False"
"A5013117249","Yosoon Choi","0000-0001-9616-3725","40","4954","267","I28777354","KR","26","True","True"
"A5047903751","Biserka Petrovska","0000-0003-0024-2870","3","163","5","I4210111120","MK","4","False","True"
"A5048295582","Zicheng Liu","0000-0002-2342-2340","27","2792","256","I143868143","CN","32","False","True"
"A5109680833","V. Ajantha Devi","","6","124","25","I4210114849","IN","12","False","True"
"A5028303544","Nadeem Iqbal Kajla","0000-0001-8722-7790","4","45","8","I4210096473","PK","6","False","True"
"A5103860397","Chengqiang Lu","","12","684","36","","","33","False","False"
"A5101682909","Chaoyang Zhu","0000-0003-1790-3225","9","851","20","","","24","False","False"
"A2897081524","Kevin de Haan","0000-0002-2661-7231","2","50","4","","","1","False","False"
"A5061766375","Abolfazl Abdollahi","0000-0002-1704-4670","20","1591","34","I114017466","AU","10","False","True"
"A5079456672","Yu Takahashi","0000-0002-3066-9501","33","3458","313","I104946051","JP","60","False","True"
"A5038164962","Jacopo Panerati","0000-0003-2994-5422","15","1122","49","I185261750","CA","14","False","True"
"A5012055333","Mattis Wolf","0000-0003-3863-8467","3","119","5","I33256026","DE","4","False","True"
"A5045180104","Tae Keun Yoo","0000-0003-0890-8614","29","2907","102","I4210133638","KR","34","False","True"
"A5100325881","Fei Li","0000-0003-1816-1761","29","3922","184","I120379545","CN","22","False","True"
"A5070411906","Khizir Mahmud","0000-0002-9539-7033","23","2189","80","","","21","False","False"
"A5048732014","John S. Chorba","0000-0002-6397-6348","12","5619","31","I1295908608","US","22","False","True"
"A5014934557","Christian David D. Yu","","1","9","1","I137967721","PH","1","False","True"
"A5023222610","Philipp M. Pflüger","","9","682","14","I22465464","DE","6","False","True"
"A5100645670","Yang Li","0000-0003-2480-1972","17","1672","48","I165932596","SG","18","False","True"
"A5084680817","Shakila Basheer","0000-0001-9032-9560","20","1334","104","I106778892","SA","8","True","True"
"A5037364292","Waleed Albattah","0000-0003-0292-7304","20","1264","61","I156216236","SA","12","False","True"
"A5089409762","Jin Xie","0000-0001-6978-8834","36","4145","194","I146416000","US","26","False","True"
"A2170226434","Qiang Lai","0000-0002-7703-9793","5","268","7","","","1","False","False"
"A5028645925","Shiori Sagawa","","17","3577","29","I97018004","US","11","False","True"
"A5102850301","Shekar Shetty","0000-0002-6427-2035","8","241","26","","","34","False","False"
"A5022297382","David Bassir","0000-0002-5364-9992","22","1417","167","I1294671590","FR","27","False","True"
"A5005292451","Suleman Khan","0000-0003-1190-258X","27","2493","108","I143794436","PK","24","False","True"
"A5041130888","Zhang Leini","","1","19","1","I143413998","CN","1","False","True"
"A5072827553","Vittorio Bianco","0000-0003-1956-4976","38","3822","301","I4210091512","IT","15","True","True"
"A5102769483","Wenbo Wu","0000-0003-2251-2683","10","558","61","I4210111998","CN","27","False","True"
"A5036343089","Akmalbek Abdusalomov","0000-0001-5923-8695","27","2363","86","I12832649","KR","9","False","True"
"A5074821819","Meng Jiang","0000-0002-3009-519X","38","5645","272","I107639228","US","22","True","True"
"A5080335473","Abdul Karim","0000-0003-2190-7210","6","217","15","I146824383","KR","24","False","True"
"A5053397554","Avi Goldfarb","0000-0002-8919-5814","57","16243","264","I185261750","CA","24","True","True"
"A5086756529","R. Joshua Samuel Raj","0000-0003-4601-3256","11","764","46","I4210163634","IN","14","False","True"
"A5034551532","Jingyuan Zhao","0000-0002-6527-4294","31","3568","104","I119454577","CN","16","False","True"
"A5101900871","Ashit Kumar Dutta","0000-0001-8204-9534","1","93","1","I134359838","SA","1","False","True"
"A5100424092","Shuai Li","0000-0002-4298-5165","8","261","25","I4210151161","CN","14","False","True"
"A5053019785","Brian C. Murray","0000-0002-5200-6426","39","8659","189","I153718931","CA","41","False","True"
"A5109361800","Wenqian Lian","","2","66","4","","","6","False","False"
"A5082278780","Krishna Mridha","","13","572","40","I3132999081","IN","4","False","True"
"A5041189907","Shuo Feng","0000-0002-3848-2282","20","1872","71","I1328775524","CN","32","False","True"
"A5067060148","Md. Shohel Rana","0000-0001-6626-4189","10","721","48","I100633361","US","10","False","True"
"A5070603848","Sushopti Gawade","0000-0001-5630-0895","7","228","49","I169877490","IN","12","False","True"
"A5012088276","Ook Lee","","11","551","98","","","28","False","False"
"A5022678523","Leandro Parente","0000-0003-1589-0467","16","2828","314","I68106152","BR","26","True","True"
"A5035455680","Lucian Ungurean","0000-0002-9799-7390","5","538","6","I3122695212","RO","13","False","True"
"A5085212057","Nillmani","","4","219","5","I91357014","IN","3","False","True"
"A5048817284","Soha Hassoun","0000-0001-9477-2199","25","2271","150","I121934306","US","39","False","True"
"A5049703565","Pavel Sikora","0000-0001-5000-4470","6","141","27","I60587646","CZ","14","False","True"
"A5060337418","P C Muhammed Raees","","1","65","1","I3132238960","US","1","False","True"
"A5023430628","Supriya Mishra","","2","123","6","","","8","False","False"
"A5024733719","Muhammad Rizwan","0000-0002-4408-4934","30","3146","107","","","15","False","False"
"A5058931786","C.S. Anita","","5","91","24","I4387154816","","11","False","True"
"A5100740128","Jing Wang","0000-0002-3288-2111","28","2702","323","I110440473","CN","27","True","True"
"A5039746746","Sukriti Singh","0000-0003-2286-2974","17","1353","54","I241749","GB","15","False","True"
"A5068659286","Mohammed Raju Ahmed","","13","496","28","","","9","False","False"
"A5001022306","Krzysztof M. Graczyk","0000-0002-0038-6340","20","1665","87","I219388962","PL","25","False","True"
"A5103914133","Rutuja Shinde","","3","121","16","","","9","False","False"
"A5078816526","Kourosh Hakhamaneshi","0000-0001-7922-2666","6","88","17","","","6","False","False"
"A5018288997","Xiaojun Luo","0000-0003-4754-9650","27","2000","79","I178535277","GB","38","False","True"
"A5075926177","Peter Drotár","0000-0002-6634-4696","20","2034","80","I183764125","SK","18","False","True"
"A5092636296","Farhan Aslam","0009-0003-1464-9564","5","111","10","I276309446","US","3","False","True"
"A5038410086","Hareem Kibriya","","10","500","20","I899713450","PK","5","False","True"
"A5100363332","Xuhan Guo","0000-0002-4891-0201","23","1839","111","I183067930","CN","25","False","True"
"A5055458949","Luca Zulberti","0000-0001-9599-2652","6","162","24","I108290504","IT","5","False","True"
"A5068550413","Kit Yan Chan","0000-0003-4949-7647","31","3406","201","I205640436","AU","24","False","True"
"A5010956754","Isla Duporge","0000-0001-8463-2459","8","372","25","I20089843","US","10","False","True"
"A5008286525","Wanneng Shu","0000-0002-8589-2241","17","1142","64","I145897649","CN","20","False","True"
"A5046908030","Prasanta Kumar Dey","0000-0002-9984-5374","60","13699","310","I169199633","GB","35","False","True"
"A5101660251","Ruixiang Tang","0000-0001-6476-2336","13","1213","71","I24201400","CN","16","False","True"
"A5051716562","Minxing Si","0000-0002-5972-1254","7","325","16","I168635309","CA","14","False","True"
"A5101827340","Wenhai Wang","0000-0002-2418-3134","34","16154","98","I177725633","HK","32","False","True"
"A5041402306","Sanghee Moon","0000-0003-3931-1458","11","498","37","I179093154","US","9","False","True"
"A2982443699","Yizhak Yisrael Elboher","0000-0003-2309-3505","0","0","1","","","1","False","False"
"A5101566542","Guozhen Chen","0000-0002-2806-6672","2","104","9","I4210121771","CN","26","False","True"
"A5078465097","Konstantina Spanaki","0000-0001-6332-1731","23","3827","67","I161463649","FR","13","False","True"
"A5061497511","Zhuotong Li","0000-0001-5182-0453","8","206","27","","","37","False","False"
"A5078258316","Mostafa M. Amin","0000-0002-3175-2817","4","231","10","I179225836","DE","2","False","True"
"A5061528283","Deng Cai","0000-0003-3444-8383","35","8688","137","","","24","False","False"
"A5051164485","Arash Moradzadeh","0000-0002-2557-1307","24","1733","58","I41832843","IR","14","False","True"
"A5042226493","Sohrab Mokhtari","0000-0001-9363-1706","9","617","15","I19700959","US","11","False","True"
"A5042821788","Milan Groshev","0000-0002-8035-7389","8","363","44","I50357001","ES","10","False","True"
"A5078332129","Zufan Zhang","0000-0001-5315-2065","25","2405","143","I10535382","CN","23","False","True"
"A5023300851","Eric Crawford","","16","1207","36","I1323843004","CA","18","False","True"
"A5052255034","Antonia Russo","0000-0002-3038-8574","10","247","22","I59725666","IT","7","False","True"
"A5047043390","Muhammad Mujahid","0009-0005-5751-5528","11","792","46","I142024983","SA","6","False","True"
"A5046951980","Justin M. Berg","0000-0002-3381-6925","17","3706","44","I27837315","US","19","False","True"
"A5021506332","Dinesh Kumar","0000-0003-1992-1398","15","668","65","","","18","False","False"
"A5060490702","Tomasz Wierciński","0000-0002-5191-0261","2","30","5","I169333911","PL","22","False","True"
"A5046394703","Ivana Nikoloska","0000-0002-0100-9344","6","253","39","I83019370","NL","11","False","True"
"A5064180238","Arjun Panesar","0000-0001-7050-9038","9","532","56","I4210127762","GB","7","False","True"
"A5001874645","Zhiwei Xue","0000-0001-7111-4388","15","609","54","I102208913","CN","25","False","True"
"A5100617668","Qiwei Wang","0000-0001-5476-8873","9","429","27","","","13","False","False"
"A5090599325","Anca Antoaneta Vărzaru","0000-0001-6045-204X","17","888","67","I97553796","RO","16","False","True"
"A5100337209","Min Chen","0000-0002-0960-4447","102","47393","1501","I1318643470","HK","35","True","True"
"A5060275151","Sepideh Tavakkoli Piralilou","","11","1033","13","I161878677","AT","7","False","True"
"A5101667532","Fatma Gizem Karaoğlan Yılmaz","0000-0003-4963-8083","29","2849","144","I254571519","TR","12","True","True"
"A5101568462","Hyunil Kim","0000-0002-4018-4540","12","552","51","I152238500","KR","34","False","True"
"A5038560159","Umm-e-Hani Tayyab","","2","78","4","I134276161","PK","3","False","True"
"A5040645637","Stefania Fresca","0000-0001-8599-6588","14","698","50","I93860229","IT","9","False","True"
"A5027472030","Mamoona Humayun","0000-0001-6339-2257","43","6665","242","I877107187","GB","20","True","True"
"A5047393365","Kriti Gandhi","","5","652","12","","","13","False","False"
"A5073756883","Judith Leyh","0000-0002-6010-1917","5","311","6","I926574661","DE","8","False","True"
"A5024395821","Mark Austin","0000-0001-8259-4794","18","1135","130","I124261462","GB","47","False","True"
"A5031882165","Yijie Lu","0000-0002-0192-5270","30","3004","150","I24943067","CN","30","False","True"
"A5025711483","Kyungwoo Song","0000-0003-0082-4280","13","510","92","I124633538","KR","24","False","True"
"A5083404607","Cuiping Shi","0000-0001-5877-1762","25","1989","124","I3018263800","CN","21","False","True"
"A5091224775","Barakat AlBadani","0000-0001-7931-7665","3","164","5","I139660479","CN","4","False","True"
"A5000933827","Andreas G. F. Hoepner","0000-0002-4311-2403","29","3679","192","I100930933","IE","19","True","True"
"A5057342801","Laura Illia","0000-0003-4908-165X","15","1288","69","I154338468","CH","23","False","True"
"A2163356891","Zachary E Ross","0000-0002-6343-8400","6","382","8","","","1","False","False"
"A5056909844","Tran Van Phong","0000-0002-2982-8309","33","3925","69","","","17","False","False"
"A5046744673","Qing Zhu","0000-0002-0485-4965","33","4477","284","I37796252","CN","31","False","True"
"A5100391494","Dong Wang","0000-0002-6992-7950","24","2393","204","I27357992","CN","23","False","True"
"A5019615617","Indro Spinelli","0000-0003-1963-3548","6","1383","35","I861853513","IT","6","False","True"
"A5101577161","Yunfei Shi","","15","1867","30","I20231570","CN","23","False","True"
"A5048675276","Kai Hu","0000-0001-7181-9935","32","3814","397","I111599522","CN","37","True","True"
"A5066382090","Ana Beduschi","0000-0002-8037-5384","10","690","32","","","16","False","False"
"A2338722230","Sebastian Goldt","0000-0002-5799-7644","1","7","3","","","1","False","False"
"A5071459290","Anneke G. van der Niet","0000-0003-0883-8636","8","509","22","","","15","False","False"
"A5059374040","Xiaoshuang Ma","0000-0003-1354-8035","18","1332","56","I143868143","CN","13","False","True"
"A5028286581","Srigiri Krishnapriya","","3","122","4","I876193797","IN","2","False","True"
"A5071294454","Khairul Munadi","0000-0002-7507-9476","20","1869","145","","","30","False","False"
"A2790365210","Francesco Tacchino","0000-0003-2008-5956","8","427","8","","","1","False","False"
"A5019962170","Ali Jasem Buabbas","0000-0002-2980-4956","15","518","29","","","21","False","False"
"A5022699394","Francis Yongwa Dtissibe","0000-0002-5632-7112","2","118","4","","","6","False","False"
"A5010283810","Ioannis G. Tsoulos","0000-0002-2343-2733","21","1809","163","I194019607","GR","26","False","True"
"A5071479866","Jihoon Oh","0000-0003-1114-976X","15","946","43","I74801974","JP","14","False","True"
"A5101313971","Mingxia Yang","","2","26","5","I4210123686","CN","12","False","True"
"A5018341980","Jibin Wu","0000-0003-0135-4188","20","1519","141","I115592961","CN","32","False","True"
"A5018870567","Alban Farchi","0000-0002-4162-8289","11","753","77","I4210130371","FR","11","False","True"
"A5084650020","Ali A. Guenduez","0000-0001-7208-9305","11","535","41","I202963720","CH","12","False","True"
"A5009387671","Yafei Wu","0000-0003-3937-0263","21","1301","120","I14243506","HK","23","False","True"
"A5021120955","Jong Hyun Jhee","0000-0002-1255-1323","25","2222","157","I154526488","FR","11","True","True"
"A5036428356","Pengyong Li","0000-0001-5971-046X","13","752","36","I149594827","CN","8","False","True"
"A5020638178","Zhiyang Zheng","0000-0002-1987-4627","2","118","10","I130701444","US","6","False","True"
"A5073799589","Ming Zhong","0000-0002-9132-3782","19","1257","146","I135237710","CN","31","False","True"
"A5076694614","Marco Sozzi","0000-0001-8941-1903","16","1074","84","I138689650","IT","31","False","True"
"A5036023440","Edoardo Nemni","0000-0002-0166-4613","3","237","13","I115602675","CH","3","False","True"
"A5079599346","Kliment Olechnovič","0000-0003-4918-9505","19","1451","51","I106785703","FR","16","False","True"
"A5055726807","Binay Kumar Pandey","0000-0002-4041-1213","63","9347","200","I116943215","IN","15","True","True"
"A5012111291","Omar N. Elayan","","4","143","7","I156983542","JO","4","False","True"
"A5054938608","Oliver Maaßen","0000-0002-0437-9295","5","475","11","I4210128934","DE","7","False","True"
"A5078701712","Andrew J. Sweatt","0000-0002-0952-5319","26","2919","101","I97018004","US","39","False","True"
"A5070327620","Jon Truby","0000-0002-9184-7033","13","1295","80","I165932596","SG","16","False","True"
"A5035782187","Iuliana Tabian","","2","167","4","I47508984","GB","4","False","True"
"A5058883368","Kemal Polat","0000-0003-1840-9958","54","11114","310","I76973811","TR","22","True","True"
"A5085763832","Mohammad Shahjahan Majib","0000-0003-0653-7338","5","291","8","","","6","False","False"
"A5077537139","James Finnie-Ansley","0000-0002-4279-6284","8","1116","12","I154130895","NZ","4","False","True"
"A5009619140","Behnam Nikparvar","0000-0002-7828-9356","4","206","9","I130769515","US","7","False","True"
"A2125832681","Zemin Liu","0000-0001-6262-9435","1","1","9","","","1","False","False"
"A5024674420","Xuemei Wei","0000-0001-6708-3152","3","50","5","I78675632","CN","4","False","True"
"A4309712660","John E. Vargas-Munoz","0000-0001-7483-8963","6","448","6","","","1","False","False"
"A5054254768","Mihály Váradi","0000-0002-3687-0839","31","20993","111","I1303153112","GB","23","False","True"
"A5083300528","Weidong Xie","0000-0003-1930-4509","13","545","82","I27781120","CN","21","False","True"
"A5062953629","Zihan Wu","0000-0002-7953-3496","2","206","11","I71001175","US","4","False","True"
"A5043715661","Tahir Alyas","0000-0003-0938-3127","20","1147","71","I4210105419","PK","12","False","True"
"A5101820248","Liang Lv","0000-0001-6388-4147","3","168","5","I3124059619","CN","4","False","True"
"A5004481021","Mohammad Hosseini","0000-0002-2385-985X","21","1664","117","I111979921","US","44","False","True"
"A5100341934","Dongliang Xu","0000-0002-6908-253X","6","333","61","I183067930","CN","37","False","True"
"A5004621280","Mohammed Alzahrani","0000-0002-9715-385X","4","51","5","I31746571","AU","8","False","True"
"A5069310526","Jonas Landman","0000-0002-2039-5308","8","463","24","I98677209","GB","7","False","True"
"A5030696048","Camille L. Bilodeau","0000-0002-8358-5280","12","711","33","I51556381","US","7","False","True"
"A5028403350","Ciro Mennella","0000-0003-0419-7181","5","549","12","I3005160176","IT","5","False","True"
"A5101661350","Zhihui Hu","0000-0002-6572-7986","12","576","42","I76130692","CN","20","False","True"
"A2378886600","Ulysse Côté Allard","0000-0003-3241-8404","2","204","2","","","1","False","False"
"A5063173228","Ghadah Naif Alwakid","0000-0002-2708-2064","11","548","58","I199702508","SA","9","False","True"
"A5069245621","Bo Zhao","0000-0002-7834-6672","19","3235","96","I201448701","US","26","False","True"
"A5100319320","Eunji Kim","0000-0003-4857-521X","25","2930","142","I139264467","KR","18","False","True"
"A5037487871","Albert De Vries","0000-0003-4511-0388","32","3861","194","I33213144","US","70","False","True"
"A5042061512","Jun-Hong Park","0000-0003-4815-5637","2","120","2","I35886859","KR","2","False","True"
"A5101788718","Zhao Shi","0000-0002-9427-9609","13","815","64","I122411786","US","22","False","True"
"A5032359709","Yunzhuo Zhou","0000-0003-3827-8916","5","282","10","","","5","False","False"
"A5053225013","Kyle T. Peterson","0000-0003-4040-5160","9","1900","11","I150569930","US","9","False","True"
"A5078244351","Haorui Zhu","0000-0001-5998-0910","1","17","1","I125839683","CN","1","False","True"
"A5015752410","Agamemnon Krasoulis","0000-0002-0468-0627","14","771","38","","","11","False","False"
"A5021329144","Shunning Li","0000-0002-5381-6025","41","7324","143","I111483173","US","12","True","True"
"A5101988438","Jiaqi Yan","0000-0003-2054-8033","15","766","77","I82880672","CN","11","False","True"
"A5086542384","Hadi Salman","0000-0002-4381-6021","19","1168","55","I78715868","US","14","False","True"
"A5019937215","Tania B. López-García","0000-0003-4296-7888","5","202","13","","","9","False","False"
"A5087940705","Elena Wood","0000-0003-1231-8473","8","398","42","I25041050","US","54","False","True"
"A5031098811","Cheng Jin","0000-0001-5269-5375","15","1429","48","I183067930","CN","23","False","True"
"A2903149283","Kai Fukami","0000-0002-1381-7322","2","323","4","","","1","False","False"
"A5084096569","Dina Abdelhafiz","0000-0003-3195-6577","5","374","8","I4210101365","EG","6","False","True"
"A5010314120","Liubov Skavronskaya","0000-0001-5216-3395","10","933","29","","","9","False","False"
"A5074071197","Xinkai Song","0000-0003-3458-1555","6","136","25","I19820366","CN","9","False","True"
"A5034462680","Zhantao Chen","0000-0003-1954-3868","8","323","30","I2801935854","US","17","False","True"
"A5063750580","Bahareh Nakisa","0000-0003-2211-2997","15","1481","56","","","12","False","False"
"A5018474596","Dilong Li","0000-0002-5826-5568","18","963","45","I119045251","CN","11","False","True"
"A5085887146","Ali Mohammad Saghiri","0000-0003-0797-314X","21","1322","96","I127328727","US","19","False","True"
"A2264012620","Catherine Biscarat","","0","0","3","","","1","False","False"
"A5002822354","Stuart W. Hall","","2","57","3","","","5","False","False"
"A5029446058","Alexandre Boutet","0000-0001-6942-5195","34","5142","197","I1325899441","CA","21","False","True"
"A5020988053","Fabien Geyer","0000-0002-6522-4385","16","833","70","","","19","False","False"
"A5063605405","Pouria Sadeghi‐Tehran","0000-0003-0352-227X","15","1427","34","I89199228","CH","15","False","True"
"A5088695626","Ganquan Mao","0000-0002-6301-996X","22","1514","51","","","17","False","False"
"A5016891961","Raya Alshammri","","1","113","1","I156216236","SA","1","False","True"
"A5030379300","Emily Aiken","0000-0003-4374-3536","8","336","25","","","20","False","False"
"A5100432583","Ming Wang","0000-0003-0976-9871","50","9457","242","I172675005","SG","39","False","True"
"A5047563763","Deepti Saraswat","0000-0001-7966-398X","11","812","23","I165831266","IN","5","False","True"
"A5023922772","Puneet Thapar","0000-0002-7951-6899","5","150","25","I110360157","IN","13","False","True"
"A5026669505","Yanting Wu","0000-0002-2293-1792","32","4259","208","I1302978242","GB","31","False","True"
"A5090648317","Nadia Brancati","0000-0001-9061-1187","17","1273","52","","","18","False","False"
"A5065749439","Tetsuya Akutagawa","","4","123","5","I98285908","JP","3","False","True"
"A5051569122","Jonas Rauber","0000-0001-6795-9441","16","3574","24","I4210135521","DE","6","False","True"
"A5050743199","Ziyuan Zhao","0000-0002-4403-825X","11","494","53","I115228651","SG","9","False","True"
"A5029142502","Ahmet Arac","","13","2126","35","","","16","False","False"
"A5084486465","Jwan Najeeb Saeed","0000-0001-7829-3139","13","1226","18","","","6","False","False"
"A5068743986","Ali Borji","0000-0001-8198-0335","46","14158","194","","","19","True","False"
"A5100659086","Jing Wei","0000-0002-8803-7056","58","14972","697","I108688024","CN","38","True","True"
"A2622230384","Shitong Mao","0000-0002-5122-7497","3","94","14","","","1","True","False"
"A5021997733","Yi‐Chen Lu","0000-0003-1481-9167","14","868","55","I4210127875","US","31","False","True"
"A5083785964","Jie Xie","0000-0002-4710-4275","6","409","35","I3923682","CN","16","False","True"
"A5101468661","Lei Ma","0000-0002-8621-2420","42","6629","254","I154425047","CA","21","True","True"
"A5020517877","Xing Yan","0000-0001-9327-5756","37","5186","235","I162930524","CN","33","False","True"
"A5100349415","Cheng Cheng","0000-0002-9053-0237","43","7705","349","I185940356","TW","38","False","True"
"A5004105552","B.L. Sharma","0000-0002-4834-3577","7","509","47","","","47","False","False"
"A5101552556","Zijian Zhou","0000-0003-1382-6293","15","741","60","I2802534033","CN","24","False","True"
"A5034604688","Jorge Peña Queralta","0000-0003-3091-3217","27","2404","127","","","12","True","False"
"A2465159399","Jiaming Shen","0000-0002-0467-4956","1","11","6","","","1","False","False"
"A5072642727","Usha Kosarkar","0009-0003-8883-2820","6","301","9","","","4","False","False"
"A5074522311","Teeratorn Kadeethum","0000-0002-6815-9179","16","703","115","I4210104735","US","9","True","True"
"A5054217723","Bob L. Sturm","0000-0003-2549-6367","25","2610","174","I86987016","SE","65","False","True"
"A5076594088","Diego Gómez","0000-0002-2812-5716","13","690","41","I2800387288","BE","23","False","True"
"A5058191357","S. Shriram","","3","179","13","","","7","False","False"
"A5058450118","Sauptik Dhar","0000-0002-3555-5466","8","372","29","","","14","False","False"
"A5001551147","Ahlam Al-Dhamari","0000-0001-7595-4632","8","199","16","I158949172","MY","10","False","True"
"A5044953885","Maksim Zhdanov","","1","17","12","","","4","False","False"
"A5017996057","Neng Ye","0000-0002-6605-826X","23","2281","185","I125839683","CN","34","False","True"
"A5000765998","Jichuan Yan","","4","290","7","I153473198","CN","3","False","True"
"A5013210652","Mohammad Ennab","0000-0001-7117-6271","4","134","7","I104914703","CA","6","False","True"
"A5011543714","Václav Snåšel","0000-0002-9600-8319","48","11824","998","I142208455","CZ","32","True","True"
"A5086956524","Melanie Mitchell","0000-0001-8881-3505","47","19978","207","I1308548392","US","163","False","True"
"A5024147005","Vinay Kukreja","0000-0002-9760-0824","58","9489","780","I74319210","IN","55","True","True"
"A5056425289","Ravi Seethamraju","0000-0002-1419-3806","16","1296","67","","","30","False","False"
"A5037544057","Vicent Sanz Marco","","9","467","20","I73613424","JP","8","False","True"
"A5089572328","Paras Bhatt","0000-0001-8225-7157","6","207","33","I4210118524","FR","32","False","True"
"A5073043826","Amirali Vahid","0000-0003-2554-6029","8","481","19","I97018004","US","10","False","True"
"A5088073141","Dapeng Yang","0000-0003-2884-3854","23","2381","165","I204983213","CN","38","False","True"
"A5100386343","Lu Li","0000-0003-0465-2340","16","982","119","I150229711","CN","24","False","True"
"A5043541546","Hamed Taheri Gorji","","13","582","35","I24571045","US","13","False","True"
"A5045006082","Syed Sadaf Ali","0000-0002-0198-8319","15","537","40","I176601375","AE","16","False","True"
"A5088195455","Hidehisa Nishi","0000-0003-1763-2517","13","618","74","I34077901","JP","61","False","True"
"A5030328094","Yunchao Xie","0000-0001-6216-1211","29","2714","71","","","14","False","False"
"A5100610986","Tianhao Wang","0000-0002-9017-7947","26","2687","191","I157773358","CN","17","True","True"
"A5070357957","Yibin Jiang","0000-0002-9766-5679","7","308","35","I191208505","CN","24","False","True"
"A5100404234","Zihao Zhang","0000-0001-5106-2656","45","6807","315","I126520041","CN","16","True","True"
"A5008826156","S. Rama Krishna","0000-0002-9094-7542","7","223","50","I101407740","IN","18","False","True"
"A5066032718","Hiral Thadeshwar","","1","46","1","","","1","False","False"
"A5100760494","Roberto Castello","0000-0002-8242-6659","10","493","32","","","47","False","False"
"A5027610555","Hui Wen Loh","0000-0003-3114-6523","18","1896","26","I165932596","SG","4","False","True"
"A5028970783","Zheyong Fan","0000-0002-2253-8210","36","4614","217","I4401726770","","33","False","True"
"A5015307854","Rajkumar Murugesan","0000-0001-9384-2167","1","36","4","","","6","False","False"
"A5003635459","P. Lavanya","","2","102","7","I43814544","IN","5","False","True"
"A5049269026","Huaming Wu","0000-0002-4761-9973","38","6519","258","I162868743","CN","30","False","True"
"A5100324666","Xiaoyan Liu","0009-0000-9607-0510","10","558","26","I167027274","CN","28","False","True"
"A5001896938","Aniya Aggarwal","0000-0001-8883-0030","3","195","10","","","9","False","False"
"A2890500072","Yashar Kiarashinejad","","2","186","2","","","1","False","False"
"A5085342510","Florenc Demrozi","0000-0002-5422-9826","11","662","48","I92008406","NO","10","False","True"
"A5067193405","Elizabeth Morrow","0000-0003-0649-629X","17","1560","68","I142762351","IE","29","False","True"
"A5044287222","Surendra Solanki","0000-0002-5067-7621","4","124","20","I164861460","IN","9","False","True"
"A5082737444","Kevin Yang","0000-0002-8569-4579","9","397","23","I27837315","US","53","False","True"
"A5051408621","Qiang Zuo","0000-0003-2305-5293","3","222","5","","","26","False","False"
"A5100667147","Da Li","0000-0002-5507-5267","15","1151","103","I19820366","CN","27","False","True"
"A5027652422","Guy Revach","0000-0002-1549-0298","12","724","47","I174306211","IL","5","False","True"
"A5102798717","Ting Gong","","3","157","7","I1343180700","US","15","False","True"
"A5104507542","Yuna Shin","","7","301","35","I64946176","KR","19","False","True"
"A5083515150","Hussain Alibrahim","","3","343","7","I53218197","BH","5","False","True"
"A5085489082","Ali Raza","0000-0001-5429-9835","19","1265","84","I142204992","PK","19","False","True"
"A5020413501","Huixiang Liu","0000-0003-3953-0335","29","3196","173","I2802615301","CN","29","False","True"
"A5073756397","Averill Campion","","4","375","7","I2802999702","CA","3","False","True"
"A5071071540","Eduardo Santamaría-Vázquez","0000-0002-7688-4258","13","725","46","I108103353","ES","9","False","True"
"A5043837835","Aleš Procházka","0000-0002-0270-1738","27","2548","164","I44504214","CZ","41","False","True"
"A5001326742","Sucheta Chauhan","","5","549","8","","","9","False","False"
"A5101957257","Alexandre Nascimento","0000-0003-3874-8105","3","184","15","I4210153989","BR","17","False","True"
"A5046553738","Carmen Esposito","0000-0003-3232-271X","7","311","16","I4210142740","IT","34","False","True"
"A2025004176","Nathan Brown","0000-0001-5072-0194","1","1","34","","","1","True","False"
"A5018620020","Thomas Christensen","0000-0002-9131-2717","26","2565","151","I96673099","DK","80","False","True"
"A5101815395","Xuan Zhang","0009-0001-9856-1812","19","1103","90","I117532281","CN","25","False","True"
"A5002383822","Tuan Anh Tang","","5","1278","5","I130828816","GB","5","False","True"
"A5057798904","J. Martijn Bos","0000-0002-3635-2003","54","11598","344","I1330342723","US","69","False","True"
"A5092221544","Hamidov Abdusattar Turganov Otabek Karimov Ilhomjon","","1","66","1","I160547875","UZ","1","False","True"
"A5014512215","Parth Solanki","0009-0003-9862-8022","4","108","20","","","10","False","False"
"A5090522574","Yan Tang","0000-0001-6476-8228","7","240","22","I162868743","CN","13","False","True"
"A1980208355","Patrick Gage Kelley","0000-0003-4405-0010","1","90","32","","","1","True","False"
"A5002084376","Yinjie Jiang","","9","256","16","I139660479","CN","13","False","True"
"A5100410890","Jianwei Li","0000-0002-5005-9305","13","2116","61","I145897649","CN","20","False","True"
"A5097708626","Suleiman","","1","70","1","I158749337","JO","1","False","True"
"A5074396927","Arjun Punjabi","0000-0003-2770-3112","5","101","8","","","6","False","False"
"A5074138154","H.-Y. Huang","0000-0002-0338-0331","4","775","7","I4210093734","TW","17","False","True"
"A5084984675","Philippe Aghion","0000-0002-9019-1677","118","77303","689","","","41","True","False"
"A5043145067","Veronika Arefieva","0000-0002-5043-5841","2","149","3","I121883995","AT","3","False","True"
"A5046127676","Michaël Meyer","0000-0001-5824-329X","10","763","26","","","69","False","False"
"A5027344464","Zhaohua Huang","0000-0002-5963-0088","19","1422","65","I16609230","CN","32","False","True"
"A5100688624","Yuhui Li","0000-0003-3375-0273","7","232","59","I16609230","CN","24","False","True"
"A5100728098","Jungwon Kim","0000-0002-0087-7633","15","1008","157","","","36","False","False"
"A5058593947","MAhmad Qasim Mohammad AlHamad","","1","258","1","I29891158","AE","1","False","True"
"A5077907706","Hsiang-Chun Dong","0000-0003-3642-3251","1","72","5","I68171755","TW","9","False","True"
"A5072259078","V. Plevris","","1","165","2","I60342839","QA","1","False","True"
"A5079521212","Nelson R. C. Monteiro","0000-0002-2147-7321","8","288","12","","","7","False","False"
"A5040958088","Eui Jin Hwang","0000-0002-3697-5542","30","3672","115","I139264467","KR","28","False","True"
"A5068828491","Yizhang Jiang","0000-0002-4558-9803","29","3049","141","I111599522","CN","22","False","True"
"A5100747798","Taeyong Kim","0000-0001-8464-8231","15","1082","69","I4921948","KR","30","False","True"
"A5102743714","Hanlong Chen","0000-0002-3020-3357","6","293","41","I142207940","US","5","False","True"
"A5101727067","Hao Zhang","0000-0002-4643-5152","16","975","101","I177955009","CN","27","False","True"
"A5082418673","Edward C. Malthouse","0000-0001-7077-0172","48","11099","220","I111979921","US","37","False","True"
"A5057118376","Hongyu Yang","0000-0002-6955-2503","25","2933","203","I20231570","CN","24","False","True"
"A5061535579","José A. Quesada","0000-0002-6947-7531","28","3349","174","I111262870","ES","47","False","True"
"A1975470968","Anders Andreassen","0000-0003-3504-3919","0","0","1","","","1","False","False"
"A5049452519","Chengliang Wang","0000-0003-2208-3508","20","1182","70","I66867065","CN","21","False","True"
"A5080042585","Siti Zulaikha","0000-0002-3274-3138","7","369","162","I205133468","ID","33","False","True"
"A5038269568","Dan Dai","0000-0002-4115-6234","4","105","10","I4387156274","","16","False","True"
"A5100355025","Pengfei Liu","0009-0008-6932-7091","33","5869","181","I142078773","CN","22","False","True"
"A5047473656","Stavros Georgousis","0000-0002-6628-2675","2","71","2","I39586589","GB","6","False","True"
"A5061254293","Faezehsadat Shahidi","0000-0001-5745-4300","4","172","14","I168635309","CA","6","False","True"
"A5101816613","Sandra Leaton Gray","0000-0001-9198-8269","11","457","83","","","22","False","False"
"A5075841650","Colin van Noordt","0000-0003-3834-5998","10","688","23","","","7","False","False"
"A5053189435","Haoran Ren","0000-0002-2885-875X","29","5762","122","I2801239119","AU","25","False","True"
"A5057697626","Youcef Djenouri","0000-0003-0135-7450","37","4447","188","I2801380234","NO","14","True","True"
"A5038621281","Mukhtorov Doniyorjon","0000-0001-7665-9432","2","81","4","I12832649","KR","3","False","True"
"A5113880219","Tatiana Gabruseva","","4","565","7","","","3","False","False"
"A5101805229","Xing Ai","0000-0003-4320-2203","30","2742","257","","","31","False","False"
"A5048991827","Loveleen Gaur","0000-0002-0885-1550","27","2951","177","","","12","True","False"
"A5059945632","Ričards Marcinkevičs","0000-0001-8901-5062","9","451","32","I35440088","CH","9","False","True"
"A5018942914","Arun James Thirunavukarasu","0000-0001-8968-4768","15","3463","68","I241749","GB","6","True","True"
"A5100413075","Zihao Wang","0000-0001-6953-0470","33","3540","222","I143593769","CN","23","False","True"
"A5081505126","Yaning Yi","0000-0002-2653-8920","13","969","31","I4210098880","CN","25","False","True"
"A5031643007","Zil e Huma","0000-0003-0500-1566","9","720","13","","","7","False","False"
"A5100780553","Yuzhe Wang","0000-0003-0588-897X","8","295","64","I126520041","CN","18","False","True"
"A5056394167","Yuehaw Khoo","0000-0002-8472-8984","11","735","81","I40347166","US","14","False","True"
"A5092255215","Javier García-Sigüenza","0000-0002-4456-4348","2","22","5","","","3","False","False"
"A2137542225","Rongrong Liu","0000-0001-5968-1144","4","324","17","","","1","True","False"
"A5088492029","Mubariz Manzoor","","1","82","1","I4210102737","PK","1","False","True"
"A5088582446","Zhiguan Huang","0000-0002-2057-7021","14","722","47","I3130633384","CN","28","False","True"
"A5018824735","Xiaoqiang Lu","0000-0002-7037-5188","58","11462","284","I204710742","CN","17","True","True"
"A5076886940","Xiaozhong Li","0000-0002-2911-7814","25","2317","199","I3923682","CN","41","False","True"
"A5034003727","Vaishali Bhatia","","3","145","5","","","4","False","False"
"A5101766813","Hongwei Zhao","0000-0002-7088-8848","17","958","107","I149137203","CN","28","False","True"
"A5064149229","Wei Zhao","0000-0002-8520-2087","38","7994","231","I139660479","CN","27","False","True"
"A5024039557","Tyler Bradshaw","0000-0001-9549-7002","22","2113","100","I135310074","US","16","False","True"
"A5055534019","Charlene Ong","0000-0003-2377-3025","17","1081","75","I111088046","US","21","False","True"
"A5064795333","Chun‐Teh Lee","0000-0001-7812-5637","24","2023","82","I919571938","US","42","False","True"
"A5052064725","Justin Sirignano","0000-0001-6167-8710","5","429","19","I40120149","GB","16","False","True"
"A5057698526","Benjamin Chin‐Yee","0000-0003-0737-3603","16","974","106","I125749732","CA","16","False","True"
"A5017508944","Domen Kavran","","3","32","8","I37696226","SI","15","False","True"
"A5071158719","Matthew Wilson","0000-0002-7953-9679","11","888","40","I1629065","US","38","False","True"
"A5029242574","Zeinab Shahbazi","0000-0003-1520-1799","19","1158","50","I193278943","SE","15","False","True"
"A5045326253","Viera Krešňáková","0000-0002-0451-2279","10","424","29","I183764125","SK","9","False","True"
"A5100610967","Muhammad Shahbaz","0000-0003-2391-6997","32","3634","151","I126596746","PL","22","False","True"
"A5016475110","Timea Bezdan","0000-0001-6938-6974","31","2712","64","I170253739","RS","7","False","True"
"A5042383209","B. Vikram Deep","","2","91","4","I16292982","IN","6","False","True"
"A5017539163","Abdallah R. Gad","0000-0002-5551-7985","2","317","2","I154632036","EG","2","False","True"
"A5033969009","Takowa Rahman","","4","205","5","I102782458","BD","4","False","True"
"A5112775805","Matthew N. O. Sadiku","0000-0003-0209-4197","32","6338","685","","","41","True","False"
"A5012193584","Shaik Basheera","0000-0001-7815-5203","4","288","17","","","15","False","False"
"A5038876302","Guoqian Jiang","0000-0002-1813-8249","23","2779","71","I39333907","CN","14","False","True"
"A5015008538","Kritsasith Warin","0000-0003-1103-1411","7","534","26","I108108428","TH","5","False","True"
"A5006955528","Mohammad Zawad Ali","","8","673","14","I130438778","CA","9","False","True"
"A5011042925","Xiaoyan Lu","0000-0002-9026-8195","19","1498","68","I4210160821","CN","25","False","True"
"A5045742925","Maksim Kulichenko","0000-0002-6194-3008","17","842","49","I1343871089","US","61","False","True"
"A5071860390","Gregory Holste","0000-0002-5657-3081","12","463","46","I32971472","US","6","False","True"
"A5062442180","Aldebaro Klautau","0000-0001-7773-2080","21","3291","269","I59606676","BR","27","False","True"
"A5035503968","Mariana Clare","0000-0002-5010-0363","10","419","60","I154986956","GB","8","False","True"
"A5031049893","Corneliu Arsene","0000-0001-5982-0503","9","394","69","I28407311","GB","24","False","True"
"A5020540821","Zhenyi Wang","","3","58","7","I74872605","CN","23","False","True"
"A5065992201","Francesco De Logu","0000-0001-8360-6929","33","3264","119","I45084792","IT","12","False","True"
"A5058394307","Seungjun Nah","0000-0003-3971-9402","16","5543","37","","","11","False","False"
"A5100631528","Yutong Wang","0000-0002-5819-3787","23","1810","150","I119454577","CN","25","False","True"
"A5030372642","George N. Ioannou","0000-0003-1796-8977","69","17466","370","I201448701","US","53","False","True"
"A5038354395","Amgad Muneer","0000-0002-7157-3020","29","2807","95","I1343551460","US","17","False","True"
"A5010010875","Vaibhav Bihani","0000-0002-9862-1977","4","49","16","","","3","False","False"
"A5055375837","Minhaz Uddin Emon","","7","370","8","I200606013","BD","2","False","True"
"A5044048985","Taro Suzuki","0000-0001-9722-9415","20","1371","175","I141591182","JP","65","False","True"
"A5100772975","Yang Li","0000-0002-5093-2151","17","2542","61","I149594827","CN","23","False","True"
"A5101591605","Yun Lin","0000-0002-8328-9510","12","557","25","","","29","False","False"
"A5080224879","Scott Miau","0000-0002-7624-2992","4","221","4","I87354575","TW","7","False","True"
"A5008299307","Demilade Adedinsewo","0000-0002-8629-2029","17","1011","117","I2801572250","US","14","False","True"
"A5100783073","Peng Yu","0000-0002-0402-5390","37","6387","809","I135140700","DE","47","True","True"
"A5101521562","Xueyuan Gao","0000-0003-4661-0923","2","62","2","I21193070","CN","2","False","True"
"A5092133553","Naga Simhadri Apparao Polireddi","0009-0003-9859-9516","4","73","8","","","2","False","False"
"A5076457803","Yuxi Li","0000-0002-6468-5454","14","1075","31","","","23","False","False"
"A5100409869","Jian Zhang","0000-0001-6746-6196","34","4006","134","I10660446","CN","29","False","True"
"A5101631543","Jiabin Jiang","0000-0003-1407-8928","11","659","40","I4210099558","CN","36","False","True"
"A2097727431","Liu Shengjie","0000-0001-8798-2331","0","0","15","","","1","True","False"
"A5040351621","Nikolas Adaloglou","0000-0003-4938-6322","5","261","24","I121797337","NL","6","False","True"
"A5037771946","Moi Hoon Yap","0000-0001-7681-4287","35","6549","232","I11983389","GB","41","False","True"
"A5046454671","Sebastian Bruch","0000-0002-2469-8242","10","490","53","I12912129","US","7","False","True"
"A5003260461","İlayda Yağ","","1","245","1","I3017902709","TR","1","False","True"
"A5071654078","Paul C.-P. Chao","0000-0003-2835-9157","24","2159","301","I148366613","TW","73","False","True"
"A5100324058","Kai Zhang","0000-0003-4058-6512","25","3241","108","I130750295","CN","21","False","True"
"A5043167816","Denise Carter","0009-0000-9410-6735","6","186","27","","","39","False","False"
"A5086829943","Youngeun Kim","0000-0001-9905-9528","31","3532","221","I848706","KR","46","False","True"
"A5042860768","Alanna Ebigbo","0000-0001-7765-035X","29","3735","282","I2799784675","DE","22","True","True"
"A5101848528","Zequn Sun","0000-0003-4177-9199","20","2742","211","I111979921","US","11","True","True"
"A5006872651","Xuning Liu","0000-0002-2730-7825","8","465","56","I19820366","CN","19","False","True"
"A5019005766","Meghana Padmanabhan","","3","179","4","I44461941","US","4","False","True"
"A5077202535","Lorenz Wührl","0000-0002-0734-6093","5","146","17","I102335020","DE","5","False","True"
"A5037046632","Morteza Esmaeili","0000-0003-0686-3571","15","675","58","I2800192669","NO","19","False","True"
"A5101409792","Yuxin Ma","0000-0003-0484-668X","20","1226","89","I135836153","CN","23","False","True"
"A5091239775","Ana Lazcano","0000-0002-6492-0012","6","166","15","","","4","False","False"
"A5089152344","Archie J. Huang","0000-0001-6736-5627","6","200","12","I140172145","US","6","False","True"
"A5078257558","Ciaran Cooney","0000-0002-2974-9838","8","463","13","","","9","False","False"
"A5061780972","Dušan Fister","0000-0002-9604-0554","17","1013","81","","","45","False","False"
"A5035682073","Duri Long","0000-0001-7613-0029","13","2007","50","I111979921","US","14","False","True"
"A5050648049","Eman Nabrawi","","2","88","3","I185203018","SA","2","False","True"
"A5074549541","Masaya Sato","0000-0001-5423-9664","27","3336","221","I4210109338","JP","66","False","True"
"A5009531512","V. D. Anand","0009-0006-5778-0302","5","99","22","","","67","False","False"
"A5029730680","Claudio Mirabello","0000-0001-7868-034X","16","1213","163","I102134673","SE","17","False","True"
"A5008344095","Philip Fradkin","","2","34","6","","","5","False","False"
"A5091365447","Xiaoyong Pan","0000-0001-5010-464X","41","6268","299","I119454577","CN","29","True","True"
"A5008980454","Yi Luo","0000-0001-9850-3594","8","856","24","I102335020","DE","23","False","True"
"A5014338728","Soumya Singh","0000-0002-4798-9042","8","452","20","","","7","False","False"
"A5051508004","Kayato Soga","0009-0009-9468-1161","2","27","4","I56624758","JP","3","False","True"
"A5071704821","Pengfei Sun","0000-0002-9843-344X","9","450","25","I88830068","CN","12","False","True"
"A5081112851","Xing Jin","0000-0001-5693-3414","24","1831","152","I200296433","CN","26","False","True"
"A5003453021","Xiangyu Ge","0000-0001-7855-6525","25","2602","109","I114539943","CN","21","False","True"
"A5065946952","Fengkai Ke","0000-0002-4761-5120","6","165","16","I4210095289","CN","10","False","True"
"A5003231605","Oleg Golubchikov","0000-0002-7355-0447","24","2468","86","I79510175","GB","22","False","True"
"A5030973483","Shigang Liu","0000-0003-0162-3595","26","3299","178","I88830068","CN","33","False","True"
"A5100449211","Yulong Wang","0000-0003-0759-2208","18","1321","157","I139759216","CN","30","False","True"
"A5066325003","Vishal Dineshkumar Soni","0000-0001-6355-2783","14","823","62","","","22","False","False"
"A5049030119","Omar El-Gayar","0000-0001-8657-8732","24","2812","224","I125467818","US","32","False","True"
"A5004923213","Arshia Rehman","","11","1065","14","","","8","False","False"
"A5101429486","S. Bhuvaneswari","","6","195","44","I161045824","IN","17","False","True"
"A5066192356","Julius Wallnöfer","0000-0002-4837-2757","8","371","14","I75951250","DE","10","False","True"
"A5055038127","Alaa Eleyan","0000-0002-0644-8039","16","1039","78","I2803079837","KW","21","False","True"
"A5006971586","Hussam Hourani","","3","112","3","I145019703","JO","2","False","True"
"A5114860742","Feng Zhu","0009-0002-5759-9176","9","474","20","I4210128910","HK","6","False","True"
"A5008119949","Andrea Nigri","0000-0002-2707-3678","10","427","58","I106296451","IT","13","False","True"
"A5084190960","Elena N. Akimova","0000-0002-4462-5817","9","325","89","I130823665","RU","29","False","True"
"A5086341659","Fadli Agus Triansyah","0000-0001-6156-2216","9","302","65","","","8","False","False"
"A5033094271","Elif İzci","0000-0003-1148-8374","6","329","10","I250383648","TR","4","False","True"
"A5062709244","Lianfa Wang","0009-0006-8332-6437","6","161","20","","","8","False","False"
"A5100348874","Donghun Lee","0000-0003-2141-6761","15","950","106","I142401562","KR","29","False","True"
"A5067823111","Tanja Sophie Gesk","0000-0002-1337-5536","2","133","7","","","5","False","False"
"A5050323795","Ryther Anderson","0000-0001-8985-0471","16","2071","44","I167576493","US","65","False","True"
"A5003550104","Monagi H. Alkinani","0000-0002-7658-7085","21","1762","63","I4210099699","SA","11","False","True"
"A5031899113","Izabela Rojek","0000-0002-9958-6579","21","1449","141","I149592570","PL","20","False","True"
"A5000017735","Yonghua Wei","0000-0002-2232-8985","4","279","5","I205237279","CN","3","False","True"
"A5101401644","Li Guang","0000-0003-1616-247X","2","133","5","I96852419","CN","23","False","True"
"A5111170292","Weigang Lu","","1","16","9","","","3","False","False"
"A5069760713","Mayuri Sharma","0000-0003-3282-2765","7","257","16","","","43","False","False"
"A5031873039","Pramod K. Singh","0000-0002-3155-6621","38","6671","476","I2802359691","IN","67","False","True"
"A5103116134","Jiyang Bai","0000-0002-0621-8815","5","95","17","I103163165","US","6","False","True"
"A5027633267","Imogen Cooper","","2","27","323","","","67","False","False"
"A5089151641","Wenchuan Yang","0000-0002-3674-0428","9","393","77","","","24","False","False"
"A5063382171","Nickolaos Koroniotis","0000-0002-8831-632X","12","1100","23","","","9","False","False"
"A5036696237","Tong Yang","0000-0002-5682-4223","24","2535","150","I205237279","CN","26","False","True"
"A5100356513","Yangyang Li","0000-0002-8478-3932","17","1294","84","I163340411","CN","14","False","True"
"A5062629216","Sanzida Solayman","0000-0002-7710-3636","1","73","1","","","1","False","False"
"A5089971315","Sagar B.S.","","1","32","1","","","1","False","False"
"A5101477195","Jianhui Han","0000-0002-8705-134X","4","157","7","I99065089","CN","18","False","True"
"A5031701199","Shahram Derogar","0000-0003-1305-0712","12","562","44","I32062511","GB","18","False","True"
"A5100443879","Yan Li","0000-0002-4694-4926","56","16020","959","I131434179","CN","32","True","True"
"A5013648849","Gabriele Franch","0000-0002-1264-0529","7","231","38","I2277624104","IT","10","False","True"
"A5020725651","A. S. M. Hossain Bari","0000-0003-1850-4816","11","392","23","","","15","False","False"
"A2120866209","Jacob Rosenthal","0000-0002-1767-1826","0","0","13","","","1","True","False"
"A5100739263","Xiaorui Zhang","0000-0002-8084-2683","27","2129","141","I100188998","CN","14","True","True"
"A5101430305","Ming Zhou","0000-0002-0301-4235","14","840","55","I114017466","AU","25","False","True"
"A5077532535","Peng Xu","0000-0003-3399-9722","28","2371","112","I150229711","CN","22","False","True"
"A5082971611","Wan Azelee Wan Abu Bakar","0000-0002-5871-401X","27","2913","185","","","38","False","False"
"A5052312024","Sergio Lucia","0000-0002-3347-5593","24","2695","156","I200332995","DE","14","True","True"
"A5003224750","Rémy Kusters","0000-0002-9561-2303","14","774","41","","","14","False","False"
"A5016669171","Elisabeth Hildt","0000-0003-1314-5527","23","1783","115","I180949307","US","30","False","True"
"A5114122019","K. Ashwini","","5","177","27","","","13","False","False"
"A5018504651","Hari Gonaygunta","","10","264","37","I276309446","US","3","True","True"
"A5004501057","Chidubem Iddianozie","0000-0001-8677-3159","4","50","5","I100930933","IE","3","False","True"
"A5062731907","Andrew Wunderlich","0000-0003-2004-8055","4","135","9","I4210107215","US","6","False","True"
"A5101708528","Yuwen Pan","0000-0003-2219-0717","12","501","27","","","18","False","False"
"A5060317184","Rozita Dara","","24","3032","118","I79817857","CA","23","False","True"
"A5046739943","Fabien Plisson","0000-0003-2246-9347","16","932","41","","","15","False","False"
"A5064968027","Marco Antonio Gómez-Guzmán","0000-0001-8938-8176","2","168","5","I173664879","MX","3","False","True"
"A5050547472","Samet Oymak","0000-0001-5203-0752","24","2533","171","I27837315","US","17","True","True"
"A5029223466","Ravinder","","1","46","2","I68891433","IN","10","False","True"
"A5025010370","Annelise M. Poss","0000-0002-4008-9711","11","886","17","I223532165","US","7","False","True"
"A5042077250","Anupam Baliyan","","18","1361","91","I101407740","IN","13","False","True"
"A5064805620","Abhishek Raghuvanshi","0000-0002-6125-2717","13","963","41","","","17","False","False"
"A5047244353","Ibrahim M. El‐Hasnony","0000-0002-9489-3449","13","788","33","I159247623","EG","11","False","True"
"A5109583194","Shiyue Cui","0000-0002-6794-7982","4","66","15","I40120149","GB","6","False","True"
"A5065389164","Navid Naderializadeh","0000-0002-4891-6726","17","1653","78","I170897317","US","13","False","True"
"A5055873538","Zihu Wang","","11","717","13","","","3","False","False"
"A5082753291","I. Srivani","","3","148","3","I875944469","IN","5","False","True"
"A5059586503","Ximei Wang","0009-0007-3766-0300","25","2463","188","I1311643757","CN","26","False","True"
"A5071641523","Jonathon Byrd","","4","780","9","","","9","False","False"
"A2176899915","Tatiana A. Bubba","0000-0003-0020-9210","2","232","2","","","1","False","False"
"A5002460321","Yingkun Xu","0000-0002-1305-2024","5","152","13","I4210123185","CN","13","False","True"
"A5036019666","Lenz Fiedler","0000-0002-8311-0613","6","264","21","","","7","False","False"
"A5075955545","Pradeep Kumar Jena","0000-0002-1291-8199","8","394","57","I4210098947","IN","14","False","True"
"A5024210739","Cathy Goldstein","0000-0003-1777-0274","23","2446","100","I27837315","US","41","False","True"
"A5076837396","Ángel Luis Perales Gómez","0000-0003-1004-881X","10","776","32","I80180929","ES","8","False","True"
"A5090414480","Charlotte Blease","0000-0003-3657-2476","24","1574","69","I123387679","SE","11","False","True"
"A5101939305","Pankaj K. Jain","0000-0002-4600-8513","11","639","15","I91357014","IN","10","False","True"
"A5077937501","Mu Zhu","0000-0003-4303-4318","6","198","27","I19820366","CN","17","False","True"
"A5039815946","Xin He","0000-0003-0455-4230","24","2703","116","I108160477","CN","26","False","True"
"A5052432665","Andrew A. Gumbs","0000-0002-7044-5318","50","8264","235","I121032520","PL","30","False","True"
"A5012295217","Zhiyu Huang","0000-0003-1592-7215","32","3142","126","I16365422","CN","23","False","True"
"A5007717900","Wasswa Shafik","0000-0002-9320-3186","22","1952","258","I189462010","BN","7","True","True"
"A5054516256","Matt Taddy","","21","3320","65","I1311688040","US","19","False","True"
"A5004611294","Erick Giovani Sperandio Nascimento","0000-0003-2219-0290","18","1341","135","I1329807341","BR","16","False","True"
"A5026288065","Yi Wei","0000-0002-3016-6816","13","640","102","I14396692","JP","30","False","True"
"A5054687195","Andreas Fischer","0000-0001-7349-7722","35","4818","706","I180437899","DE","58","True","True"
"A5089852424","Mohan Karnati","0000-0002-1346-4950","11","810","29","I38335241","IN","6","False","True"
"A5038143390","Aram Bahrini","0000-0003-1552-8708","11","624","26","I157725225","US","15","False","True"
"A5100355692","Yang Liu","0000-0001-7300-9215","103","58323","3428","I101479585","CN","45","True","True"
"A5079632405","Günter Klambauer","0000-0003-2861-5552","37","7484","128","I121883995","AT","16","False","True"
"A5047046300","Shamima Akter","0000-0001-9119-5197","18","1362","67","I104338594","KR","19","False","True"
"A5100614733","Yuling Luo","0000-0002-0117-4614","27","2670","141","I115592961","CN","26","False","True"
"A2095663394","Yu Shen","0000-0001-5396-9657","7","312","83","","","1","True","False"
"A5080126156","Rakesh Ramakrishnan","0000-0003-0956-6214","11","464","30","","","25","False","False"
"A5100373613","Fan Li","0000-0002-6696-668X","19","1247","108","I111381250","CN","27","False","True"
"A5063967158","Zhongyun Jiang","","4","98","13","I4210154361","CN","11","False","True"
"A5054767090","Jordi Bolíbar","0000-0002-0791-0731","7","281","53","I899635006","FR","14","False","True"
"A5045841946","Surajit Bag","0000-0002-2344-9551","49","10549","214","I166533956","IN","15","True","True"
"A5074012601","Mirza Rayana Sanzana","0000-0002-3149-4942","5","144","21","I11662577","MY","5","False","True"
"A5030069088","Arun Kulkarni","0000-0002-3637-0690","16","1072","89","I4210089149","US","49","False","True"
"A5011050475","Mohammad Al-Sa’d","0000-0002-4626-5974","6","542","19","","","10","False","False"
"A5051093347","Shuxin Zheng","0000-0001-7828-5374","19","2055","90","I126520041","CN","15","False","True"
"A5053451701","Samer M. Arqawi","","8","150","25","I2799716270","PS","8","False","True"
"A4226007947","Felix O. Olowononi","","2","370","2","","","1","False","False"
"A5006239414","Xianglin Ji","0000-0002-4294-1592","24","1850","57","I168719708","HK","17","False","True"
"A5057365557","Kristína Machová","0000-0002-7741-4039","10","495","68","I183764125","SK","20","False","True"
"A5072590144","Subhajit Dutta Chowdhury","0000-0002-8433-4467","4","79","18","","","11","False","False"
"A5091342001","Niccolò Pancino","0000-0003-2212-4728","7","123","21","","","6","False","False"
"A5086472997","Phong Tung Nguyen","0009-0001-1624-8524","5","467","7","I4210151045","VN","6","False","True"
"A5054140053","Mukhriddin Mukhiddinov","0000-0002-1424-0799","18","1510","33","I21256249","UZ","8","False","True"
"A5059921876","Chuang Ma","0000-0001-6242-697X","15","631","68","","","17","False","False"
"A5014545042","Rafik Ghali","0000-0002-9645-2452","10","546","18","","","7","False","False"
"A5043916096","Ioannis Karamitsos","0000-0001-6106-6423","13","822","70","","","23","False","False"
"A5053922801","Grzegorz Mazurek","0000-0002-0047-6944","20","2235","68","","","22","False","False"
"A5062120899","Jing Sun","0000-0002-4660-1106","8","272","41","I114017466","AU","20","False","True"
"A5085081954","Liang Gao","0000-0003-3862-3070","5","265","17","I96908189","CN","20","False","True"
"A5024186686","Imran Shafi","0000-0002-7912-2101","22","1721","130","I929597975","PK","21","False","True"
"A5074677226","Musawenkosi Lethumcebo Thanduxolo Zulu","0000-0002-6624-5962","3","68","12","I177181097","ZA","5","False","True"
"A5018968062","Kamel Boudjit","","5","164","18","I157169809","DZ","16","False","True"
"A5051523632","Deepak Kumar","0000-0001-5846-5255","5","112","15","I101407740","IN","10","False","True"
"A5002313071","Daniel J. Griffin","0000-0002-5051-2069","13","609","30","I1320553840","US","30","False","True"
"A5114038898","V.K. Suhasini","","1","16","1","I887998513","IN","1","False","True"
"A5086450949","Ram D. Joshi","","1","212","1","I12315562","US","1","False","True"
"A5009344089","I. A. Pilkevych","0000-0001-5064-3272","6","71","23","","","10","False","False"
"A5016213159","Juncheng Gu","","9","606","15","I27837315","US","8","False","True"
"A5024385477","Efim Mazhnik","0000-0002-5079-8001","3","356","7","","","5","False","False"
"A5100638826","Talha Ali Khan","0000-0002-8738-7783","11","447","52","I2799810409","US","17","False","True"
"A5079385579","Lvmin Zhang","0000-0003-3503-5791","11","3213","22","I97018004","US","9","False","True"
"A5102857849","Jian Sha","0009-0006-9004-5959","14","626","29","I15062923","CN","15","False","True"
"A5007790444","Haoyang Li","0000-0003-3152-5929","3","33","10","I14243506","HK","17","False","True"
"A5056273253","Vittorio Mazzia","0000-0002-7624-1850","11","879","51","","","7","False","False"
"A5035846947","Heny Pratiwi","0000-0003-3785-5398","8","315","44","","","16","False","False"
"A5111983309","Mingxing Xu","0009-0000-3878-315X","16","1089","88","I41198531","CN","29","False","True"
"A5049415267","Matthew Oyeleye","","2","88","3","I133837150","GB","3","False","True"
"A5031300644","Sen Peng","0000-0003-2309-2692","18","1349","63","I162868743","CN","52","False","True"
"A5042681084","Hayden Gunraj","0000-0002-1028-5797","7","568","36","","","5","False","False"
"A5012251323","Kai Zhao","0000-0002-5159-2312","15","1020","100","I4210133467","CN","18","False","True"
"A5048044276","Navaneetha Krishnan Rajagopal","0000-0002-6914-629X","4","179","28","","","19","False","False"
"A5069277955","Tong Yang","0000-0003-2402-5854","35","4953","290","I125839683","CN","22","True","True"
"A5012539083","Samantha Joel","0000-0001-5919-7408","24","2085","108","I125749732","CA","55","False","True"
"A5100689117","Linfeng Zhang","0000-0002-8470-5846","47","13161","397","I10660446","CN","27","True","True"
"A5101616927","Adel A. Ahmed","0000-0003-1485-4851","16","965","58","I185163786","SA","25","False","True"
"A5035968463","Lin Yu-peng","0000-0002-3182-2459","9","444","46","I115212828","CN","20","False","True"
"A5075258958","Lei Guo","0000-0002-9408-7594","23","1767","154","I170201317","US","25","False","True"
"A5061292096","Christian Hendriksen","0000-0003-0987-329X","5","236","11","I180519160","DK","10","False","True"
"A5045965726","Shahriar Shakir Sumit","0000-0002-7435-9214","4","107","8","","","5","False","False"
"A5072224202","Youngjoon Suh","0000-0001-9343-1202","12","574","56","","","17","False","False"
"A5007794378","Dan Xie","0000-0002-0979-3698","1","51","3","I204983213","CN","4","False","True"
"A5046936825","Alexander Abadir","0000-0002-5187-5128","7","2149","43","I1316535847","US","14","False","True"
"A2120017638","Michela Antonelli","0000-0002-1246-6110","2","1661","9","","","1","False","False"
"A5100404494","Man Li","0000-0002-7545-2541","11","547","80","I154099455","CN","32","False","True"
"A5046950426","Guowen Xu","0000-0002-9764-9345","32","4548","193","I115228651","SG","42","False","True"
"A5033826129","Chang Woo Hong","0000-0001-8742-5738","3","91","6","I2799667316","KR","6","False","True"
"A5037679651","Dewi Sri Surya Wuisan","0000-0001-8550-3659","9","384","66","","","8","False","False"
"A5071054399","Yu Wang","0000-0003-1606-6795","11","460","42","I161716053","CN","24","False","True"
"A5042957249","Ahmed H. Sadek","0000-0002-2749-5387","12","324","16","","","5","False","False"
"A5073275664","Muhammad Fahim","0000-0001-6259-5458","19","1787","122","I126231945","GB","17","False","True"
"A5038811607","Sagar Samtani","0000-0002-4513-805X","24","2085","101","I4210119109","US","11","False","True"
"A5101442692","Tong Liu","","6","172","22","I157725225","US","38","False","True"
"A5024236165","Tomohiko Konno","0000-0002-8745-9097","7","241","38","I206011266","JP","17","False","True"
"A5101891131","Xiping Wang","0000-0002-7496-8650","13","589","86","I106994412","CN","35","False","True"
"A5017683985","Qing Guan","0000-0003-4687-4275","21","1539","61","I129708740","CN","20","False","True"
"A5100453835","Zhijian Wang","0000-0002-6794-2065","28","2888","168","I135714990","CN","57","False","True"
"A5007825677","Huadi Zheng","0000-0003-1224-9885","9","498","19","I2250955327","CN","10","False","True"
"A5012768912","Hyejin Park","0000-0003-0099-3586","1","22","1","I31419693","KR","1","False","True"
"A5002140696","Alan Talevi","0000-0003-3178-826X","30","3117","303","I4210107917","US","20","True","True"
"A5113855435","Stephen Cass","","8","706","215","","","32","False","False"
"A5112740814","T. Rajendran","","11","504","31","","","18","False","False"
"A5000740265","Mingxuan Ju","0000-0003-0519-7829","9","371","38","I107639228","US","8","False","True"
"A5021909678","Wubetu Barud Demilie","0000-0001-8034-154X","5","284","15","I4388446371","","6","False","True"
"A5100735883","Yan Zhou","0000-0002-3213-8229","19","1725","261","I101479585","CN","26","True","True"
"A5108128790","Mustaqeem Mustaqeem","","15","2110","16","I28777354","KR","47","False","True"
"A5112370453","Oksana Iliashenko","","12","517","35","I212220629","RU","9","False","True"
"A5006103601","Van Nhanh Nguyen","0000-0003-4241-3359","21","1133","45","I4387155935","","4","True","True"
"A5005687284","Ye Zheng","0000-0003-1484-8646","4","211","9","I4210103986","CN","5","False","True"
"A5092073100","Wafae Abbaoui","0000-0001-5134-6085","4","100","8","","","2","False","False"
"A5086605913","Ian E. Nielsen","0000-0001-6783-0533","3","304","7","I44265643","US","2","False","True"
"A5076336545","Hema Yoganarasimhan","0000-0003-0703-5196","16","1035","49","I201448701","US","15","False","True"
"A5053570078","Mohammed Azhan","0000-0002-4069-900X","4","47","5","","","4","False","False"
"A5070287441","Eman N. Marzban","0000-0002-6021-8664","5","189","8","","","17","False","False"
"A5085778025","Janis Fluri","0000-0002-4813-4935","11","594","29","I35440088","CH","6","False","True"
"A5059859123","X.-B. Liu","0000-0002-2597-0885","5","134","14","","","20","False","False"
"A5110605719","Hao Hua Sun Yin","","1","216","1","","","1","False","False"
"A5100336148","Li Wang","0000-0003-0040-5561","17","1097","41","I199305430","CN","10","False","True"
"A5051188156","Huasheng Huang","0000-0002-6546-6501","17","1119","39","I4210122543","CN","16","False","True"
"A5100392542","Heng Liu","0000-0003-3923-7526","32","4541","411","I150807315","CN","30","True","True"
"A207459107","Saeed-Reza kheradpisheh","0000-0001-6168-4379","1","180","2","","","1","False","False"
"A5026505367","Rumman Rashid Chowdhury","","2","146","2","I894293524","BD","1","False","True"
"A5040070604","Taiwo Oyedare","0000-0003-1141-4922","7","165","15","I859038795","US","10","False","True"
"A5004605315","Samuel C. Sennott","","6","431","10","I126345244","US","11","False","True"
"A5032165369","Yfke Ongena","0000-0001-6678-7860","14","930","74","I169381384","NL","25","False","True"
"A5088078563","Sakthi Kumar Arul Prakash","0000-0002-2645-1702","4","166","12","I74973139","US","7","False","True"
"A5079704928","Mohamed Abdel‐Basset","0000-0002-2794-3936","68","15327","387","","","11","True","False"
"A5045442254","Almina Šećkanović","","1","46","2","I104817121","BA","3","False","True"
"A5101967981","Shivangi Shivangi","","8","277","40","I102322142","US","15","False","True"
"A5052646517","Stefano De Sabbata","0000-0002-2750-7579","14","655","56","I153648349","GB","18","False","True"
"A5020399176","Raphael Sonabend","0000-0001-9225-4654","12","2465","66","","","7","False","False"
"A5057530896","Vinícius H. S. Durelli","0000-0002-5768-1850","14","1268","85","","","21","False","False"
"A5007254144","Dola Sheeba Rani","","1","64","1","I3132975163","IN","1","False","True"
"A5075649249","Hardik Gohel","0000-0002-1671-6543","13","1159","50","I173388201","US","12","False","True"
"A5100419611","J. Guo","0000-0001-8125-9433","66","15719","570","I163340411","CN","37","True","True"
"A5077989893","Lukas Galke","0000-0001-6124-1092","8","228","61","","","9","False","False"
"A5063124454","Ananda Chatterjee","","1","47","4","","","3","False","False"
"A5060840409","Sayar Ul Hassan","","1","124","1","I3133391162","IN","1","False","True"
"A5031610000","BalaAnand Muthu","0009-0008-2528-4069","26","2521","97","","","12","False","False"
"A5107104259","Georgios Gkarmpounis","","1","8","1","I4210093649","GR","1","False","True"
"A5015222745","Pascal Stark","0000-0002-7389-5592","7","405","20","","","57","False","False"
"A5014670824","Md Shoaib Ahmed","0000-0002-6938-7309","8","405","30","I120156002","US","12","False","True"
"A5100639114","Md. Nazmul Hasan","0000-0002-1648-237X","16","1074","73","I40542001","KR","56","False","True"
"A5043954645","Chaofei Tang","","4","197","4","I96908189","CN","3","False","True"
"A2310406161","Guha Balakrishnan","0000-0001-8703-1368","0","0","7","","","1","False","False"
"A5016761149","Bibhudhendu Shukla","0000-0002-1302-2706","1","37","1","I82284825","GB","1","False","True"
"A5032069904","Sudha Sharma","","2","86","3","","","6","False","False"
"A5075572378","A. Pravin Renold","","11","297","37","I876193797","IN","38","False","True"
"A5101959101","Mohammad Ghalandari","0000-0001-8815-0852","7","385","16","","","7","False","False"
"A5053903265","Aydin Azizi","0000-0001-6772-743X","21","1424","118","I38476204","IR","21","False","True"
"A5069143465","Mike Walmsley","0000-0002-6408-4181","13","1296","92","I185261750","CA","31","False","True"
"A5084517969","Zhun Yang","0000-0002-9043-5774","5","196","22","I1291425158","US","9","False","True"
"A5011511181","Aigerim Toktarova","0000-0002-6265-9236","4","95","13","","","5","False","False"
"A5032164032","Simon Davidson","0000-0001-5385-442X","19","1002","56","I28407311","GB","54","False","True"
"A5045464021","Iam Palatnik de Sousa","0000-0002-7536-0081","6","257","10","I2699952","BR","4","False","True"
"A5054634361","Mayank Mishra","0000-0001-9321-5032","23","1916","65","","","45","False","False"
"A5100742660","Bin Wu","0000-0003-0719-420X","11","406","52","","","24","False","False"
"A5035521976","Ahmed M. Abdel‐Khalek","0000-0001-9463-1388","47","8158","320","","","45","False","False"
"A5082486729","Isaiah A. Moses","0000-0002-8920-2180","6","156","18","I130769515","US","7","False","True"
"A5034936665","Charilaos I. Kanatsoulis","0000-0002-0952-1561","9","460","37","I97018004","US","11","False","True"
"A5028907015","Musa Oytun","0000-0002-8926-6053","1","64","5","I69050122","CY","6","False","True"
"A5060495576","Jingyue Zhou","0000-0003-1295-6491","2","120","2","I37461747","CN","3","False","True"
"A5014286361","Lingling Guo","0000-0002-3444-9733","10","586","38","I27357992","CN","19","False","True"
"A5100715502","Liyuan Chen","0000-0002-5345-0086","24","1911","141","I158842170","CN","26","False","True"
"A5022417308","Rui Ba","0000-0001-8889-3111","8","404","19","","","8","False","False"
"A5100689953","Xing Wang","0000-0002-0457-7312","4","81","10","","","19","False","False"
"A5028932317","Catherine E. Richards","0000-0002-0084-0734","9","705","24","","","6","False","False"
"A5101637479","Yuhua Fu","0000-0001-7482-7834","17","1373","57","I119273862","CN","25","False","True"
"A2980467039","Moajjem Hossain Chowdhury","0000-0003-1611-5067","1","204","4","","","1","False","False"
"A5062366562","Rafael Romero-Carazas","0000-0001-8909-7782","13","546","125","I3130590570","PE","5","True","True"
"A5048003361","Giulio Ruffini","0000-0003-3084-0177","46","8787","302","I4210120607","ES","29","True","True"
"A5002755034","Wilhelm Kirchgässner","0000-0001-9490-1843","10","652","17","I206945453","DE","8","False","True"
"A5100363538","Long Zhang","0000-0002-7283-4800","5","123","21","I169689159","CN","16","False","True"
"A5087870144","Abbas Yazdinejad","0000-0002-8669-9777","28","3264","68","I185261750","CA","9","False","True"
"A5013828170","Oliver Díaz","0000-0001-6789-5177","20","1514","133","I4210122226","ES","25","False","True"
"A5029217607","Manish I. Patel","0000-0003-2948-9770","9","792","49","I165831266","IN","36","False","True"
"A5101644097","Bilal Hussain","0000-0002-0046-9007","5","430","13","","","9","False","False"
"A5014575365","Julian Nubert","0000-0001-8949-6134","7","403","26","I5124864","CH","7","False","True"
"A5084374005","Xueying He","","7","343","18","I134738993","CN","10","False","True"
"A5039361880","Irina V. Pustokhina","0000-0001-5480-8871","24","2035","86","I103031861","RU","10","False","True"
"A5003985765","Raniah Zaheer","","4","252","8","","","6","False","False"
"A5018015665","Jae‐Hyun Lee","0000-0002-2631-7722","17","936","86","I139264467","KR","41","False","True"
"A5089848354","Alireza Sharifi","0000-0001-7110-7516","40","3371","126","I48379061","IR","18","False","True"
"A5053525199","Szabolcs Nagy","0000-0002-1886-0848","11","643","129","I20230540","HU","65","False","True"
"A5101406450","Qiang Hu","0000-0002-8251-1669","16","1904","96","I118987531","CN","26","False","True"
"A5002186127","Peizhu Gong","0000-0002-9556-089X","8","202","24","I24943067","CN","6","False","True"
"A5020929331","Piotr Szymak","0000-0002-4714-6192","14","755","110","I2799831209","PL","19","False","True"
"A2732958888","Miguel Arana-Catania","0000-0003-4277-0292","1","66","5","","","1","False","False"
"A5100449447","Kunpeng Zhang","0000-0003-1979-4261","19","1202","43","I200769079","HK","15","False","True"
"A5016545058","Dongqi Han","0000-0002-0807-5934","10","644","43","I139759216","CN","30","False","True"
"A5007018801","Watcharin Maungmai","","1","47","1","I91538806","TH","1","False","True"
"A5108701826","Shalu Chaudhary","","2","318","3","","","7","False","False"
"A5018392398","Hamza Ejaz","0000-0001-7722-1774","2","79","3","I4210162236","GB","4","False","True"
"A5038501295","Daniel Fisch","0000-0002-8155-0367","11","709","24","","","7","False","False"
"A5037595078","Dominik Koutný","0000-0003-1558-833X","8","275","37","I70703428","CZ","11","False","True"
"A5020629578","Matthew T. Marino","0000-0003-0884-4462","21","1407","50","I106165777","US","54","False","True"
"A5022905102","Chengying Zhao","0000-0003-3796-4076","13","660","32","I83714178","CN","11","False","True"
"A5100343780","Li‐Juan Liu","","13","445","49","I7350606","CN","33","False","True"
"A5100680862","Yibing Li","0000-0002-6532-6461","29","3932","131","I196699116","CN","23","False","True"
"A5031227420","Xuebo Jin","0000-0002-2230-0077","25","2659","97","I179026463","CN","13","False","True"
"A5033272304","Martin Miernicki","0000-0003-2672-1087","3","270","26","I129774422","AT","7","False","True"
"A5001456577","Viktor Dremin","0000-0001-6974-3505","22","1724","192","I169199633","GB","36","False","True"
"A5086829631","Julian Hagenauer","","16","1389","28","I193662353","NL","21","False","True"
"A5109695201","Tailin Wu","","14","680","51","I3133055985","CN","12","False","True"
"A5053974464","Yurui Qu","0000-0002-8837-2663","19","2435","52","I30809798","CN","38","False","True"
"A5082481638","Walker Gosrich","","5","201","8","","","7","False","False"
"A5007067121","Ke Zhao","0000-0001-7954-2651","11","472","66","I117331123","CN","35","False","True"
"A5100333549","Lei Chen","0000-0003-1409-8371","28","2504","134","I200845125","CN","18","False","True"
"A5055980446","Ruikang Zhong","0000-0003-4914-6425","9","452","60","I166337079","GB","6","False","True"
"A5045730504","Dhruv Verma","0000-0002-4780-5901","6","144","17","","","6","False","False"
"A5103036490","Yuheng Tang","0009-0009-0861-799X","4","149","9","I47720641","CN","11","False","True"
"A5019785665","Ravi K. Samala","0000-0002-6661-4801","25","3714","112","I1320320070","US","20","False","True"
"A5036801346","Tianqing Zhu","0000-0003-3411-7947","38","4992","357","I111599522","CN","22","True","True"
"A5061638152","Xikun Zhang","0000-0002-0694-3654","6","295","8","I129604602","AU","14","False","True"
"A5069094261","Zhenhong Du","0000-0001-9449-0415","27","2666","182","I76130692","CN","29","False","True"
"A5083506987","Doaa Ahmed Arafa","0000-0003-3340-6472","2","163","3","","","4","False","False"
"A5027005127","Jong Bin Bae","0000-0002-3913-1011","20","1229","78","","","20","False","False"
"A5050403319","Mandadi Sai Gangadhar","","2","29","5","I875944469","IN","2","False","True"
"A5055939566","Mohsen Ghorbani","","4","129","8","I204588832","IR","10","False","True"
"A5071126636","H.M. Giannini","0000-0002-8979-3806","13","2109","56","I79576946","US","11","False","True"
"A5008884945","Tomislav Hengl","0000-0002-9921-5129","48","20578","917","I7876267","NL","28","True","True"
"A5000491132","Kshitij Sharma","0000-0003-3364-637X","33","4206","190","I204778367","NO","19","False","True"
"A5081051176","Xiaoyu Zhang","0000-0002-6033-0525","10","434","49","I120379545","CN","20","False","True"
"A5011662141","Wenying Duan","0000-0002-2515-7800","6","365","42","I141649914","CN","17","False","True"
"A5010239718","Abdollah Malekjafarian","0000-0003-1358-1943","26","2579","134","I100930933","IE","16","False","True"
"A5004543838","Pooja Chopra","0000-0002-7624-9000","4","115","12","","","3","False","False"
"A5112924125","Hero O. Ahmad","","1","18","1","I102254642","IQ","1","False","True"
"A5086382836","Kaushik Dhola","","1","42","1","","","1","False","False"
"A5021341097","Fabio Manganiello","","4","174","8","","","11","False","False"
"A5046491261","Cristiana Baloescu","0000-0001-7012-1260","9","338","30","I32971472","US","9","False","True"
"A2097554463","Kartik Sharma","0000-0001-6456-2844","1","1","17","","","1","True","False"
"A5021031224","Raphaël-David Lasseri","0000-0003-3591-629X","7","295","24","I4210134832","FR","8","False","True"
"A5018055928","Ankit Rathi Et al.","","1","24","1","I73779912","","1","False","True"
"A5008851819","Pooja Bidwai","0000-0002-3077-4395","4","82","14","","","4","False","False"
"A5084092632","Chellammal Surianarayanan","","12","492","84","","","16","False","False"
"A5011455423","Zhenyu Meng","0000-0002-9554-9359","13","744","40","I139660479","CN","14","False","True"
"A5112974484","Feras MI Alnaser","","11","851","12","I4210130028","IL","7","False","True"
"A5083796201","Ali Madani","0000-0002-3092-1295","19","4334","42","","","17","False","False"
"A5001701963","Matthew Li","0000-0002-6207-4940","32","4225","147","I136199984","US","16","False","True"
"A5036955374","Sharmila Nageswaran","0000-0001-7870-1278","6","191","32","I876193797","IN","12","False","True"
"A5089000538","Hashem Mahmoud Muslim al-Zyoud","","1","55","2","","","6","False","False"
"A2101733746","Xin Zhong","0000-0001-5107-2045","1","121","26","","","1","True","False"
"A5050412112","Chunpeng Tian","","5","110","11","","","9","False","False"
"A5077608550","Takeshi Ise","0000-0003-4331-5144","19","3329","86","I22299242","JP","31","False","True"
"A5067543739","Hongliang Bi","0000-0003-4487-5987","7","171","10","I17145004","CN","4","False","True"
"A5044088228","Mercy Dol","","1","16","2","I43663321","IN","2","False","True"
"A5100774281","Jian Li","0000-0003-3007-1443","23","2420","305","I10660446","CN","44","False","True"
"A5109453434","Jinle Kang","","7","267","9","I4210153482","CN","11","False","True"
"A5102790083","Vesna Lukic","0000-0003-2685-0153","8","424","35","I13469542","BE","27","False","True"
"A5018787935","Muhammad Farrukh Bashir","0000-0002-4104-016X","4","200","7","","","8","False","False"
"A5027658455","Zhuoran Qiao","0000-0002-5704-7331","10","544","27","","","7","False","False"
"A5011504360","Markus J. Buehler","0000-0002-4173-9659","116","51461","1021","I1343180700","US","48","True","True"
"A5013550089","Chunping Ma","0009-0000-3065-9592","26","3882","73","I98834328","CN","16","False","True"
"A5019883030","Uferah Shafi","0000-0002-7131-5531","17","1675","24","I929597975","PK","7","False","True"
"A5076252182","Monika Kulisz","0000-0002-8111-2316","13","594","90","I8264552","PL","15","False","True"
"A5021721437","Rizwan Muneer","0000-0003-2222-5844","10","285","21","I4210144839","QA","9","False","True"
"A5015386412","Debjyoti Bhattacharya","0000-0003-3707-847X","4","102","18","I130769515","US","10","False","True"
"A5020520433","Anisha Keshavan","0000-0003-3554-043X","21","2419","73","","","40","False","False"
"A5044800831","Ajibola Oyedejı","0000-0002-0180-492X","6","113","25","","","11","False","False"
"A5084006125","Cornelius A. James","0000-0002-6056-0582","7","275","23","I27837315","US","100","False","True"
"A5055786412","Hongchao Ji","0000-0002-7364-0741","14","758","44","I4210088191","CN","12","False","True"
"A5024325969","Brian Kim","0000-0003-1745-5485","4","196","11","I166416128","US","23","False","True"
"A5031641189","Muhammad Karam Shehzad","0000-0001-5830-1453","7","249","27","","","9","False","False"
"A5075550185","Yiping Zuo","0000-0003-4642-5824","9","519","38","I37461747","CN","10","False","True"
"A5012685144","Caroline L. Alves","0000-0003-4708-1330","6","192","38","I150729083","BR","11","False","True"
"A5088922129","Megha Byali","","5","172","8","","","5","False","False"
"A5029929616","Ali Basem","0000-0002-6802-9315","27","2886","338","I4210142005","IQ","5","True","True"
"A5088738476","Mayar Haggag","","1","48","1","I60342839","QA","1","False","True"
"A2145586681","Steven Guan","0000-0002-6457-5458","2","162","5","","","1","False","False"
"A5101696674","Haoyu He","0000-0001-6506-2788","11","280","47","","","37","False","False"
"A5011620828","Sarmah Simanta Shekhar","","1","41","1","","","1","False","False"
"A5048033246","Yuxing Zhao","0000-0002-5440-919X","10","942","42","I116953780","CN","19","False","True"
"A5003735451","Yiqiu Shen","0000-0002-7726-2514","16","3273","48","I1174212","US","8","False","True"
"A5023849294","Beatriz Blanco‐Filgueira","0000-0003-4538-8945","6","191","25","I200284239","ES","15","False","True"
"A5074898161","Peng Ping","0000-0002-7283-8043","6","295","18","I158842170","CN","12","False","True"
"A5100360941","Jeonghyun Kang","0000-0001-7311-6053","31","3309","236","I193775966","KR","36","False","True"
"A5041277531","Peter Cihon","","7","536","16","","","10","False","False"
"A5107925083","Weipeng Zhang","","10","471","44","I2250955327","CN","17","False","True"
"A5077506853","Wending Tang","","6","355","8","I2250955327","CN","9","False","True"
"A5000792277","Dustin Anderson","","5","161","9","I4210110791","US","9","False","True"
"A5073552792","Matheus Kempa Severino","","1","72","2","I150729083","BR","4","False","True"
"A5001583614","Ji Li","0000-0001-5990-8396","19","1485","200","I139660479","CN","35","False","True"
"A5100462279","Zhiyuan Wang","0000-0001-7167-9055","9","167","21","I4210152042","CN","12","False","True"
"A5064945387","Andongzhe Duan","0000-0002-5680-6033","7","373","8","I4800084","CN","4","False","True"
"A5017713999","Oneza Tehreem Khan","","1","25","1","I145286018","IN","1","False","True"
"A5008699621","Zhongshu Ren","0000-0003-4662-2422","6","338","20","","","35","False","False"
"A5049614206","Kaushik Pratim Das","0000-0001-7641-921X","4","204","11","I48018076","IN","16","False","True"
"A5062483714","Ka Lok Chan","0000-0003-0999-2248","31","3266","156","I200769079","HK","30","False","True"
"A5103200632","Thanh Hoa Vo","0000-0003-3927-2911","5","300","19","","","9","False","False"
"A5021910938","Gurinder Kaur","0000-0002-3846-9862","3","23","5","","","9","False","False"
"A5044396726","Ian F. Akyildiz","0000-0002-8099-3529","121","106630","725","I4210087059","AE","44","True","True"
"A5059644651","Jeffrey Saltz","0000-0002-8913-1095","20","1550","109","","","42","False","False"
"A5018769902","Ahmed R. Luaibi","","1","62","2","I15873915","IQ","2","False","True"
"A5042425451","Quoc Bao Pham","0000-0002-0468-5962","53","10410","257","I864159182","PL","27","False","True"
"A5080133317","Hussein A. Kazem","0000-0002-5034-2485","59","10832","270","I4210142812","PL","21","True","True"
"A5037059408","Shiheng Duan","0000-0003-1516-852X","7","318","36","I1282311441","US","11","False","True"
"A5073362302","Maria Drakaki","0000-0001-9322-7324","15","847","68","I183898223","GR","34","False","True"
"A5039352682","Panagiotis Trakadas","0000-0002-5146-5954","26","2889","192","I200777214","GR","27","False","True"
"A5102873593","Mengmeng Liu","0000-0002-8475-2319","2","16","4","I121820613","US","2","False","True"
"A5024516980","Rifan Hardian","0000-0003-1509-8058","20","1220","45","","","9","False","False"
"A5060093535","Yanzhao Wu","0000-0001-8761-5486","19","1309","96","I19700959","US","21","False","True"
"A5100438623","Gang Li","0000-0001-6778-2842","28","2595","150","I1283582996","CH","28","False","True"
"A5065327102","Daniil A. Boiko","0000-0003-4140-4645","11","1207","56","I4210088206","RU","14","False","True"
"A5101868861","Jun Gao","0000-0003-1391-2036","6","176","12","","","19","False","False"
"A5000232297","Konstantinos Karapiperis","0000-0002-6796-8900","13","748","41","I5124864","CH","13","False","True"
"A5053885548","S. Gayathri","","8","398","72","I4210137436","IN","38","False","True"
"A5078694512","Ali Ghahramani","0000-0003-2043-7261","35","4708","119","I165932596","SG","56","False","True"
"A5042419001","Shuai Zheng","0000-0001-8560-8135","17","1593","77","I19820366","CN","17","False","True"
"A5012206667","Xiangjie Li","0000-0002-9600-8984","28","5493","160","I139024713","CN","18","False","True"
"A5059449318","Patricia I. Ojeda","","3","64","11","I51556381","US","21","False","True"
"A5061722712","Turan G. Bali","","53","12787","266","","","28","False","False"
"A5035044311","Ran Zhang","0000-0002-7836-8871","6","210","15","I135310074","US","6","False","True"
"A5110828001","Huixin Yang","0009-0009-5411-3004","3","140","16","I109935558","CN","5","False","True"
"A5042957051","Alexandru Lavric","0000-0001-7734-4854","23","1876","90","I12012874","RO","17","False","True"
"A5053488528","Peter Mattson","0000-0002-5984-238X","24","4160","52","","","28","False","False"
"A5074898271","Michael K. Gould","0000-0001-6749-8315","74","34430","469","I1343052199","US","58","False","True"
"A5056120706","Xiaobo Zhang","0000-0002-6598-0519","8","382","48","I200296433","CN","15","False","True"
"A5037186509","Sheila Alemany","","4","178","13","I19700959","US","7","False","True"
"A5067328727","Paul A. Oche","0000-0003-3138-2454","1","44","1","I4210087579","NG","1","False","True"
"A5068025503","Hongcai Xu","0000-0001-7225-4446","6","86","10","I87445476","CN","15","False","True"
"A5054124446","Xitian Long","","3","87","6","I4210089056","CN","9","False","True"
"A5078112944","Kai Zhang","0000-0001-5607-2757","15","739","76","I111950717","MO","19","False","True"
"A5100354600","Yang Zhang","0000-0001-8641-2660","16","1012","120","I19820366","CN","21","False","True"
"A5112339225","Rishi Rana","","7","420","27","","","11","False","False"
"A5078814446","Marc Huertas-Company","0000-0002-1416-8483","48","8860","272","","","20","True","False"
"A5082291195","Luca Grilli","0000-0003-4550-9276","38","6700","212","I93860229","IT","24","False","True"
"A5005464954","Jonathan Fine","0000-0002-3685-8581","21","2624","156","I1285764155","US","99","False","True"
"A5019886921","Douglas A. J. Brion","0000-0002-5361-2882","3","215","6","I241749","GB","3","False","True"
"A5003202878","Martin Mundt","0000-0003-1639-8255","11","906","65","","","51","False","False"
"A5040575168","Yiming Peng","0000-0003-1007-177X","11","684","35","I5343935","CN","33","False","True"
"A5020135358","Hairong Li","0000-0001-6098-1689","46","11474","308","I157773358","CN","36","False","True"
"A5045500611","Feng Gao","0000-0002-0500-5527","37","4981","201","I157773358","CN","33","False","True"
"A5081395304","Ola Salman","0000-0002-1011-8665","22","3490","82","","","11","False","False"
"A5011313223","Andreas D. Lauritzen","0000-0002-0638-0126","7","381","14","","","6","False","False"
"A5070819345","Raihan Ul Islam","0000-0002-3090-7645","18","1002","75","I885507782","BD","14","False","True"
"A5021228636","Nathan J. Szymanski","0000-0003-2255-9676","19","1411","55","I130238516","US","8","False","True"
"A5087526893","Gaurav Meena","0000-0001-5528-2437","17","961","64","I882761360","IN","12","False","True"
"A5069072421","Matthew J. Filipovich","0000-0002-2195-698X","5","181","29","I40120149","GB","7","False","True"
"A5019727824","Yash Amethiya","0000-0001-8231-5206","1","122","2","","","5","False","False"
"A5063026980","S.W. Yuan","0000-0003-1874-9792","12","518","39","I149594827","CN","35","False","True"
"A5060468053","Fabian Heinemann","0000-0002-9710-7351","21","1320","55","I1330995197","DE","19","False","True"
"A5006488537","Ivana Strumberger","0000-0002-1154-6696","38","4316","117","I170253739","RS","11","True","True"
"A5045000990","Ching‐Ju Chen","0000-0002-7092-6226","13","698","34","I75357094","TW","42","False","True"
"A5028611844","Punam Bedi","0000-0002-6007-7961","26","3859","295","","","29","True","False"
"A5102895369","Weizhen Fang","0000-0003-0155-012X","6","219","11","I20231570","CN","13","False","True"
"A5110045865","Ziyu Jiang","","17","1052","69","I190242452","CN","17","False","True"
"A5020115226","Javier León","0000-0003-4698-1089","3","100","9","I173304897","ES","22","False","True"
"A5008753418","Dibaba Adeba Debal","0000-0003-2742-9459","1","155","1","I1283442259","ET","1","False","True"
"A5018778757","Jordi Martorell‐Marugán","0000-0002-5186-0735","21","1613","58","I4210142177","ES","11","False","True"
"A5050795791","Nahed Abdelgaber","","3","57","3","I24648388","US","14","False","True"
"A5062374297","Atharv Nikam","0000-0002-4988-3479","1","70","4","I4210088227","IN","4","False","True"
"A5031896117","Hyeongjun Kim","0000-0003-0386-005X","16","820","72","I48566637","KR","15","False","True"
"A5101796015","Yining Wang","0000-0003-2353-3400","15","923","54","I136765683","CN","19","False","True"
"A5061311485","Claretha Hughes","0000-0001-9032-6589","18","917","166","","","47","False","False"
"A5074743495","Dooman Arefan","0000-0001-9679-0438","15","931","67","I170201317","US","13","False","True"
"A5100766132","Wei Lu","0000-0002-1707-620X","14","675","85","I119454577","CN","24","False","True"
"A5044296049","Sen Wang","0000-0001-6948-3264","15","892","105","I4210105595","PL","21","False","True"
"A5051416895","G. Polder","0000-0003-4896-4776","25","3021","153","I913481162","NL","39","False","True"
"A5037222582","Madhu Kirola","0000-0001-9115-3253","8","194","24","I3132702812","IN","11","False","True"
"A5089483362","Mohammed Maithem","","1","64","1","I166455938","IQ","1","False","True"
"A5108050269","Jiali Li","0000-0001-8990-9998","32","5372","217","I165932596","SG","25","False","True"
"A5015032920","Yannan Yu","0000-0002-1718-6505","15","889","68","I180670191","US","58","False","True"
"A5047770817","Oğuz Akbilgiç","0000-0003-0313-9254","25","1875","156","I47251452","US","20","False","True"
"A5100650679","Hojun Lee","0000-0003-2327-674X","20","999","121","I52010207","KR","30","False","True"
"A5068679305","Yu Liu","0000-0002-4191-5974","37","5468","554","I108688024","CN","51","True","True"
"A5059258933","Hartmut Hirsch‐Kreinsen","0000-0002-3721-3689","27","2875","196","","","41","False","False"
"A5100676821","Mingzhu Wang","0000-0003-2622-1939","34","3579","151","I100188998","CN","32","False","True"
"A5085428162","Pukar Maharjan","0000-0002-5695-9347","29","3517","54","","","8","False","False"
"A5043454452","Kai Tao","0000-0003-1848-8561","52","8935","330","I17145004","CN","41","False","True"
"A5101611918","Zebin Wu","0000-0003-2821-2737","6","187","27","I4210152664","CN","16","False","True"
"A5032964082","Mohammad Habeeb","0000-0002-9834-2310","9","224","38","I94948490","IN","14","False","True"
"A5044575992","Aqeeb Iqbal Arka","0000-0003-2072-7015","6","89","13","I72951846","US","7","False","True"
"A5029814989","Colin Campbell","0000-0002-6218-0866","31","4858","125","I160856358","US","63","False","True"
"A5024866488","Runqi Chai","0000-0003-4083-8863","30","3352","118","I125839683","CN","14","False","True"
"A5070462803","Adi Saputra","","3","67","8","I166843116","ID","13","False","True"
"A5043362073","Gyoung S. Na","0000-0001-9803-0782","10","416","45","I4210151417","KR","8","False","True"
"A5000570317","Drasko Radovanovic","","3","77","3","I5936373","ME","3","False","True"
"A5088722216","Sergey Osipenko","0000-0003-1797-0153","8","248","26","","","10","False","False"
"A5054919909","David Mulvey","0000-0002-0368-575X","3","92","7","I28290843","GB","37","False","True"
"A5001630272","Diaa Salama AbdElminaam","0000-0002-1544-9906","16","1346","106","I207547235","EG","13","False","True"
"A5000188000","Sergey N. Pozdnyakov","0000-0001-5980-5813","9","405","15","I5124864","CH","16","False","True"
"A5045686678","Xiaoli Zhao","0000-0002-9803-4158","26","2323","93","I36399199","CN","21","False","True"
"A5059906500","Lu Gao","0000-0003-2421-2000","18","1241","93","I3018263800","CN","37","False","True"
"A5045492508","Cheng Peng","0000-0002-4605-7534","22","1437","103","I150229711","CN","29","False","True"
"A5064001236","Sarya Swed","0000-0002-9983-2020","20","1862","280","I107575416","SY","5","True","True"
"A2590366840","Miriam Hägele","0000-0001-9251-5420","1","153","1","","","1","False","False"
"A5077007622","Andrew L. Beam","0000-0002-6657-2787","40","14969","148","I136199984","US","66","False","True"
"A5010485630","Kazuma Murata","0000-0002-9285-6142","16","822","76","I158929114","JP","55","False","True"
"A5005975263","Kunfeng Qiu","0000-0003-0562-929X","17","1179","93","I211433327","CN","21","False","True"
"A2961457889","Andrea Bordone Molini","0000-0002-2452-1930","2","222","2","","","1","False","False"
"A5005421447","Yi Yang","0000-0002-0512-880X","136","78927","1286","I125839683","CN","33","True","True"
"A5067825197","Andrea Barucci","0000-0002-3759-7512","18","1388","155","I4210092323","IT","31","False","True"
"A5084523971","Hanchi Ren","0000-0003-1310-8777","5","162","22","","","16","False","False"
"A5100378515","Jing Wang","0000-0002-4364-264X","11","955","47","","","25","False","False"
"A5047341519","Serhat Hızlısoy","0000-0001-8440-5539","4","194","16","I4210127232","TR","10","False","True"
"A5050305140","David T. Guerrero","","6","201","46","I1335321130","US","9","False","True"
"A5004357150","Tzungyu Tsai","","3","160","3","I25846049","TW","2","False","True"
"A5101429969","Feng Ye","0000-0002-3166-6767","5","186","11","I4210145761","CN","13","False","True"
"A5064394535","Juncai Pu","","13","622","20","","","8","False","False"
"A5101909712","J. KANG","0000-0002-6384-891X","8","392","55","I112260969","CA","46","False","True"
"A5088529778","Ihab S. Mohamed","0000-0003-3344-1614","13","768","34","I4210119109","US","46","False","True"
"A5084975262","Baekjun Kim","0000-0001-6256-3843","9","893","11","I157485424","KR","8","False","True"
"A5052563154","Qianyun Zhang","0000-0002-2147-4059","21","1897","165","I162868743","CN","15","True","True"
"A5100734888","Guoli Zhang","0000-0002-2219-1683","9","381","78","I26080491","CN","23","False","True"
"A5062196262","Albrecht Schmidt","0000-0003-3890-1990","71","27564","982","I3018771216","DE","92","True","True"
"A5057452988","Ramya Gurunathan","0000-0001-7705-4654","16","1520","32","","","11","False","False"
"A5010050464","Alexander Winkler-Schwartz","0000-0002-2110-9879","23","1943","70","I1292859797","CA","11","False","True"
"A5045351326","Berk Ekici","0000-0003-0406-9569","10","469","24","","","11","False","False"
"A5102899258","Clarence Tan","0000-0003-1276-9522","8","378","29","I39854758","NZ","24","False","True"
"A5069577540","Taridzo Chomutare","0000-0003-3603-175X","13","1540","54","I1298853749","NO","18","False","True"
"A5038467507","Lucas Bernardi","","6","177","16","","","36","False","False"
"A5040071631","Dingsen Zhang","0000-0002-8749-6859","5","135","14","I9224756","CN","8","False","True"
"A5089410706","Giusella Dolores Finocchiaro","0000-0002-8430-2801","5","134","157","I9360294","IT","39","False","True"
"A5011169398","Sharada P. Mohanty","0000-0003-4578-0170","16","4770","60","I197347611","KR","16","False","True"
"A5100442261","Xi Wang","0000-0002-5218-2761","28","3328","236","I141962983","CN","25","False","True"
"A5063432011","Asad Masood Khattak","0000-0002-0630-1264","29","2516","158","I3130965127","PK","29","False","True"
"A5071860073","Vamshikrishna Domala","0000-0002-9471-0016","4","78","11","I139264467","KR","10","False","True"
"A5065037028","Ramdas Vankdothu","0000-0002-8478-1291","9","676","32","I165390105","ZA","6","False","True"
"A5079748503","Minh Doan","0000-0002-3235-0457","13","3666","54","I1291425158","US","9","False","True"
"A5074250521","Yang Gao","0000-0002-2488-1813","49","9327","511","I162868743","CN","34","True","True"
"A5104271099","Cody Watson","","9","776","25","","","6","False","False"
"A5031948841","Yanbei Liu","","16","908","77","I198091727","CN","15","False","True"
"A5108193537","Ling Wei","","2","272","8","","","24","False","False"
"A5009221586","Anette Eltner","0000-0003-2065-6245","26","3140","173","I78650965","DE","18","False","True"
"A5039532268","Jakub M. Bartoszewicz","0000-0001-6893-2371","6","187","29","I143288331","DE","13","False","True"
"A5007246518","Yiyue Luo","0009-0008-5127-0496","15","1249","47","I201448701","US","10","False","True"
"A5022009973","Jason Kugelman","0000-0001-7269-8573","10","527","25","I160993911","AU","7","False","True"
"A5089269269","Thangaraja Arumugam","0000-0001-5496-7258","14","450","65","I876193797","IN","11","False","True"
"A5084464251","Goran Jakimovski","0000-0001-8685-3589","4","135","11","","","13","False","False"
"A5101226786","T.V.V. Pavan kumar","","1","69","3","I155125381","IN","5","False","True"
"A5102022576","Yunzhi Shi","0000-0001-7941-0499","16","2133","37","","","25","False","False"
"A5076388612","Mugdim Bublin","","4","66","9","","","4","False","False"
"A5053483933","Bethany Gosala","0000-0001-6866-0062","4","111","11","I91357014","IN","6","False","True"
"A5010644741","Chunyang Ling","","4","87","4","I20231570","CN","4","False","True"
"A2591673984","Christopher Syben","0000-0002-9514-5389","0","0","2","","","1","False","False"
"A5010266336","Qiaodi Wen","0000-0003-2774-2605","1","89","2","I3045169105","CN","4","False","True"
"A5050071283","Valentina L. Kouznetsova","0000-0001-9457-7027","25","4428","124","I181653535","US","33","False","True"
"A5100767410","Zhongwen Li","0000-0001-7187-5566","15","1127","55","I27781120","CN","24","False","True"
"A5026239594","Qing Guo","0000-0003-0974-9299","30","5230","234","I115228651","SG","25","False","True"
"A5050923369","Yongbeom Kwon","0000-0002-7858-2077","3","175","4","I165507594","KR","2","False","True"
"A5079469611","Ao Yu","0000-0002-1520-1097","21","1456","78","I200769079","HK","15","False","True"
"A5041942269","Ziqiu Kang","0009-0002-3678-9368","3","321","5","","","6","False","False"
"A5007075153","Animesh A. Sinha","0000-0003-3213-7813","40","7270","273","I164861460","IN","40","False","True"
"A5030339992","Einav Peretz-Andersson","","4","135","5","I94616838","SE","4","False","True"
"A5085643229","Shumeet Baluja","0000-0002-8696-8711","43","11898","137","","","34","False","False"
"A5000004444","Katsuhiko Ishiguro","","18","863","97","I4210166566","JP","47","False","True"
"A5056916145","Wonjun Ko","0000-0001-7496-9007","10","472","33","I165677929","KR","57","False","True"
"A5007003261","Alina Iorga Pisica","","1","136","3","I88491126","RO","3","False","True"
"A5100624821","Lixing Liu","0000-0002-2094-0863","7","572","25","I108160477","CN","31","False","True"
"A5002574232","Otto Icke","","2","62","6","","","5","False","False"
"A1981156292","Han Gao","0000-0001-5878-4029","7","338","71","","","1","True","False"
"A5035519525","Yuchen Guo","0000-0001-9808-9805","36","6014","156","I173899330","CN","13","True","True"
"A5087968813","Grace Lai‐Hung Wong","0000-0002-2863-9389","108","41573","999","I1318643470","HK","46","True","True"
"A5053856014","Muhammad Ather Iqbal Hussain","0000-0002-5222-8811","7","327","15","I181326427","CN","22","False","True"
"A5051299948","Alexey Uvarov","0000-0003-2874-4530","4","165","11","I125989756","RU","5","False","True"
"A5102179468","O-Deuk Kwon","","2","152","6","I139264467","KR","15","False","True"
"A5021820206","Jay J. Park","0000-0001-8762-6986","11","991","62","I2802789809","GB","52","False","True"
"A5087618604","Andrea Maria Nogueira Cavalcanti Ribeiro","0000-0002-6697-5412","5","138","15","","","8","False","False"
"A5085554167","Madhavan Swaminathan","0000-0003-1729-2807","45","10755","760","I130701444","US","39","True","True"
"A5012370022","Aphra Kerr","0000-0001-5445-7805","18","1605","124","","","89","False","False"
"A5019320923","Qi Shen","0000-0001-7096-3732","8","347","65","I9224756","CN","22","False","True"
"A5073374773","Ka Wing Wan","0000-0002-3699-2115","1","66","1","I14243506","HK","1","False","True"
"A5104231183","Khushboo Singh","","5","173","8","","","7","False","False"
"A5017956591","Penghao Zhou","","4","230","11","","","7","False","False"
"A5108190363","Mohammad Mohammad","0000-0002-5393-5147","14","863","379","I107640659","RU","60","False","True"
"A5100605634","Yuhui Yin","0000-0002-2151-4583","8","265","29","I162868743","CN","19","False","True"
"A2588713172","Adnan Qayyum","0000-0002-1637-4256","2","2226","5","","","1","False","False"
"A5057062201","Ali Ikram","0000-0002-2893-4249","19","1121","97","I142204992","PK","11","False","True"
"A5080042981","Bougareche Samia","","1","27","1","I206961696","DZ","1","False","True"
"A5035203969","Khawaja Moyeezullah Ghori","0000-0003-1746-8294","5","308","9","I17120543","PK","12","False","True"
"A5005688960","P. Chinnasamy","0000-0002-3202-4299","20","1487","127","I98499257","IN","8","True","True"
"A5012518399","Kevin Baum","0000-0002-6893-573X","18","1828","76","","","29","False","False"
"A5087310229","R. Santhoshkumar","","4","138","19","I2802823369","US","11","False","True"
"A5083169900","Elizabeth K. Cole","0000-0001-6123-2495","9","1042","12","","","4","False","False"
"A5034630608","Alan Bauer","0000-0002-7443-1511","3","227","4","I1118541","GB","2","False","True"
"A5065843514","Min Soo Sim","0000-0001-5108-1646","10","702","29","I4210087596","US","49","False","True"
"A5022574661","Zhenjiao Du","0000-0002-8492-4328","18","1062","34","I189590672","US","7","False","True"
"A5042844583","Yanling Zhou","","3","160","10","I39774598","CN","10","False","True"
"A5101553435","Zhenyu Tang","0000-0002-6998-2669","30","4005","155","I131434179","CN","44","False","True"
"A5033972592","Hao‐Chun Hu","0000-0002-4277-4480","7","302","21","I114150738","TW","10","False","True"
"A5059577807","Susmita Das","0000-0001-5418-689X","20","1542","202","I16292982","IN","24","False","True"
"A5075244757","Mohammed Haqqi Al-Tai","","2","39","2","I15873915","IQ","2","False","True"
"A5050649699","Hao Jiang","0000-0002-8710-1968","8","736","24","","","40","False","False"
"A2537713620","Zili Meng","0000-0001-5720-9559","1","88","1","","","1","False","False"
"A5068382657","Mica R. Endsley","0000-0002-2359-947X","62","31296","272","I4210142445","US","41","False","True"
"A5108093963","Geoffrey E. Hinton","","138","437230","385","","","50","False","False"
"A5100397991","Yue Yu","0000-0002-9865-2212","30","3730","285","I130701444","US","26","True","True"
"A5080394675","Bashir Khan Yousafzai","0000-0002-6439-5588","2","180","2","I181063083","PK","2","False","True"
"A5053543462","Gustavo Westarb","","1","13","1","I4210105683","BR","1","False","True"
"A5035421707","Liangxu Xie","0000-0002-0609-5333","14","604","55","I4210144214","CN","16","False","True"
"A5085895795","Fatemeh Esmaeili","0000-0002-1661-8409","3","66","6","I32389192","US","4","False","True"
"A5062315564","Zeke Barger","0000-0001-8226-0911","9","508","13","I1344073410","US","9","False","True"
"A5016758880","Alejandra A. Miyazawa","0000-0003-1958-7027","8","211","28","I153355300","GB","13","False","True"
"A5029413205","Malak Aljabri","0000-0002-9255-6094","17","845","39","I199693650","SA","14","False","True"
"A5084290551","Prabhjot Kaur","0000-0002-3539-0622","15","939","125","I1289422878","US","20","False","True"
"A5031484678","Muhammad Owais","0000-0001-7679-081X","22","1683","142","I1318157472","PK","17","False","True"
"A5101547129","Shen Gao","0000-0003-4031-498X","14","802","74","","","27","False","False"
"A5023897338","Ali Feizollah","0000-0003-2439-8482","16","2053","32","I28407311","GB","13","False","True"
"A5030977862","Qing Jin","0000-0001-8795-9297","13","676","40","","","19","False","False"
"A5017398546","Pattana Chintarungruangchai","","2","25","2","I25846049","TW","4","False","True"
"A5021895360","Takaaki Murata","0000-0003-0053-7396","22","1584","82","I4210151342","JP","58","False","True"
"A5081387222","Abolfazl Younesi","0009-0003-0052-6475","4","129","18","I133529467","IR","4","False","True"
"A5100340901","Min Wang","0000-0001-5321-3323","33","4499","365","I134687103","CN","34","True","True"
"A5032661288","Malinka Ivanova","0000-0002-8474-6226","12","521","138","I31151848","BG","22","False","True"
"A5052787202","Mitra Tithi Dey","","3","148","8","I106542073","IN","16","False","True"
"A5021932394","Peter P. Groumpos","0000-0002-0110-2696","33","5317","251","","","48","False","False"
"A2135630659","Nariman Ammar","0000-0002-5363-2541","1","36","6","","","1","False","False"
"A5030747976","Tran Le Nguyen","0000-0001-6190-4116","7","179","13","","","10","False","False"
"A2021932130","Yi Ding","0000-0001-5035-9255","8","667","224","","","1","True","False"
"A5044389209","Hao Chi","0000-0002-5210-0770","36","3558","197","I1289784979","GB","48","False","True"
"A5065948939","Zhizhi Yu","0000-0001-5954-3593","8","667","38","","","34","False","False"
"A5032482994","Khishigsuren Davagdorj","0000-0002-9375-7621","8","266","15","I163753206","KR","4","False","True"
"A5022038255","Celia A. Baumhoer","0000-0003-1339-2288","9","546","41","I2898391981","DE","9","False","True"
"A5023227121","Po Abas Sunarya","0000-0002-3869-2837","19","1176","141","","","11","True","False"
"A5087015913","S. K. Sharma","0000-0002-6186-3761","13","1242","93","I1331384533","US","34","False","True"
"A5055265137","Yanan Tian","0000-0002-2344-7484","20","1355","104","I133868755","CN","28","False","True"
"A5032778716","Helen Crompton","0000-0002-1775-8219","32","5081","173","","","25","False","False"
"A5101560283","Mei Yang","0000-0003-0898-9688","4","107","10","I204553293","CN","27","False","True"
"A5021305119","Sagheer Abbas","0000-0001-5289-7831","45","6685","175","I138564716","SA","15","True","True"
"A5054319478","Joyjit Chatterjee","0000-0003-2672-3832","9","532","32","I4210115825","GB","10","False","True"
"A5046384916","Rajesh Kannan Megalingam","0000-0003-1097-5576","24","2419","294","I81556334","IN","18","True","True"
"A5085597140","Victor Fung","0000-0002-3347-6983","46","7353","132","I1289243028","US","55","False","True"
"A2947799069","Grace M. Sommers","0000-0003-4229-8282","2","266","2","","","1","False","False"
"A5101839898","Yaping Deng","0000-0002-7015-9282","10","493","90","I182386381","CN","36","False","True"
"A5042203967","Matthias Schonlau","0009-0007-3651-9268","46","16524","185","","","29","False","False"
"A5055788889","Darius M. Dziuda","","5","955","39","I154264771","US","22","False","True"
"A5100552360","Xinbin Zhou","0000-0002-6130-9891","11","681","30","I142108993","CN","20","False","True"
"A5059609053","Evan Masutani","0000-0002-6743-5514","14","894","30","I36258959","US","15","False","True"
"A5035390724","Thomas E. Gartner","0000-0003-0815-1930","13","1184","54","I186143895","US","23","False","True"
"A5065810357","Dhruba Jyoti Borgohain","0000-0002-1289-7877","8","265","19","I195459967","IN","5","False","True"
"A5035614978","Tien Dat Pham","0000-0002-6422-2847","30","3863","97","I35928602","KR","28","False","True"
"A5081908281","Xavier Larriva-Novo","0000-0001-5335-5698","10","357","25","","","7","False","False"
"A5067377847","Lemuria Carter","0000-0002-2364-3100","34","10459","126","","","22","False","False"
"A5086143629","Michael Phillips","0000-0002-0252-9085","89","182375","554","","","176","False","False"
"A5004596254","Ghada Abdulsalam","","2","68","2","","","4","False","False"
"A5063279440","Kyojin Jang","","6","204","10","I193775966","KR","6","False","True"
"A5053501413","Xiaoquan Chu","0000-0003-2370-4038","12","614","23","I99065089","CN","10","False","True"
"A5100752356","Erik Cambria","0000-0002-3030-1280","109","51068","757","I172675005","SG","17","True","True"
"A5066854436","Sachin Aryal","0000-0002-1939-6338","10","1148","41","I4210116328","US","6","False","True"
"A5004944971","Aarti Karandikar","0000-0002-6754-2256","2","48","10","","","7","False","False"
"A5100438911","Qin Li","0000-0002-4944-0547","11","437","46","I4210114190","CN","16","False","True"
"A5046112367","Emtiaz Hussain","","3","545","5","","","5","False","False"
"A5083133951","Þórður Víkingur Friðgeirsson","","7","419","29","","","17","False","False"
"A5062239346","Francesco Lattari","0000-0002-3569-4976","5","210","13","I93860229","IT","7","False","True"
"A5101926601","Yongfeng Wang","0000-0002-6611-3046","3","219","9","I157773358","CN","8","False","True"
"A5061196854","Han Hai","0000-0001-5470-5282","14","825","109","I181326427","CN","26","False","True"
"A5061867329","Neguine Rezaii","0000-0002-8967-9237","13","681","57","I136199984","US","19","False","True"
"A5050567281","Nora El-Rashidy","0000-0001-8177-9439","19","1401","71","I130309236","EG","11","False","True"
"A5064692290","Frédéric Commandeur","0000-0002-8835-3294","21","2517","48","I1282927834","US","11","False","True"
"A5100732071","Hui Wang","0000-0002-4085-9050","11","503","73","I13985625","CN","26","False","True"
"A5088348332","Beifang Bai","","3","157","3","I16609230","CN","2","False","True"
"A5024508446","Dillip Ranjan Nayak","0000-0002-9345-7813","5","314","17","","","12","False","False"
"A5070917604","Junwei Cheng","0000-0003-3159-5222","10","269","20","I4210155447","US","5","False","True"
"A5000735595","Yen‐Ju Wu","0000-0003-2647-3407","17","886","62","I16733864","TW","22","False","True"
"A5083772809","Bahram Choubin","0000-0001-6350-7157","39","6024","83","I4210088633","IR","13","False","True"
"A5049574162","Jack LeBien","0000-0001-7652-4124","5","363","17","","","8","False","False"
"A5049207188","Sylvester Inkoom","","8","222","12","I103163165","US","4","False","True"
"A5008276630","Fayokemi Ojo","","1","12","1","I145311948","US","1","False","True"
"A5066130528","Tshilidzi Marwala","0000-0001-7372-5510","42","7083","749","","","29","True","False"
"A5016656129","Ali Mohammad Alqudah","0000-0002-5417-0043","24","1678","70","","","10","False","False"
"A5005602165","Christian Málaga‐Chuquitaype","0000-0002-2538-7374","25","2372","103","","","30","False","False"
"A5089177337","Pranjal Agrawal","0000-0002-9952-4888","10","456","85","I145311948","US","26","False","True"
"A5078220957","Daizong Liu","0000-0001-8179-4508","18","1141","94","I20231570","CN","10","False","True"
"A5060566070","Robert X. Gao","0000-0003-3595-3728","71","24260","528","I109935558","CN","33","True","True"
"A5102939225","Jianren Wang","0000-0001-9350-1813","13","2040","53","","","35","False","False"
"A5101397227","Md. Reazul Islam","","4","162","11","","","15","False","False"
"A5008647030","Apurb Rajdhan","","1","105","1","","","1","False","False"
"A5073746065","Chao Jiang","0000-0002-0467-6177","14","522","56","I116953780","CN","23","False","True"
"A5047844943","Cătălin Stoean","0000-0001-5917-1857","23","1853","133","","","21","False","False"
"A5073159178","Duc C. Le","0000-0002-4407-2626","13","644","23","I129902397","CA","10","False","True"
"A5016883774","Saeed Alahmari","0000-0001-7344-9448","7","322","39","I47164929","SA","10","False","True"
"A5073491594","Aqsa Rahim","0000-0002-1111-2185","6","286","17","I78037679","NO","7","False","True"
"A5100633671","Jun Tang","0000-0002-1292-6746","15","875","141","I10660446","CN","25","False","True"
"A5101709134","Christopher Harris","0000-0001-6202-994X","30","6136","88","I4210138135","DE","47","False","True"
"A5084331172","Yupeng Diao","","6","541","6","I92403157","CN","6","False","True"
"A5025020289","Souheil Fenghour","","5","175","10","I28257850","GB","5","False","True"
"A5052808872","Olaoluwa Joseph Ojo","0000-0002-1685-0873","4","158","4","I39470171","CA","2","False","True"
"A2760609502","Hamidreza Eivazi","0000-0003-3650-4107","0","0","2","","","1","False","False"
"A5019715983","Takuya Fujihashi","0000-0002-6960-0122","9","444","133","I98285908","JP","14","False","True"
"A5022729856","Qijie Bai","0000-0002-5632-9521","6","131","14","","","7","False","False"
"A5079537650","Luis Sigcha","0000-0002-9968-5024","10","532","42","I230495080","IE","14","False","True"
"A5046780523","Spyridon Kardakis","0000-0003-3617-1250","4","120","5","I174878644","GR","4","False","True"
"A5103012388","Kai Hu","0000-0003-1436-9522","27","2905","189","I100188998","CN","32","False","True"
"A5059968037","Mohammed Sarfaraz Gani Adnan","0000-0002-7276-1891","21","1776","80","I124357947","GB","21","False","True"
"A5078646192","Pierpaolo Dini","0000-0002-9425-7354","20","1109","63","I108290504","IT","7","False","True"
"A5012776735","Mohammed M. Abdelsamea","0000-0002-2728-1127","18","1353","58","I23923803","GB","18","False","True"
"A5014956377","Dawen Yu","0000-0003-3515-1602","9","772","19","I80947539","CN","24","False","True"
"A5039891508","Junjie Hou","0000-0002-4058-9126","6","251","29","","","22","False","False"
"A5102977691","Min Chul Cho","0000-0001-7288-1706","20","1333","112","I139264467","KR","23","False","True"
"A5023524232","Luisa Kruse","","1","96","1","I114090438","DE","1","False","True"
"A5102927215","M. Ganeshkumar","","5","125","6","","","4","False","False"
"A5074255083","Ioannis E. Livieris","0000-0002-3996-3301","27","2977","106","I154757721","GR","17","False","True"
"A5100625436","Yue Lu","0000-0001-7472-9935","7","199","16","I19820366","CN","32","False","True"
"A5039139434","Yusuf Adeshina","0000-0001-8389-4203","6","322","11","","","9","False","False"
"A5085686971","Fumio Hashimoto","0000-0003-2352-0538","41","5886","339","I107139324","JP","73","False","True"
"A5086298888","Doğan Gürsoy","0000-0002-3602-9433","85","27694","325","I24027795","ZA","31","True","True"
"A5057435412","Shunichi Jinnai","0000-0002-3984-8493","10","693","38","I4210145079","JP","52","False","True"
"A5036767441","Abderahman Rejeb","0000-0002-2817-5377","42","6930","128","I83579964","HU","11","True","True"
"A5022938694","Luis Barba-Guamán","0000-0002-8569-3322","12","581","60","I100205273","EC","11","False","True"
"A5078167052","Rachel Adams","0000-0003-1436-190X","12","536","73","","","22","False","False"
"A5008043924","Chao Liang","0000-0002-3498-6969","7","345","36","I125839683","CN","18","False","True"
"A5006657610","Orhan Gazi Yalçın","0000-0001-7990-6531","6","169","17","I9360294","IT","3","False","True"
"A5050366429","Cuddapah Anitha","","4","192","48","","","21","False","False"
"A5100374522","Bo Li","0000-0003-4189-6408","23","2460","306","I119203015","CN","35","False","True"
"A5027019174","Misagh Rezapour Sarabi","0000-0002-5295-5701","14","831","23","I1351752","TR","6","False","True"
"A5012656806","Tao Han","","26","2917","65","I4210100255","CN","23","False","True"
"A5039152356","Sai Sree Laya Chukkapalli","0000-0002-3663-9231","10","440","23","","","7","False","False"
"A5083691820","Sebastian R. van der Voort","0000-0002-6526-8126","15","1126","72","","","10","False","False"
"A4294890432","Waqas W. Ahmed","","0","0","1","","","1","False","False"
"A5038897346","Ting Sun","0000-0002-8747-8909","16","1533","60","I1285929390","CN","15","False","True"
"A5014329858","Mohammad Haft‐Javaherian","0000-0002-8551-5008","11","1006","37","","","15","False","False"
"A5067640436","Yuyin Zhou","0000-0003-2232-9563","34","9911","157","I185103710","US","27","False","True"
"A5048570763","Yunxin Huang","0000-0002-9522-5960","2","175","4","I170215575","CN","5","False","True"
"A5037361773","Weihua Yang","0000-0002-7629-0193","31","2888","253","I159948400","CN","27","False","True"
"A5071195601","Hasan UCUZAL","0000-0003-4870-3015","5","80","11","I20126385","TR","7","False","True"
"A5019835980","Alexey N. Beskopylny","0000-0002-6173-9365","25","2236","193","I3020615197","RU","10","True","True"
"A5085799102","Ovishake Sen","0000-0001-7727-9503","4","195","14","I33213144","US","5","False","True"
"A5090225362","Werner Rammer","0000-0001-6871-6759","48","7734","138","I62916508","DE","19","False","True"
"A5075696558","Zhiyao Xie","0000-0002-4442-592X","13","763","72","I111950717","MO","8","False","True"
"A5001164575","Omar Kaziha","","4","71","5","I29891158","AE","5","False","True"
"A5043099974","Hiroki Tanaka","0000-0002-0548-6252","20","1436","169","I199080787","JP","57","False","True"
"A5054349312","Chengcheng Gu","0000-0001-7084-8750","3","72","5","","","2","False","False"
"A5026574545","Michele Avanzo","0000-0003-1711-4242","25","2668","126","I4210128630","IT","22","False","True"
"A5070004148","Mohsen Yoosefzadeh-Najafabadi","0000-0003-3631-4493","18","1211","55","I79817857","CA","9","False","True"
"A5004303084","Federico Vernuccio","0000-0002-4281-7524","7","294","62","","","6","True","False"
"A5008996356","Abol Basher","0000-0002-6383-493X","4","157","11","I79765343","FI","35","False","True"
"A5100629181","Kevin Zhang","0000-0002-8798-2443","10","485","90","","","22","False","False"
"A5038130835","Yuhui Quan","0000-0002-2564-7703","28","3245","108","I90610280","CN","15","False","True"
"A5065882969","Colin J. Torney","0000-0003-1673-7835","22","3559","52","I7882870","GB","19","False","True"
"A5078807990","Khalied M. Albarrak","0000-0001-9224-5926","4","253","12","","","10","False","False"
"A5019781916","Fumeng Yang","0000-0002-8401-2580","9","631","49","I66946132","US","26","False","True"
"A2323056039","Fuli Feng","0000-0002-5828-9842","2","351","2","","","1","False","False"
"A5101445590","Jang Ho Lee","0000-0003-2767-3881","21","1628","85","I116631150","KR","25","False","True"
"A5000415562","Marie Hornberger","","5","257","7","","","3","False","False"
"A5032814084","Iason Gabriel","0000-0002-7552-4576","18","1951","49","","","13","False","False"
"A5075344903","Arpit Jain","0000-0003-2325-5893","32","2769","144","I875944469","IN","31","False","True"
"A5019447708","Henrique Siqueira","0000-0001-8719-5901","12","603","30","I122558511","BR","10","False","True"
"A5105369788","Srivathsan Srinivasagopalan","","7","289","19","I121820613","US","15","False","True"
"A5102808205","Akram Mustafa","0000-0003-4090-2597","4","139","7","I86467917","AU","6","False","True"
"A5082176355","Chengjia Wang","0000-0003-2345-7364","22","2412","90","I32062511","GB","13","False","True"
"A5053305095","Miranda X. Morris","0000-0002-0310-2171","6","187","15","","","4","False","False"
"A5010532675","R. Kabilan","","9","512","34","","","9","False","False"
"A5100396187","Juhyun Lee","0000-0002-3076-3266","7","416","22","","","20","False","False"
"A5100327354","Xin Zhang","0000-0001-7844-593X","24","3081","140","I17721919","CN","21","False","True"
"A5059031640","Zeliang Zhang","0000-0002-3890-5388","7","233","49","I4210163492","CN","14","False","True"
"A5054924761","Sahalu Balarabe Junaid","","4","347","4","I12789410","NG","6","False","True"
"A5053057295","Khaled Ragab","0000-0002-3707-4316","13","538","79","I110378019","US","23","False","True"
"A5042914233","Alberta Odamea Anim-Ayeko","","1","114","1","I2800387288","BE","1","False","True"
"A5075355389","Wei Xie","0000-0001-5689-2157","8","375","25","I19820366","CN","18","False","True"
"A5101675654","Yue Mu","0000-0003-4679-6393","12","564","39","I119454577","CN","22","False","True"
"A5069611537","I Nyoman Kusuma Wardana","0000-0003-2486-253X","6","262","54","","","18","False","False"
"A5044270293","Cosimo Magazzino","0000-0002-3176-9838","51","8078","372","I119003972","IT","22","True","True"
"A5100361547","Zhihao Zhang","0000-0003-3900-2305","13","617","64","I154130895","NZ","20","False","True"
"A5101057614","Jianing Sun","0009-0001-4943-6038","10","908","44","I117331123","CN","21","False","True"
"A5044714090","Praveen Kumar Donepudi","","13","497","28","","","9","False","False"
"A5057251374","M. Erdem Günay","0000-0003-1282-718X","24","1522","52","","","19","False","False"
"A5007109698","Dimitrios Papamartzivanos","0000-0002-9471-5415","11","915","28","","","12","False","False"
"A5022785715","Andri Ashfahani","0000-0002-7126-4412","10","460","41","I172675005","SG","11","False","True"
"A5015070751","Qian Xu","0000-0001-6143-9787","4","71","11","I66946132","US","14","False","True"
"A5030350857","Cedric G. Fraces","","4","94","5","I97018004","US","5","False","True"
"A5082368322","Luis Böttcher","0000-0003-1696-9206","5","61","25","I887968799","DE","6","False","True"
"A2101504288","Shu Gong","0000-0001-5661-443X","1","97","3","","","1","False","False"
"A5055061678","Guoyong Leng","0000-0001-6345-143X","57","12006","248","","","44","False","False"
"A5028336016","Ming Chen","0000-0002-1494-901X","3","38","8","I173759888","CN","4","False","True"
"A5072386817","Connor Scott","0000-0001-8737-5056","2","150","5","","","5","False","False"
"A5072442510","Daniele Roberto Giacobbe","0000-0003-2385-1759","59","13004","352","I2800167559","US","15","True","True"
"A5015598767","Benedikt Schulz","0000-0003-1367-1543","7","282","32","I40527276","DE","27","False","True"
"A5023771576","Asma Akhtar","0000-0002-2465-2033","15","825","59","I2800331022","PK","13","False","True"
"A5016855297","Mark Christopher","0000-0001-6165-6175","21","1850","108","I1281661879","US","41","False","True"
"A5067210108","Shilian Zheng","0000-0002-3089-4346","23","2104","138","I4210124847","CN","19","False","True"
"A5043205683","Weixiao Cheng","","12","1383","16","I170201317","US","9","False","True"
"A5072576687","Daniel Muthukrishna","0000-0002-5788-9280","16","1218","65","I63966007","US","10","False","True"
"A5012387260","Patrik Waldmann","0000-0003-2390-6609","24","2818","62","I98381234","FI","40","False","True"
"A5071713921","Matteo T. Degiacomi","0000-0003-4672-471X","29","3342","85","I190082696","GB","18","False","True"
"A5055369143","Mwamba Kasongo Dahouda","0000-0003-0376-683X","4","287","11","I4575257","KR","6","False","True"
"A5089963796","Tamara G. Grossmann","","2","130","6","I241749","GB","3","False","True"
"A5040232853","Kimberley M. Zorn","","26","2195","58","I4210148032","US","7","False","True"
"A5100783428","Pradeep Kumar","0000-0002-5327-9119","13","798","42","","","34","False","False"
"A5031125465","Belal Abdullah Hezam Murshed","0000-0003-2187-5044","10","330","15","I204743663","IN","5","False","True"
"A5076327562","Béni Egressy","","1","11","2","I35440088","CH","4","False","True"
"A5018410943","Ejaz Ahmad Khan","0000-0002-7072-8035","97","173693","299","I151746803","PK","56","False","True"
"A5100663938","Hao Wang","0000-0003-0090-2840","27","8789","200","I141301092","CN","66","False","True"
"A5010065346","Ayman Yafouz","0000-0002-0932-1295","7","256","9","I79156528","MY","4","False","True"
"A5102606566","Madhusundar Nelson","","3","31","6","I85461943","IN","3","False","True"
"A5101510940","Yaqian Zhai","0000-0002-8811-3426","6","248","14","I7726996","CN","26","False","True"
"A5100442307","Weiping Wang","0000-0001-5255-5639","19","1280","159","I103890011","CN","33","False","True"
"A5018517228","Cillian Harney","0000-0002-9333-3407","6","138","13","I52099693","GB","6","False","True"
"A5044206915","Tuan Anh Pham","0000-0001-9484-1916","10","567","31","","","44","False","False"
"A5102023748","Tiantian Tang","0000-0002-8596-1227","5","109","22","I41198531","CN","9","False","True"
"A5029890639","Shanshan An","0009-0003-8357-1860","15","835","91","I111599522","CN","20","False","True"
"A5026735361","Becky Allen","0000-0003-2731-917X","4","71","11","I5728261","GB","57","False","True"
"A5080711681","Ghulam Muhammad","0000-0002-9781-3969","82","22006","534","I28022161","SA","29","True","True"
"A5100779393","Cheng‐Xiang Wang","0000-0002-9729-9592","83","32662","936","I154099455","CN","27","True","True"
"A1991497178","Wen Guan","0000-0001-7349-0555","2","9","13","","","1","True","False"
"A5069869080","Laura E. McCoubrey","0000-0001-7773-6719","17","1827","35","I170897317","US","6","False","True"
"A5034508809","Defu Zhu","0000-0003-0571-0813","12","573","31","I87445476","CN","10","False","True"
"A5064837055","Alvaro Ulloa","0000-0001-8899-0026","13","1725","42","","","14","False","False"
"A5071614391","Anna Baron Garcia","","1","32","4","I84475105","US","4","False","True"
"A5029221301","Jae-Su Lee","0000-0002-9977-9274","9","575","149","","","31","False","False"
"A5008255427","Gi Bae Kim","0000-0001-7563-5551","17","2579","33","I157485424","KR","8","False","True"
"A5059837740","Iwona Foryś","0000-0002-2294-0672","11","449","145","I104588304","PL","27","False","True"
"A5081768635","Ramesh Medar","","5","281","9","","","9","False","False"
"A5001395585","Kai Chen","0000-0002-0891-3408","18","1326","233","I172980758","US","33","False","True"
"A5091557333","Luan Thanh Le","0000-0002-3850-180X","6","249","15","","","9","False","False"
"A5083214398","Didar Dadebayev","0000-0002-0662-5066","2","161","2","I4210143550","MY","1","False","True"
"A5103887085","Samuel Manoharan","","1","110","1","","","1","False","False"
"A123616983","Martin Hutzenthaler","0000-0003-0738-8717","2","114","15","","","1","True","False"
"A5024257250","Yuhang Yao","0000-0002-7045-0002","7","110","34","I181326427","CN","9","False","True"
"A5100762318","Meng Ma","0000-0003-2637-2788","17","2104","57","I150229711","CN","13","False","True"
"A5039186401","István Szabadföldi","","1","53","2","","","3","False","False"
"A5021585263","Sangeetha Rajesh","0000-0002-5410-7976","5","111","12","","","10","False","False"
"A5056670177","Małgorzata Chmiel","0000-0002-5573-9801","16","881","67","I1294671590","FR","16","False","True"
"A5035967298","Benjamin Staar","0000-0001-8781-7790","4","226","13","I180437899","DE","7","False","True"
"A5075440280","Franklin Oliveira","0000-0003-4285-0006","6","218","14","I169248161","BR","7","False","True"
"A5017078328","Takeshi Okanoue","0000-0002-2390-3400","72","22636","612","I4210125884","JP","50","True","True"
"A5036203178","G. Molas","0000-0002-7345-4164","31","3034","249","I4210160381","IL","26","False","True"
"A5081456414","Abhinav K. Jha","0000-0002-4795-4878","25","1890","210","I204465549","US","29","False","True"
"A5101573456","Bin Yang","0000-0002-1170-4105","13","1040","76","I4210117818","CN","19","False","True"
"A5013456803","Nicola Lepri","0000-0001-7602-4058","7","293","19","I93860229","IT","4","False","True"
"A5019495207","Nur Anis Jasmin Sufri","0000-0001-7170-2139","7","192","16","","","9","False","False"
"A5103919667","Varsha Prakash","","6","312","18","","","6","False","False"
"A5005483761","Vaughn Peter Golding","","1","109","1","I185523456","AU","1","False","True"
"A5101814676","Kevin Yang","0000-0001-7221-6642","14","4632","40","I103635307","US","14","False","True"
"A5009560003","Zenan Li","0000-0003-2432-1776","12","444","45","I3045169105","CN","7","False","True"
"A5023627152","Jiahao Ji","0000-0003-3029-2262","9","470","39","I139024713","CN","7","False","True"
"A5004597541","Cuibi Yang","","3","121","3","I50180762","CN","3","False","True"
"A5014176305","Sutong Wang","0000-0001-6603-6047","16","838","35","","","10","False","False"
"A5067771095","Xinge Guo","0000-0001-5468-3060","21","3006","57","I165932596","SG","14","False","True"
"A5051252856","Pushkara Sharma","","1","157","1","I191972202","IN","1","False","True"
"A5024849889","Prabhat Kumar","0000-0002-0723-0752","35","4489","112","I51317819","IN","18","False","True"
"A5021322363","Oona Voican","","2","74","3","I3141673221","RO","2","False","True"
"A5103128408","Konstantina Fotiadou","0000-0002-2073-7961","4","108","4","I4210141508","GR","2","False","True"
"A5102014634","Jie Jiang","0009-0007-3377-3033","13","582","99","I3923682","CN","32","False","True"
"A5100751566","Huan Wang","0000-0002-1403-5314","38","7021","379","I114539943","CN","25","True","True"
"A5039664224","Munetoshi Akazawa","0000-0003-3378-8546","9","471","37","I4210134991","JP","27","False","True"
"A5039154483","Jeremy Irvin","0000-0002-0395-4403","19","6470","117","I97018004","US","47","False","True"
"A5027219543","Urchade Zaratiana","","5","102","20","","","3","False","False"
"A5004877503","Eman Mohamed Helmy","0000-0001-5616-0693","8","288","24","","","36","False","False"
"A5081077567","Byung Kwan Oh","0000-0002-7422-2947","27","2020","94","I193775966","KR","58","False","True"
"A5030625154","Lü Liang","0000-0002-9892-8346","37","11122","265","I27781120","CN","43","False","True"
"A5001528577","Federico Millo","0000-0002-3540-5564","32","3749","248","I177477856","IT","33","False","True"
"A5002791705","Thomas Lancaster","0000-0002-1534-7547","21","1806","81","","","98","False","False"
"A5108927550","K. Amulya","","2","48","9","","","20","False","False"
"A5012290807","Sparsh Mittal","0000-0002-2908-993X","38","6820","214","I154851008","IN","41","False","True"
"A5064398430","Saman Ebadi","0000-0001-8623-7751","20","1919","117","I1187138","IR","27","False","True"
"A5037198581","Tsitsi Bangira","0000-0002-0435-9518","9","373","20","I95023434","ZA","13","False","True"
"A5029922753","Dushyant Kaushik","","9","311","16","I56308077","IN","4","False","True"
"A5100397623","Yang Yang","0000-0002-5245-3584","25","1366","104","I139759216","CN","17","False","True"
"A5035676619","Maria Teresa Gaudio","0000-0003-1057-4836","4","391","11","I45204951","IT","4","False","True"
"A5056598952","Felix Fent","0000-0002-8857-1275","8","261","21","","","7","False","False"
"A5016193621","Ling-Wei Kong","0000-0002-8921-1642","12","510","33","I55732556","US","9","False","True"
"A5068245641","Imtiaz Ahmed Shozib","0000-0001-8562-9569","9","324","17","I155173764","US","5","False","True"
"A5028810282","Ganjar Alfian","0000-0002-3273-1452","22","2603","69","","","13","False","False"
"A5069610261","Zhen-Zhu Su","","18","1216","40","I76130692","CN","17","False","True"
"A5101565106","Meng Xiao","0000-0001-5294-5776","11","538","68","I19820366","CN","26","False","True"
"A5043933421","Ted M. Clark","0000-0002-8366-3816","17","1104","49","I52357470","US","54","False","True"
"A5113195823","Z. B. M. D. Shah","","1","1659","2","I4210143550","MY","1","False","True"
"A5053850290","Liangbin Zhao","0000-0002-0088-8711","10","688","19","","","8","False","False"
"A5007882599","Sam Gelman","0000-0001-9537-0976","3","204","5","I135310074","US","9","False","True"
"A5100717078","Ruikun Wang","0000-0002-9139-6439","9","246","41","I139759216","CN","23","False","True"
"A5033143881","Ernin Niswatul Ukhwah","","1","95","1","I166843116","ID","1","False","True"
"A5100352041","Jiajun Li","0000-0002-7208-9345","19","1447","118","I125839683","CN","25","False","True"
"A5077388182","Andrzej Brodzicki","0000-0001-7713-526X","7","394","15","","","6","False","False"
"A5059904306","John Lagergren","0000-0002-8092-7433","8","280","40","I1289243028","US","135","False","True"
"A5079866727","Muhammad Asad","0000-0002-1663-7837","11","781","42","I166337079","GB","20","False","True"
"A5042295346","Chenquan Gan","0000-0002-0453-5630","26","2532","95","I10535382","CN","14","False","True"
"A5041175834","Nigam H. Shah","0000-0001-9385-7158","78","28064","552","I1743320","US","33","True","True"
"A5102377990","Shen Lin","","8","247","25","I1302978242","GB","32","False","True"
"A5070353990","Shanghua Gao","0000-0002-7055-2703","16","4488","34","I205237279","CN","6","False","True"
"A5052848521","Ali Hadi Abdulwahid","0000-0002-3807-0771","9","222","27","","","10","False","False"
"A5101581498","Ali Muzaffar","0000-0003-2560-8381","3","84","11","","","11","False","False"
"A5044560475","Chensu Zhao","0000-0001-7401-6310","6","248","13","","","17","False","False"
"A5101069721","Suma V.","","2","132","4","","","2","False","False"
"A5063739673","Uğur Algancı","0000-0002-5693-3614","17","1131","73","I48912391","TR","19","False","True"
"A5068961536","Zhaxylyk A. Kudyshev","0000-0002-6955-0890","22","2929","135","I219193219","US","273","False","True"
"A5088224232","Liang-Jian Deng","0000-0003-3178-9772","37","4757","199","I150229711","CN","14","True","True"
"A5083738296","Ville Vakkuri","0000-0002-1550-1110","10","436","40","I79765343","FI","8","False","True"
"A5102771085","Wonjun Kim","0000-0002-2439-7802","16","817","50","I48566637","KR","18","False","True"
"A5049774137","Bakhtiar Feizizadeh","0000-0002-3367-2925","41","5548","144","I192389796","US","15","False","True"
"A5056580249","Jian Huang","0000-0002-1955-4316","12","1179","37","I3923682","CN","25","False","True"
"A5083413004","Dang Thi Phuong Chung","","1","50","1","I196355604","RU","1","False","True"
"A5089713346","Mohsen Shahhosseini","0000-0001-9588-1143","6","468","9","I173911158","US","8","False","True"
"A5047409248","Hamza Sharif","","4","111","4","I4210133438","PK","3","False","True"
"A5049073912","Jung-Chieh Lee","0000-0001-7605-6463","14","615","26","I12615008","CN","10","False","True"
"A5101458806","Wenyong Zhu","0000-0001-5671-7420","4","437","6","I9842412","CN","6","False","True"
"A5041224976","Yuebing Liang","0000-0003-2089-4606","9","395","33","","","5","False","False"
"A5050534151","Subrata K. Das","0000-0002-7280-5751","21","1268","101","I130769515","US","39","False","True"
"A5041689212","Rana Ali Amjad","0000-0002-0007-4697","11","524","49","","","14","False","False"
"A5042194412","Bernd Carsten Stahl","0000-0002-4058-4456","53","11493","393","I142263535","GB","102","False","True"
"A5101726012","Md Imran Hasan","0000-0002-1811-3471","9","275","22","I1335518801","US","11","False","True"
"A5004628922","Ikedinachi Ayodele Power Wogu","0000-0001-9050-8817","7","258","54","I3133127056","NG","17","False","True"
"A5043655027","KH Teoh","","2","128","5","I4210144008","SG","15","False","True"
"A5075000226","Marzieh Moosavi‐Nasab","0000-0002-3265-5226","32","2657","116","I166459259","IR","22","False","True"
"A5012880794","Biagio La Rosa","0000-0002-4071-170X","5","103","10","","","5","False","False"
"A5081869164","Linglong Dai","0000-0002-4250-7315","79","27171","453","I2802624667","CN","18","True","True"
"A5039496825","Adrian Rodrigues","0000-0002-9371-1623","13","528","70","I136199984","US","8","False","True"
"A5044185375","Reza Arablouei","0000-0002-6932-2900","20","1509","149","I1292875679","AU","24","False","True"
"A5053465205","Xijun Wang","0000-0001-9155-7653","43","7294","220","I111979921","US","28","False","True"
"A5038377963","Adriana Albu","0000-0003-1579-6163","11","595","96","","","52","False","False"
"A5012185555","Buo‐Fu Chen","","12","447","32","I16733864","TW","14","False","True"
"A5053236926","Anirban Sinha","0000-0002-7122-3549","7","257","22","","","9","False","False"
"A5042485781","Eren Unlu","","5","249","16","","","7","False","False"
"A5030262090","Dominik Beinert","0000-0002-2396-4350","1","17","2","I4210159473","DE","3","False","True"
"A2015275306","Zhaxylyk A. Kudyshev","0000-0002-6955-0890","2","428","4","","","1","False","False"
"A5100426814","Jiaying Wang","0000-0002-7940-7801","10","380","80","I4210089285","CN","28","False","True"
"A5081508627","Shisheng Hu","0009-0004-4483-6958","9","469","34","I151746483","CA","8","False","True"
"A5054407193","Mona Soliman","0000-0003-0033-7896","20","1661","148","I145487455","EG","57","False","True"
"A5017797877","Safi Ullah","0000-0002-9973-640X","7","368","15","","","4","False","False"
"A2620791865","Bohayra Mortazavi","0000-0003-3031-5057","5","257","13","","","1","True","False"
"A5061046364","Ahmet Çınar","0000-0001-5528-2226","23","1995","122","I143396566","TR","50","False","True"
"A5004247836","Rachel Cook","0000-0003-0550-2774","10","437","21","I1321296531","US","58","False","True"
"A5051925942","Fuli Feng","0000-0002-5828-9842","45","8372","336","I126520041","CN","31","True","True"
"A5100407536","Dong Li","0000-0003-4766-3808","18","1026","151","I158842170","CN","35","False","True"
"A5012816509","Husam A. H. Al-Najjar","0000-0001-9493-5517","13","1146","35","I114017466","AU","8","False","True"
"A5048373589","Yuekuan Zhou","0000-0003-2038-0314","46","5513","147","I200769079","HK","14","True","True"
"A5100353027","Zilong Zhuang","0000-0002-4889-9882","10","408","19","I2250955327","CN","9","False","True"
"A5036351547","Biswajit Jena","0000-0003-2221-6526","11","713","39","","","12","False","False"
"A5069043595","Sadman Sakib","0000-0003-1922-7531","12","530","32","I75447333","BD","7","False","True"
"A5101646892","Huan Lei","0000-0002-2945-8934","8","672","24","I5681781","AU","14","False","True"
"A5001740265","Yue‐Shan Chang","0000-0002-6565-8132","19","1706","132","","","27","False","False"
"A5050664628","Muhammad Turki Alshurideh","0000-0002-7336-381X","68","15686","462","I29891158","AE","18","True","True"
"A5089237787","Nicholas Fiorentini","0000-0002-8769-8610","9","473","24","I108290504","IT","7","False","True"
"A5019793888","Kingsley John","0000-0003-2934-5670","20","1062","73","I129902397","CA","36","False","True"
"A5035537504","Sifan Li","0000-0001-8962-4677","20","1840","86","I153374732","CN","37","False","True"
"A5101665089","Amirhossein Sanaat","0000-0001-8437-2060","20","1398","80","I4210106256","CH","7","True","True"
"A5014129185","Nasibeh Saffari","0000-0003-0054-7631","2","91","3","I55952717","ES","4","False","True"
"A5062068385","Ali El Bilali","0000-0002-5744-3086","16","1062","39","","","6","False","False"
"A5022383517","Jorge Patricio Chuya Sumba","0000-0002-7142-5028","4","105","6","I98461037","MX","11","False","True"
"A5073586335","Uddagiri Sirisha","0000-0003-2998-3402","8","416","21","","","4","False","False"
"A5015739274","Marek Wodziński","0000-0002-8076-6246","17","1200","121","I126596746","PL","52","False","True"
"A5018093162","Pietro Barbiero","0000-0003-3155-2564","12","664","94","I57201433","CH","9","True","True"
"A5081288562","Bichitrananda Behera","0000-0002-9362-7691","4","88","12","I4210125057","IN","7","False","True"
"A5090050749","Gizem Tanriver","0000-0002-0195-5672","6","269","9","I2800129641","GB","9","False","True"
"A5079293543","Mohammad Daradkeh","0000-0003-2693-7363","16","796","75","","","15","False","False"
"A5037122155","Pratyush Singh","0000-0002-1818-9724","9","299","66","I56404289","IN","55","False","True"
"A5003141310","Alfred P. Yoon","0000-0003-3908-4865","18","993","58","","","29","False","False"
"A5064140321","Min Huang","0000-0002-2107-9227","38","5456","275","I102345215","CN","42","False","True"
"A5004602106","Jinsu Lee","0000-0003-2495-029X","22","1739","106","I157485424","KR","31","False","True"
"A5100332720","Nan Wang","0000-0001-8786-7923","11","579","79","I139024713","CN","24","False","True"
"A5016092973","Awet Fesseha","0000-0001-7127-6256","4","123","6","I196699116","CN","7","False","True"
"A5086323167","Jinglun Yu","0000-0001-9541-5943","6","263","24","I145311948","US","7","False","True"
"A5101818439","Ajay Vikram Singh","0000-0003-2657-7935","7","443","17","I2801133538","DE","11","False","True"
"A5003038545","Migran N. Gevorkyan","0000-0002-4834-4895","6","169","44","","","18","False","False"
"A5039874680","Shahab Ahmad","","5","168","7","","","10","False","False"
"A5044568428","Sebastian Avalos","0000-0002-2521-6727","6","111","14","I204722609","CA","5","False","True"
"A5112859568","Zhichao Shi","0000-0002-1005-7372","6","161","17","","","12","False","False"
"A5100731237","Ge Liu","","31","3236","187","I129634264","JP","24","False","True"
"A5083417541","Yanxin Wang","0000-0002-4105-7172","35","3554","231","I132369690","CN","29","False","True"
"A5037102944","Gao Fan","0000-0003-0656-6382","12","857","62","I37987034","CN","36","False","True"
"A5062459408","Pragya Chaturvedi","0000-0003-4283-3249","6","176","22","I114724429","IN","12","False","True"
"A5058040415","Hui Xue","0000-0002-4561-5530","40","5313","244","I1290206253","US","41","False","True"
"A5103228866","Shilin Zhu","0009-0005-2928-9113","19","4828","62","I4210135807","CN","32","False","True"
"A5080066973","Iveta Dirgová Ľuptáková","0000-0002-8234-9040","7","322","28","I4210157357","SK","12","False","True"
"A5064230075","James E. Dobson","0000-0001-8357-7240","12","442","45","I107672454","US","26","False","True"
"A5071859028","Jacob Townsend","","13","1098","27","I2802706902","US","14","False","True"
"A5073170564","Berihun Mamo Negash","0000-0002-2208-8504","24","1940","101","I203899302","MY","11","False","True"
"A5023506097","Saurabh Verma","0000-0003-1489-1871","22","2079","163","I1301041018","JP","25","False","True"
"A5068500110","Hyogu Jeong","0000-0002-9560-8048","10","425","25","I4210088792","US","4","False","True"
"A5078071533","Sutanu Bhowmick","0000-0001-9350-4803","9","1031","18","","","12","False","False"
"A5004255819","Amlu Anna Joshy","0000-0001-9248-2841","5","212","7","I3129367976","IN","6","False","True"
"A5063971301","Pavlos Kotidis","0000-0002-1384-5606","11","465","31","","","42","False","False"
"A5005427131","Ritika Chopra","0000-0003-1055-6283","18","2000","52","I2800301432","IN","26","False","True"
"A5061632677","Muhammad Al‐Qurishi","0000-0002-7594-7325","19","1317","58","","","12","False","False"
"A5061304518","Chenhan Zhang","0000-0002-2352-0485","15","877","63","I114017466","AU","9","False","True"
"A5069383358","Sidra Abbas","0009-0001-0117-4390","9","302","56","I16076960","PK","17","False","True"
"A5060896321","Krishna Kumar","0000-0003-2144-5562","23","1798","144","I86519309","US","43","False","True"
"A5103265695","Jaskaran Singh","0000-0002-0333-5354","24","3413","63","","","32","False","False"
"A5030881656","Henk A. Dijkstra","0000-0001-5817-7675","60","14105","903","I169381384","NL","42","True","True"
"A5100428541","Hongyi Chen","0000-0001-8241-6648","17","1035","107","I118574674","CN","39","False","True"
"A5049507437","Salim Lahmiri","0000-0002-9237-4100","41","5623","203","I4210161322","MA","15","True","True"
"A5070952629","Xiong Luo","0000-0002-1929-8447","38","5695","350","I123387679","SE","29","True","True"
"A5003896144","Niels van Berkel","0000-0001-5106-7692","28","3131","231","I891191580","DK","13","True","True"
"A5047086073","Azizjon Meliboev","0000-0003-2742-0059","5","289","11","I4210124473","UZ","6","False","True"
"A5054924244","David Gibson","0000-0003-1053-4690","29","3869","193","I205640436","AU","52","False","True"
"A5063783573","Raphael Korbmacher","0000-0003-1964-639X","4","171","21","I167360494","DE","4","False","True"
"A5085625759","Anran Jiao","0009-0007-6084-110X","9","561","20","I32971472","US","9","False","True"
"A5045231761","Ahmet Demir","0000-0003-2319-4592","4","252","9","I51209816","TR","6","False","True"
"A5024049096","Arnau Badia-Sampera","","3","66","3","","","4","False","False"
"A5032995869","Tarutal Ghosh Mondal","0000-0003-2091-7046","11","475","36","","","12","False","False"
"A5032664719","Michael Fromm","0000-0002-7244-4191","7","178","19","I8204097","DE","27","False","True"
"A5011131828","Ahmed Salem Musallam","0000-0002-0206-3465","2","193","2","I1355163","EG","1","False","True"
"A5017431369","Gyeongcheol Cho","0000-0002-9237-0388","15","1151","41","I52357470","US","9","False","True"
"A2107559914","Dan Nguyen","0000-0001-7025-4442","1","241","16","","","1","True","False"
"A5055097179","Jia-Rong Xiao","","1","103","1","I125934054","TW","1","False","True"
"A5070491283","Zheng Li","0000-0001-5281-8101","44","8146","195","I121296143","CN","25","False","True"
"A5091906979","Rajat Garg","0000-0001-7000-1795","6","198","15","","","17","False","False"
"A5037747960","Gaurav Gopal Naik","0000-0001-5234-0021","9","282","24","I169877490","IN","14","False","True"
"A5110301677","Seongha Park","","10","295","51","I1282105669","US","38","False","True"
"A5060965811","Sonal Jathe","","1","44","2","","","4","False","False"
"A5042175903","Wei Chen","0000-0003-4222-964X","26","2059","115","I110262843","CN","20","False","True"
"A5100637082","Xiaofan Li","0000-0002-6687-5569","19","1295","175","I159948400","CN","33","False","True"
"A5059187910","Astha Baranwal","","3","115","3","I876193797","IN","4","False","True"
"A5015130765","Simone A. Ludwig","0000-0002-8419-0192","25","2844","173","I57328836","US","45","False","True"
"A5008581924","Haodong Xu","0000-0003-2086-3893","39","4566","144","I139660479","CN","42","False","True"
"A5005569209","Murali Kannan Maruthamuthu","0000-0001-9419-1925","17","846","45","I114027177","US","20","False","True"
"A5037035350","João Caldeira","0000-0002-5975-7230","7","270","31","","","19","False","False"
"A5002380526","M. Somasundaram","0009-0004-6305-146X","10","520","46","","","35","False","False"
"A5102017680","Hao Chen","0000-0003-3951-9347","7","261","10","I1297991670","CN","22","False","True"
"A5066602975","Yang Xu","0000-0002-8394-9224","25","3000","90","I158809036","CN","17","False","True"
"A5043774038","Sunday Olakunle Idowu","0000-0002-6590-2895","16","729","66","I181631907","NG","39","False","True"
"A5086113297","Lili Zhao","0000-0002-6366-8206","65","18036","855","I111979921","US","32","True","True"
"A5100392856","Bin Zhang","0000-0002-6286-6227","63","18370","1090","I111979921","US","44","True","True"
"A5043278328","Seyed Reza Shahamiri","0000-0003-1543-5931","18","1316","58","I154130895","NZ","17","False","True"
"A5028665472","Tran Anh Khoa","0000-0003-4649-8417","10","700","49","I141445968","VN","13","False","True"
"A5086494781","Heba-Allah Ibrahim El-Azab","0000-0002-7823-5112","5","76","8","I107720978","EG","8","False","True"
"A2158570862","Yuming Jiang","0000-0001-6184-3931","2","334","47","","","1","True","False"
"A5036098152","Mary E. Emenike","0000-0002-5739-7024","8","328","20","","","14","False","False"
"A5014136163","Ahmet F. Budak","0000-0003-2929-6610","7","228","13","I117023288","US","4","False","True"
"A5072424728","Álvaro López García","0000-0002-0013-4602","14","7015","144","I134820265","ES","37","False","True"
"A5079620701","Jiankang Wang","0000-0002-7731-4548","36","6286","246","I102208913","CN","23","True","True"
"A5081654668","Alexander Heinlein","0000-0003-1578-8104","15","683","113","I98358874","NL","16","False","True"
"A5063684599","Tsz Wai Ko","0000-0002-0802-9559","8","824","27","I2803209242","US","8","False","True"
"A5006736374","Shahrzad Nikoobakht","","3","146","4","I112536369","IR","7","False","True"
"A5010297275","Yuchen Weng","0000-0002-7293-7543","3","129","3","I4210094879","CN","2","False","True"
"A5113681241","Khalid Masood","","13","957","39","I4210105419","PK","42","False","True"
"A5060434540","Simon Chesterman","0000-0002-3599-4573","31","3587","347","","","169","False","False"
"A5033512312","Tabinda Sarwar","0000-0001-7313-5350","9","585","29","","","13","False","False"
"A5100392071","W. F. Mader","0000-0002-7344-998X","134","96781","2557","I108160477","CN","156","True","True"
"A5068328558","C. Vennila","","9","273","72","I15517640","IN","19","False","True"
"A5101895192","Shashank Singh","0000-0002-7305-673X","18","901","77","I145286018","IN","15","False","True"
"A5045868082","Raphael Sulzer","0000-0003-1707-7621","4","55","14","I1326498283","FR","4","False","True"
"A5100779186","Jinwoo Cho","0000-0002-6744-8219","5","139","20","I80611190","KR","23","False","True"
"A5100688756","Fan Jiang","0000-0002-8636-6868","6","337","24","","","28","False","False"
"A5007776562","Sandeep Pandey","0000-0002-1858-1734","13","677","34","I119449181","DE","47","False","True"
"A5113895980","Juliane Müller","","17","1301","52","I1297288678","US","33","False","True"
"A5071633988","Seunghyeon Kim","0000-0001-6515-2679","20","1900","129","I139264467","KR","24","False","True"
"A5110804154","Alexey G. Okunev","","12","350","24","I188973947","RU","21","False","True"
"A5022791740","Hongjing Ji","0000-0003-4674-5780","3","124","4","I27357992","CN","5","False","True"
"A5001498655","Dhatri Raval","","4","71","10","","","11","False","False"
"A5034636034","Evgin Göçeri","0000-0002-2329-4107","32","2399","62","","","20","False","False"
"A5047401370","Mohsin Munir","0000-0001-7818-0361","11","998","34","","","19","False","False"
"A5042576093","Gabriele Valvano","0000-0002-4764-2997","7","238","25","","","8","False","False"
"A5082955665","Vladimir Khryashchev","0000-0003-2978-2459","10","415","71","","","21","False","False"
"A5102837743","Shuangchen Li","0009-0003-6986-0463","26","4021","75","","","16","False","False"
"A5018395413","Akara Supratak","0000-0002-6739-7642","11","2058","36","I180437899","DE","12","False","True"
"A5012039576","C. Venkateswaran","0000-0001-5627-1801","24","2091","167","","","33","False","False"
"A5046288545","Samuel K. Kwofie","","21","1664","98","I138690464","GH","21","False","True"
"A5044028771","Tiago Koketsu Rodrigues","0000-0003-0881-3818","19","1660","38","I201537933","JP","10","False","True"
"A5005908452","Song Zhang","0000-0001-8452-4837","66","17522","464","I130769515","US","26","True","True"
"A5006632104","Kolla Bhanu Prakash","0000-0002-7955-2777","19","1868","162","I875944469","IN","31","False","True"
"A5087841374","Md Asif Iqbal","0000-0001-7267-5865","20","1912","188","I24057909","BD","49","False","True"
"A5073125809","Andrzej Rusiecki","0000-0003-2239-1076","12","465","60","I11923345","PL","21","False","True"
"A5100628356","Dae-Hyun Jung","0000-0002-9826-2695","20","1288","121","I110273157","KR","25","False","True"
"A5025084817","Shenghang Fan","","1","22","1","I1284762954","CN","1","False","True"
"A5076069500","Pedro J. Freire","0000-0003-3145-1018","13","844","90","I121345201","PT","27","False","True"
"A5087648738","Babak Rokh","0000-0003-2481-5362","2","126","2","I99861883","IR","2","False","True"
"A2109928721","Liwei Song","0000-0001-9587-6571","1","154","26","","","1","True","False"
"A5062497903","Sudipto Datta","0000-0003-2161-6878","19","1978","150","I4210123842","QA","95","False","True"
"A5104236855","Sumod Sundar","","8","213","24","","","18","False","False"
"A5101793268","Chao Guo","0000-0003-3264-8947","6","172","17","I153473198","CN","19","False","True"
"A5072952285","Terufumi Kokabu","","13","408","27","I205349734","JP","11","False","True"
"A5060261472","Ahmed Abdulaal","0000-0002-3536-4803","7","325","19","","","7","False","False"
"A5029739727","Matthew J. Muckley","0000-0002-6525-8817","13","2047","47","","","16","False","False"
"A5081918247","Meduri Venkata Shivaditya","","2","19","3","I1294671590","FR","1","False","True"
"A5004408998","Qiang Lai","0000-0002-7703-9793","40","5010","178","I13985625","CN","13","True","True"
"A5064513856","Azeez A. Oyedele","0000-0002-7987-4709","4","151","7","","","10","False","False"
"A2761202076","Boris Karanov","0000-0003-1657-8109","1","94","3","","","1","False","False"
"A5100784416","Yanfen Li","0000-0002-7777-7518","23","2241","77","I4210110925","CN","17","False","True"
"A5053992242","Xuexiang Xu","0000-0002-8846-5544","1","124","1","I881766915","CN","1","False","True"
"A5078168796","Violetta Giada Cannas","0000-0002-8565-2109","10","452","25","","","10","False","False"
"A5069689023","Muneer Al-Hammadi","0000-0001-8174-5888","14","1443","19","","","13","False","False"
"A5100403019","Min Zhang","0009-0000-9716-7664","11","547","39","I117532281","CN","24","False","True"
"A5002148892","Zhaoqiu Lyu","","5","147","5","I158842170","CN","3","False","True"
"A5032804742","Lepeng Chen","","6","997","20","I17145004","CN","10","False","True"
"A5076329397","Zachary S. Ballard","0000-0002-2831-1930","17","1348","46","","","13","False","False"
"A5101508786","Anton Anton","0000-0001-5249-2500","10","372","203","I4210159459","ID","197","False","True"
"A5079243420","Petros Maragos","0000-0003-0534-2707","50","11327","488","I174458059","GR","42","True","True"
"A5100610530","Shi Li","0000-0002-2982-4332","20","2223","116","I108688024","CN","26","False","True"
"A5087072961","Abdul Basit","0000-0002-0092-6853","6","201","18","I1323252656","PK","5","False","True"
"A5043107020","Mohammed Alghamdi","0000-0002-9794-554X","24","2664","298","I199693650","SA","28","True","True"
"A5007396700","Mouna M. Al Saad","","1","44","1","I114972647","JO","1","False","True"
"A5021231368","Łukasz Zadrożny","0000-0003-1520-0243","8","289","32","I268303160","PL","13","False","True"
"A5024991156","Sakineh Fotouhi","","11","421","35","I178535277","GB","19","False","True"
"A5061934492","Cheuk Hei Chan","","7","292","18","I14243506","HK","4","False","True"
"A5031906865","Leiming Fu","","4","86","10","I11849452","CN","8","False","True"
"A5016887398","Huang Xiao-yang","","3","111","15","I41317344","CN","22","False","True"
"A5068090587","Liz Stokes","0000-0001-7939-3078","7","309","20","","","14","False","False"
"A5058282223","Tongya Zheng","0000-0003-1190-9773","8","174","45","I4210096345","BD","7","False","True"
"A5029225100","Sang-Yeong Cho","","2","91","3","I174101054","KR","3","False","True"
"A5051713264","Yuxin Guo","0000-0003-1913-014X","4","65","6","","","4","False","False"
"A5041205204","Vera Schroeder","0000-0002-6255-4418","7","1460","8","I63966007","US","5","False","True"
"A5101880272","Stefan Schulz","0000-0002-1638-1093","7","535","39","I197323543","DE","51","False","True"
"A5065003504","Nikhil Shah","","2","364","3","","","4","False","False"
"A5021301796","Vladimir Porokhin","0000-0003-3291-642X","4","146","14","I121934306","US","9","False","True"
"A5043717671","Shudong Li","0000-0001-6381-1984","25","2076","145","I37987034","CN","39","False","True"
"A5054067088","Min Yang","0000-0003-3814-2728","27","2583","184","I134687103","CN","21","False","True"
"A5067586202","Alyson Gamble","","8","2615","28","I179245896","US","35","False","True"
"A5079532711","Nobuaki Kimura","0000-0001-7399-987X","12","688","43","","","26","False","False"
"A5029636863","Michelle Sapitang","0000-0002-1292-6404","7","545","8","I79156528","MY","5","False","True"
"A5008808988","Muhammad Adeel Azam","0000-0001-9226-1838","8","633","26","I84218800","US","6","False","True"
"A5077492293","Ramesh C. Sharma","0000-0002-1371-1157","21","3148","203","I4210090935","IN","56","False","True"
"A5076142274","Vishwas Dohale","0000-0002-7895-3309","16","766","30","I42934936","IE","7","False","True"
"A5006436697","Zaiwar Ali","0000-0003-3862-8066","7","296","24","I5400463","PK","10","False","True"
"A5083527848","Everton Castel�ão Tetila","0000-0001-5396-766X","9","915","35","","","15","False","False"
"A5053451655","G. Suganthi","","7","307","29","","","18","False","False"
"A5068798625","Jarosław Bilski","0000-0003-1769-3934","16","766","42","I130294970","PL","28","False","True"
"A5083566951","Côme Huré","0000-0002-8196-7445","8","459","14","I169173203","FR","6","False","True"
"A5085507659","Steven N. Hart","0000-0001-7714-2734","54","13699","329","I1330342723","US","37","False","True"
"A5013420464","Simon Meyer Lauritsen","0000-0001-8823-5047","7","692","20","","","10","False","False"
"A5021510296","Ranjeet Vasant Bidwe","0000-0002-6801-3102","8","191","44","I244572783","IN","13","False","True"
"A5023912831","Travis Williams","0000-0003-3345-0086","6","874","18","I155781252","US","64","False","True"
"A5015470246","Hailu Shiferaw","0000-0002-3697-083X","14","1307","27","I26092322","ZA","22","False","True"
"A5001120668","Jan Ga̧sienica-Józkowy","","2","87","3","I686019","PL","4","False","True"
"A2538296401","Jiachen Zhong","0000-0002-0258-5300","1","111","1","","","1","False","False"
"A5100396039","Peng Wang","0000-0002-5397-9115","37","6385","308","I102345215","CN","25","True","True"
"A5027621087","Umut Demirhan","0000-0002-9099-7590","11","622","30","I55732556","US","8","False","True"
"A5101929786","Seong-Kyu Kim","","10","574","27","I118373667","KR","19","False","True"
"A5091476431","Nourah Fahad Janbi","0000-0001-7330-1566","6","223","18","I4210099699","SA","9","False","True"
"A5082350538","Aditya Chidepatil","0000-0003-3090-9146","3","185","4","","","2","False","False"
"A5100639866","Jinsong Wang","0000-0002-1010-6699","47","7326","407","I106645853","CN","38","True","True"
"A5043740315","Uzma Naqvi","0000-0002-2594-6009","3","95","4","","","9","False","False"
"A5087062218","Aliaksei Mazheika","0000-0002-4705-1804","12","1035","35","I4577782","DE","18","False","True"
"A5071669279","Naércio Magaia","0000-0002-6613-1666","17","709","44","I162608824","GB","15","False","True"
"A5091100335","Brian R. Jackson","0000-0001-7902-3990","15","897","74","I223532165","US","47","False","True"
"A5020416270","Jiang Xin","0000-0003-3727-1288","13","907","181","I105086349","CN","37","False","True"
"A5040093215","Jon McCormack","0000-0001-6328-5064","25","1927","156","I2801239119","AU","42","False","True"
"A5084039498","Cai Feng","0000-0001-5369-0410","11","446","102","I177739611","CN","26","False","True"
"A5100323550","Hui Zhang","0000-0003-2989-7547","20","2337","142","I194450716","CN","38","False","True"
"A5093132131","Jeyabharathy Sadaiyandi","","1","37","1","I131155284","IN","1","False","True"
"A5074525572","Mateus Espadoto","0000-0002-1922-4309","11","565","35","I17974374","BR","7","False","True"
"A5083053959","Aditya Kuppa","0000-0002-6855-6334","8","492","18","I100930933","IE","6","False","True"
"A5042021806","Francesco Musumeci","0000-0002-3617-5916","34","4996","293","I4210095143","IT","27","True","True"
"A5030239745","Guixiang Zhu","0000-0002-3773-4097","18","672","58","I137056471","CN","24","False","True"
"A5004485173","Giorgia Lorenzini","0000-0002-9155-4724","6","276","16","I1850255","CH","17","False","True"
"A5030245698","Anu Iyer","0000-0003-2418-7271","3","78","7","I130701444","US","5","False","True"
"A5100719254","Wei Chen","0000-0002-5825-1422","80","18628","270","I110440473","CN","52","False","True"
"A5072877355","Emanuele Rondonotti","0000-0001-5013-0514","48","9741","336","I4210160583","IT","26","True","True"
"A5017170450","Yuxia Wang","","1","31","2","I4210151294","CN","7","False","True"
"A2522283275","Ameya D. Jagtap","0000-0002-8831-1000","1","196","1","","","1","False","False"
"A5100356496","Yangyang Li","0000-0002-1328-8889","32","4059","285","I1327237609","CN","21","True","True"
"A5101744056","Xujiao Gao","0000-0002-3861-7052","10","397","121","I143868143","CN","24","False","True"
"A5100415954","Shuang Li","0000-0003-1910-7812","31","3633","141","I125839683","CN","20","False","True"
"A5009282836","Muhammad Adnan Khan","0000-0003-4854-9935","59","11660","393","I118185606","PK","37","True","True"
"A5065798206","Ruxin Wang","0000-0003-4772-3284","23","1909","126","I141649914","CN","24","False","True"
"A5014610193","Bibars Al Haj Bara","0009-0001-0449-842X","1","10","2","I212220629","RU","2","False","True"
"A5101893786","Juan Silva","0000-0003-4337-6908","4","152","8","","","18","False","False"
"A5002426346","Freddy Lécué","0000-0003-2763-7856","29","3031","174","I1326498283","FR","21","False","True"
"A5106355310","Tao Wang","0000-0002-8095-2479","3","81","4","I183067930","CN","6","False","True"
"A5101867967","Shuai Liu","0000-0002-0454-1096","6","186","23","I184843921","CN","42","False","True"
"A5078522162","Wan Nie","0000-0002-0590-6608","7","362","23","I168719708","HK","21","False","True"
"A5011234586","Carolin B. Wahl","0000-0002-1569-1030","9","343","25","I111979921","US","6","False","True"
"A5088419102","Sofiane Ennadir","0000-0001-9969-4660","3","23","15","","","4","False","False"
"A5057533525","Shohei Naito","0000-0001-5677-074X","5","133","30","I4210140163","JP","27","False","True"
"A5009290210","Abu Sarwar Zamani","0000-0002-0135-2337","20","1570","116","","","24","False","False"
"A5007077685","Rashid Amin","0000-0002-3143-689X","25","2692","82","I173207729","PK","16","False","True"
"A5007731254","Di Cui","0000-0002-2031-0773","3","94","5","I24943067","CN","7","False","True"
"A5068749653","Yanyan Dong","","4","249","5","I28006308","CN","4","False","True"
"A5011853647","Zayd Mahmoud Hamdi","0000-0003-1658-8243","3","196","15","","","7","False","False"
"A5100611197","Santosh Kumar","0000-0003-2239-164X","9","359","48","I155125381","IN","19","False","True"
"A5087328354","Şafak Kayıkçı","0000-0002-3325-4731","10","319","29","","","8","False","False"
"A5041629204","Md. Anwar Hossain","0000-0001-5949-1180","8","293","75","I184842277","US","17","False","True"
"A5010611229","Yun Zhao","0000-0001-7468-890X","8","262","33","I168879160","CN","20","False","True"
"A5015919681","Min Zhou","0000-0001-8116-7934","16","2084","86","I183067930","CN","35","False","True"
"A5105821300","Yongbin Yu","0000-0001-6022-7504","22","1486","213","I150229711","CN","68","False","True"
"A5033860263","Jiawei Jiang","0000-0001-9470-935X","13","890","92","I141962983","CN","21","False","True"
"A5029034119","Xiaoyu Huang","0000-0003-0487-7814","14","683","47","I43369023","US","26","False","True"
"A5100424963","Chong Li","0000-0003-4340-7436","17","1161","81","I115592961","CN","27","False","True"
"A5100610130","Joon Lee","0000-0001-8593-9321","50","10580","550","I168635309","CA","52","True","True"
"A5100406187","Changhee Lee","0000-0002-8681-4739","8","452","61","I1340179700","US","33","False","True"
"A5010864788","Vassil Kirov","0000-0001-9004-1604","9","289","66","I24768866","BG","38","False","True"
"A5113917800","Jiajin He","0009-0005-3273-672X","7","186","27","I196699116","CN","13","False","True"
"A5100750487","Bingbing Xie","0000-0002-1573-6075","7","143","28","I151075929","CN","12","False","True"
"A5055435177","Qiudan Zhang","0000-0001-6067-8188","10","261","37","I180726961","CN","10","False","True"
"A5100613563","Zhou Chen","0000-0003-3271-2515","16","927","135","I1328775524","CN","34","False","True"
"A5098616321","Et. al. Makrand M Jadhav","","1","22","1","","","1","False","False"
"A5101555793","P. Preethi","","6","310","55","I196608512","IN","14","False","True"
"A5015298086","Ruoying Wang","0009-0005-6338-4333","4","118","13","I37802460","CN","14","False","True"
"A5036915271","Chun Yen Lee","0000-0001-8995-1176","4","208","4","I196829312","AU","3","False","True"
"A5042763020","Yaohui Huang","0000-0002-3437-1120","9","243","31","I139660479","CN","22","False","True"
"A5012475436","Yu Xue","0000-0002-9069-7547","46","6958","238","I200845125","CN","25","False","True"
"A5040227234","Ponnada A. Narayana","0000-0002-5703-4346","66","13575","389","I149313025","IN","56","False","True"
"A5060299661","Kevin D. McCay","0000-0002-3790-1043","7","319","20","I11983389","GB","8","False","True"
"A5070140110","Rongkun Jiang","0000-0002-5335-5396","11","453","45","I125839683","CN","9","False","True"
"A5070903469","Wenchong He","0000-0001-8115-1115","9","271","46","I118347636","AU","6","False","True"
"A5077645381","Esra Süel","0000-0001-9246-3966","13","800","78","I4210161351","NO","15","False","True"
"A5102455393","Abdul Rehman Khalid","","3","133","6","I195939026","GB","25","False","True"
"A5102837421","Yuanjun Li","0000-0002-4067-5868","18","1161","80","I17145004","CN","34","False","True"
"A5024545618","Le Roy Chong","0000-0002-8374-3760","16","776","39","I2802225915","SG","18","False","True"
"A5068609481","Nayef Shaie Alotaibi","","3","185","3","I240666556","SA","3","False","True"
"A5036227188","Jalal Bhayo","0000-0003-3586-811X","3","321","5","","","9","False","False"
"A5003460837","Anil Bhujel","0000-0002-0780-7216","13","620","28","","","9","False","False"
"A5082691045","Yeganeh Jalali","0000-0002-4845-9932","4","114","6","","","5","False","False"
"A5064097264","Yaowen Gu","0000-0003-0924-5939","10","294","33","I27357992","CN","5","False","True"
"A5100616093","Mingliang Liu","0000-0002-5783-4490","16","927","59","I4210090489","CN","18","False","True"
"A5072290972","Hojjat Aghakhani","","11","387","22","I154570441","US","11","False","True"
"A5090471072","Gilly Dosovitsky","0000-0003-4388-2878","6","286","14","I1743320","US","6","False","True"
"A5056828566","Artúr I. Károly","0000-0002-2902-7253","7","269","19","I103356709","HU","8","False","True"
"A5008573753","Rushikesh S. Joshi","0000-0001-5251-5856","15","960","95","I27837315","US","26","False","True"
"A5057936560","Peter Flach","0000-0001-6857-5810","67","33113","439","I36234482","GB","37","True","True"
"A5070207633","Prosper Chemouil","0000-0002-0534-7754","18","1218","108","I4210145724","FR","45","False","True"
"A5102027036","Po‐Ting Chen","0000-0002-8675-5863","13","720","59","","","17","False","False"
"A5100405577","Jia Jia","0000-0003-3164-8988","12","660","33","I154099455","CN","17","False","True"
"A5026575460","Kate Nguyen","0000-0002-1825-4127","31","10037","111","I165779595","AU","36","False","True"
"A5029875180","Maxime Blain","0000-0002-5753-8210","11","867","25","I197681013","FR","26","False","True"
"A5085459262","Ahmed K. Khamis","0000-0002-8051-7282","6","85","21","I392282","US","15","False","True"
"A5060724782","Shubhr Singh","0000-0002-1063-2875","4","84","30","I166337079","GB","7","False","True"
"A5036511619","Gunjan Malhotra","0000-0002-6508-8002","21","1189","82","I166533956","IN","18","False","True"
"A5087237198","Changqin Quan","0000-0002-3930-8163","22","2159","187","I10899854","CN","21","False","True"
"A5006929585","John Kommunuri","","4","89","10","","","11","False","False"
"A5102260565","Jie-Yi Shi","","24","2555","82","I24943067","CN","14","False","True"
"A5084487889","Jonathan Kwaku Afriyie","0000-0001-6997-7969","3","191","5","I28046988","GH","4","False","True"
"A5039127636","Fang Liu","0000-0001-8032-6681","40","6567","151","I136199984","US","36","False","True"
"A5081731800","Chengquan Zhou","0000-0001-7427-0888","24","1691","39","I4210126939","CN","7","False","True"
"A5025552253","Balázs Kui","0000-0002-6539-3947","18","1254","64","I227486990","HU","22","False","True"
"A5024170244","Zeynab Rzayeva","","1","63","1","I308136634","AZ","1","False","True"
"A5043062852","Dongjin Leng","","7","407","16","","","9","False","False"
"A5008407879","Zhaosheng Zhang","0000-0002-4080-0884","18","1207","48","I43337087","CN","20","False","True"
"A5083974016","Darío Graña","0000-0003-4220-053X","37","4320","255","I12834331","US","49","False","True"
"A5000850153","Naihao Liu","0000-0002-2609-7408","29","2735","141","I87445476","CN","10","True","True"
"A5000519641","Md Faisal Kabir","0000-0001-6088-9487","11","492","57","I130769515","US","19","False","True"
"A5057093483","Robin Kuok Cheong Chan","0000-0002-0156-8648","3","100","5","","","4","False","False"
"A5035102258","Ahmed Bouteska","0000-0002-5710-501X","17","981","75","I192396691","US","10","False","True"
"A5029714816","Anastassia Lauterbach","","3","115","8","","","5","False","False"
"A5101627769","Zhikang Wang","0000-0001-9587-1965","18","1373","126","I2799424032","US","22","False","True"
"A5047723747","Chuanfei Hu","0000-0003-1669-9429","18","995","65","I76569877","CN","8","False","True"
"A5084980436","Shinichi Goto","0000-0002-0450-0331","39","5899","513","I1283280774","US","91","False","True"
"A5081174038","Md Mahadi Hasan Imran","0009-0004-1563-3801","4","145","11","I157696592","MY","4","False","True"
"A5072325419","Sijia Feng","0000-0002-1321-082X","14","714","19","I170215575","CN","7","False","True"
"A5038506500","Adewole S. Adamson","0000-0002-1493-1776","24","2371","120","I86519309","US","24","False","True"
"A5026938500","José G. M. Esgario","","5","437","8","","","5","False","False"
"A5100773380","Fang Chen","0000-0002-2456-9555","5","155","7","I50760025","CN","3","False","True"
"A5110842708","Ismail","","1","113","2","I4210127363","PK","12","False","True"
"A5031048414","Ekaba Bisong","0000-0003-3714-967X","17","2465","52","","","5","True","False"
"A5010659322","Marco Eckhoff","0000-0002-5581-789X","9","356","23","I35440088","CH","12","False","True"
"A5005376814","Rohit Trivedi","0000-0003-2874-3132","6","258","11","I4210123804","IE","4","False","True"
"A5019140146","Wei Zhang","0000-0002-6461-3522","15","713","95","I154425047","CA","35","False","True"
"A5069486246","Stina Westman","0000-0002-0497-9864","11","406","28","","","45","False","False"
"A5001389893","A. B. Adetunji","","2","147","6","I45230691","NG","11","False","True"
"A5071943644","Gökhan Altan","0000-0001-7883-3131","15","882","54","","","15","False","False"
"A5100328496","Zhihong Liu","0000-0001-8370-2419","28","3175","156","I140221134","CN","32","False","True"
"A5034919993","Sulaiman Abdallah Alsheibani","","6","341","6","I2801239119","AU","3","False","True"
"A5027967066","Amine Rghioui","0000-0002-5100-9991","11","471","16","I4210088687","MA","9","False","True"
"A5101656742","Syed Bilal Shah","0009-0005-0502-3003","13","612","41","I115592961","CN","43","False","True"
"A5014017269","Thomas Sanford","","22","2589","106","I4210150257","US","64","False","True"
"A5000703402","Jiaxin Cheng","0000-0002-6130-9330","14","1196","79","I129708740","CN","8","False","True"
"A5029344996","Ke-Lin Du","0000-0002-9136-3952","28","3825","171","I111599522","CN","27","False","True"
"A5063498810","Han Zhang","0000-0003-2912-8780","6","266","80","I200769079","HK","7","True","True"
"A5089871787","Pumrapee Poomka","","3","55","4","","","4","False","False"
"A5055739443","A. Poornima","","4","114","13","I81556334","IN","10","False","True"
"A5101490460","Sunghoon Joo","0000-0002-3538-3975","14","653","61","","","31","False","False"
"A5003996424","Fei Yu","0000-0002-3091-7640","46","6035","293","I180726961","CN","27","True","True"
"A5100389987","Shudong Wang","0000-0003-4360-6718","20","1528","141","I4210128818","CN","25","False","True"
"A5036705478","Soon Ae Chun","","30","3626","248","I142393192","US","36","False","True"
"A5086297134","Hyunna Lee","","14","2171","46","I2801680663","KR","16","False","True"
"A5062620882","Ronald Chiwariro","0000-0002-2555-0792","4","70","16","I106826634","IN","6","False","True"
"A5074210812","F. Li","","2","24","8","I80947539","CN","6","False","True"
"A5071407769","Lisheng Wei","0009-0003-1787-8645","13","817","99","I70908550","CN","24","False","True"
"A5074438292","Lichao Xu","0000-0003-2717-2809","14","693","59","I126520041","CN","24","False","True"
"A817205692","Tal Linzen","0000-0003-0435-6912","1","105","37","","","1","True","False"
"A5030412826","Zhuoran Ma","0000-0002-1520-2129","24","5876","52","I1318643470","HK","12","False","True"
"A5057087875","Justin Solomon","0000-0002-5884-2476","19","2247","83","I4210144876","US","14","False","True"
"A5064484636","Jack Garland","0000-0003-3587-6320","16","699","112","I11701301","AU","58","False","True"
"A5060281538","Miguel Martínez-Comesaña","0000-0002-4568-1968","11","446","15","I6289922","ES","4","False","True"
"A5100616521","Huiping Lin","","8","338","15","","","19","False","False"
"A5100386942","Yifei Zhang","0000-0003-0272-0602","41","6502","258","I121296143","CN","24","True","True"
"A5081879012","Georgios Christopoulos","0000-0002-6955-8614","32","4051","189","I1330342723","US","47","False","True"
"A5062957911","Daniel Kiefer","0000-0003-2575-9390","5","408","18","","","29","False","False"
"A5061441269","S Raghavendra","","13","591","90","I164861460","IN","15","False","True"
"A5100643581","Feiyu Chen","0000-0002-0476-9998","3","122","6","","","15","False","False"
"A2941364137","Sven Bollweg","","1","49","1","","","1","False","False"
"A5027824140","Amélie Beucher","0000-0002-3076-5392","17","839","85","I204337017","DK","16","False","True"
"A5062894678","Xiaoyu Sun","0000-0001-5337-5680","27","3007","79","I1334877674","US","18","False","True"
"A5063706331","Dhiaa Musleh","","12","624","29","I76571253","SA","12","False","True"
"A5101924541","Ziming Liu","0000-0002-7090-8853","24","3707","97","I125839683","CN","20","False","True"
"A5013648875","Su-Yeon Yoo","0000-0002-2622-9212","3","138","8","","","14","False","False"
"A5028995506","Lisanne V. van Dijk","0000-0002-9515-5616","29","6341","216","I1334415907","NL","50","False","True"
"A5078145596","Fatima Dakalbab","0000-0002-4917-5149","6","864","20","I29891158","AE","5","False","True"
"A5004896771","Tao Jia","0000-0003-4921-6833","23","2241","93","I37461747","CN","36","False","True"
"A5058080028","Rajesh Gupta","0000-0003-3298-4238","45","6670","286","I165831266","IN","54","False","True"
"A5034006795","Sanjeev Kumar Punia","0000-0003-1462-9590","5","115","18","","","10","False","False"
"A5035782767","Nikhil Kumar","0000-0002-7677-6038","7","327","32","I4210114989","IN","14","False","True"
"A5036891431","Shubha Mishra","0000-0002-0958-8854","6","157","21","","","15","False","False"
"A5000010949","Yash Agrawal","0000-0001-9736-9581","13","773","127","I164135366","IN","38","False","True"
"A5051900939","Xiukun Wei","0000-0003-0341-966X","21","1804","110","I21193070","CN","23","False","True"
"A5025974981","Malusi Sibiya","0000-0001-5617-768X","6","388","24","I139025015","US","9","False","True"
"A5073033950","Vincent Camus","0000-0003-4779-7742","10","429","22","","","11","False","False"
"A5061018663","Sibonelo Motepe","0000-0003-0654-4677","5","159","11","I24027795","ZA","10","False","True"
"A5019936987","Wenhao Jiang","0000-0002-1827-7222","2","86","4","I10535382","CN","13","False","True"
"A5061720289","Sven Hilbert","0000-0001-5808-8357","21","2180","110","I60668342","DE","15","False","True"
"A5102911469","M. Murugesan","0000-0003-4132-3634","8","368","47","","","48","False","False"
"A5100713031","Haixia Chen","0000-0002-1511-7581","4","114","22","","","22","False","False"
"A5015674280","Jhon A. Castro-Correa","0000-0002-2507-3535","6","115","24","I86501945","US","8","False","True"
"A5112524744","Jian Feng Nie","","15","942","77","","","29","False","False"
"A5070349657","Grzegorz Kłosowski","0000-0001-7927-3674","22","1470","118","I8264552","PL","16","False","True"
"A5085326429","Md Golam Morshed","0000-0002-6262-6952","3","136","18","I35928602","KR","7","False","True"
"A5037899663","Alexandra Karamitrou","0000-0002-4142-1958","4","55","23","I43439940","GB","15","False","True"
"A5029029222","Muhammad Hadi Saputra","0000-0002-2928-7880","5","328","56","I4210158665","ID","12","False","True"
"A5033756912","Wilson Tam","0000-0003-0641-3060","81","28911","491","I165932596","SG","50","False","True"
"A5079888779","İpek Özkaya","0000-0002-7336-4775","28","3507","183","I114772536","US","27","False","True"
"A5028595292","Thanh Minh Tran","0000-0002-5152-5494","5","105","17","I4210095101","VN","16","False","True"
"A5049335972","Waymond Rodgers","0000-0003-4349-5667","30","3117","150","I145311948","US","57","False","True"
"A5051683347","Pablo Barceló","0000-0003-2293-2653","29","3099","222","I162148367","CL","69","False","True"
"A5073923353","Chin‐Sheng Lin","0000-0002-5167-8327","31","3478","181","I1293718874","TW","29","False","True"
"A5053635382","Patrick Huber","0000-0002-4253-994X","10","366","52","I859038795","US","22","False","True"
"A5088611151","Zhengxia Zou","0000-0003-1774-552X","37","7993","168","I4210100255","CN","13","True","True"
"A5048653669","Kai‐Jung Shih","0000-0002-3395-8341","5","219","14","I16566446","TW","29","False","True"
"A5062714111","Shunbo Zhang","0000-0003-3154-410X","10","409","20","I205016115","CN","18","False","True"
"A5053304950","Debneil Saha Roy","","1","60","2","I59553526","US","1","False","True"
"A5068036777","Yueshan Li","0000-0003-2343-1252","21","3378","66","I204983213","CN","24","False","True"
"A5089789944","Woong Suh","0000-0003-3696-8198","2","387","9","","","7","False","False"
"A5101816655","Min Li","0000-0003-0128-5143","17","1091","116","I4401200309","","24","False","True"
"A5090345723","Danyang Zhu","0000-0001-9213-5399","22","1975","101","I116953780","CN","39","False","True"
"A5030075617","Davide Brunelli","0000-0001-5110-6823","50","8366","372","I193223587","IT","34","True","True"
"A5010822864","Amogh Gyaneshwar","0000-0002-6656-0321","5","146","6","I74973139","US","3","False","True"
"A5102717392","Daniel Motta","0000-0002-1189-5933","3","173","7","I1329807341","BR","26","False","True"
"A5037238294","Tanwi Mallick","0000-0003-3716-4693","9","369","50","","","16","False","False"
"A5021778628","Lequn Chen","0000-0003-0113-8397","18","1697","59","","","21","False","False"
"A5033736743","Ruixue Ding","0009-0006-8632-8032","5","251","11","","","7","False","False"
"A5026627445","Indrajeet Ghosh","0000-0003-2868-3766","5","115","22","I66946132","US","9","False","True"
"A5113722485","Sidney Le","","17","1039","41","I1343052199","US","13","False","True"
"A5021092666","Kai Feng","0000-0002-3066-0056","14","905","60","I4210162190","CN","23","False","True"
"A5086894713","Lu Han","0000-0002-1120-3220","23","2270","207","I145897649","CN","26","False","True"
"A5010952755","Praveen Ranjan Srivastava","0000-0001-7467-5500","26","3043","172","","","18","False","False"
"A5106628377","Caixuan Luo","","1","13","1","I29739308","CN","1","False","True"
"A5039241458","Chrysanthos Maraveas","0000-0003-2140-615X","30","2897","112","I109954829","GR","15","False","True"
"A5030725796","Pramita Sree Muhuri","0000-0001-7273-5274","2","136","2","I35777872","US","2","False","True"
"A5067398723","Kyriakos D. Apostolidis","0000-0003-0394-7454","7","167","17","I147962203","GR","12","False","True"
"A5056986304","Mithun S. Ullal","0000-0002-0334-7283","7","183","18","","","7","False","False"
"A5102357137","Rincy N. Thomas","","2","108","2","I196622127","IN","1","False","True"
"A5102860037","Changzhi Jiang","0000-0003-0765-6320","6","182","10","","","5","False","False"
"A5055104719","Asma Cherif","0000-0003-3875-074X","12","442","73","I185163786","SA","19","False","True"
"A5109669169","Ilan Price","0000-0003-4765-2703","2","181","3","I4210090411","GB","10","False","True"
"A5074858660","Reaya Grewal","","3","105","5","I162030827","IN","6","False","True"
"A5007304196","Chuan Yang","","11","773","14","","","14","False","False"
"A5059022210","Andrej Flogie","0000-0001-5219-9347","12","423","75","I37696226","SI","18","False","True"
"A5068580978","Jung Jin Kim","0000-0001-6948-6027","18","1119","75","I52010207","KR","32","False","True"
"A5044446110","Benjamin Fritz","0000-0001-8733-131X","22","1669","82","I159176309","DE","68","False","True"
"A5052026703","Bouchaib Zazoum","0000-0001-7641-5809","11","611","47","I103527128","US","22","False","True"
"A5054308631","Noman Khan","0000-0001-7531-3827","21","1416","48","I193775966","KR","23","False","True"
"A5100638486","Dawei Liu","0000-0002-0557-3321","37","6109","122","","","30","False","False"
"A5010156990","Hafiz Muhammad Fahad Noman","0000-0001-8507-5383","2","72","6","I33849332","MY","3","False","True"
"A5101491619","Lifang Guo","0000-0002-3076-6723","9","369","22","I200296433","CN","20","False","True"
"A5088722590","Sumaya Sanober","0000-0003-2533-478X","13","794","27","I81365321","US","10","False","True"
"A5036819347","Thiruvonasundari Duraisamy","","6","270","6","I81556334","IN","2","False","True"
"A5108689301","Karan Chaudhary","","3","213","4","","","15","False","False"
"A5011513892","Danielle Hitch","0000-0003-2798-2246","24","2084","191","I149704539","AU","20","False","True"
"A5047313768","Jacqueline Michelle Metsch","0000-0002-7517-7041","2","50","7","I2802849423","US","2","False","True"
"A5039467796","Shuwen Yue","0000-0002-1259-4649","15","764","58","I205783295","US","10","False","True"
"A5078962151","Jayashree Chadalawada","0000-0003-3224-1186","8","515","18","I165932596","SG","10","False","True"
"A5050178679","Sriram Gubbi","0000-0002-9263-1381","20","2833","89","I1299303238","US","9","False","True"
"A5100346319","Yiming Li","0000-0001-8376-6244","10","360","31","I139660479","CN","32","False","True"
"A5007354836","Hong Qin","0000-0003-0304-3762","35","5424","576","I126520041","CN","45","True","True"
"A5111905715","Lisa Joss","","27","2351","53","I28407311","GB","26","False","True"
"A5021484581","Zixuan Cang","0000-0002-9951-5586","20","3155","48","I137902535","US","28","False","True"
"A5093657415","Christoforos Brozos","0009-0005-6455-7611","2","30","6","","","2","False","False"
"A5030737403","Myungjoon Kim","","1","91","2","","","4","False","False"
"A5035731307","J. Arun Pandian","","10","1336","49","I876193797","IN","15","False","True"
"A5064242793","Haitham Abdulmohsin Afan","0000-0002-4957-756X","35","4220","78","I27768575","IQ","12","False","True"
"A5100419413","Xiaoyu Zhang","0000-0002-5702-5749","13","642","48","I135364568","CA","30","False","True"
"A5018409592","Mamoun Alazab","0000-0002-1928-3704","85","26280","412","I29894533","AU","57","False","True"
"A5008097291","Roshni G. Iyer","","5","91","13","","","6","False","False"
"A5022575314","Shenghua Cheng","0000-0003-3527-3845","10","897","39","I56934997","CN","10","False","True"
"A5089806180","Wenda Li","0000-0003-1464-5291","4","101","10","I19820366","CN","4","False","True"
"A5101505508","Dan Guo","0000-0002-0334-0145","5","1015","12","","","11","False","False"
"A5078286204","Jienan Chen","0000-0003-1265-0775","23","1539","126","I150229711","CN","41","False","True"
"A5016895294","Xuewen Luo","","12","1204","29","I157773358","CN","8","False","True"
"A5014202593","Yuran Jia","","6","162","11","I204983213","CN","5","False","True"
"A5069072700","Bernd Bischl","0000-0001-6002-6980","44","9023","368","I3018771216","DE","19","True","True"
"A5038652876","Aditya Nandy","0000-0001-7137-5449","27","3035","138","","","18","False","False"
"A5101716860","Anurag Tripathi","0000-0002-3792-5643","10","1009","50","I4210089985","DE","32","False","True"
"A5051660284","Pál András Papp","0009-0005-6667-802X","5","102","34","","","21","False","False"
"A5110759012","R.S. Latha","","12","436","46","I3133098998","IN","18","False","True"
"A5083792798","Jesse C. Rayan","0000-0002-7309-6803","7","281","10","I867280407","US","9","False","True"
"A5032964134","Jin-Fan Hu","0000-0003-3969-0945","11","746","19","I4210145761","CN","6","False","True"
"A2416969471","Zeju Li","0000-0002-4608-2959","2","205","2","","","1","False","False"
"A5101652594","Zhennan Li","0009-0008-5886-1651","16","820","63","I117532281","CN","17","False","True"
"A5064000812","Ruoling Deng","","7","435","12","I79223203","CN","7","False","True"
"A5089093097","Zorana Ivčević","0000-0002-0321-2071","35","4040","126","I32971472","US","24","False","True"
"A5014283627","Stefania Bracci","0000-0003-1435-2536","19","2240","57","I193223587","IT","23","False","True"
"A5022931661","Олексій Костенко","0000-0002-2131-0281","6","147","48","","","16","False","False"
"A5091889665","Yannick Peifer","","2","94","16","I4210106188","DE","3","False","True"
"A5100417165","Jin Young Kim","0000-0001-7746-9972","67","17537","576","I139264467","KR","54","True","True"
"A5006291601","Zijun Xiao","","21","2219","63","I27357992","CN","20","False","True"
"A5047557442","Zhe Xu","0000-0002-3921-7499","17","1262","89","I180726961","CN","30","False","True"
"A5083807422","Lorenzo Cobianchi","0000-0002-6773-5453","32","3204","199","I25217355","IT","23","False","True"
"A5040108486","Joanna Wyrobek","0000-0002-8536-0851","6","173","85","","","25","False","False"
"A5012002123","Sejong Oh","0000-0002-9365-274X","22","2247","107","I157485424","KR","31","False","True"
"A5047817505","Wojciech Siłka","0000-0002-3548-9024","4","94","18","","","4","False","False"
"A5103246651","Nitin Singh","0009-0004-0132-8777","12","896","83","","","43","False","False"
"A5046106872","James E. Saal","0000-0003-0935-158X","37","8869","123","I4210143896","US","20","False","True"
"A5015890352","An Thao Huynh","0000-0003-0416-9463","6","209","12","I84027002","GB","11","False","True"
"A5100697545","Xiaoran Li","0000-0002-7438-8920","29","2278","149","I183067930","CN","16","False","True"
"A5006739769","Javad Noorbakhsh","0000-0002-6196-8061","17","1568","68","","","13","False","False"
"A5028113395","G. Jothi","","13","952","33","","","22","False","False"
"A5044662678","Fatima Hassan","","5","236","13","I172780181","PK","7","False","True"
"A5005020243","Vinay Chamola","0000-0002-6730-3060","61","14206","283","I74796645","IN","14","True","True"
"A5083707253","Bo Wei","0000-0002-0781-9655","29","2616","195","I178232147","CN","25","False","True"
"A5065061505","Leyuan Fang","0000-0003-2351-4461","61","14548","269","I16609230","CN","32","False","True"
"A5081961287","Fangling Pu","0000-0002-1490-0347","18","1332","75","I24185976","CN","25","False","True"
"A5087769785","Harry Coppock","0000-0003-2404-8319","10","348","38","","","23","False","False"
"A5014961194","Chengming Ye","0000-0002-6799-0286","15","694","63","I31595395","CN","20","False","True"
"A5022622866","E. S. Madhan","0000-0002-3906-7451","5","111","17","","","12","False","False"
"A5100437205","Xu Zhang","0000-0002-1533-4340","46","8879","494","I119273862","CN","44","True","True"
"A5037795001","Nadikatla Chandrasekhar","","3","200","7","","","3","False","False"
"A5069064010","Karim Abbasi","0000-0003-2135-8864","17","918","27","I181744264","IR","11","False","True"
"A5101825312","Qianqian Song","0000-0002-4455-5302","32","3936","267","I102208913","CN","18","True","True"
"A5086624683","A. Lakshmanarao","0000-0002-8068-4857","11","613","106","I4210145126","IN","8","True","True"
"A5114197767","Zhen Lu","","1","27","2","","","2","False","False"
"A5101572934","Zhengfeng Wang","0000-0002-3132-9381","12","513","90","I17442442","CN","25","False","True"
"A5053440521","Zhendong Zhang","0000-0003-4689-1577","19","1023","83","I19820366","CN","16","False","True"
"A5052911078","Parvinder Singh Saini","","1","118","1","I4210136518","IN","1","False","True"
"A5008749395","Caterina De Lucia","0000-0001-9377-9233","15","865","77","I106296451","IT","24","False","True"
"A5010158838","Bin Shi","0000-0003-3005-685X","14","856","119","","","29","False","False"
"A5024456511","Zhe Lin","0009-0002-5244-4159","10","395","38","I187400657","CN","16","False","True"
"A5044455276","Kaize Ding","0000-0001-6684-6752","23","2550","133","I111979921","US","13","True","True"
"A5065385363","Neerja Kashive","0000-0002-3259-9631","9","405","22","I4210131707","US","14","False","True"
"A5015209716","Lewis Chinery","0000-0002-9222-185X","4","96","7","I40120149","GB","4","False","True"
"A2601005171","Shichao Kan","0000-0003-0097-6196","1","22","3","","","1","False","False"
"A5041764190","Ghada Abdelmoumin","0000-0001-9727-9527","4","147","8","I137853757","US","6","False","True"
"A5025088046","Hira Khalid","","1","78","3","","","2","False","False"
"A5048501368","Alpay Sabuncuoğlu","0000-0002-4415-0516","7","207","23","I4210128584","GB","10","False","True"
"A5089844476","Peter Appiahene","0000-0002-6098-4537","16","824","75","I291863076","GH","12","False","True"
"A5049335042","George S. Fanourgakis","0000-0001-6158-6824","25","3253","69","","","30","False","False"
"A5038980292","Maituo Yu","0000-0002-2944-3150","6","250","16","I74973139","US","16","False","True"
"A5090322041","Peng Ni","0000-0002-0801-7574","23","1729","76","I139660479","CN","22","False","True"
"A5003126186","Yanjun Huang","0000-0003-3133-8031","47","8777","296","I116953780","CN","29","True","True"
"A5077810235","Colin J. Burke","0000-0001-9947-6911","10","372","48","","","15","False","False"
"A5065548001","Ronghui Lin","0000-0002-7664-8845","14","693","40","","","20","False","False"
"A5048766064","Juan Antonio Guerrero Ibáñez","0000-0001-6517-4421","15","2480","50","I916541031","MX","20","False","True"
"A5100670527","Xiang Pan","0000-0001-9108-944X","18","1129","102","I16609230","CN","34","False","True"
"A5003032735","Mariarosaria Taddeo","0000-0002-1181-649X","55","15073","244","I125680101","GB","24","True","True"
"A5017607013","Anthony Lomax","0000-0002-7747-5990","35","4597","190","I4210152742","US","38","False","True"
"A5057308209","Lorenzo Colantonio","0000-0003-1059-1185","4","95","12","","","5","False","False"
"A5018264085","Wenzhuo Lu","0000-0003-1883-9624","4","209","17","I99065089","CN","8","False","True"
"A5092012841","Philip Jorzik","0000-0003-4598-3509","3","175","3","I27963644","DE","2","False","True"
"A5054810086","Kashif Hameed","0000-0002-9578-9651","4","177","11","I16076960","PK","15","False","True"
"A5080721712","Takaki Yamamoto","0000-0002-4321-5269","18","1129","41","I4210116810","JP","41","False","True"
"A5084499878","Wolfram Burgard","0000-0002-5680-6500","110","68059","836","I3130238102","DE","36","True","True"
"A5020170016","Muzammil Khan","0000-0003-1914-6520","11","906","39","","","18","False","False"
"A5062909665","Ivan Argatov","0000-0003-4054-3854","28","3180","261","I183111857","SE","33","False","True"
"A5001585068","Haixing Zhu","0000-0003-2407-8307","2","91","15","I184843921","CN","7","False","True"
"A5105787926","Nur-A- Alam","","3","209","3","I41173762","BD","2","False","True"
"A5101807338","Haoming Lin","0000-0002-4788-1744","14","725","74","I180726961","CN","19","False","True"
"A5016899872","Karin Dembrower","0000-0001-5966-0749","10","1084","22","I28166907","SE","11","False","True"
"A5063036404","Gustavo Assunção","0000-0003-4015-4111","4","120","20","","","7","False","False"
"A5031864225","Christina Tay","","6","99","19","","","18","False","False"
"A5061026797","Samuel Fosso Wamba","0000-0002-1073-058X","77","30771","408","I129162050","FR","22","True","True"
"A5100765990","Yogesh Kumar","0000-0002-2879-0441","33","3923","196","I27674431","IN","16","True","True"
"A5068251077","Oumaima Fadi","0000-0003-0666-517X","4","93","11","I4210106663","MA","5","False","True"
"A5015385537","Dennis Abts","0009-0007-7108-9013","28","3617","158","I4210127875","US","25","False","True"
"A5095095068","Malek Elhaddad","0009-0007-7818-7900","1","141","1","I2801317318","CA","1","False","True"
"A5100698813","He Zhao","0000-0003-0894-2265","11","476","95","I1292875679","AU","27","False","True"
"A5032366427","Nam Ju Kim","0000-0001-6288-3732","19","1908","111","I31419693","KR","31","False","True"
"A5064518756","Khaja Mannanuddin","0000-0003-4572-7812","3","79","12","","","6","False","False"
"A5100458455","Haijun Zhang","0000-0002-0236-6482","67","17520","698","I116953780","CN","36","True","True"
"A5022424776","San Murugesan","0000-0002-4949-2945","24","3815","184","I4210142080","AU","31","False","True"
"A5042331995","Akhil Vaid","0000-0002-3343-744X","26","3706","132","I4210107408","US","38","False","True"
"A5080267354","Agnieszka Wojtuch","0000-0002-3112-2049","3","116","6","I126596746","PL","3","False","True"
"A5045458884","Suresh Kumar Natarajan","","6","243","32","I106826634","IN","12","False","True"
"A5022326153","Florian Mock","0000-0002-1791-4437","7","292","14","I76198965","DE","30","False","True"
"A5012125729","Jack Dyson","0000-0003-3883-4855","6","118","16","I71422933","GB","36","False","True"
"A5017829750","Eva Selenko","0000-0002-9579-9200","19","1381","64","I143804889","GB","17","False","True"
"A5078990921","Elliot Mbunge","0000-0003-4504-6697","26","2631","103","I16969244","SZ","22","False","True"
"A5049259994","Daniel Bonet-Solà","0000-0001-7362-199X","5","115","11","I5593406","ES","4","False","True"
"A5052687333","Cosimo Ieracitano","0000-0001-7890-2897","23","2577","83","I59725666","IT","10","False","True"
"A5089983725","Venkata Santosh Kumar Delhi","0000-0002-9588-4130","14","701","70","","","15","False","False"
"A5043065848","Changjun Kim","0000-0002-1330-7066","3","75","16","","","17","False","False"
"A5100416688","Xu Xu","0000-0002-3934-9096","30","5264","1598","I108160477","CN","39","True","True"
"A5058239552","M. Kalpana Chowdary","0000-0002-1201-3146","7","781","24","","","13","False","False"
"A5061562703","Kun‐Hsing Yu","0000-0001-9892-8218","36","7994","128","I136199984","US","23","False","True"
"A5078340301","Quanlong Feng","0000-0002-0569-4131","23","2464","75","I52158045","CN","15","False","True"
"A5005866333","Peng Zeng","0000-0002-3904-9245","43","8144","600","I35440088","CH","29","True","True"
"A5070493043","Ashkan Nomani","","2","58","3","I72816309","US","10","False","True"
"A5084688443","Ekta Sonwani","","1","88","1","I70971781","IN","1","False","True"
"A5100656458","Md. Kamrul Hasan","0000-0002-4308-6102","5","191","9","","","7","False","False"
"A5041260237","Xin Zhao","0000-0002-8968-6912","13","675","147","I28407311","GB","27","False","True"
"A5085029208","Jun Cheng","0000-0002-3483-747X","56","10458","451","I159389169","CN","24","True","True"
"A5056181527","Mirza Muntasir Nishat","0000-0002-0853-0319","25","1739","98","","","9","True","False"
"A5056553242","Pengbin Feng","0000-0002-9472-5226","8","423","23","I1174212","US","9","False","True"
"A5006116691","Guanqiu Qi","0000-0001-9562-3865","36","5409","147","I63190737","US","16","False","True"
"A5051966375","Daniel Han","0000-0002-9088-1651","19","1179","93","I31746571","AU","18","False","True"
"A5103167883","V. Srividhya","0009-0000-4683-1190","5","107","35","","","17","False","False"
"A5054889505","Dante Trabassi","0000-0002-4739-3441","7","250","24","I861853513","IT","5","False","True"
"A5101766936","Jun Hu","0000-0003-1277-6802","16","1100","84","I165932596","SG","22","False","True"
"A5051687771","Ramzi M. Sadek","","1","107","1","","","1","False","False"
"A5048394913","Alexander Bakumenko","0000-0001-7212-9573","3","108","6","I8078737","US","4","False","True"
"A5013949805","Maganti Syamala","0000-0001-6792-1232","8","373","46","I875944469","IN","9","False","True"
"A5107964901","Ricardo Daniel Monteiro Simoes","0000-0001-9032-0320","1","50","1","I858936495","CH","1","False","True"
"A5062206285","J. Logeshwaran","0000-0002-6779-6467","42","4892","127","I48018076","IN","9","True","True"
"A5014665709","Yonatan Elul","0000-0002-1840-2927","3","75","4","I174306211","IL","4","False","True"
"A5068647024","K. K. Yaswanth","","8","270","16","","","8","False","False"
"A5076591073","Lars Ruthotto","0000-0003-0803-3299","20","1911","120","I150468666","US","16","False","True"
"A5002171752","Yi-Chu Li","","1","82","1","I148366613","TW","1","False","True"
"A5008371285","Evgeny Zherebtsov","0000-0002-3635-1430","20","1426","148","I98381234","FI","15","False","True"
"A5055484303","Seyedeh Khadijeh Hashemi","0000-0002-7727-331X","1","110","1","I181744264","IR","1","False","True"
"A5087574526","Mukul Anand","","1","68","2","I153954893","IN","5","False","True"
"A5072405533","Alejandro Toro-Ossaba","0000-0002-0331-6102","6","144","24","I3018704611","CO","6","False","True"
"A5100352637","Xuefei Li","0000-0002-5754-5058","9","355","57","I118987531","CN","22","False","True"
"A5017276343","Yi Han","0000-0002-2835-9280","21","10442","57","I61057504","CN","32","False","True"
"A5100698454","Sheng Ye","0000-0002-1097-7283","34","5210","99","I162868743","CN","29","False","True"
"A5010239946","Hasin Shahed Shad","0000-0002-4334-4319","2","84","2","I157386601","BD","1","False","True"
"A5041599593","Juntao Guan","0000-0002-1640-6799","10","497","15","I149594827","CN","28","False","True"
"A5030087382","Emily Tat","0000-0001-6484-7348","2","100","11","I2799503643","US","6","False","True"
"A5004183493","Mohammad Wardat","0009-0001-0213-725X","7","313","29","I177721651","US","12","False","True"
"A5078417320","Muhammad Siddique","0009-0005-5807-7056","18","1546","76","I40542001","KR","25","False","True"
"A5015624780","T. Hayasaka","0000-0002-7502-7019","15","1554","92","I95457486","US","59","False","True"
"A5081861368","Yumi Umeda‐Kameyama","0000-0003-4353-3424","13","836","55","I4210109338","JP","19","False","True"
"A5037483581","M Sudhan","","2","72","3","I119668213","IN","5","False","True"
"A5105758735","Jihye Lim","0000-0003-3819-5192","12","515","57","I51226738","KR","16","False","True"
"A5048159038","Xiaodong He","0000-0001-9379-6762","6","398","16","","","19","False","False"
"A5100357037","Gen Li","0000-0002-6883-2407","14","1393","61","I27837315","US","16","False","True"
"A5016878393","Idriss Idrissi","0000-0001-6137-7109","11","435","21","","","5","False","False"
"A5073977684","Alireza Goli","0000-0001-9535-9902","37","3935","131","I39268498","IR","20","False","True"
"A5028236009","Raniya R. Sarra","0000-0002-8691-107X","4","170","4","","","4","False","False"
"A5012375499","Sozan Mohammed Ahmed","","2","107","2","I36162470","IQ","1","False","True"
"A5064732307","Moshe Eliasof","0000-0002-1780-2312","7","170","65","I241749","GB","7","False","True"
"A5063933934","Dai Quoc Tran","0000-0003-2652-821X","14","668","33","","","7","False","False"
"A5110892722","Zijian Liang","","1","8","2","I75689368","CN","1","False","True"
"A2155499010","De-Qiang Li","0000-0001-5255-6199","2","108","4","","","1","False","False"
"A5091469915","S. V. Kogilavani","","9","328","39","","","19","False","False"
"A5087738784","Catherine Sandoval","0000-0002-6486-0558","4","167","7","I82951845","AU","7","False","True"
"A5004466761","Denys Fontaine","0000-0001-5012-6769","51","8670","277","I1289422878","US","45","False","True"
"A5062342887","Isaac Oyeyemi Olayode","0000-0003-1119-7614","17","774","48","","","6","False","False"
"A5032807776","Syeda Fatima Aijaz","0000-0002-0958-137X","2","103","3","I923305593","PK","2","False","True"
"A5053107720","Thavavel Vaiyapuri","0000-0001-5494-5278","21","1485","76","I142608572","SA","7","True","True"
"A5100389366","Ziwei Wang","0000-0001-9225-8495","24","2968","217","I172675005","SG","21","True","True"
"A5075575103","Mohamed Ebrahim","0000-0002-3615-6811","1","46","2","I206935292","SA","2","False","True"
"A5049280936","Qinghua Miao","0009-0001-1615-3154","4","363","10","I41208885","CN","11","False","True"
"A5039913415","Thi Ngoc Tho Nguyen","0000-0002-0210-6373","12","576","36","","","16","False","False"
"A5100738031","Sijie Chen","0000-0001-5263-9189","54","10856","341","I139660479","CN","23","True","True"
"A5056955607","Surachate Kalasin","0000-0001-6413-6642","17","829","42","I60837268","TH","24","False","True"
"A5090024694","Wendong Bi","0000-0002-9939-3072","6","120","12","","","4","False","False"
"A5100413319","Yong Ren","0000-0002-6016-5582","19","1965","151","I1297991670","CN","24","False","True"
"A1980801935","Pablo Amil","0000-0002-6253-9242","0","0","2","","","1","False","False"
"A5055045330","Somaiya Khan","0000-0003-3489-1094","8","363","18","I139759216","CN","6","False","True"
"A5086388598","Somenath Bera","0000-0002-7608-6184","3","272","8","I885392262","IN","6","False","True"
"A2989784849","Vittorio Mazzia","0000-0002-7624-1850","5","395","5","","","1","False","False"
"A5069183897","Fahad Taha AL‐Dhief","0000-0001-9817-2545","23","1840","55","","","10","False","False"
"A5084267497","Gangfeng Ma","0009-0004-8398-2923","28","2669","103","I135237710","CN","24","False","True"
"A5010953163","Baiju Babu Vimala","","2","145","2","I876193797","IN","1","False","True"
"A5046899691","Danish Javeed","0000-0002-7831-8188","23","1706","46","I9224756","CN","6","False","True"
"A5101607498","Zhong-Qiu Wang","0000-0002-4204-9430","31","3220","131","I3045169105","CN","19","False","True"
"A5031089700","María Carolina Klos","0000-0002-5108-4692","3","172","16","I4210085904","AR","11","False","True"
"A5023937136","Jeerana Noymanee","","5","193","10","I2801080794","TH","8","False","True"
"A5036821551","Simon H. Bickler","0000-0001-7620-2862","11","532","29","I52179390","NZ","36","False","True"
"A5055320910","Alexandre Georgieff","","7","513","17","","","9","False","False"
"A5041917506","Mark Lennox","","3","73","6","I126231945","GB","36","False","True"
"A5049145952","Inaam Ashraf","0000-0001-9841-3628","3","37","10","","","4","False","False"
"A5033951961","Syed Asad Abbas Bokhari","0000-0002-9510-0359","9","345","37","I60559429","KZ","5","False","True"
"A5019199746","Michal Golovanevsky","","2","111","10","","","4","False","False"
"A5020783783","Yongqi Pang","","2","117","2","I31683504","CN","2","False","True"
"A5058087031","Zhaoqing Pan","0000-0003-1390-399X","26","2647","88","I162868743","CN","15","False","True"
"A5069421205","Chengqi She","0000-0002-8090-1348","8","628","14","","","7","False","False"
"A5073529859","Vinay Arora","0000-0001-6081-7555","13","544","53","I162030827","IN","17","False","True"
"A5105784841","Albert M. Sirunyan","","29","2497","164","","","23","False","False"
"A5060328206","Xiaofeng Jin","0000-0002-1804-5456","11","800","35","I143868143","CN","24","False","True"
"A5085314430","Rafael San Miguel Carrasco","0000-0002-8599-3536","2","85","3","I37446213","ES","16","False","True"
"A5051815230","Oleksandr Voznyy","0000-0002-8656-5074","99","45803","282","I185261750","CA","22","True","True"
"A5052015967","Luca Rossetto","0000-0002-5389-9465","24","1676","138","I202697423","CH","24","False","True"
"A5100666262","Kailin Xu","0000-0003-1375-1084","37","6892","589","I136199984","US","34","True","True"
"A5112415108","S. Latha","","9","314","72","I145286018","IN","16","False","True"
"A5019419996","Hongtian Chen","0000-0002-8600-9668","36","4924","257","I183067930","CN","17","True","True"
"A5101653703","Lei Chen","0000-0001-9796-7987","7","300","18","I141301092","CN","18","False","True"
"A5101610355","N. Burgess","0000-0002-8953-5516","13","578","33","I2801109035","GB","32","False","True"
"A5067694973","Agneza Krajna","0000-0001-8304-5463","6","99","10","I181343428","HR","4","False","True"
"A5033930153","Sohaib Asif","0000-0003-0707-470X","19","1263","53","I19820366","CN","15","False","True"
"A5087565596","Mohamed El-Sefy","","2","118","4","I122879082","CA","5","False","True"
"A5025153342","Nathan Brajer","0000-0002-8803-2116","8","801","12","I170897317","US","6","False","True"
"A5100743783","Xiao Ma","0000-0001-5466-867X","8","529","15","I4210089887","GB","8","False","True"
"A5086590676","Ivan Martins De Andrade","0000-0001-8298-4987","1","105","1","I75619284","BR","1","False","True"
"A5067901159","Taylor T. Johnson","0000-0001-8021-9923","31","3523","245","I1299303238","US","27","False","True"
"A5067512970","Matthew Tamasi","0000-0002-9873-172X","8","496","18","","","6","False","False"
"A5010855327","Alessandro Carriero","0000-0001-7481-7169","40","5613","407","I123338534","IT","42","False","True"
"A5061657434","Tayeb Brahimi","0000-0002-1575-4943","17","1219","92","I125656591","SA","41","False","True"
"A5042151011","Michael Lutter","0000-0002-9019-6769","6","383","27","","","7","False","False"
"A5044642735","Hussein A. Hejase","","6","282","22","","","10","False","False"
"A5088736154","Nahuel Costa","0000-0002-9189-2192","5","301","27","","","7","False","False"
"A5031853632","Pouya Bashivan","0000-0002-0296-6381","15","2606","53","I4210164802","CA","18","False","True"
"A5065089873","Floris van Beers","","3","134","6","","","5","False","False"
"A5020606991","Linfei Yin","0000-0001-8343-3669","26","2159","150","I150807315","CN","13","True","True"
"A5087866749","Satya Murthy Sasubilli","","6","265","7","","","1","False","False"
"A5055590688","Yunchao Liu","0000-0002-3982-1311","4","66","16","I200719446","US","6","False","True"
"A5001424875","Ambreen Hanif","0000-0002-5703-3474","6","149","16","I99043593","AU","9","False","True"
"A5002572191","Penghua Liu","0000-0002-8574-891X","19","3268","36","","","17","False","False"
"A5086190596","Shah Rukh Qasim","0000-0003-4264-9724","9","550","163","I202697423","CH","9","True","True"
"A5100745297","Guoying Wang","0000-0001-7997-1026","24","2625","119","","","39","False","False"
"A5033634358","Sahar Gull","0000-0003-1471-5990","10","345","22","I205490536","KR","5","False","True"
"A5103187010","Jin Woo Oh","0009-0001-1790-9216","19","1443","57","I193775966","KR","33","False","True"
"A5046851981","Enzo Tartaglione","0000-0003-4274-8298","10","619","136","I12356871","FR","11","True","True"
"A5102445961","Lianjie Jiang","","4","246","13","","","8","False","False"
"A5075620331","Priya L. Donti","0000-0002-8503-7464","12","1760","26","I63966007","US","9","False","True"
"A5026523515","John Torous","0000-0002-5362-7937","81","31395","726","I111979921","US","17","True","True"
"A5100336360","Long Chen","0000-0001-6148-9709","43","8702","374","I178232147","CN","26","True","True"
"A5080288591","Ali S. Tejani","0000-0002-6862-5299","11","555","35","I180670191","US","9","False","True"
"A5032607878","Khalifa AL-Dosari","","5","186","7","","","4","False","False"
"A5040570993","Simon Ascher","0000-0003-3017-1524","6","499","8","I7882870","GB","6","False","True"
"A5009003549","Hongkuan Zhou","0000-0001-8158-3081","6","104","16","I4210157899","CN","4","False","True"
"A5042046045","Deborah Lafuente","0000-0003-3660-7894","2","81","4","I24354313","AR","29","False","True"
"A5006606709","Zenan Shi","0000-0002-4966-8306","12","643","17","","","17","False","False"
"A5070776545","Abhinav Kumar","0000-0001-9367-7069","18","2026","127","I130823665","RU","28","False","True"
"A5042254281","Kanchan Pradhan","","3","214","6","I110360157","IN","5","False","True"
"A5037456453","Leo H. Chiang","0000-0003-0729-6273","27","25117","90","","","25","False","False"
"A5034104279","Volkan Senyurek","0000-0003-4446-4977","18","1064","60","I99041443","US","13","False","True"
"A5037662951","Tôru Hirano","0000-0001-8467-3154","55","11204","528","I4210093856","JP","91","False","True"
"A5051892787","Qiyu Hu","0000-0002-8540-7197","16","1461","65","I76130692","CN","21","False","True"
"A5027552079","A. A. Masrur Ahmed","0000-0002-7941-3902","18","1142","52","I1332353952","AU","16","False","True"
"A5003272466","Hamed Izadgoshasb","0000-0002-3694-4316","2","59","6","","","5","False","False"
"A5066146698","César Thadeo de Lima","0000-0002-6852-7066","16","1430","211","","","24","False","False"
"A5088251689","Jason M. McGinthy","0000-0002-5146-3166","5","192","9","I430641","US","16","False","True"
"A5060820355","Peter K. Koo","0000-0001-8722-0038","21","1634","101","I2750212522","US","21","False","True"
"A5091029929","Philip Hutchinson","0000-0002-3594-4277","4","210","7","I110995367","US","36","False","True"
"A5049065541","G. J. Y. Hsu","0000-0002-8964-9855","11","600","82","I43566213","TW","41","False","True"
"A5007021860","Jintu Zhang","0000-0001-9580-3241","9","361","22","","","7","False","False"
"A5048762739","Zhenpeng Liu","0000-0002-7466-4622","23","1679","178","I154099455","CN","23","False","True"
"A5050745264","Lina Wu","0000-0003-3423-2320","7","216","28","","","28","False","False"
"A5063627288","Veerapandiyan Veerasamy","0000-0002-7887-2613","26","1969","77","I172675005","SG","9","False","True"
"A5048605038","Vasileios Konstantakos","0000-0002-0332-7506","6","265","18","I4210153928","BE","5","False","True"
"A5103139654","Israt Jahan","0000-0002-1384-5657","6","391","63","I1307585291","BD","77","False","True"
"A5068212623","Xingliang Tang","","3","127","3","I4210155932","CN","8","False","True"
"A5078590075","Zhenrong Du","0000-0003-4439-8543","18","1179","66","I27357992","CN","12","False","True"
"A5059286446","Hany Habbak","","4","174","6","I4210100308","EG","13","False","True"
"A5018984581","Yuecheng Cai","0009-0002-8963-591X","1","11","3","","","3","False","False"
"A5062648279","Abid Haleem","","6","1493","8","","","5","False","False"
"A5070191233","Huda Abdulrahman Almuzaini","0000-0002-4496-4317","5","222","6","I28022161","SA","11","False","True"
"A5043138236","Jian-Wu Bi","0000-0003-2253-3492","22","2358","41","I205237279","CN","20","False","True"
"A5076237237","Kazuki Osawa","0000-0001-6390-9797","10","426","31","I4210161392","JP","21","False","True"
"A5059886112","Md Galal Uddin","0000-0001-8512-9644","22","3210","66","I188760350","IE","10","False","True"
"A5058361458","Mahdis Saharkhizan","","2","215","2","I166459259","IR","1","False","True"
"A5094154497","Iffath Unnisa Begum","","1","45","11","","","1","True","False"
"A5047429131","Zamir Merali","0000-0002-6667-3035","11","618","23","I2800336561","CA","12","False","True"
"A5022113595","Wei He","0000-0002-8944-9861","90","28696","739","I119273862","CN","39","True","True"
"A5085367509","Lana L. Narine","0000-0002-6125-7649","13","800","40","I82497590","US","13","False","True"
"A5023053216","E. Özdemir","0000-0003-0225-7558","8","227","15","","","8","False","False"
"A5100645300","Haochen Wang","0000-0003-3178-6125","12","836","81","I106994412","CN","15","False","True"
"A5062479775","Jonathan Thomas Megerian","","5","242","19","I1304278710","US","4","False","True"
"A5039487615","Eliseos J. Mucaki","0000-0002-6195-5535","18","1015","77","I125749732","CA","18","False","True"
"A5028828929","C. Anand","","3","121","8","I4210093989","IN","13","False","True"
"A5043096945","A. Subeesh","","16","1325","44","I138367206","IN","8","False","True"
"A5020091208","Hojin Lee","0000-0001-5117-8640","3","153","3","I123900574","KR","4","False","True"
"A5101841490","Qi Tian","0000-0002-0928-2847","11","686","50","I92092256","CN","19","False","True"
"A5008598879","Pengwei Guo","0000-0002-6985-7278","17","1709","44","I108468826","US","17","False","True"
"A5112926110","Shaiq Wani","","2","48","3","I101407740","IN","1","False","True"
"A5113144155","Penghao Liang","","8","167","17","I12912129","US","2","False","True"
"A5081139781","Eliza Strickland","","27","3663","219","","","67","False","False"
"A5040365130","Prinkle Sharma","0000-0003-4316-6556","8","510","18","I113508548","US","9","False","True"
"A5037742379","Pedro Costa","0000-0002-8382-2370","2","132","6","","","7","False","False"
"A5059192211","Yiwei Sun","0000-0002-2269-0474","5","242","20","I120379545","CN","9","False","True"
"A5053902946","Charlotte Frenkel","0000-0002-1879-0288","15","787","56","I98358874","NL","11","False","True"
"A5102737261","Ahmed Elaraby","0000-0001-8013-1446","10","393","40","I189575948","EG","13","False","True"
"A5016400710","Randika K. Makumbura","0000-0001-6030-1567","8","185","16","I195740183","LK","4","False","True"
"A5101588984","Ting Bai","","13","718","42","I115748381","TH","15","False","True"
"A5045958013","Yanqing Yang","","2","81","6","I4210161807","CN","17","False","True"
"A5101785250","Jun-e Liu","0000-0003-1265-1970","11","816","35","I176432857","CN","19","False","True"
"A5082889047","Rencheng Song","0000-0001-7760-7562","27","3184","108","I162868743","CN","17","False","True"
"A5040735180","Ashwani Kumar","0000-0002-2100-900X","25","2344","126","I3129773123","IN","23","False","True"
"A5100404719","Zhiqiang Wang","0000-0002-1789-8414","15","1021","159","I184843921","CN","23","False","True"
"A5112942828","Armenia ANDRONICEANU","","5","159","6","I88491126","RO","3","False","True"
"A5074728271","Matt Probert","0000-0002-1130-9316","22","29807","119","I52099693","GB","35","False","True"
"A5101618097","Xing Zhao","0000-0001-9234-3235","13","747","44","I4210153482","CN","19","False","True"
"A5102901213","David Murray","0000-0002-5040-9862","9","832","34","I181647926","GB","21","False","True"
"A5074126621","Claudio E. von Schacky","0000-0002-1401-0934","11","489","24","I2802619606","DE","6","False","True"
"A5034515102","Debasish Jana","0000-0003-2368-6394","13","764","50","","","30","False","False"
"A5100758404","Weikang Li","0000-0002-7137-5390","16","815","92","I121797337","NL","13","False","True"
"A5066565736","Uğur Koç","0000-0003-0937-6015","7","260","21","I66946132","US","32","False","True"
"A5108253513","Vaishnavh Nagarajan","","9","504","36","","","10","False","False"
"A5036427078","Aditya Singh","0000-0001-6281-9431","7","205","30","","","15","False","False"
"A5007865788","Huanlai Xing","0000-0002-6345-7265","34","4159","202","I172980758","US","18","True","True"
"A5103134947","Taeho Jo","0000-0003-1765-5735","3","73","13","I205783295","US","26","False","True"
"A5001231969","Premanand Tiwari","","5","240","8","","","5","False","False"
"A5040037349","Oguljan Berdiyeva Berdiyeva","","1","42","1","I181397559","MY","1","False","True"
"A5100343255","Xiuli Zhang","0000-0002-1916-6102","17","652","57","I177388780","CN","22","False","True"
"A5075221940","Jonathan Stray","0000-0003-4467-1239","11","613","37","I134446601","US","17","False","True"
"A5012149398","Muhammad Rizwan Khokher","0000-0002-7913-6837","7","155","18","I1292875679","AU","14","False","True"
"A5060577901","Xiao-Bin Li","0000-0001-8626-2682","9","349","59","I152269853","CN","21","False","True"
"A5010146271","Xiong Zha","0000-0003-2061-5013","9","338","19","I169689159","CN","9","False","True"
"A5024688335","Xiao Wen-juan","","2","27","12","I145897649","CN","5","False","True"
"A5087920490","Siming He","0000-0003-4845-6149","6","422","26","I4210143016","CN","32","False","True"
"A2226807533","Ozan Ozdenizci","0000-0002-5432-2422","2","182","2","","","1","False","False"
"A5050333667","Hao Gu","0000-0002-3110-2531","18","1068","61","I111599522","CN","20","False","True"
"A5043205622","Md. Shahariar Nafiz","","2","58","2","I103434671","BD","1","False","True"
"A5042474404","Rainer Engelken","0000-0001-7118-2129","5","168","23","","","13","False","False"
"A5088248035","Arkaja Saxena","","1","62","1","I4210091825","IN","1","False","True"
"A5010888641","Xiangyang Xu","0000-0002-9713-0535","27","2525","121","I139322472","MY","29","False","True"
"A5014316619","M Azath","","3","153","11","","","17","False","False"
"A5061331291","Dewang Chen","0000-0002-8660-9700","22","1696","196","I83791580","CN","24","False","True"
"A5086854779","Mario Tovar","","2","200","3","I8961855","MX","3","False","True"
"A5010970485","Huazhu Fu","0000-0002-9702-5524","78","24363","545","I115228651","SG","17","True","True"
"A5052650247","Md. Mamunur Rashid","0000-0002-3929-7361","18","1790","83","I74899385","AU","32","False","True"
"A5101926935","Sheng Feng","0000-0002-8428-1019","4","150","11","I170215575","CN","6","False","True"
"A5080620630","Isaac Machorro-Cano","0000-0002-3822-4478","9","450","41","I4210098721","MX","17","False","True"
"A5060563745","Bhanuprakash Dudi","0000-0003-3528-4595","5","110","23","","","15","False","False"
"A5087279621","Mohammadtaghi Avand","0000-0001-7196-5051","30","3241","45","I1516879","IR","6","False","True"
"A5112691848","Manogaran Madhiarasan","","3","96","4","I154851008","IN","2","False","True"
"A5086022515","Ikhtiyor Majidov","","1","92","1","I12832649","KR","1","False","True"
"A5067567098","Hongcheng Xu","0000-0002-2813-3230","23","1761","87","I4210112595","CN","15","False","True"
"A5092826563","Nsisong Louis Eyo-Udo","","18","1234","107","","","5","True","False"
"A5100323816","Wei Wei","0000-0003-2680-1212","8","1006","31","","","24","False","False"
"A5079329106","Ke Feng","0000-0003-2338-5161","50","8109","324","I17145004","CN","30","True","True"
"A5083782772","Angran Li","0000-0003-4588-8560","15","626","57","I258800397","CN","13","False","True"
"A5071602008","Fernando van der Vlist","0000-0003-1401-0325","15","867","54","I193662353","NL","30","False","True"
"A5065718414","Weiqi Ji","0000-0002-7097-0219","17","1088","32","I63966007","US","9","False","True"
"A5014351280","Emma Ozanich","0000-0001-6985-7481","9","570","27","","","7","False","False"
"A5045503219","Pranesh Gopal","0000-0003-0987-2422","1","38","2","I164861460","IN","2","False","True"
"A5016622304","Johnny Moughames","0000-0001-6120-7775","10","440","52","","","13","False","False"
"A5100462292","Zhiyuan Wang","0000-0002-5990-9193","18","1389","147","I111381250","CN","22","False","True"
"A5018263011","K. Balakrishna","0009-0002-2290-9031","8","244","32","","","15","False","False"
"A5100411173","Qingqing Li","0000-0002-9915-0089","30","3652","80","I119203015","CN","16","False","True"
"A5060655916","Shutong Qi","0000-0002-6270-931X","7","244","28","I197869895","CN","7","False","True"
"A5042206696","S. M. Abu Adnan Abir","0000-0001-9036-5473","3","277","4","I67031392","CA","4","False","True"
"A5100604860","Yun Liang","0000-0002-9076-7998","50","9475","544","I20231570","CN","30","True","True"
"A5108052996","Yang Yang","0000-0001-9436-964X","54","11841","812","I145311948","US","35","True","True"
"A5012881260","Linshu Ouyang","0000-0001-8948-9436","5","88","11","","","8","False","False"
"A5077026648","Suresh Malodia","0000-0003-1714-8119","15","1738","30","I4210147161","IN","11","False","True"
"A5050892479","Hongsuk Yi","0000-0002-3154-1884","14","848","49","I878022262","KR","24","False","True"
"A5036139759","Peter Xenopoulos","0000-0001-8594-3400","6","111","42","","","9","False","False"
"A5001648753","Mohamed Hussein","0000-0001-9529-3528","10","327","79","I181547552","US","19","False","True"
"A5024650269","Shuo Feng","0000-0002-1575-9891","10","630","47","I191996457","CN","18","False","True"
"A5054848977","Ian Scott","0000-0002-7596-0837","61","15043","614","I165143802","AU","65","False","True"
"A5074833810","Fabio Di Nunno","0000-0002-8411-574X","23","1751","80","I186995768","IT","8","False","True"
"A5047891928","Shujuan Cao","0000-0002-0301-7604","8","390","39","I111599522","CN","19","False","True"
"A5055847475","Ajith Gopi","","5","204","7","I102913810","MY","5","False","True"
"A5068580062","Alfan Presekal","0000-0002-8323-2856","9","404","34","I98358874","NL","13","False","True"
"A5083865852","Hosam Alamleh","","9","251","54","I153901656","US","6","False","True"
"A5018154366","Benjamin H. Kann","0000-0002-4313-2754","28","3678","242","I1283280774","US","39","False","True"
"A5083561941","Jaret Hodges","0000-0002-4427-5247","12","534","40","I123534392","US","31","False","True"
"A5085965353","Francisco Luna-Perejón","0000-0002-4352-8759","18","919","54","I79238269","ES","9","False","True"
"A5019070290","Xiuhong Wei","0000-0002-6117-3189","10","1454","15","","","4","False","False"
"A5017154111","Karol Baran","0000-0002-5883-4660","3","32","5","I169333911","PL","3","False","True"
"A5100341600","Jiajun Wang","0000-0003-0715-1269","15","818","72","I2802619606","DE","26","False","True"
"A5093128225","Nitin Rane","","23","1526","62","","","3","True","False"
"A5037147753","Thea Sommerschield","0000-0002-6965-8105","4","288","9","I142263535","GB","7","False","True"
"A5078638370","Juan David Rodríguez-García","","2","127","2","","","2","False","False"
"A5038735174","Shun Wang","0000-0003-0054-2523","3","71","11","I37796252","CN","4","False","True"
"A5049641499","Jing He","0000-0002-7249-4746","35","5788","245","I143593769","CN","36","False","True"
"A5055020171","Dapeng Zhang","0000-0003-4271-3896","7","295","30","","","24","False","False"
"A5101964795","Peng Yao","0000-0003-0717-2836","12","845","33","I126520041","CN","15","False","True"
"A5052787141","James Hutson","0000-0002-0578-6052","26","2024","326","I98865867","US","60","False","True"
"A5100319943","Xinyue Zhang","0000-0001-5152-2026","34","5815","309","I115228651","SG","22","True","True"
"A5061485530","Daqi Wang","","43","10304","1612","I20231570","CN","35","True","True"
"A5063780106","Shipu Xu","0000-0003-4721-0905","4","129","35","I14243506","HK","15","False","True"
"A5035027377","Divya Kothari","","1","13","2","","","1","False","False"
"A5100349835","Ke Liu","0000-0001-8151-4326","31","3605","332","I10535382","CN","36","False","True"
"A5028775720","John Asker","0000-0003-3371-6497","21","2925","86","","","25","False","False"
"A5101466324","Tao Yang","0000-0002-7662-4798","6","262","21","I163340411","CN","17","False","True"
"A5009407218","Anderson R. Avila","0000-0002-3088-5116","9","409","50","","","65","False","False"
"A5052618357","Veronika Thost","0000-0003-4984-1532","15","656","69","I4210087032","US","13","False","True"
"A5048449069","George Terzopoulos","0000-0001-6946-838X","5","251","12","","","7","False","False"
"A5081967453","Yilong Yang","0000-0002-0099-344X","16","1426","76","I1327237609","CN","15","False","True"
"A5016649545","Hongmei Yue","0009-0003-5186-6461","13","1015","45","I4210163492","CN","19","False","True"
"A5012013128","Luis P. Silvestrin","0000-0002-5759-1986","3","43","4","I865915315","NL","5","False","True"
"A5090453408","Aya Sedky Adly","0000-0003-4463-8244","9","375","32","I154526488","FR","15","False","True"
"A5100349116","Qianqian Zhang","0000-0003-1624-036X","17","1003","70","I116953780","CN","18","False","True"
"A5033308008","Boštjan Šumak","0000-0001-5535-3477","15","1510","60","I37696226","SI","24","False","True"
"A5025925782","Sreesruthi Ramasubramanian","0000-0003-0160-1353","2","48","4","I4210149788","AE","2","False","True"
"A5037579884","Xiaomei Qin","","2","168","2","","","1","False","False"
"A5083399995","Rasheed Omobolaji Alabi","0000-0001-7655-5924","15","1068","37","I133731052","FI","32","False","True"
"A5002981402","Yurong Qian","0000-0001-6564-4745","21","1620","159","I4210099083","US","19","False","True"
"A5039591702","Dan Wang","0000-0001-8087-299X","17","1357","117","","","24","False","False"
"A5065320427","Somya Sharma","0000-0003-2194-162X","7","128","38","I130238516","US","32","False","True"
"A5050289379","Ali Haider Khan","0000-0002-2393-7600","13","837","65","I27804330","US","21","False","True"
"A5031878885","Xiao Wang","0000-0002-2510-3351","1","25","3","I204983213","CN","4","False","True"
"A5075190387","Yang Zhang","0000-0003-3949-1823","13","1222","30","I180726961","CN","19","False","True"
"A5081153578","Saeed Mohsen","0000-0003-2863-0074","13","605","32","I4210120363","EG","10","False","True"
"A5082514217","Mujeeb Ur Rehman","0000-0002-4228-385X","18","1024","98","I138847295","ES","15","False","True"
"A5113612905","C. Secasan","0000-0003-1928-7809","2","37","11","I4210088791","RO","16","False","True"
"A2568174014","Kamran Kowsari","0000-0002-6451-4786","6","1388","10","","","1","False","False"
"A5064481133","April M Miksch","0000-0002-3776-515X","2","106","2","I100066346","DE","1","False","True"
"A5111661017","Young-Cheon Kwon","","6","241","11","I2250650973","KR","17","False","True"
"A5073025059","Nerea Portillo Juan","0000-0003-4060-1575","6","225","13","","","4","False","False"
"A5101437616","Uzair Khan","0000-0002-1635-0617","4","117","14","","","14","False","False"
"A5010502454","Hanjie Li","0000-0003-4857-6650","3","31","5","I125839683","CN","3","False","True"
"A5020284128","Amandeep Kaur","0000-0002-7295-0203","8","233","53","I74319210","IN","18","False","True"
"A5022700946","Ahmed A. Elngar","0000-0001-6124-7152","17","1500","224","I113643904","EG","13","True","True"
"A5108049836","Xiaoqing Zhang","0000-0002-4532-2156","3","135","19","I191208505","CN","26","False","True"
"A5088226388","Saeed Arabi","0000-0002-5681-4922","8","373","13","I173911158","US","8","False","True"
"A5076807189","Heesang Eom","0000-0001-7418-5042","6","236","10","I98600543","KR","6","False","True"
"A5060841942","Erika Stracqualursi","0000-0003-3431-1096","10","314","64","I861853513","IT","8","False","True"
"A5101874243","Ming Zhao","0000-0003-3912-8530","16","3774","143","I1300757298","CN","46","False","True"
"A5103277337","Zihao Jiao","0000-0003-4807-2524","9","602","22","I154130895","NZ","28","False","True"
"A5068111934","Ansgar Zerfaß","0000-0002-5539-4663","47","6993","303","I926574661","DE","33","False","True"
"A5054527929","Gaëlle Cachat‐Rosset","0000-0001-7050-1677","6","517","29","","","10","False","False"
"A5091202127","Sareer Ul Amin","0000-0001-9479-3846","12","541","18","I67900169","KR","4","False","True"
"A5019458342","Jakob Krzyston","","2","46","9","I130701444","US","8","False","True"
"A5079566250","Niva Elkin-Koren","0000-0003-2519-2494","18","1146","107","I16391192","IL","31","False","True"
"A5050226790","Alessio Petrozziello","0000-0003-3889-7805","11","561","22","","","10","False","False"
"A5100735641","Shuping Li","0000-0003-1890-1264","19","1446","217","I102322142","US","37","False","True"
"A5045398354","Yuchuan Fu","0000-0003-1966-9161","20","1844","98","I129708740","CN","36","False","True"
"A5011301418","Xiaohan Ding","","16","4313","40","I2250653659","CN","8","False","True"
"A5063103833","Maryam Bukhari","0000-0003-2904-2223","10","369","27","I16076960","PK","6","False","True"
"A5101458486","Hyunsun Song","0000-0001-7790-5105","4","137","7","I1322422313","KR","19","False","True"
"A5101811914","Hengyuan Zhang","0000-0001-5965-201X","5","58","36","I119045251","CN","15","False","True"
"A5000952998","Mojtaba Haghighatlari","0000-0002-3779-2246","14","793","49","I180857899","US","10","False","True"
"A5071227763","Saritha Unnikrishnan","0000-0001-8711-2934","9","297","22","I4387152698","","8","False","True"
"A5073896055","Christoph Molnar","0000-0003-2331-868X","17","2468","28","I8204097","DE","13","False","True"
"A5052397999","Antonello Rosato","0000-0002-4371-5925","17","847","92","I861853513","IT","12","False","True"
"A5052334299","Yunxiang Liu","0000-0001-9887-6673","3","113","4","I188538660","US","6","False","True"
"A5005688272","Hum Nath Bhandari","","7","349","12","I79839527","US","25","False","True"
"A2011352411","Qiang Zhang","0000-0001-5010-4842","21","3126","557","","","1","True","False"
"A5038319836","Andrea Valentina Cañón Solano","0009-0009-6176-8463","2","53","2","","","15","False","False"
"A5018563086","Marco Domenico Cirillo","0000-0003-2777-9416","5","145","9","I102134673","SE","9","False","True"
"A5088477004","Marcel F. Langer","0000-0002-1270-3016","4","175","15","I5124864","CH","4","False","True"
"A5076536596","Stephen Green","0000-0002-6987-6313","37","10066","178","I142263535","GB","50","False","True"
"A5042781447","Anqi Jin","0000-0002-4351-8868","5","121","13","I17145004","CN","4","False","True"
"A5077768209","Quan Le","0000-0001-6513-8340","13","906","36","","","24","False","False"
"A5029468658","Sarah Elaine Eaton","0000-0003-0607-6287","27","2676","348","I168635309","CA","49","False","True"
"A5071734507","Rita Roy","0000-0003-3321-8236","21","1431","104","I4210132231","BD","53","False","True"
"A5090162260","James Robertson","0000-0001-9746-3201","5","144","28","I166416128","US","96","False","True"
"A5050283189","Taylor R. Lee","0000-0003-0229-7736","6","205","37","","","8","False","False"
"A5031028409","Nidhi Kundu","","6","355","17","I4210128752","IN","11","False","True"
"A5061182891","Pei-Ying Wang","","5","225","12","","","22","False","False"
"A5100767398","Hua Hu","0000-0002-9686-3753","21","1915","256","I165745306","CN","38","False","True"
"A5027988193","Syed Ale Hassan","","10","328","26","I195024194","PK","5","False","True"
"A5043109240","Fitore Muharemi","","4","218","7","I114090438","DE","3","False","True"
"A5080336447","Ryan Appleby","0000-0002-5515-8628","7","242","37","I79817857","CA","47","False","True"
"A5076899701","Uğur Parlatan","0000-0001-7106-5993","7","281","47","I97018004","US","16","False","True"
"A5011939625","Mai Thi Giang Thanh","","3","122","3","I189643551","VN","3","False","True"
"A5073947932","S. Soleimani Gilakjani","0009-0001-5682-0257","6","111","8","I5023651","CA","9","False","True"
"A5008144940","Janhvi Jha","","9","221","19","","","3","False","False"
"A5042846465","Akshat Gaurav","0000-0002-5796-9424","21","1665","186","I143578492","TW","9","True","True"
"A5061693850","Hang Yuan","0000-0003-2607-4334","15","734","67","I24185976","CN","28","False","True"
"A5082418425","Ming-Yen Kao","0000-0002-6261-2809","18","967","33","","","34","False","False"
"A5055265372","Falah Obaid","0000-0001-6662-7816","1","23","1","I105818395","IR","1","False","True"
"A5107249265","Jiaxing Zhang","0009-0007-8031-661X","12","900","61","I118118575","US","34","False","True"
"A5058788547","Farhad Imani","0000-0003-0837-9273","31","4392","154","","","46","False","False"
"A5029149110","Marta C. Pinto","0000-0001-6790-9516","3","90","8","I145872427","NL","8","False","True"
"A5027428006","Shivam Gupta","0000-0002-1450-5435","12","503","35","","","46","False","False"
"A5034842879","Fred Hohman","","17","1933","59","I4210153776","US","9","False","True"
"A5003500465","Mahmoud Ragab","0000-0002-4427-0016","20","1572","173","I184834183","EG","71","False","True"
"A5081975988","Jean‐Philippe Vergne","0000-0003-4551-1122","18","2647","60","","","17","False","False"
"A5100354356","Lihua Chen","0000-0002-9886-2789","54","11696","345","I10899854","CN","43","False","True"
"A5101787439","Chengyang Zhang","0000-0003-3658-5779","17","3270","90","I160993911","AU","21","False","True"
"A2127895444","Jason Zhu","0000-0002-5154-6092","2","4","5","","","1","False","False"
"A5100455559","Wei Ma","0000-0002-5665-7840","21","4221","141","I19820366","CN","39","False","True"
"A5102754093","Kangcheng Wang","0000-0001-9068-3711","6","245","13","I126520041","CN","11","False","True"
"A5010062986","Sami Kabir","0000-0001-5283-6641","3","109","7","I190632392","SE","9","False","True"
"A5082878067","Ahmet Süreyya Rifaioğlu","0000-0001-6717-4767","13","1948","39","","","11","False","False"
"A5052539028","Steve Agajanian","","12","579","27","I185071736","US","6","False","True"
"A5091939001","Zihan Wang","0000-0002-6536-2948","1","65","7","I1292875679","AU","3","False","True"
"A5065780980","Daniel Kühn","0000-0003-2697-8886","44","9125","294","I5124864","CH","63","False","True"
"A5059960326","Tony C. W. Mok","0000-0002-4779-9337","11","816","43","I4210123185","CN","7","False","True"
"A5046243684","Monirul Islam Pavel","0000-0001-9470-7725","14","1354","33","","","32","False","False"
"A5026843481","Sonia Phene","","6","500","19","","","10","False","False"
"A5061566503","Mouad Alami Machichi","0000-0001-9685-0664","3","57","4","I4210121440","MA","4","False","True"
"A5101725832","Hojun Kim","0000-0001-7974-1044","22","1973","108","I118692353","YE","20","False","True"
"A5084123919","Aurelian John‐Herpin","0000-0002-3554-1574","11","1124","22","I5124864","CH","7","False","True"
"A5047668625","Pei‐Hsuan Lin","0000-0002-0855-5559","20","1294","131","I131948415","TW","24","False","True"
"A5100611912","Ramandeep Singh","0000-0001-5840-9907","21","1657","96","I63739035","IN","20","False","True"
"A5046392133","Vu Le","0000-0001-9589-3371","11","478","52","I1321296531","US","32","False","True"
"A5002877611","José Miguel Túñez López","0000-0002-5036-9143","18","1265","214","","","56","False","False"
"A5064694486","Shufang Xu","0000-0002-6802-9083","10","303","33","I163340411","CN","4","False","True"
"A5109631722","Matheus Nunes","","6","80","13","I110200422","BR","10","False","True"
"A5032665814","Kiran Kishor Maharana","","3","939","6","I2885483733","IN","4","False","True"
"A5101528191","Chenxing Wang","0000-0003-4096-7972","15","843","87","I139759216","CN","22","False","True"
"A5027712820","Sara Polak","0000-0001-5003-5031","4","131","29","","","23","False","False"
"A5034752225","Arash Keshavarzi Arshadi","0000-0003-4050-0897","8","500","27","I180670191","US","8","False","True"
"A5073299519","Tian Guo","0000-0002-0365-0063","22","1622","78","","","28","False","False"
"A5102427388","Shivangi Sharma","","7","183","34","I102322142","US","14","False","True"
"A5021272846","Arwa Diwali","0000-0001-5036-0117","2","65","4","I185163786","SA","4","False","True"
"A5091045705","Bhabendu Kumar Mohanta","0000-0002-9340-3073","21","2617","83","I201726411","AE","13","False","True"
"A5055542561","Valeria Croce","0000-0001-9601-3145","13","592","38","","","16","False","False"
"A5055187527","Hirohisa Taniguchi","","5","140","19","","","26","False","False"
"A5075465531","Yan‐Jing Wu","0000-0002-4050-7127","4","124","21","I14140830","TW","16","False","True"
"A5054104248","Mohamed A. Kassem","0000-0002-5150-5004","22","3164","69","","","42","False","False"
"A5076282021","Bassant M. Elbagoury","0000-0003-3643-7338","6","449","23","I107720978","EG","16","False","True"
"A5072729981","Silvia M. Massa","0000-0002-3285-8971","6","71","15","I172446870","IT","26","False","True"
"A5003824116","Yi Hao Chan","0000-0002-2393-1110","6","180","30","I172675005","SG","9","False","True"
"A5100650837","Saeed Ahmed","0000-0002-3624-4096","13","1340","46","I69716792","PK","14","False","True"
"A5084092269","Surjeet Dalal","0000-0002-4325-9237","27","1905","138","","","21","False","False"
"A5016541555","Randhir Kumar","0000-0001-9375-2970","27","3122","62","I4210100463","IN","13","False","True"
"A5004601038","Seyed Morteza Nabavinejad","0000-0002-5123-6318","8","299","24","I107077323","US","10","False","True"
"A5001115521","Yuan Jiang","0000-0002-3052-1320","7","206","21","I204983213","CN","21","False","True"
"A5056600231","Lina Huo","","7","216","29","I94611258","CN","11","False","True"
"A5043186886","Gordon H.Y. Li","0000-0001-8184-4915","7","246","17","","","25","False","False"
"A5016257935","Juntong Yun","0000-0003-3210-9257","25","1855","94","I43922553","CN","6","True","True"
"A5113499061","James Damewood","","14","803","35","I63966007","US","54","False","True"
"A5048454746","Emilio Sansano‐Sansano","0000-0002-7814-0383","10","421","53","I10902133","ES","9","False","True"
"A5068616353","Qiusi Zhang","0000-0001-5469-1802","6","135","18","I4210156423","CN","13","False","True"
"A5101980456","Fabio Corbi","0000-0003-2662-3065","27","1683","134","I4210096172","IT","19","False","True"
"A5011791362","Michela Proietti","0000-0002-1469-3253","2","20","6","","","8","False","False"
"A5074446239","Amin Al‐Habaibeh","0000-0002-9867-6011","27","2110","208","","","29","False","False"
"A5013242165","Md. Mohaimenul Islam","0000-0001-6026-2748","35","4288","135","I126307644","US","48","False","True"
"A5021542270","Zengchen Yu","0000-0003-1931-0810","8","756","10","I108688024","CN","2","False","True"
"A5101788195","Daniel Zhang","0000-0002-0667-5397","27","2058","98","I4210141198","US","22","False","True"
"A5057771990","Sabri Arik","0000-0002-4390-5139","42","5720","147","","","29","False","False"
"A5023725857","Haibo Bao","0000-0002-7958-7072","29","2846","102","I142108993","CN","20","False","True"
"A5001916875","Kailin Shang","","2","184","8","","","7","False","False"
"A5069959546","Sahan Bulathwela","0000-0002-5878-2143","8","310","41","I45129253","GB","6","False","True"
"A5072786000","Shuo Wang","0000-0001-8327-512X","14","851","38","I4210129465","CN","15","False","True"
"A5032317906","Calvin Wai-Loon Ho","0000-0002-8328-1308","19","1329","121","I241749","GB","22","False","True"
"A5080258439","Sandy Victor Amanoul","","3","62","3","I4210124331","IQ","3","False","True"
"A5048039740","Yangzi Chen","","2","176","2","I99065089","CN","3","False","True"
"A1708293020","C. Jacobs","0000-0002-7294-4364","0","0","58","","","1","True","False"
"A5046515624","Christos Kokkotis","0000-0003-2972-3117","18","1030","90","I147962203","GR","7","True","True"
"A5014602122","Harmandeep Singh Gill","0000-0001-8699-2087","11","485","22","","","8","False","False"
"A5048759953","Pooja Rana","0000-0003-0067-0939","13","675","76","I110360157","IN","45","False","True"
"A5061620697","Zhao Huang","0000-0001-7385-032X","7","354","43","I149594827","CN","34","False","True"
"A5019157263","Bin Jiang","0000-0003-2696-5436","61","14435","699","I101479585","CN","30","True","True"
"A5024026979","Anna P. M. Michel","0000-0001-9319-0592","22","1600","113","I66958751","US","65","False","True"
"A5044805236","Hakan Demir","0000-0002-4285-5010","17","1005","27","I44925452","TR","15","False","True"
"A5031392778","Erich Prem","0000-0002-4380-3722","10","627","54","","","35","False","False"
"A5022446351","Maryam Hina","","2","73","2","I899713450","PK","1","False","True"
"A5083337102","Md. Aslam Parwez","0000-0003-0087-7171","3","92","7","I19716509","IN","9","False","True"
"A5009904259","Gaudys L. Sanclemente","0000-0001-6899-5137","2","55","5","","","7","False","False"
"A5007803402","Changhoon Oh","0000-0002-3340-551X","25","2051","96","I193775966","KR","39","False","True"
"A5040152034","Xinnan Dai","","7","142","14","I4210113369","CN","8","False","True"
"A5032123673","Kenneth Atz","0000-0002-2628-1619","15","1100","60","I118019719","CH","7","False","True"
"A5031714104","Luyl-Da Quach","0000-0002-5661-4250","13","571","62","I109689652","VN","8","False","True"
"A5040521327","T. Götz","0000-0001-8751-3404","10","262","27","I4210088053","DE","68","False","True"
"A5063178060","Jacqueline A. Valeri","0000-0002-3430-5924","7","740","12","I107606265","US","8","False","True"
"A5041647982","Liesbeth Minnoye","0000-0002-0898-2817","10","1524","17","I4210153928","BE","5","False","True"
"A5047955118","Ghulam Ali","0000-0002-0726-2738","17","1191","59","I11701301","AU","22","False","True"
"A5047340316","Pedro Guimarães","0000-0002-9465-4413","17","1130","107","I4210131693","BR","22","False","True"
"A5066446861","So‐Min Cheong","0000-0002-3326-8391","20","1807","48","I91045830","US","26","False","True"
"A5100389417","Yao Yao","0000-0001-9866-4291","22","3979","65","I20231570","CN","16","False","True"
"A5014471558","Ana Cristina Nunes Rodrigues","0000-0002-9868-4679","1","36","1","I293362453","PT","1","False","True"
"A5112489913","V S Magomadov","","6","139","14","I114650741","RU","4","False","True"
"A5046769944","Anselme Ndikumana","0000-0003-3328-3695","14","578","40","I9736820","CA","11","False","True"
"A5065916137","Jiehua Yang","0000-0003-1667-3528","5","252","5","I47720641","CN","3","False","True"
"A5010016145","Alif Bin Abdul Qayyum","0009-0008-0706-2913","4","103","10","I91045830","US","6","False","True"
"A5091066189","N. Komal Kumar","0000-0001-8662-0224","13","549","48","I85461943","IN","25","False","True"
"A5066140130","Kamran Karimi","0000-0002-9122-6595","11","305","46","I4210097150","PL","15","False","True"
"A5085306778","Ijaz Ahmad","0000-0003-1101-8698","31","3795","142","I98381234","FI","37","False","True"
"A5070027706","Tatiana Kostiuchenko","","4","302","8","I4210147035","RU","7","False","True"
"A5033810907","Damola S. Adelekan","0000-0001-6974-0427","21","1085","47","I186771145","NG","10","False","True"
"A5080904082","Nikita Genze","0000-0001-8869-6599","6","331","8","I309496635","DE","9","False","True"
"A5100455376","Tao Li","0000-0003-1697-8022","46","9334","444","I120379545","CN","40","True","True"
"A5000108714","Lasse M. Blaabjerg","0000-0003-0720-8632","3","164","11","","","4","False","False"
"A5083441099","Pendar Alirezazadeh","","9","408","26","I169108374","ES","11","False","True"
"A5029424678","Junkang Ni","0000-0001-7551-4696","24","2894","54","I17145004","CN","13","False","True"
"A5047850671","Amira Bouamrane","0000-0002-2570-8377","2","31","11","I3132180716","DZ","4","False","True"
"A5108931419","Nicola B. Schmid","","2","64","2","I202697423","CH","3","False","True"
"A5000206566","Fabrizio Ciancetta","0000-0002-1676-5273","16","1492","115","I26415053","IT","22","False","True"
"A5056642959","Lilei Sun","0000-0002-7369-5494","8","224","18","","","10","False","False"
"A5115694897","Jing Wang","0000-0001-7431-8925","37","12924","585","I109935558","CN","32","True","True"
"A5028149900","Suraj Pawar","0000-0001-7562-799X","15","826","60","I4210150951","US","9","False","True"
"A5003260186","Maryam Haghighat","0000-0002-2080-8483","9","310","30","I160993911","AU","30","False","True"
"A5073802425","Haijing Wu","0000-0002-6338-5089","45","5762","159","I139660479","CN","37","False","True"
"A5059794851","Haakon Robinson","0000-0003-0992-7374","7","245","19","","","31","False","False"
"A5024021305","Azeddine Elhassouny","0000-0002-3683-9575","7","509","32","I126477371","MA","14","False","True"
"A5049341185","XI CHEN","","3","258","17","I4210135057","CA","26","False","True"
"A5048147199","Gyutaek Oh","0000-0002-7689-1538","10","345","24","I157485424","KR","6","False","True"
"A5100415373","Yutong Chen","0009-0000-4252-8530","10","417","27","","","12","False","False"
"A5079602209","Kayvan Kousha","0000-0003-4827-971X","34","4320","160","I119664326","GB","27","False","True"
"A5101908670","Yang Shi","0000-0002-1065-4038","23","1495","67","I116953780","CN","15","False","True"
"A5046439019","Jamal Faraji","0000-0001-5790-6936","13","675","26","I130929987","BE","6","False","True"
"A5018960273","Andreas Lindholm","0000-0002-5601-1687","5","91","24","","","11","False","False"
"A5080213192","Jun Sun","0000-0003-3019-6086","38","3932","199","I115592961","CN","23","False","True"
"A5048786808","Adane Nega Tarekegn","0000-0002-4005-1238","8","641","28","I4432739","NO","11","False","True"
"A5006588172","Juergen Rudolph","","2","86","4","I4210162116","SG","56","False","True"
"A5029465212","Abdul‐Lateef Balogun","0000-0002-0418-3487","36","4807","99","","","19","False","False"
"A5025077602","Tao Huang","0000-0003-1975-9693","60","19149","555","I129708740","CN","35","True","True"
"A5034458269","Niamh Kinchin","0000-0001-5725-3162","5","130","29","I204824540","AU","19","False","True"
"A5038255653","Erik Brynjolfsson","0000-0002-8031-6990","85","46169","322","I1321305853","US","38","False","True"
"A5088421085","Sumitra Nuanmeesri","0000-0002-2511-9820","11","400","61","I4210105946","TH","18","False","True"
"A5087186391","Luís Augusto Silva","0000-0002-9981-4586","18","907","92","I184999862","ES","25","False","True"
"A5074176287","Annamalai Natarajan","","11","485","21","","","15","False","False"
"A5024505779","Ginu George","0000-0001-5611-6174","7","185","40","I48018076","IN","29","False","True"
"A5055631823","Rodrigo Minetto","0000-0003-2277-4632","18","1551","78","I1283613182","BR","19","False","True"
"A5058544073","Nitin Agarwala","0000-0003-0916-3044","13","499","59","","","14","False","False"
"A5080357343","Siva Sai","0000-0003-0927-9370","14","882","47","I74796645","IN","6","False","True"
"A5100716299","Xin Liao","0000-0002-9131-0578","32","4810","323","I16609230","CN","44","False","True"
"A5011632815","Diana Susan Joseph","","2","165","8","I2799752099","AE","4","False","True"
"A5084665994","Radu Mariescu-Istodor","0000-0002-0721-041X","13","592","36","I3132474087","FI","12","False","True"
"A5064192572","Yagya Raj Pandeya","0000-0002-9842-8704","9","560","28","","","7","False","False"
"A5006941014","Kyung Hyun Lee","0000-0002-7010-5284","6","247","24","","","18","False","False"
"A5079113446","Giacomo Janson","0000-0003-1757-4193","13","864","28","I87216513","US","12","False","True"
"A5058484271","Manuel Gil-Martín","0000-0002-4285-6224","10","684","48","I88060688","ES","8","False","True"
"A5002431613","Guangfeng Zhou","0000-0003-2728-1917","15","869","50","I201448701","US","18","False","True"
"A5085605592","Vaishali Pandith","","2","89","2","I145846420","IN","4","False","True"
"A5022152909","Daniel Abode","0000-0002-4722-8518","4","97","19","I891191580","DK","9","False","True"
"A5005317361","Jun-Young Cha","0000-0003-1968-7343","2","122","2","I139264467","KR","1","False","True"
"A5101414960","Hung Viet Pham","0000-0002-8622-9935","19","1213","88","I4210146893","VN","22","False","True"
"A5000913573","Abdelrahman Taha","0000-0002-6046-6641","5","444","16","I55732556","US","22","False","True"
"A5049528305","Dinu Maria Jose","0000-0001-9760-1491","5","273","12","","","8","False","False"
"A5038098550","Peter Ukkonen","0000-0001-8565-8079","7","286","48","I40120149","GB","11","False","True"
"A5100373633","Ziyu Chen","0000-0002-9915-3538","7","351","16","I19820366","CN","7","False","True"
"A5081996956","Jan‐Joris Devogelaer","0000-0001-9533-2590","7","294","40","I145872427","NL","5","False","True"
"A5054994988","Mesfin Seid Ibrahim","0000-0001-5202-4539","11","336","23","I4210114501","ET","7","False","True"
"A5013894988","Magnus Høholt Kaspersen","0000-0003-2389-4011","9","276","17","I204337017","DK","6","False","True"
"A5008155440","Stephen Bacchi","0000-0001-5130-8628","22","2206","382","I1320133117","AU","12","True","True"
"A5082707221","Yiğit Özen","","2","17","2","I168864056","TR","2","False","True"
"A5077137773","Craig M. Hamel","0000-0003-4086-9010","24","2949","70","","","11","False","False"
"A5073468428","Anber Abraheem Shlash Mohammad","0000-0003-3513-3965","36","3223","192","I36622005","JO","13","True","True"
"A5103103154","Yuzhong Liu","0000-0001-8360-5037","6","181","42","","","23","False","False"
"A5100734971","Yi Zhou","0000-0003-3021-3229","24","3944","109","I150229711","CN","43","False","True"
"A5052760473","Chao Ding","0000-0003-0373-0167","17","1027","68","I148283060","US","25","False","True"
"A5018000306","Pulkit Singla","","3","99","6","I74319210","IN","2","False","True"
"A5046235679","Ömer Ali Karaman","0000-0003-1640-861X","8","251","22","I32481161","TR","7","False","True"
"A5080950812","Alessandro Falcetta","0000-0003-0460-1690","4","104","16","","","6","False","False"
"A5045759550","Ziying Vanessa Lim","0000-0002-4620-6843","5","135","17","I1287551835","SG","10","False","True"
"A5001860353","Nan Lin","0000-0002-6745-8281","3","29","6","I98358874","NL","4","False","True"
"A5043276600","Patrick Gray","0000-0002-8997-5255","12","717","64","I7947594","US","57","False","True"
"A5028503461","Waseem Ullah","0000-0001-5191-9023","16","1809","46","I2800200783","PK","6","False","True"
"A5004341977","Samidha Khatri","","1","150","1","","","1","False","False"
"A5085273180","Janne Cadamuro","0000-0002-6200-9831","32","3199","169","I27945538","AT","17","False","True"
"A5058490093","Ali Faqihi","0000-0001-6583-1073","3","101","7","I91450128","SA","4","False","True"
"A5074229248","Kelong Mao","0000-0002-5648-568X","12","795","58","I78988378","CN","6","False","True"
"A5092671804","Alea Miako Tokita","0009-0001-2697-8213","2","69","3","I904495901","DE","3","False","True"
"A5091887664","Hamid Ghanbari","0000-0002-9557-495X","8","1088","25","","","13","False","False"
"A5108706404","Rajendra K. Bera","","6","258","108","","","51","False","False"
"A5084762762","John Pomerat","","1","45","2","","","5","False","False"
"A5100696873","Yonghong Yu","0000-0003-2587-8090","17","1090","66","I41198531","CN","21","False","True"
"A5053463604","Teemu Valtonen","0000-0002-1803-9865","29","3692","97","I175532246","FI","23","False","True"
"A5057933111","Md. Mehedi Hassan","0000-0002-9890-0968","18","1403","140","I124386471","BD","21","False","True"
"A2589744671","Francesco Salvetti","0000-0001-8472-5823","0","0","4","","","1","False","False"
"A5040886739","Kyubo Noh","0000-0001-5484-2981","11","321","40","I185261750","CA","32","False","True"
"A5078431933","Muhammad Danish Ali","0000-0002-4717-592X","16","631","45","I119004910","PL","12","False","True"
"A5027682854","KM Jyoti Rani","","1","103","1","I166533956","IN","1","False","True"
"A5034511947","Ahmed R. Nasser","0000-0002-9731-8167","11","473","46","I171256487","IQ","18","False","True"
"A5007296414","Cristina L. Saratxaga","0000-0003-1429-7936","10","389","22","","","14","False","False"
"A5013390876","Samet Cinar","0000-0002-9036-8444","2","91","4","I159176309","DE","2","False","True"
"A5058500198","Ehsan Aghdam","0000-0001-5944-3082","3","102","3","I14243506","HK","2","False","True"
"A5089107181","Mana Saleh Al Reshan","0000-0002-2266-9608","19","1095","76","I47164929","SA","7","True","True"
"A5057762298","Stephanie E. August","0000-0002-4537-5995","8","214","34","I27825529","US","37","False","True"
"A5055487755","Le Thanh Tan","0000-0003-0807-4357","14","1019","53","","","23","False","False"
"A5068218826","Halil İbrahim Kuru","0000-0003-4356-8846","3","188","12","I168864056","TR","7","False","True"
"A5083897304","Bence Major","","3","181","8","","","7","False","False"
"A2887921399","Abdulkadir Canatar","0000-0002-0140-5718","2","166","2","","","1","False","False"
"A5016256965","Sangryun Lee","0000-0002-6237-2016","15","762","57","I138925566","KR","11","False","True"
"A5074300146","Boris Karanov","0000-0003-1657-8109","11","753","46","I102335020","DE","10","False","True"
"A5103227911","Li Jiang","0000-0003-2652-0699","37","5318","231","I103635307","US","28","False","True"
"A5084332325","K S Naveenkumar","","3","71","4","","","4","False","False"
"A5100330824","Shuai Yang","0009-0000-7271-4182","11","464","49","I101479585","CN","11","False","True"
"A5101481792","David Martin","0000-0002-2196-5851","14","953","49","I169521973","US","32","False","True"
"A5044678207","Jungsu Park","0000-0002-9780-6988","23","1928","84","I145808223","KR","53","False","True"
"A5043973969","Huatao Jiang","","5","165","10","I19820366","CN","7","False","True"
"A5002116815","Avishek Choudhury","0000-0002-5342-0709","23","2774","154","I12097938","US","64","False","True"
"A5042454355","Semih Günel","0000-0002-0863-8928","8","468","19","I5124864","CH","10","False","True"
"A5085163337","Manimuthu Arunmozhi","0000-0003-4909-4880","14","669","35","I175691731","IN","8","False","True"
"A5072033494","Akhil Dhanesh Goel","0000-0002-6156-7903","24","2101","228","I216021267","IN","31","False","True"
"A5043883129","Bruno Brandoli Machado","0000-0001-6167-8104","19","1483","73","","","22","False","False"
"A5080903380","Pier Francesco Orrù","0000-0003-3909-7199","10","490","71","I172446870","IT","26","False","True"
"A5030118578","Dongkwon Han","0000-0002-5325-7841","5","143","17","I51226738","KR","9","False","True"
"A5042602304","Qinglong He","0000-0002-8828-791X","6","124","14","I178232147","CN","12","False","True"
"A5063335407","Markus Hanselmann","0000-0002-7410-7455","4","355","9","","","6","False","False"
"A5028824538","Basil Kraft","0000-0002-8491-2730","12","521","78","I2799323385","CH","8","False","True"
"A5071571459","Stephan Thaler","0000-0001-5383-1615","8","307","24","","","70","False","False"
"A5064364239","Wenhui Yu","0000-0002-0886-3543","14","533","60","","","18","False","False"
"A5037620894","Shavneet Sharma","0000-0001-5523-5091","23","1910","71","I44666525","FJ","10","False","True"
"A5039346849","Taigao Ma","","7","187","13","I27837315","US","25","False","True"
"A5091464424","Madhurima Tummala","","1","44","1","","","1","False","False"
"A5041426186","Farida Sabry","0000-0001-5639-983X","5","429","11","I60342839","QA","10","False","True"
"A5073732148","Shengyun Wei","0000-0002-0358-190X","8","208","22","I25399270","CN","11","False","True"
"A5100351382","Ming Li","0000-0002-1218-2804","39","4997","356","I120825670","CN","44","False","True"
"A5005408668","Prasanta Kumar Bal","","3","145","8","","","7","False","False"
"A5101424021","Seunghyun Yoon","0000-0002-7262-3579","16","802","126","I2250650973","KR","33","False","True"
"A5016302052","S. M. Jaisakthi","0000-0001-9136-1300","11","612","40","I876193797","IN","16","False","True"
"A5080143856","Gaspard Harerimana","0000-0003-4761-562X","7","1157","9","I4210087849","RW","6","False","True"
"A5015807561","Qing Yuan","0000-0003-4058-5931","28","2782","187","I12411659","CN","30","False","True"
"A5050921897","Junho Song","0000-0003-4205-1829","48","7716","336","I134353371","KR","40","False","True"
"A5028743550","Zhengting Zou","0000-0003-1716-5090","14","1032","41","I139660479","CN","13","False","True"
"A5101962077","Madhumita Pal","0000-0003-0680-3747","8","435","28","I4388446400","","5","False","True"
"A5077394375","Medard Edmund Mswahili","0000-0002-6893-6281","7","198","19","I163753206","KR","5","False","True"
"A5075855904","Juan Qian","0000-0003-0745-2715","5","147","25","I100532134","FR","38","False","True"
"A5089873177","Harsh Kailash Rathi","","1","11","1","I4210130476","IN","1","False","True"
"A5033224366","Carlos F.A. Arranz","0000-0002-6866-0684","15","598","24","I55060895","GB","6","False","True"
"A5046005567","Boris Jansen‐Winkeln","0000-0002-3996-9391","24","2037","181","I2800686125","DE","23","False","True"
"A5008334918","Rebecca Roelofs","","20","2706","61","I1291425158","US","85","False","True"
