"venue_id","venue_name","venue_type","impact_factor","tier","publisher","is_open_access"
"S4210175523","IEEE Transactions on Neural Networks and Learning Systems","journal","1.44","C","Institute of Electrical and Electronics Engineers","False"
"S4306400194","arXiv (Cornell University)","repository","2.88","C","Cornell University","True"
"S2737955091","Journal Of Big Data","journal","2.33","C","Springer Science+Business Media","True"
"S137773608","Nature","journal","9.58","A*","Nature Portfolio","False"
"S4210191458","Proceedings of the AAAI Conference on Artificial Intelligence","conference","3.61","A*","Association for the Advancement of Artificial Intelligence","True"
"S2492086750","ACM Transactions on Intelligent Systems and Technology","journal","0.89","C","Association for Computing Machinery","False"
"S52395412","Bioinformatics","journal","0.65","C","Oxford University Press","False"
"S4306462995","Cambridge University Press eBooks","ebook platform","2.67","C","Cambridge University Press","False"
"S64187185","Nature Communications","journal","9.62","A*","Nature Portfolio","True"
"S4210240769","Series in machine perception and artificial intelligence","book series","2.27","C","World Scientific","False"
"S43295729","Remote Sensing","journal","0.55","C","Multidisciplinary Digital Publishing Institute","True"
"S104780363","IEEE Transactions on Affective Computing","journal","2.92","C","Institute of Electrical and Electronics Engineers","False"
"S4387284325","ACM Transactions on Recommender Systems","journal","2.58","C","Association for Computing Machinery","False"
"S199944782","IEEE Transactions on Pattern Analysis and Machine Intelligence","journal","1.03","C","IEEE Computer Society","False"
"S3880285","Science","journal","3.95","A*","American Association for the Advancement of Science","False"
"S4210205812","Applied Sciences","journal","3.98","A*","Multidisciplinary Digital Publishing Institute","True"
"S151550017","Journal of Scientific Computing","journal","1.26","C","Springer Science+Business Media","False"
"S4210202905","Electronics","journal","1.81","C","Multidisciplinary Digital Publishing Institute","True"
"S172782825","California Management Review","journal","1.58","C","SAGE Publishing","False"
"S116775814","Computers and Electronics in Agriculture","journal","1.23","C","Elsevier BV","False"
"S151299380","Journal of Field Robotics","journal","2.03","C","Wiley","False"
"S4387282513","International Research Journal of Modernization in Engineering Technology and Science","journal","3.38","A*","","False"
"S103482838","Communications of the ACM","journal","1.23","C","Association for Computing Machinery","False"
"S170137484","Review of Financial Studies","journal","1.42","C","Oxford University Press","False"
"S4306525036","PubMed","repository","1.64","C","National Institutes of Health","False"
"S99517592","Philosophical Transactions of the Royal Society A Mathematical Physical and Engineering Sciences","journal","12.1","A*","Royal Society","False"
"S122814990","Artificial Intelligence Review","journal","1.0","C","Springer Science+Business Media","False"
"S68686220","Proceedings of the IEEE","journal","1.79","C","Institute of Electrical and Electronics Engineers","False"
"S4210228075","Computers","journal","1.98","C","Multidisciplinary Digital Publishing Institute","True"
"S2485537415","IEEE Access","journal","0.62","C","Institute of Electrical and Electronics Engineers","True"
"S25538012","International Journal of Computer Vision","journal","2.02","C","Springer Science+Business Media","False"
"S73260565","Reviews of Modern Physics","journal","0.93","C","American Physical Society","False"
"S4306400014","Qatar University QSpace (Qatar University)","repository","0.66","C","Qatar University","False"
"S23688054","IEEE Communications Surveys & Tutorials","journal","2.87","C","Institute of Electrical and Electronics Engineers","False"
"S104797584","IEEE Computational Intelligence Magazine","journal","2.91","C","Institute of Electrical and Electronics Engineers","False"
"S10134376","Sustainability","journal","2.52","C","Multidisciplinary Digital Publishing Institute","True"
"S4210211553","Global Transitions Proceedings","journal","1.26","C","Elsevier BV","True"
"S30698027","IEEE Transactions on Knowledge and Data Engineering","journal","0.74","C","IEEE Computer Society","False"
"S4306425600","Transactions on Emerging Telecommunications Technologies","journal","2.21","C","","False"
"S4210201630","Database","journal","1.6","C","University of Oxford","True"
"S4210232664","npj Computational Materials","journal","0.81","C","Nature Portfolio","True"
"S2597340651","Frontiers in Genetics","journal","1.74","C","Frontiers Media","True"
"S4210240835","Iraqi Journal for Computer Science and Mathematics","journal","1.96","A*","","True"
"S111326731","IEEE Transactions on Geoscience and Remote Sensing","journal","13.78","A*","Institute of Electrical and Electronics Engineers","False"
"S93787993","IEEE Transactions on Evolutionary Computation","journal","1.15","C","Institute of Electrical and Electronics Engineers","False"
"S2898411357","Petroleum Research","journal","2.16","C","Elsevier BV","True"
"S163019073","AI Magazine","journal","1.28","C","Association for the Advancement of Artificial Intelligence","False"
"S169493037","Annual Review of Fluid Mechanics","journal","1.8","C","Annual Reviews","False"
"S157921468","ACM Computing Surveys","journal","1.87","C","Association for Computing Machinery","False"
"S2505707916","Wiley Interdisciplinary Reviews Data Mining and Knowledge Discovery","journal","0.96","C","Wiley","False"
"S196734849","Scientific Reports","journal","2.92","C","Nature Portfolio","True"
"S125754415","Proceedings of the National Academy of Sciences","journal","11.96","A*","National Academy of Sciences","False"
"S4210216842","Journal of Artificial Intelligence and Capsule Networks","journal","2.85","C","","True"
"S4363608767","Proceedings of the 28th ACM SIGKDD Conference on Knowledge Discovery and Data Mining","conference","13.58","A","","False"
"S101949793","Sensors","journal","1.99","C","Multidisciplinary Digital Publishing Institute","True"
"S167262187","Journal of Chemical Information and Modeling","journal","2.8","C","American Chemical Society","False"
"S72372694","Computational Intelligence and Neuroscience","journal","2.69","A*","Hindawi Publishing Corporation","False"
"S4306401280","DOAJ (DOAJ: Directory of Open Access Journals)","repository","0.99","C","","False"
"S4210200687","Machine Learning Science and Technology","journal","2.11","A*","IOP Publishing","True"
"S145429826","Journal of Consumer Research","journal","1.31","C","Oxford University Press","False"
"S4363608885","Proceedings of the Fifteenth ACM International Conference on Web Search and Data Mining","conference","1.47","C","","False"
"S184777250","IEEE Transactions on Industrial Informatics","journal","1.18","C","Institute of Electrical and Electronics Engineers","False"
"S92522684","Journal of the Academy of Marketing Science","journal","12.69","A*","Springer Science+Business Media","False"
"S90422530","IEEE Journal on Selected Areas in Communications","journal","1.39","C","Institute of Electrical and Electronics Engineers","False"
"S50280174","Radiology","journal","1.2","C","Radiological Society of North America","False"
"S27614628","Academy of Management Annals","journal","1.86","C","Routledge","False"
"S4210216920","International Journal of Engineering Applied Sciences and Technology","journal","3.4","A*","IJEAST","True"
"S144771191","IEEE Transactions on Intelligent Transportation Systems","journal","2.51","C","Institute of Electrical and Electronics Engineers","False"
"S4210197940","Optica","journal","0.69","C","Optica Publishing Group","True"
"S7560371","Information Fusion","journal","2.97","C","Elsevier BV","False"
"S29875816","IEEE Transactions on Power Electronics","journal","2.43","C","Institute of Electrical and Electronics Engineers","False"
"S46763546","Academy of Management Review","journal","1.0","C","Academy of Management","False"
"S2597052008","Frontiers in Medicine","journal","0.51","C","Frontiers Media","True"
"S91767247","Briefings in Bioinformatics","journal","2.54","C","Oxford University Press","False"
"S2737520951","Nanophotonics","journal","2.27","C","De Gruyter","True"
"S4210226731","Big Data","journal","2.32","C","Mary Ann Liebert, Inc.","False"
"S168680287","IEEE Transactions on Signal Processing","journal","2.43","C","Institute of Electrical and Electronics Engineers","False"
"S2764598273","Current Opinion in Behavioral Sciences","journal","2.5","A*","Elsevier BV","False"
"S4210169634","Developments in the Built Environment","journal","1.4","C","Elsevier BV","True"
"S4210183364","Computers and Education Artificial Intelligence","journal","0.79","C","Elsevier BV","True"
"S2764911704","Energy Strategy Reviews","journal","2.66","C","Elsevier BV","True"
"S4210226185","Proceedings of the VLDB Endowment","journal","2.06","C","Association for Computing Machinery","False"
"S4393917726","BMJ","journal","1.33","C","","False"
"S147498506","Statistics Surveys","journal","0.66","C","American Statistical Association","True"
"S62148650","Machine Learning","journal","1.28","C","Springer Science+Business Media","False"
"S107516304","BMC Medical Informatics and Decision Making","journal","1.31","C","BioMed Central","True"
"S2764688611","Journal of Information Technology Case and Application Research","journal","2.32","C","Taylor & Francis","False"
"S2480266640","IEEE Internet of Things Journal","journal","2.09","C","Institute of Electrical and Electronics Engineers","False"
"S3035462843","Complex & Intelligent Systems","journal","2.72","C","Springer Science+Business Media","True"
"S139930977","Journal of Artificial Intelligence Research","journal","1.68","C","AI Access Foundation","True"
"S4210214101","Healthcare","journal","0.8","C","Multidisciplinary Digital Publishing Institute","True"
"S4306402579","Archivio istituzionale della ricerca (Alma Mater Studiorum Università di Bologna)","repository","2.28","C","Istituto di Ematologia di Bologna","False"
"S185874209","BMC Medical Research Methodology","journal","2.4","C","BioMed Central","True"
"S70979639","Journal of Food Quality","journal","1.9","C","Hindawi Publishing Corporation","True"
"S173339282","ISPRS Journal of Photogrammetry and Remote Sensing","journal","2.43","C","Elsevier BV","False"
"S137655102","Journalism & Mass Communication Educator","journal","1.73","C","SAGE Publishing","False"
"S4363605650","NOMS 2022-2022 IEEE/IFIP Network Operations and Management Symposium","conference","1.81","C","","False"
"S39307421","Technological Forecasting and Social Change","journal","1.57","C","Elsevier BV","False"
"S2764431341","ISPRS International Journal of Geo-Information","journal","0.56","C","Multidisciplinary Digital Publishing Institute","True"
"S4210191536","Journal of Information Security and Applications","journal","0.77","C","Elsevier BV","False"
"S42167783","IEEE Journal of Selected Topics in Signal Processing","journal","0.58","C","Institute of Electrical and Electronics Engineers","False"
"S4210212605","InfoMat","journal","2.09","C","Wiley","True"
"S139338987","Environmental Research Letters","journal","1.29","C","IOP Publishing","True"
"S1983995261","PeerJ","journal","1.77","C","PeerJ, Inc.","True"
"S170502224","ACM Transactions on Sensor Networks","journal","2.77","C","Association for Computing Machinery","False"
"S65690446","International Journal of Production Research","journal","1.12","C","Taylor & Francis","False"
"S136526455","Annual Review of Physical Chemistry","journal","1.53","C","Annual Reviews","False"
"S73024538","Journal of Database Management","journal","2.39","C","IGI Global","False"
"S24807848","Physical Review Letters","journal","1.07","C","American Physical Society","False"
"S72880728","The Journal of Economic Perspectives","journal","0.69","C","American Economic Association","True"
"S79420083","Environmental Reviews","journal","1.22","C","Canadian Science Publishing","False"
"S4210180872","Journal of Artificial General Intelligence","journal","0.9","C","De Gruyter","True"
"S2912241403","Nature Machine Intelligence","journal","14.05","A*","Nature Portfolio","False"
"S4210195248","Proceedings of the ... Annual Hawaii International Conference on System Sciences/Proceedings of the Annual Hawaii International Conference on System Sciences","conference","12.41","A*","","False"
"S1131227","Methods in Ecology and Evolution","journal","2.08","C","Wiley","False"
"S4363608074","IEEE/WIC/ACM International Conference on Web Intelligence","conference","2.68","C","","False"
"S4306402444","Refubium (Universitätsbibliothek der Freien Universität Berlin)","repository","2.51","C","Freie Universität Berlin","False"
"S4210169297","IEEE/ACM Transactions on Audio Speech and Language Processing","journal","0.97","C","Institute of Electrical and Electronics Engineers","False"
"S4210189963","International Journal of Innovative Science and Research Technology (IJISRT)","journal","13.55","A*","","True"
"S134668137","Nucleic Acids Research","journal","1.85","C","Oxford University Press","True"
"S2764739556","Cell Systems","journal","2.52","C","Elsevier BV","False"
"S142990027","Journal of Marketing","journal","2.74","C","SAGE Publishing","False"
"S2737697848","The Electronic Journal of e-Learning","journal","1.3","C","Academic Conferences and Publishing International","True"
"S62532593","Stroke","journal","0.78","C","Lippincott Williams & Wilkins","False"
"S77047749","The Journal of Chemical Physics","journal","1.07","C","American Institute of Physics","False"
"S135204980","Advanced Functional Materials","journal","1.57","C","Wiley","False"
"S4210219776","Information","journal","2.55","C","Multidisciplinary Digital Publishing Institute","True"
"S4306419644","International Conference on Machine Learning","conference","2.65","C","","False"
"S120977877","IEEE Signal Processing Magazine","journal","0.52","C","Institute of Electrical and Electronics Engineers","False"
"S4210231342","IEEE Transactions on Radiation and Plasma Medical Sciences","journal","8.4","A*","Institute of Electrical and Electronics Engineers","False"
"S201762130","IEEE Transactions on Sustainable Energy","journal","1.54","C","Institute of Electrical and Electronics Engineers","False"
"S36624081","Geophysical Research Letters","journal","1.06","C","American Geophysical Union","False"
"S83133229","Journal of Computer Information Systems","journal","0.8","C","Taylor & Francis","False"
"S2737737698","Advanced Science","journal","6.06","A*","Wiley","True"
"S113237667","Business Horizons","journal","2.86","C","Elsevier BV","False"
"S202381698","PLoS ONE","journal","1.31","C","Public Library of Science","True"
"S115173108","IEEE Transactions on Circuits and Systems for Video Technology","journal","1.8","C","Institute of Electrical and Electronics Engineers","False"
"S34010870","Communications in Computational Physics","journal","2.26","C","Cambridge University Press","False"
"S66104727","Chemistry of Materials","journal","1.41","C","American Chemical Society","False"
"S4210178142","Intelligent Medicine","journal","2.93","C","Elsevier BV","True"
"S4210212817","Advanced Intelligent Systems","journal","2.91","C","Wiley","True"
"S61310614","IEEE Transactions on Information Forensics and Security","journal","1.13","C","Institute of Electrical and Electronics Engineers","False"
"S137030581","IEEE Transactions on Multimedia","journal","1.74","C","Institute of Electrical and Electronics Engineers","False"
"S4210210207","Journal of Management Analytics","journal","1.25","C","Taylor & Francis","False"
"S165559636","International Journal of Human-Computer Interaction","journal","1.21","C","Taylor & Francis","False"
"S204847658","Water Resources Research","journal","0.59","C","Wiley","False"
"S2595413687","Frontiers in Cardiovascular Medicine","journal","2.02","C","Frontiers Media","True"
"S2737969411","Journal of Clinical Medicine","journal","1.76","C","Multidisciplinary Digital Publishing Institute","True"
"S93284759","Journal of Business Research","journal","0.63","C","Elsevier BV","False"
"S65364685","JAMA Internal Medicine","journal","1.2","C","American Medical Association","False"
"S4306498742","2020 Second International Conference on Inventive Research in Computing Applications (ICIRCA)","conference","2.77","C","","False"
"S2764566388","International Journal for Research in Applied Science and Engineering Technology","journal","4.73","A*","International Journal for Research in Applied Science and Engineering Technology (IJRASET)","True"
"S36625193","Journal of Healthcare Engineering","journal","0.86","C","Hindawi Publishing Corporation","False"
"S2764698263","Photonics Research","journal","1.72","C","Optica Publishing Group","False"
"S2736621015","Defence Technology","journal","2.96","C","Elsevier BV","True"
"S4394735491","Intelligent systems in accounting, finance and management/Intelligent systems in accounting, finance & management","journal","1.11","C","","False"
"S117727964","IEEE Journal of Selected Topics in Applied Earth Observations and Remote Sensing","journal","2.18","C","Institute of Electrical and Electronics Engineers","True"
"S4210172076","Diagnostics","journal","2.4","C","Multidisciplinary Digital Publishing Institute","True"
"S152000018","Journal of Fluid Mechanics","journal","1.09","C","Cambridge University Press","False"
"S4210223301","Healthcare Analytics","journal","2.32","C","Elsevier BV","True"
"S4210202458","Life Science Alliance","journal","6.47","A*","","True"
"S98855836","IEEE Vehicular Technology Magazine","journal","2.08","C","Institute of Electrical and Electronics Engineers","False"
"S186935893","Energy & Fuels","journal","2.08","C","American Chemical Society","False"
"S4210228435","Artificial Intelligence in Agriculture","journal","1.84","C","Elsevier BV","True"
"S2898447089","Procedia Manufacturing","journal","0.73","C","Elsevier BV","True"
"S56561474","Computational Intelligence","journal","2.59","C","Wiley","False"
"S17147534","Journal of Medical Internet Research","journal","1.3","C","JMIR Publications","True"
"S4210226089","International Journal of Information Management Data Insights","journal","0.97","C","Elsevier BV","True"
"S41523882","ACM Transactions on Knowledge Discovery from Data","journal","0.6","C","Association for Computing Machinery","False"
"S197665576","International Journal of Neural Systems","journal","1.98","C","World Scientific","False"
"S4210202420","IEEE Open Journal of the Communications Society","journal","2.19","C","IEEE Communications Society","True"
"S2764827305","International Journal of Financial Studies","journal","0.54","C","Multidisciplinary Digital Publishing Institute","True"
"S59604973","IEEE Transactions on Smart Grid","journal","1.78","C","Institute of Electrical and Electronics Engineers","False"
"S4210174276","Internet of Things","journal","1.07","C","Elsevier BV","False"
"S58069681","IEEE Transactions on Medical Imaging","journal","2.11","C","Institute of Electrical and Electronics Engineers","False"
"S4210181446","International Journal of Geographical Information Systems","journal","0.94","C","Taylor & Francis","False"
"S4210206302","Humanities and Social Sciences Communications","journal","10.83","A*","Palgrave Macmillan","True"
"S10936095","IEEE Transactions on Vehicular Technology","journal","1.47","C","Institute of Electrical and Electronics Engineers","False"
"S50311662","Applied Bionics and Biomechanics","journal","2.84","C","Hindawi Publishing Corporation","True"
"S2764801637","Journal of Family Medicine and Primary Care","journal","0.84","C","Medknow","True"
"S142323794","IEEE Journal on Emerging and Selected Topics in Circuits and Systems","journal","1.35","C","Institute of Electrical and Electronics Engineers","False"
"S120348307","Procedia Computer Science","journal","3.03","A*","Elsevier BV","True"
"S38883057","Information & Management","journal","2.81","C","Elsevier BV","False"
"S8557221","Journal of Labor Economics","journal","2.69","C","University of Chicago Press","False"
"S4210216480","Journal of Applied Science and Technology Trends","journal","4.98","A*","","True"
"S30128005","Journal of Network and Computer Applications","journal","2.15","C","Elsevier BV","False"
"S162030435","Journal of Medicinal Chemistry","journal","2.54","C","American Chemical Society","False"
"S127827428","Nature Methods","journal","9.0","A*","Nature Portfolio","False"
"S83215360","IET Image Processing","journal","1.82","C","Institution of Engineering and Technology","True"
"S63459445","IEEE Transactions on Wireless Communications","journal","1.1","C","Institute of Electrical and Electronics Engineers","False"
"S23735784","Philosophy & Technology","journal","0.73","C","Springer Nature (Netherlands)","False"
"S60115552","Computers Environment and Urban Systems","journal","2.74","C","Elsevier BV","False"
"S4387282482","Advanced Agrochem","journal","2.75","C","Elsevier BV","True"
"S4210192031","Mathematics","journal","2.08","C","Multidisciplinary Digital Publishing Institute","True"
"S4306498401","2019 1st International Informatics and Software Engineering Conference (UBMYK)","conference","1.35","C","","False"
"S4210191041","IEEE Transactions on Cybernetics","journal","1.37","C","Institute of Electrical and Electronics Engineers","False"
"S4394735545","ACM Transactions on Information Systems","journal","2.31","C","","False"
"S4363607701","2022 IEEE/CVF Conference on Computer Vision and Pattern Recognition (CVPR)","conference","13.61","A*","","False"
"S4306402567","bioRxiv (Cold Spring Harbor Laboratory)","repository","2.72","C","Cold Spring Harbor Laboratory","False"
"S57552105","Molecular Biology and Evolution","journal","2.45","C","Oxford University Press","True"
"S4210237352","Knowledge Engineering and Data Science","journal","10.17","A*","State University of Malang","True"
"S142305363","Computer Physics Communications","journal","0.71","C","Elsevier BV","False"
"S57950554","International Journal of Intelligent Systems","journal","0.9","C","Wiley","False"
"S8351582","IEEE Transactions on Software Engineering","journal","2.75","C","IEEE Computer Society","False"
"S203619773","IEEE Reviews in Biomedical Engineering","journal","2.02","C","Institute of Electrical and Electronics Engineers","False"
"S57062392","International Journal of Computer Integrated Manufacturing","journal","0.52","C","Taylor & Francis","False"
"S2764860519","Geoscience Frontiers","journal","2.87","A*","Elsevier BV","False"
"S4210206986","Journal of Heat Transfer","journal","2.16","C","ASM International","False"
"S23254222","American Economic Review","journal","0.51","C","American Economic Association","False"
"S45584542","Queue","journal","0.9","C","Association for Computing Machinery","False"
"S189694085","IEEE Sensors Journal","journal","1.87","C","IEEE Sensors Council","False"
"S4306522355","Perspectives on Science and Christian Faith","journal","10.84","A*","American Scientific Affiliation","False"
"S88603889","New Media & Society","journal","2.13","C","SAGE Publishing","False"
"S4210213891","Machine Learning and Knowledge Extraction","journal","1.06","C","Multidisciplinary Digital Publishing Institute","True"
"S4387279198","International Journal of Computing Programming and Database Management","journal","2.28","C","","False"
"S4306463922","Society for Industrial and Applied Mathematics eBooks","ebook platform","1.09","C","Society for Industrial and Applied Mathematics","False"
"S79392371","Journal of Hydroinformatics","journal","1.31","C","IWA Publishing","False"
"S4306400947","MDPI (MDPI AG)","repository","2.37","C","Multidisciplinary Digital Publishing Institute (Switzerland)","True"
"S193263997","Journal of Manufacturing Science and Engineering","journal","10.27","A*","ASM International","False"
"S158797327","IEEE Communications Magazine","journal","2.62","C","Institute of Electrical and Electronics Engineers","False"
"S17537316","BMC Medical Ethics","journal","2.14","C","BioMed Central","True"
"S185367456","ACM Transactions on Graphics","journal","1.92","C","Association for Computing Machinery","False"
"S4210201537","International Journal of Educational Technology in Higher Education","journal","0.73","C","Springer Nature","True"
"S152101599","BMJ Quality & Safety","journal","1.42","C","BMJ","False"
"S4210211895","IEEE Journal on Selected Areas in Information Theory","journal","1.16","C","Institute of Electrical and Electronics Engineers","False"
"S4210220416","Discover Artificial Intelligence","journal","1.11","C","Springer Nature","True"
"S4210195431","npj Digital Medicine","journal","2.93","C","Nature Portfolio","True"
"S4387281889","Applied and Computational Engineering","journal","1.48","C","","False"
"S183149254","Clinical Cancer Research","journal","2.73","C","American Association for Cancer Research","False"
"S4210171330","Advances in healthcare information systems and administration book series","book series","2.08","C","IGI Global","False"
"S79054089","BMJ Open","journal","2.49","C","BMJ","True"
"S4210216081","Proceedings of the ACM on Programming Languages","journal","1.76","C","Association for Computing Machinery","True"
"S4210173141","IEEE Transactions on Image Processing","journal","1.94","C","Institute of Electrical and Electronics Engineers","False"
"S4210230202","Plants","journal","1.73","C","Multidisciplinary Digital Publishing Institute","True"
"S4210197244","IEEE Open Journal of Engineering in Medicine and Biology","journal","0.99","C","Institute of Electrical and Electronics Engineers","True"
"S2493613807","Frontiers in Plant Science","journal","11.25","A*","Frontiers Media","True"
"S146709414","The Journal of Physical Chemistry A","journal","1.2","C","American Chemical Society","False"
"S4306519979","MINISTERIO DE EDUCACIÓN","journal","0.56","C","","False"
"S4210223920","Advances in civil and industrial engineering book series","book series","2.11","C","IGI Global","False"
"S19610489","ACM Transactions on Multimedia Computing Communications and Applications","journal","0.94","C","Association for Computing Machinery","False"
"S235346","Wireless Communications and Mobile Computing","journal","2.85","C","Wiley","False"
"S4306498867","2021 Second International Conference on Electronics and Sustainable Communication Systems (ICESC)","conference","2.88","C","","False"
"S157670870","IEEE Transactions on Computers","journal","2.79","C","Institute of Electrical and Electronics Engineers","False"
"S53336109","AIAA Journal","journal","1.43","C","American Institute of Aeronautics and Astronautics","False"
"S4210177720","Quantum Science and Technology","journal","1.71","A*","IOP Publishing","False"
"S2595797843","Frontiers in Molecular Biosciences","journal","14.03","A*","Frontiers Media","True"
"S4210197613","Journal of the Association for Information Science and Technology","journal","7.28","A*","Wiley","False"
"S123480357","The Journal of Physical Chemistry Letters","journal","2.92","C","American Chemical Society","False"
"S4210212741","JMIR Medical Education","journal","2.91","C","JMIR Publications","True"
"S2484352698","IEEE Transactions on Network Science and Engineering","journal","13.02","A*","Institute of Electrical and Electronics Engineers","False"
"S108821158","Geophysical Journal International","journal","1.24","C","Oxford University Press","False"
"S4210232080","Annual Review of Biomedical Data Science","journal","6.7","A*","Annual Reviews","False"
"S2498964232","Light Science & Applications","journal","12.99","A*","Springer Nature","True"
"S43092948","Genome Research","journal","1.29","C","Cold Spring Harbor Laboratory Press","False"
"S101278519","American Journal of Neuroradiology","journal","0.92","C","American Society of Neuroradiology","False"
"S4210179121","Bioengineering","journal","1.89","C","Multidisciplinary Digital Publishing Institute","True"
"S4210238752","Big Data and Cognitive Computing","journal","2.84","C","Multidisciplinary Digital Publishing Institute","True"
"S196715598","Annual Review of Economics","journal","2.24","C","Annual Reviews","False"
"S4210182288","Physical review. A/Physical review, A","journal","1.93","C","American Physical Society","False"
"S4210223273","International Journal of Information Technology","journal","0.74","C","Springer Nature","False"
"S86033158","PLoS Computational Biology","journal","2.04","C","Public Library of Science","True"
"S191963794","Analytical Chemistry","journal","2.98","C","American Chemical Society","False"
"S93630570","Journal of Product Innovation Management","journal","0.85","C","Wiley","False"
"S2898418539","International Journal of Innovation Studies","journal","1.8","C","Elsevier BV","True"
"S4210204930","Neurospine","journal","2.69","C","Korean Spinal Neurosurgery Society","True"
"S2764591444","Translational Vision Science & Technology","journal","11.5","A*","Association for Research in Vision and Ophthalmology","True"
"S178776955","Optics Express","journal","2.24","C","Optica Publishing Group","True"
"S161080992","IEEE Aerospace and Electronic Systems Magazine","journal","2.26","C","Institute of Electrical and Electronics Engineers","False"
"S92709572","Journal of Interactive Marketing","journal","1.4","C","SAGE Publishing","False"
"S2764551270","Journal of University Teaching and Learning Practice","journal","1.23","C","University of Wollongong","True"
"S185750702","Annual Review of Condensed Matter Physics","journal","2.52","C","Annual Reviews","False"
"S157664895","Annals of Surgery","journal","2.53","C","Lippincott Williams & Wilkins","False"
"S4363608755","Proceedings of the Thirty-First International Joint Conference on Artificial Intelligence","conference","2.67","C","","False"
"S142630227","Petroleum Exploration and Development","journal","2.78","C","Elsevier BV","True"
"S4306419637","International Conference on Learning Representations","conference","1.78","C","","False"
"S50094856","International Endodontic Journal","journal","1.75","C","Wiley","False"
"S4210172333","Quantitative Biology","journal","2.5","C","Springer Science+Business Media","True"
"S11296630","The Journal of the Acoustical Society of America","journal","2.12","C","Acoustical Society of America","False"
"S4210190517","AI & Society","journal","2.25","C","Springer Nature","False"
"S4210223080","Molecular Systems Design & Engineering","journal","2.49","C","Royal Society of Chemistry","False"
"S160466889","Minds and Machines","journal","2.73","C","Springer Science+Business Media","False"
"S66524056","Journal of Business Economics and Management","journal","1.34","C","Vilnius Gediminas Technical University","True"
"S93312259","Journal of Structural Engineering","journal","1.44","C","American Society of Civil Engineers","False"
"S190629608","Algorithms","journal","0.73","C","Multidisciplinary Digital Publishing Institute","True"
"S80299757","IEEE Transactions on Biomedical Circuits and Systems","journal","1.95","C","Institute of Electrical and Electronics Engineers","False"
"S133795288","IEEE Transactions on Dependable and Secure Computing","journal","0.59","C","IEEE Computer Society","False"
"S173527311","IEEE Transactions on Network and Service Management","journal","1.66","C","Institute of Electrical and Electronics Engineers","False"
"S69248470","Journal of the Royal Society of New Zealand","journal","1.86","C","Taylor & Francis","False"
"S192705446","IEEE Journal of Selected Topics in Quantum Electronics","journal","1.22","C","IEEE Photonics Society","False"
"S170967050","American Journal of Epidemiology","journal","1.98","C","Oxford University Press","False"
"S106174089","Geophysics","journal","0.58","C","Society of Exploration Geophysicists","False"
"S4363608783","Proceedings of the ACM Web Conference 2022","conference","0.59","C","","False"
"S98183460","IEEE Transactions on Neural Systems and Rehabilitation Engineering","journal","2.56","C","Institute of Electrical and Electronics Engineers","False"
"S41143188","Chemical Reviews","journal","1.4","C","American Chemical Society","False"
"S4377196265","CINECA IRIS Institutial research information system (University of Pisa)","repository","0.82","C","University of Pisa","False"
"S4210236963","Journal of Soft Computing Paradigm","journal","1.81","C","","True"
"S139345353","New Biotechnology","journal","2.42","C","Elsevier BV","True"
"S2495854775","IEEE Journal of Biomedical and Health Informatics","journal","1.04","C","Institute of Electrical and Electronics Engineers","False"
"S4210241048","Energy and AI","journal","2.06","C","Elsevier BV","True"
"S2739045047","Engaging Science Technology and Society","journal","2.65","A*","Society for Social Studies of Science","True"
"S134216166","Water","journal","0.63","C","Multidisciplinary Digital Publishing Institute","True"
"S172573765","JAMA","journal","1.83","C","American Medical Association","False"
"S4210201220","Frontiers in Big Data","journal","1.85","C","Frontiers Media","True"
"S206633562","ChemCatChem","journal","2.09","C","Wiley","False"
"S4306463409","IGI Global eBooks","ebook platform","2.32","C","IGI Global","False"
"S4210170546","Emerging Topics in Life Sciences","journal","14.67","A*","Portland Press","False"
"S97316453","Cambridge Journal of Regions Economy and Society","journal","1.79","C","Oxford University Press","False"
"S146764194","IEEE Wireless Communications","journal","1.31","C","Institute of Electrical and Electronics Engineers","False"
"S4210177192","Internet Policy Review","journal","2.49","C","Alexander von Humboldt Institute for Internet and Society","True"
"S95522064","Medical Physics","journal","1.18","C","Wiley","False"
"S4210204056","Journal of Physics Materials","journal","1.6","C","IOP Publishing","True"
"S2898565713","Procedia CIRP","journal","0.7","C","Elsevier BV","True"
"S4210223376","npj Flexible Electronics","journal","0.56","C","Nature Portfolio","True"
"S145378405","Accounts of Chemical Research","journal","2.91","C","American Chemical Society","False"
"S37320504","Industrial Management & Data Systems","journal","2.59","C","Emerald Publishing Limited","False"
"S165057322","Production Planning & Control","journal","2.24","C","Taylor & Francis","False"
"S118298121","Journal of Hospitality Marketing & Management","journal","1.52","C","Taylor & Francis","False"
"S115004586","Computer Communications","journal","0.93","C","Elsevier BV","False"
"S2501379583","Journal of Electrical Systems and Information Technology","journal","0.89","C","Springer Science+Business Media","True"
"S4210200511","AI","journal","1.13","C","Multidisciplinary Digital Publishing Institute","True"
"S2764905302","Journal of Nonlinear Analysis and Optimization","journal","1.87","C","","True"
"S123849098","Behaviour and Information Technology","journal","2.29","C","Taylor & Francis","False"
"S184645833","Chemical Science","journal","10.41","A*","Royal Society of Chemistry","True"
"S13479253","Environmental Science & Technology","journal","5.28","A*","American Chemical Society","False"
"S28979613","Circulation Arrhythmia and Electrophysiology","journal","2.89","C","Lippincott Williams & Wilkins","False"
"S195231649","Entropy","journal","2.34","C","Multidisciplinary Digital Publishing Institute","True"
"S185824406","Journal of Advances in Modeling Earth Systems","journal","1.89","C","Wiley","True"
"S136120998","Wiley Interdisciplinary Reviews Computational Molecular Science","journal","9.76","A*","Wiley","False"
"S2484288132","IEEE/CAA Journal of Automatica Sinica","journal","1.55","C","Institute of Electrical and Electronics Engineers","False"
"S195809937","Ecological Informatics","journal","1.12","C","Elsevier BV","False"
"S2484188435","IEEE Transactions on Cognitive Communications and Networking","journal","1.39","C","Institute of Electrical and Electronics Engineers","False"
"S90791864","Monthly Weather Review","journal","2.39","C","American Meteorological Society","False"
"S33843192","The Hastings Center Report","journal","0.54","C","Wiley","False"
"S106296714","Lecture notes in computer science","book series","3.07","A*","Springer Science+Business Media","False"
"S4363608762","Proceedings of the 31st ACM International Conference on Information &amp; Knowledge Management","conference","0.62","C","","False"
"S140302479","Bulletin of the American Meteorological Society","journal","0.6","C","American Meteorological Society","False"
"S2765015654","JAMA Cardiology","journal","2.64","C","American Medical Association","False"
"S159433931","Computer Applications in Engineering Education","journal","2.26","C","Wiley","False"
"S4210202585","Agriculture","journal","1.69","C","Multidisciplinary Digital Publishing Institute","True"
"S137519996","Electronic Markets","journal","0.74","C","Springer Science+Business Media","False"
"S4210199334","Advanced Photonics","journal","1.73","C","","True"
"S4210187660","ACM SIGMETRICS Performance Evaluation Review","journal","1.68","C","Association for Computing Machinery","False"
"S116972989","OMICS A Journal of Integrative Biology","journal","0.93","C","Mary Ann Liebert, Inc.","False"
"S4390296825","Journal of AI","journal","1.58","C","","True"
"S34011028","Philosophy Compass","journal","1.5","C","Wiley","False"
"S97403527","Egyptian Informatics Journal","journal","2.04","C","Elsevier BV","True"
"S206927758","Computer-Aided Civil and Infrastructure Engineering","journal","2.09","C","Wiley","False"
"S4363607903","2022 IEEE 2nd International Conference on Power, Electronics and Computer Applications (ICPECA)","conference","0.61","C","","False"
"S58031724","IEEE Transactions on Industrial Electronics","journal","1.44","C","Institute of Electrical and Electronics Engineers","False"
"S129664799","Policy and Society","journal","2.06","C","Elsevier BV","True"
"S4363607750","2021 43rd Annual International Conference of the IEEE Engineering in Medicine &amp; Biology Society (EMBC)","conference","1.76","C","","False"
"S178916657","Computer","journal","2.64","C","IEEE Computer Society","False"
"S4210189751","The Springer series on challenges in machine learning","book series","2.15","C","Springer International Publishing","False"
"S4210191605","Computers, materials & continua/Computers, materials & continua (Print)","journal","0.91","C","","True"
"S58634475","Acta Orthopaedica","journal","0.68","C","Taylor & Francis","True"
"S4210188408","Digital Health","journal","2.11","C","SAGE Publishing","True"
"S92199883","Computer Modeling in Engineering & Sciences","journal","1.86","A*","Tech Science Press","True"
"S4210184862","Decision Analytics Journal","journal","1.96","C","Elsevier BV","True"
"S72902805","Journal of Wildlife Management","journal","2.85","C","Wiley","False"
"S2738008561","Education Sciences","journal","9.27","A*","Multidisciplinary Digital Publishing Institute","True"
"S161902083","Contemporary Physics","journal","1.47","C","Taylor & Francis","False"
"S113497174","Human Resource Management Journal","journal","2.11","C","Wiley","False"
"S4210213607","Frontiers in Communications and Networks","journal","1.65","C","Frontiers Media","True"
"S4210181540","Journal of Composites Science","journal","8.87","A*","Multidisciplinary Digital Publishing Institute","True"
"S119722071","Annals of Internal Medicine","journal","2.85","C","American College of Physicians","False"
"S4210202658","International Journal of Innovative Technology and Exploring Engineering","journal","1.47","C","Blue Eyes Intelligence Engineering and Sciences Publication","True"
"S4210177564","AgriEngineering","journal","2.9","C","Multidisciplinary Digital Publishing Institute","True"
"S4210192142","Engineering","journal","2.76","C","Elsevier BV","True"
"S181332294","Physical Chemistry Chemical Physics","journal","0.99","C","Royal Society of Chemistry","False"
"S96198239","ACM Journal on Emerging Technologies in Computing Systems","journal","0.67","C","Association for Computing Machinery","False"
"S2737155129","Journal of Central Banking Theory and Practice","journal","0.75","C","De Gruyter Open","True"
"S4210214273","The Journal of Open Source Software","journal","0.55","C","Open Journals","True"
"S18714766","Materials","journal","0.74","C","Multidisciplinary Digital Publishing Institute","True"
"S22004576","Bulletin of the World Health Organization","journal","2.21","C","World Health Organization","True"
"S113214489","Mathematical Biosciences & Engineering","journal","2.46","A*","Arizona State University","True"
"S4210207896","European Respiratory Journal","journal","1.3","C","European Respiratory Society","False"
"S135184319","ACS Photonics","journal","2.61","C","American Chemical Society","False"
"S72399154","Korean journal of women health nursing/Yeoseong geon'gang ganho hag'hoeji/Yeoseong geon-gang ganho hakoeji","journal","0.56","C","Korean Academy of Women Health Nursing","True"
"S4210237802","Mathematical Geosciences","journal","12.5","A*","Springer Science+Business Media","False"
"S2738402919","Computation","journal","1.2","C","Multidisciplinary Digital Publishing Institute","True"
"S95928045","Laser & Photonics Review","journal","0.8","C","Wiley","False"
"S4210169448","IEEE Transactions on Artificial Intelligence","journal","2.24","C","Institute of Electrical and Electronics Engineers","False"
"S4210180821","International Journal of Advanced Trends in Computer Science and Engineering","journal","9.99","A*","The World Academy of Research in Science and Engineering","False"
"S4306402487","OSTI OAI (U.S. Department of Energy Office of Scientific and Technical Information)","repository","2.69","C","Office of Scientific and Technical Information","False"
"S137042341","Physical Review X","journal","2.34","C","American Physical Society","True"
"S121920818","Data Mining and Knowledge Discovery","journal","2.51","C","Springer Science+Business Media","False"
"S116900674","The Lancet Oncology","journal","1.21","C","Elsevier BV","False"
"S4210213233","Science Robotics","journal","3.9","A*","American Association for the Advancement of Science","False"
"S202403813","Reliability Engineering & System Safety","journal","2.38","C","Elsevier BV","False"
"S178238111","Mathematical Problems in Engineering","journal","2.52","C","Hindawi Publishing Corporation","False"
"S4210180963","International Journal of Engineering Technology and Management Sciences","journal","14.87","A*","","True"
"S4210170541","Asia Pacific Journal of Public Administration","journal","1.53","C","Taylor & Francis","False"
"S2508752","Business Process Management Journal","journal","1.43","C","Emerald Publishing Limited","False"
"S4306400425","DSpace@MIT (Massachusetts Institute of Technology)","repository","2.44","C","Massachusetts Institute of Technology","False"
"S187585107","Journal of High Energy Physics","journal","1.35","C","Springer Nature","True"
"S4210170699","AI and Ethics","journal","2.83","C","Springer Nature","False"
"S4210180255","Frontiers in Sports and Active Living","journal","2.65","C","Frontiers Media","True"
"S4210217229","Applied System Innovation","journal","1.57","C","Multidisciplinary Digital Publishing Institute","True"
"S161526671","ERA Forum","journal","2.38","C","Springer Science+Business Media","False"
"S4210211086","Frontiers in Computer Science","journal","11.69","A*","Frontiers Media","True"
"S4210217848","JAMA Network Open","journal","0.76","C","American Medical Association","True"
"S4210237713","Physical review. B./Physical review. B","journal","2.76","C","American Physical Society","False"
"S4363607764","2021 IEEE/CVF International Conference on Computer Vision (ICCV)","conference","8.32","A","","False"
"S106546978","Thorax","journal","2.57","C","BMJ","False"
"S2738348041","Technologies","journal","1.3","C","Multidisciplinary Digital Publishing Institute","True"
"S4387284482","Proceedings of the International AAAI Conference on Web and Social Media","journal","13.59","A*","","True"
"S135934248","Medical Teacher","journal","1.47","C","Taylor & Francis","False"
"S33741590","Academy of Management Perspectives","journal","0.53","C","Academy of Management","False"
"S4210223945","Journal of Artificial Intelligence and Soft Computing Research","journal","2.76","C","Polish Neural Network Society, the University of Social Sciences in Lodz & Czestochowa University of Technology","True"
"S4210207801","IoT","journal","0.73","C","Multidisciplinary Digital Publishing Institute","True"
"S16731738","European Journal of Cancer","journal","1.3","C","Elsevier BV","False"
"S4210201879","Processes","journal","2.88","C","Multidisciplinary Digital Publishing Institute","True"
"S159450355","China Communications","journal","2.88","C","Institute of Electrical and Electronics Engineers","False"
"S4210169774","IEEE Robotics and Automation Letters","journal","1.93","C","Institute of Electrical and Electronics Engineers","False"
"S4363608991","Proceedings of the 2021 Conference on Empirical Methods in Natural Language Processing","conference","2.08","C","","False"
"S4210210208","Advances in computer and electrical engineering book series","book series","1.62","C","IGI Global","False"
"S206811868","Nanotechnology","journal","1.23","C","IOP Publishing","False"
"S119153320","Journal of Decision System","journal","1.32","C","Taylor & Francis","False"
"S2734413303","National Science Review","journal","10.58","A*","Oxford University Press","True"
"S2765035057","ACS Central Science","journal","11.66","A*","American Chemical Society","True"
"S36642063","Journal of Craniofacial Surgery","journal","2.48","C","Lippincott Williams & Wilkins","False"
"S4387291891","Science and Technology of Engineering Chemistry and Environmental Protection","journal","12.16","A*","","False"
"S94821547","Computers & Graphics","journal","0.73","C","Elsevier BV","False"
"S2764512282","European Journal of Risk Regulation","journal","1.74","C","Cambridge University Press","False"
"S61286511","Information Development","journal","0.64","C","SAGE Publishing","False"
"S4210179225","Advances in educational technologies and instructional design book series","book series","1.87","C","IGI Global","False"
"S4210183172","Proceedings on Privacy Enhancing Technologies","journal","1.6","C","De Gruyter Open","False"
"S4210175367","Research for policy","book series","2.72","C","Springer Nature (Netherlands)","False"
"S137832324","Journal of Advanced Nursing","journal","1.38","C","Wiley","False"
"S4306498713","2020 International Conference on Electronics and Sustainable Communication Systems (ICESC)","conference","0.79","C","","False"
"S62468778","New England Journal of Medicine","journal","0.86","C","Massachusetts Medical Society","False"
"S144725990","Learning Media and Technology","journal","2.4","C","Taylor & Francis","False"
"S946213959","Atmosphere","journal","2.05","C","Multidisciplinary Digital Publishing Institute","True"
"S6195976","Journal of Computational and Theoretical Nanoscience","journal","2.87","A*","American Scientific Publishers","False"
"S4210184358","Smart Cities","journal","0.71","C","Multidisciplinary Digital Publishing Institute","True"
"S4210179384","BMJ Innovations","journal","2.25","C","BMJ","False"
"S4306400024","UCL Discovery (University College London)","repository","0.68","C","University College London","False"
"S115201632","Frontiers in Neuroscience","journal","12.6","A*","Frontiers Media","True"
"S32776067","International Journal of Energy Research","journal","2.27","C","Wiley","False"
"S95999327","IEEE Systems Journal","journal","0.7","C","Institute of Electrical and Electronics Engineers","False"
"S2738221769","Dialogo","journal","0.71","C","Ovidius University Press","False"
"S4306462844","Apress eBooks","ebook platform","2.97","C","","False"
"S22862804","Physics of Fluids","journal","1.44","C","American Institute of Physics","False"
"S4363608816","Proceedings of the 59th ACM/IEEE Design Automation Conference","conference","1.43","C","","False"
"S10892749","IEEE Transactions on Instrumentation and Measurement","journal","2.53","C","Institute of Electrical and Electronics Engineers","False"
"S115693375","Journal of the American Society of Nephrology","journal","2.87","C","American Society of Nephrology","False"
"S4210205592","Journal of Machine Learning for Modeling and Computing","journal","2.97","C","Begell House","False"
"S4210200995","Communications Physics","journal","2.38","C","Nature Portfolio","True"
"S2736800165","Lubricants","journal","1.44","C","Multidisciplinary Digital Publishing Institute","True"
"S117564099","Educational Philosophy and Theory","journal","0.71","C","Taylor & Francis","False"
"S26381749","Radiographics","journal","2.44","C","Radiological Society of North America","False"
"S4306498699","2020 International Conference for Emerging Technology (INCET)","conference","1.9","C","","False"
"S48088588","Biology of Sport","journal","1.56","C","Termedia Publishing House","True"
"S119587767","Journal of Business and Industrial Marketing","journal","2.77","C","Emerald Publishing Limited","False"
"S4210241000","NAR Genomics and Bioinformatics","journal","0.78","C","Oxford University Press","True"
"S62238642","IEEE/ACM Transactions on Networking","journal","1.73","C","Institute of Electrical and Electronics Engineers","False"
"S4210236447","Current Research in Biotechnology","journal","0.53","C","Elsevier BV","True"
"S4210219523","Radiology Artificial Intelligence","journal","1.67","C","Radiological Society of North America","False"
"S4210188800","Connection Science","journal","2.26","A*","Taylor & Francis","True"
"S190787756","Symmetry","journal","0.8","C","Multidisciplinary Digital Publishing Institute","True"
"S95464858","Econometrica","journal","0.79","C","Wiley","False"
"S34838331","Future Internet","journal","2.12","C","Multidisciplinary Digital Publishing Institute","True"
"S32837994","TURKISH JOURNAL OF ELECTRICAL ENGINEERING & COMPUTER SCIENCES","journal","11.57","A*","Scientific and Technological Research Council of Turkey (TUBITAK)","False"
"S2898090536","Clinical eHealth","journal","1.96","C","Elsevier BV","True"
"S165210498","Annual Review of Materials Research","journal","2.91","C","Annual Reviews","False"
"S4210226432","Quantum","journal","1.44","C","Verein zur Förderung des Open Access Publizierens in den Quantenwissenschaften","True"
"S76877748","Public Administration Review","journal","1.21","C","Wiley","False"
"S11065456","Concurrency and Computation Practice and Experience","journal","2.67","C","Wiley","False"
"S2898612692","Heliyon","journal","1.06","C","Elsevier BV","True"
"S4363605011","2022 IEEE Globecom Workshops (GC Wkshps)","conference","2.91","C","","False"
"S166492742","Space Weather","journal","0.53","C","American Geophysical Union","False"
"S84775595","IEEE Transactions on Visualization and Computer Graphics","journal","2.92","C","Institute of Electrical and Electronics Engineers","False"
"S186282544","Toxicological Sciences","journal","2.08","A*","Oxford University Press","False"
"S4210231679","Journal of Industrial Integration and Management","journal","2.73","C","World Scientific","False"
"S2494786546","Smart Learning Environments","journal","1.82","C","Springer Nature","True"
"S149240962","Journal of Financial Economics","journal","2.98","C","Elsevier BV","False"
"S7804318","GIScience & Remote Sensing","journal","2.5","A*","Taylor & Francis","False"
"S4306464320","WORLD SCIENTIFIC eBooks","ebook platform","1.88","C","World Scientific","False"
"S108229257","Advanced Optical Materials","journal","2.92","C","Wiley","False"
"S4210240247","Physical Review Research","journal","1.81","C","American Physical Society","True"
"S4306462842","Apple Academic Press eBooks","ebook platform","2.07","C","","False"
"S2477777830","International Journal of Information Engineering and Electronic Business","journal","2.24","C","","True"
"S2764472888","Central European Business Review","journal","1.64","C","Prague University of Economics and Business","True"
"S4210202795","Sci","journal","2.07","C","Multidisciplinary Digital Publishing Institute","True"
"S15239247","International Journal of Environmental Research and Public Health","journal","1.96","C","Multidisciplinary Digital Publishing Institute","True"
"S131852005","European Financial Management","journal","2.75","C","Wiley","False"
"S27967161","Journal of theoretical and applied electronic commerce research","journal","0.61","C","Multidisciplinary Digital Publishing Institute","True"
"S192766619","Digestive Endoscopy","journal","1.2","C","Wiley","False"
"S90466346","Interactive Learning Environments","journal","2.88","C","Taylor & Francis","False"
"S2764593405","Computer Law Review International","journal","2.73","C","Q2516652","False"
"S414566","Pattern Recognition","journal","1.64","C","Elsevier BV","False"
"S183644930","World Psychiatry","journal","2.05","C","Wiley","False"
"S2764684190","IZA Journal of Labor Policy","journal","1.19","C","Springer Science+Business Media","False"
"S36029991","IEEE/ACM Transactions on Computational Biology and Bioinformatics","journal","0.97","C","Institute of Electrical and Electronics Engineers","False"
"S117778295","Academy of Management Journal","journal","1.66","C","Academy of Management","False"
"S4210208844","Journal of Strategic Innovation and Sustainability","journal","1.38","C","North American Business Press","False"
"S900972176","Engineering Applications of Artificial Intelligence","journal","1.96","C","Elsevier BV","False"
"S8792693","Materials & Design","journal","0.69","C","Elsevier BV","True"
"S4363607714","2021 IEEE Global Communications Conference (GLOBECOM)","conference","2.94","C","","False"
"S11853582","Review of Accounting Studies","journal","2.97","C","Springer Science+Business Media","False"
"S186584794","IEEE Network","journal","2.25","C","Institute of Electrical and Electronics Engineers","False"
"S57293258","MIS Quarterly","journal","1.84","C","MIS Quarterly","False"
"S4210196384","Advances in medical diagnosis, treatment, and care (AMDTC) book series","book series","1.27","C","IGI Global","False"
"S4210194039","Array","journal","2.53","C","Elsevier BV","True"
"S2755109226","Clinical Endoscopy","journal","2.21","C","Korean Society of Gastrointestinal Endoscopy","True"
"S4210187594","Journal of Physics Conference Series","journal","0.91","C","IOP Publishing","True"
"S86809486","Journal of Oral Pathology and Medicine","journal","2.78","C","Wiley","False"
"S120629676","IEEE Signal Processing Letters","journal","2.56","C","Institute of Electrical and Electronics Engineers","False"
"S169580768","Applied Spectroscopy Reviews","journal","2.87","C","Taylor & Francis","False"
"S3035551292","PhotoniX","journal","2.31","C","Springer Nature","True"
"S113349237","International Journal of Pavement Engineering","journal","2.03","C","Taylor & Francis","False"
"S4363606603","2022 IEEE Symposium on Security and Privacy (SP)","conference","1.55","C","","False"
"S162526994","International Journal of Market Research","journal","2.83","C","SAGE Publishing","False"
"S2490693980","IEEE Transactions on Computational Social Systems","journal","2.67","C","Institute of Electrical and Electronics Engineers","False"
"S193040567","Communication Methods and Measures","journal","0.61","C","Taylor & Francis","False"
"S4210180746","Advances in computational intelligence and robotics book series","book series","0.57","C","IGI Global","False"
"S57667410","Annals of Operations Research","journal","1.44","C","Springer Science+Business Media","False"
"S72232612","Expert Systems","journal","2.53","C","Wiley","False"
"S55737203","Journal of Hydrology","journal","2.97","C","Elsevier BV","False"
"S11810700","International Journal of Research in Marketing","journal","0.88","C","Elsevier BV","False"
"S4210195017","International Journal of Data Science and Analytics","journal","9.52","A*","Springer International Publishing","False"
"S61906035","IEEE Security & Privacy","journal","1.45","C","Institute of Electrical and Electronics Engineers","False"
"S2596526815","Frontiers in Education","journal","2.92","C","Frontiers Media","True"
"S40187045","Earth-Science Reviews","journal","12.87","A*","Elsevier BV","False"
"S30879505","Journal of the Association for Information Systems","journal","2.6","C","Association for Information Systems","False"
"S2764842179","Additive manufacturing","journal","1.67","C","Elsevier BV","False"
"S124504522","Information Systems Management","journal","1.54","C","Taylor & Francis","False"
"S19793444","Academic Medicine","journal","1.18","C","Lippincott Williams & Wilkins","False"
"S4210205383","Proceedings of the ... International Florida Artificial Intelligence Research Society Conference","conference","0.64","C","George A. Smathers Libraries","True"
"S187626162","Entrepreneurship Theory and Practice","journal","2.66","C","SAGE Publishing","False"
"S5743915","Journal of Computer Assisted Learning","journal","2.53","C","Wiley","False"
"S67831204","Computer Graphics Forum","journal","3.0","C","Wiley","False"
"S156174673","Hepatology","journal","2.99","C","Lippincott Williams & Wilkins","False"
"S13144211","Expert Systems with Applications","journal","1.89","C","Elsevier BV","False"
"S4210228084","Nature Computational Science","journal","11.88","A*","Nature Portfolio","False"
"S4210226253","Results in Engineering","journal","2.86","C","Elsevier BV","True"
"S2736409588","Big Data & Society","journal","2.62","C","SAGE Publishing","True"
"S94908168","Higher Education","journal","1.12","C","Springer Science+Business Media","False"
"S192650101","Information Sciences","journal","7.58","A*","Elsevier BV","False"
"S79519963","International Affairs","journal","0.82","C","Oxford University Press","False"
"S4210239500","ACS Omega","journal","2.89","C","American Chemical Society","True"
"S4306402302","Repository for Publications and Research Data (ETH Zurich)","repository","2.02","C","ETH Zurich","False"
"S165512578","SIAM Journal on Scientific Computing","journal","1.07","C","Society for Industrial and Applied Mathematics","False"
"S2764955546","Journal of King Saud University - Computer and Information Sciences","journal","10.57","A*","Elsevier BV","False"
"S147316732","IEEE Communications Letters","journal","2.05","C","IEEE Communications Society","False"
"S207319443","Complexity","journal","1.4","C","Hindawi Publishing Corporation","True"
"S2764805720","Eurasian Economic Review","journal","0.78","C","Springer Science+Business Media","False"
"S2738355984","Administrative Sciences","journal","10.57","A*","Multidisciplinary Digital Publishing Institute","True"
"S41486457","International Journal of Pattern Recognition and Artificial Intelligence","journal","1.8","C","World Scientific","False"
"S2764510487","Engineering Science and Technology an International Journal","journal","11.93","A*","Elsevier BV","True"
"S180838163","Journal of Cheminformatics","journal","1.8","C","BioMed Central","True"
"S37391459","ACS Catalysis","journal","2.63","C","American Chemical Society","False"
"S2883262519","Opto-Electronic Advances","journal","1.88","C","","True"
"S4210209060","Big Data Mining and Analytics","journal","1.9","C","Tsinghua University Press","True"
"S189701308","Journal of Chemical Theory and Computation","journal","2.69","C","American Chemical Society","False"
"S151820558","Pattern Recognition Letters","journal","1.51","C","Elsevier BV","False"
"S121161810","Proteins Structure Function and Bioinformatics","journal","0.84","C","Wiley","False"
"S176637136","Journal of Computing in Civil Engineering","journal","0.57","C","American Society of Civil Engineers","False"
"S203966947","IEEE Transactions on Power Delivery","journal","2.39","C","Institute of Electrical and Electronics Engineers","False"
"S4210211861","Human Behavior and Emerging Technologies","journal","2.05","C","Wiley","False"
"S122317144","Brain Sciences","journal","11.01","A*","Multidisciplinary Digital Publishing Institute","True"
"S145575934","Transportation Research Record Journal of the Transportation Research Board","journal","1.03","C","SAGE Publishing","False"
"S130699561","Technology Analysis and Strategic Management","journal","0.84","C","Taylor & Francis","False"
"S4306422867","IEEE Transactions on Transportation Electrification","journal","0.54","C","Institute of Electrical and Electronics Engineers","False"
"S4363607707","2022 International Joint Conference on Neural Networks (IJCNN)","conference","1.38","C","","False"
"S111482492","Computers & Structures","journal","1.97","C","Elsevier BV","False"
"S2737561367","Interdisciplinary Journal of Information Knowledge and Management","journal","1.48","C","Informing Science Institute","True"
"S32481061","Dentomaxillofacial Radiology","journal","1.59","C","Oxford University Press","False"
"S102949365","Strategic Management Journal","journal","2.76","C","Wiley","False"
"S202798957","Brazilian Oral Research","journal","1.37","C","Brazilian Society of Dental Research","True"
"S196647941","IEEE Transactions on Communications","journal","1.78","C","IEEE Communications Society","False"
"S123144817","Journal of Cognitive Neuroscience","journal","12.08","A*","The MIT Press","False"
"S15258550","Current Opinion in Psychiatry","journal","1.49","C","Lippincott Williams & Wilkins","False"
"S147897268","Neural Computing and Applications","journal","2.06","C","Springer Science+Business Media","False"
"S2596760093","Frontiers in Physics","journal","2.66","C","Frontiers Media","True"
"S112809824","ACM Transactions on Reconfigurable Technology and Systems","journal","2.87","C","Association for Computing Machinery","False"
"S184363771","Energy & Environment","journal","0.87","C","SAGE Publishing","False"
"S97048498","The International Journal of Logistics Management","journal","2.82","C","Emerald Publishing Limited","False"
"S4210237014","The Lancet Digital Health","journal","1.73","C","Elsevier BV","True"
"S176204532","BDJ","journal","1.15","C","Springer Nature","False"
"S138959710","Computer Methods and Programs in Biomedicine","journal","1.65","C","Elsevier BV","False"
"S120683614","Security and Communication Networks","journal","2.95","C","Hindawi Publishing Corporation","False"
"S99352657","Advanced Materials","journal","1.73","C","","False"
"S1650206","Milbank Quarterly","journal","1.32","C","Wiley","False"
"S163534328","Marketing Science","journal","10.05","A*","Institute for Operations Research and the Management Sciences","False"
"S2739293182","International Journal of Educational Excellence","journal","1.1","C","Universidad Metropolitana","True"
"S2764350490","Sensing and Bio-Sensing Research","journal","0.69","C","Elsevier BV","True"
"S4210235149","Frontiers in Sustainable Cities","journal","0.82","C","Frontiers Media","True"
"S52278559","Circulation Cardiovascular Quality and Outcomes","journal","0.82","C","Lippincott Williams & Wilkins","False"
"S196139623","Artificial Intelligence","journal","0.88","C","Elsevier BV","False"
"S4306401281","Zurich Open Repository and Archive (University of Zurich)","repository","0.85","C","University of Zurich","False"
"S101287785","International Journal of Nanomedicine","journal","2.1","C","Dove Medical Press","True"
"S2764471977","Theoretical and Applied Mechanics Letters","journal","0.95","C","Elsevier BV","True"
"S4306498418","2019 3rd International Conference on Trends in Electronics and Informatics (ICOEI)","conference","1.36","C","","False"
"S4210209078","IEEE Transactions on Systems Man and Cybernetics Systems","journal","2.74","C","Institute of Electrical and Electronics Engineers","False"
"S203256638","Nature Medicine","journal","7.9","A*","Nature Portfolio","False"
"S4210204877","Encyclopedia","journal","2.17","C","Multidisciplinary Digital Publishing Institute","True"
"S1336409049","eLife","journal","0.93","C","eLife Sciences Publications Ltd","True"
"S4210197006","Frontiers in Artificial Intelligence","journal","0.98","C","Frontiers Media","True"
"S86499044","Advances in Civil Engineering","journal","0.6","C","Hindawi Publishing Corporation","True"
"S14676311","IEEE Transactions on Semiconductor Manufacturing","journal","0.92","C","IEEE Computer Society","False"
"S198098182","Energies","journal","1.2","C","Multidisciplinary Digital Publishing Institute","True"
"S125501549","Applied Artificial Intelligence","journal","0.94","C","Taylor & Francis","True"
"S121666818","Human Brain Mapping","journal","0.72","C","Wiley","False"
"S4210240055","International Journal of Innovation in Engineering","journal","0.8","C","","True"
"S201921491","IEEE Transactions on Power Systems","journal","1.65","C","Institute of Electrical and Electronics Engineers","False"
"S50071195","ACM SIGOPS Operating Systems Review","journal","1.02","C","Association for Computing Machinery","False"
"S60775588","Reviews in Aquaculture","journal","1.41","C","Wiley","False"
"S2737336974","Minerals","journal","1.76","C","Multidisciplinary Digital Publishing Institute","True"
"S103225281","NeuroImage","journal","2.23","C","Elsevier BV","False"
"S106702950","The American Review of Public Administration","journal","0.6","C","SAGE Publishing","False"
"S2738790859","Aging and Disease","journal","2.5","C","Buck Institute for Research on Aging","True"
"S4210234060","IEEE Networking Letters","journal","2.07","C","Institute of Electrical and Electronics Engineers","False"
"S2737427234","Science Advances","journal","2.6","A*","American Association for the Advancement of Science","True"
"S139116023","Sensors and Materials","journal","2.68","C","MYU K.K.","True"
"S4387285992","International Journal of Network Dynamics and Intelligence","journal","2.8","C","","False"
"S968139600","Journal of Personal Selling and Sales Management","journal","0.65","C","Taylor & Francis","False"
"S3035068822","Journal of Organization Design","journal","1.19","C","Organizational Design Community","False"
"S42274841","Chinese Journal of Aeronautics","journal","2.52","C","Elsevier BV","False"
"S4210191619","Logistics","journal","2.37","C","Multidisciplinary Digital Publishing Institute","True"
"S5353659","The Journal of Finance","journal","0.96","C","Wiley","False"
"S2764999920","International Journal of Machine Learning and Cybernetics","journal","1.02","C","Springer Science+Business Media","False"
"S97434221","Frontiers in Systems Neuroscience","journal","6.5","A*","Frontiers Media","True"
"S129102366","Reviews of Geophysics","journal","1.71","C","Wiley","False"
"S184846731","The International Journal of Human Resource Management","journal","2.05","C","Routledge","False"
"S4363607734","2021 IEEE/RSJ International Conference on Intelligent Robots and Systems (IROS)","conference","6.48","A","","False"
"S4306402448","Padua Research Archive (University of Padua)","repository","1.66","C","University of Padua","False"
"S2736601860","Entrepreneurial Business and Economics Review","journal","2.37","C","Krakow University of Economics","True"
"S4306400553","Munich Personal RePEc Archive (Ludwig Maximilian University of Munich)","repository","0.59","C","Ludwig-Maximilians-Universität München","False"
"S4210231922","International Journal of Engineering in Computer Science","journal","4.91","A*","","False"
"S2307745","Journal of Lightwave Technology","journal","2.28","C","Institute of Electrical and Electronics Engineers","False"
"S70817854","Textile Research Journal","journal","2.74","C","SAGE Publishing","False"
"S4210202120","Digital Discovery","journal","1.78","C","Royal Society of Chemistry","True"
"S4210183939","Cognitive Robotics","journal","1.83","C","Elsevier BV","True"
"S118357697","Brain","journal","0.77","C","Oxford University Press","False"
"S100835903","IEEE Transactions on Computer-Aided Design of Integrated Circuits and Systems","journal","1.62","C","Institute of Electrical and Electronics Engineers","False"
"S4210232029","Arts","journal","1.83","C","Multidisciplinary Digital Publishing Institute","True"
"S2491400915","IEEE Transactions on Big Data","journal","1.11","C","IEEE Computer Society","False"
"S145476921","ACS Nano","journal","1.17","C","American Chemical Society","False"
"S67718618","Crime Media Culture An International Journal","journal","1.44","C","SAGE Publishing","False"
"S187806540","Chaos An Interdisciplinary Journal of Nonlinear Science","journal","1.77","A*","American Institute of Physics","False"
"S176303223","AI Communications","journal","1.31","C","IOS Press","False"
"S56493663","International Journal of Nursing Studies","journal","1.03","C","Elsevier BV","False"
"S4210187335","Rad Hrvatske akademije znanosti i umjetnosti Medicinske znanosti","journal","1.32","C","Croatian Academy of Sciences and Arts","False"
"S4210223339","Personnel Assessment and Decisions","journal","0.8","C","International Personnel Assessment Council (IPAC)","True"
"S106004775","Geocarto International","journal","2.73","C","Taylor & Francis","False"
"S166193747","Progress in Aerospace Sciences","journal","9.51","A*","Elsevier BV","False"
"S4210232010","Journalism and Media","journal","2.2","C","Multidisciplinary Digital Publishing Institute","True"
"S173966628","Transportation Research Part E Logistics and Transportation Review","journal","2.47","C","Elsevier BV","False"
"S2764539591","Computational and Structural Biotechnology Journal","journal","1.75","C","Elsevier BV","True"
"S86468533","Cytometry Part A","journal","0.72","C","Wiley","False"
"S17643076","IEEE Computer Architecture Letters","journal","1.84","C","Institute of Electrical and Electronics Engineers","False"
"S15272795","International Journal of Emerging Technologies in Learning (iJET)","journal","1.97","C","kassel university press","True"
"S110206669","Multimedia Tools and Applications","journal","2.36","C","Springer Science+Business Media","False"
"S164001016","ACS Applied Materials & Interfaces","journal","1.58","C","American Chemical Society","False"
"S59098468","Bulletin of the Seismological Society of America","journal","0.82","C","Seismological Society of America","False"
"S114840262","Educational Technology Research and Development","journal","1.21","C","Springer Science+Business Media","False"
"S163901751","IEEE Circuits and Systems Magazine","journal","1.41","C","Institute of Electrical and Electronics Engineers","False"
"S204030396","Computers in Human Behavior","journal","2.11","C","Elsevier BV","False"
"S2737936280","Palgrave Communications","journal","1.93","C","Palgrave Macmillan","True"
"S4210219538","Internet Histories","journal","1.39","C","Routledge","False"
"S2765036881","International Journal of Disaster Risk Science","journal","14.82","A*","Springer Science+Business Media","True"
"S33323087","Management Science","journal","9.68","A*","Institute for Operations Research and the Management Sciences","False"
"S4210238307","Physical review. D/Physical review. D.","journal","1.09","C","American Physical Society","False"
"S184365670","Genetics Selection Evolution","journal","0.75","C","BioMed Central","True"
"S4210218555","Radiology Cardiothoracic Imaging","journal","0.88","C","Radiological Society of North America","False"
"S4210180425","The AMA Journal of Ethic","journal","1.11","C","American Medical Association","True"
"S4210234608","KI - Künstliche Intelligenz","journal","0.9","C","Springer Science+Business Media","False"
"S25093289","Ecography","journal","0.97","C","Wiley","True"
"S4210230675","Discover Internet of Things","journal","1.21","C","Springer Nature","True"
"S129839026","Journal of the American Medical Informatics Association","journal","0.93","C","Oxford University Press","False"
"S113474406","The American Surgeon","journal","2.74","C","SAGE Publishing","False"
"S93121129","Hydrology and earth system sciences","journal","2.58","A*","Copernicus Publications","True"
"S46950560","Structural Health Monitoring","journal","1.81","C","SAGE Publishing","False"
"S4210177949","Transportmetrica A Transport Science","journal","7.04","A*","Taylor & Francis","False"
"S4210238883","Smart Agricultural Technology","journal","2.96","C","Elsevier BV","True"
"S4210231870","Yearbook of Medical Informatics","journal","0.78","C","Georg Thieme Verlag","False"
"S2764490608","Wiley Interdisciplinary Reviews Water","journal","1.49","C","Wiley","False"
"S107749620","Daedalus","journal","2.92","C","American Academy of Arts and Sciences","False"
"S4306498545","2019 International Conference on Robotics,Electrical and Signal Processing Techniques (ICREST)","conference","2.66","C","","False"
"S181568219","European Heart Journal","journal","2.54","C","Oxford University Press","False"
"S117411352","International Journal of Remote Sensing","journal","1.14","C","Taylor & Francis","False"
"S139062638","Archives of Pathology & Laboratory Medicine","journal","0.93","C","American Medical Association","True"
"S2764925558","Industry and Higher Education","journal","2.17","C","SAGE Publishing","False"
"S126920919","IEEE Geoscience and Remote Sensing Letters","journal","14.05","A*","Institute of Electrical and Electronics Engineers","False"
"S4210206470","Journal of Sustainable Finance & Investment","journal","1.89","C","Taylor & Francis","False"
"S23629721","International Journal of Advanced Computer Science and Applications","journal","9.22","A*","Science and Information Organization","True"
"S2764455111","PubMed Central","repository","1.2","C","National Institutes of Health","False"
"S859791518","Transactions in GIS","journal","2.42","C","Wiley","False"
"S141901250","Strategic Change","journal","0.97","C","Wiley","False"
"S202680183","Industrial & Engineering Chemistry Research","journal","1.31","C","American Chemical Society","False"
"S2764646483","Journal of international technology and information management","journal","1.56","C","","False"
"S4210185134","Health Data Science","journal","8.35","A*","American Association for the Advancement of Science","True"
"S106908163","Neuro-Oncology","journal","1.11","C","Oxford University Press","False"
"S4210238442","Measurement Sensors","journal","0.79","C","Elsevier BV","True"
"S32042501","Journal of Water and Climate Change","journal","2.03","C","IWA Publishing","False"
"S152840809","Chemical Research in Toxicology","journal","1.22","C","American Chemical Society","False"
"S143846845","Nano Letters","journal","1.95","C","American Chemical Society","False"
"S75054922","Journal of Advanced Transportation","journal","0.89","C","Hindawi Publishing Corporation","True"
"S4210200631","Data Science and Management","journal","8.0","A*","KeAi","True"
"S4363607980","IEEE INFOCOM 2022 - IEEE Conference on Computer Communications","conference","1.83","C","","False"
"S135086714","Journal of Information Technology","journal","0.63","C","SAGE Publishing","False"
"S4210197709","Central European Management Journal","journal","1.34","C","Kozminski University","True"
"S4210205703","Advances in Multimedia","journal","0.84","C","Hindawi Publishing Corporation","True"
"S184470774","Plant Methods","journal","0.66","C","BioMed Central","True"
"S4210220312","International Journal of Logistics Research and Applications","journal","2.97","C","Taylor & Francis","False"
"S48031226","Journal of Ambient Intelligence and Humanized Computing","journal","1.31","C","Springer Science+Business Media","False"
"S4387282300","Artificial Intelligence for the Earth Systems","journal","2.52","C","American Meteorological Society","False"
"S161185981","Europhysics Letters (EPL)","journal","1.14","C","Institute of Physics","False"
"S115091506","Technological and Economic Development of Economy","journal","2.2","C","Vilnius Gediminas Technical University","True"
"S4210198061","Patterns","journal","2.4","C","Elsevier BV","True"
"S2488105108","Malaysian Journal of Computer Science","journal","9.54","A*","University of Malaya","True"
"S31411064","Biotechnology Journal","journal","1.68","C","Wiley","False"
"S4387278586","Applied Biosciences","journal","7.06","A*","Multidisciplinary Digital Publishing Institute","True"
"S4210176598","ACM SIGKDD Explorations Newsletter","journal","6.21","A","Association for Computing Machinery","False"
"S2486144580","MRS Communications","journal","2.82","C","Springer Nature","False"
"S61274580","Annual Review of Sociology","journal","2.58","C","Annual Reviews","False"
"S8194976","Annual Review of Political Science","journal","14.53","A*","Annual Reviews","False"
"S3023480720","Current Journal of Applied Science and Technology","journal","3.18","A*","Sciencedomain International","True"
"S2738977497","Agronomy","journal","2.33","C","Multidisciplinary Digital Publishing Institute","True"
"S4387278454","European Journal of Electrical Engineering and Computer Science","journal","14.17","A*","","True"
"S62865007","Journal of Dental Research","journal","0.95","C","SAGE Publishing","False"
"S2764670390","Journal of Entrepreneurship and Sustainability Issues","journal","0.67","C","","True"
"S2483040032","IEEE Consumer Electronics Magazine","journal","2.35","C","Institute of Electrical and Electronics Engineers","False"
"S29980478","Construction and Building Materials","journal","1.94","C","Elsevier BV","False"
"S2734699278","Journal of Law and the Biosciences","journal","12.86","A*","Oxford University Press","True"
"S4387288027","Artificial Intelligence Chemistry","journal","0.85","C","Elsevier BV","True"
"S198879913","IEEE Transactions on Microwave Theory and Techniques","journal","2.49","C","IEEE Microwave Theory and Techniques Society","False"
"S4210231404","Frontiers of Computer Science","journal","4.22","A*","Higher Education Press","False"
"S2764437742","Journal of Materials Chemistry A","journal","0.91","C","Royal Society of Chemistry","False"
"S131037608","Journal of Gastroenterology and Hepatology","journal","0.91","C","Wiley","False"
"S4210182004","International Journal of Qualitative Methods","journal","2.54","C","SAGE Publishing","True"
"S111155417","Journal of the American Chemical Society","journal","2.16","C","American Chemical Society","False"
"S129764719","Infection Control and Hospital Epidemiology","journal","1.81","C","Cambridge University Press","False"
"S107049385","The British Journal for the Philosophy of Science","journal","6.34","A*","Oxford University Press","False"
"S89276529","ACM Transactions on Computer-Human Interaction","journal","2.69","C","Association for Computing Machinery","False"
"S157560195","Agricultural Systems","journal","1.48","C","Elsevier BV","False"
"S2898269329","Information Processing in Agriculture","journal","2.54","C","Elsevier BV","True"
"S4306418306","European Conference on Antennas and Propagation","conference","1.6","C","","False"
"S2739317210","Research on Education and Media","journal","1.44","C","De Gruyter Open","True"
"S2491948244","IEEE Geoscience and Remote Sensing Magazine","journal","7.75","A*","Institute of Electrical and Electronics Engineers","False"
"S4210208950","IEEE Transactions on Technology and Society","journal","1.25","C","Institute of Electrical and Electronics Engineers","False"
"S2764521089","Current Medicine Research and Practice","journal","2.37","C","Elsevier BV","False"
"S4210218417","Journal of Multimedia Information System","journal","1.76","C","","True"
"S165666656","Sustainable Development","journal","1.08","C","Wiley","False"
"S203100778","Weather and Forecasting","journal","2.75","C","American Meteorological Society","False"
"S37623806","Public Management Review","journal","1.46","C","Taylor & Francis","False"
"S72738211","Folia Biologica","journal","1.86","C","First Faculty of Medicine, Charles University","False"
"S55776271","Viruses","journal","2.77","C","Multidisciplinary Digital Publishing Institute","True"
"S2737635154","Applied Computing and Informatics","journal","2.06","C","Elsevier BV","True"
"S137506714","The Knowledge Engineering Review","journal","0.79","C","Cambridge University Press","False"
"S160934207","Journal of Engineering Mechanics","journal","2.85","C","American Society of Civil Engineers","False"
"S19266977","Waste Management","journal","2.07","C","Elsevier BV","False"
"S4210178049","PeerJ Computer Science","journal","6.02","A*","PeerJ, Inc.","True"
"S60406085","Geoscientific model development","journal","0.85","C","Copernicus Publications","True"
"S68175919","International Journal of Modern Physics A","journal","2.49","C","World Scientific","False"
"S2898224164","Informatics in Medicine Unlocked","journal","2.05","C","Elsevier BV","True"
"S2738238905","Informatics","journal","1.83","C","Multidisciplinary Digital Publishing Institute","True"
"S181459644","World Journal of Gastroenterology","journal","2.73","C","Baishideng Publishing Group","False"
"S4306400243","University of Thessaly Institutional Repository (University of Thessaly)","repository","2.47","C","University of Thessaly","False"
"S38350834","Journal of Business Logistics","journal","0.88","C","Wiley","False"
"S4210211237","International Journal of Online and Biomedical Engineering (iJOE)","journal","1.28","C","","True"
"S2764699309","Eurasia Journal of Mathematics Science and Technology Education","journal","4.85","A*","Modestum Limited","True"
"S4210169894","Advances in systems analysis, software engineering, and high performance computing book series","book series","2.36","C","IGI Global","False"
"S42668443","IET Renewable Power Generation","journal","0.58","C","Institution of Engineering and Technology","False"
"S111160002","Magnetic Resonance in Medicine","journal","1.92","C","Wiley","False"
"S2913398011","World Electric Vehicle Journal","journal","2.41","C","Multidisciplinary Digital Publishing Institute","True"
"S4363608463","2022 ACM Conference on Fairness, Accountability, and Transparency","conference","2.69","C","","False"
"S4210193350","Drones","journal","1.36","C","Multidisciplinary Digital Publishing Institute","True"
"S152111507","Mobile Information Systems","journal","2.55","C","IOS Press","False"
"S45693802","Neurocomputing","journal","0.78","C","Elsevier BV","False"
"S9692511","Frontiers in Psychology","journal","2.62","C","Frontiers Media","True"
"S4210207404","IACR Transactions on Cryptographic Hardware and Embedded Systems","journal","0.82","C","","True"
"S73121659","Computer Science Review","journal","6.86","A*","Elsevier BV","False"
"S4306462882","Auerbach Publications eBooks","ebook platform","2.49","C","","False"
"S143352558","Gastroenterology","journal","0.87","C","Elsevier BV","False"
"S140884253","Current Drug Targets","journal","1.07","C","Bentham Science Publishers","False"
"S4210179018","PFG – Journal of Photogrammetry Remote Sensing and Geoinformation Science","journal","11.25","A*","Springer Science+Business Media","False"
"S4306420609","Neural Information Processing Systems","conference","2.3","C","","False"
"S4210201048","Machine Learning with Applications","journal","2.1","C","Elsevier BV","True"
"S111116695","Journal of Accounting Research","journal","2.23","C","Wiley","False"
"S96702057","Micromachines","journal","1.86","C","Multidisciplinary Digital Publishing Institute","True"
"S4210199036","Electronic Structure","journal","1.13","C","IOP Publishing","False"
"S137309422","Journal of Applied Biomedicine","journal","1.36","C","Elsevier BV","False"
"S4306498678","2020 IEEE International Conference on Informatics, IoT, and Enabling Technologies (ICIoT)","conference","0.95","C","","False"
"S4306477381","Özgür Yayınları eBooks","ebook platform","2.77","C","","False"
"S3006183880","Proceedings of the Royal Society A Mathematical Physical and Engineering Sciences","journal","9.38","A*","Royal Society","False"
"S4210208943","Quantum Engineering","journal","1.5","C","Wiley","False"
"S147177414","AIChE Journal","journal","1.66","C","Wiley","False"
"S114241109","IEEE Intelligent Systems","journal","2.87","C","Institute of Electrical and Electronics Engineers","False"
"S65353606","International Journal of Retail & Distribution Management","journal","0.88","C","Emerald Publishing Limited","False"
"S4210182133","International Journal of Higher Education","journal","1.97","C","Sciedu Press","True"
"S5240358","IEEE Transactions on Biomedical Engineering","journal","1.76","C","Institute of Electrical and Electronics Engineers","False"
"S4210208384","Resources","journal","2.03","C","Multidisciplinary Digital Publishing Institute","True"
"S40624954","Indian Journal of Dermatology","journal","0.55","C","Medknow","True"
"S197939330","PLoS Medicine","journal","2.68","C","Public Library of Science","True"
"S108911230","Molecules","journal","2.83","C","Multidisciplinary Digital Publishing Institute","True"
"S113591250","Annual Review of Public Health","journal","1.91","C","Annual Reviews","False"
"S4210195883","IOP Conference Series Earth and Environmental Science","conference","10.9","A*","IOP Publishing","True"
"S4210217951","Journal of risk and financial management","journal","2.81","C","Multidisciplinary Digital Publishing Institute","False"
"S62201805","Journal of Economic Behavior & Organization","journal","2.27","C","Elsevier BV","False"
"S4306498705","2020 International Conference on Computer Science, Engineering and Applications (ICCSEA)","conference","3.56","A*","","False"
"S4210189194","IOP Conference Series Materials Science and Engineering","conference","9.28","A*","IOP Publishing","True"
"S4210221150","PLOS Digital Health","journal","2.02","C","Public Library of Science","True"
"S148709879","Journal of Computational Physics","journal","1.56","C","Elsevier BV","False"
"S102896891","Psychology and Marketing","journal","2.34","C","Wiley","False"
"S4220651275","PNAS Nexus","journal","2.84","C","Oxford University Press","True"
"S4210212819","Frontiers in Nanotechnology","journal","2.81","C","Frontiers Media","True"
"S4363607979","2022 IEEE/CVF Winter Conference on Applications of Computer Vision (WACV)","conference","1.63","B","","False"
"S50523690","IEEE Transactions on Magnetics","journal","0.78","C","IEEE Magnetics Society","False"
"S2738600312","npj Quantum Information","journal","2.96","C","Nature Portfolio","True"
"S4363607749","2022 2nd International Conference on Advance Computing and Innovative Technologies in Engineering (ICACITE)","conference","2.6","C","","False"
"S2898415742","CAAI Transactions on Intelligence Technology","journal","0.81","C","Institution of Engineering and Technology","True"
"S169699294","Accounting Education","journal","2.8","C","Taylor & Francis","False"
"S2596394214","Frontiers in Oncology","journal","2.67","C","Frontiers Media","True"
"S162525099","Financial Analysts Journal","journal","1.8","C","Taylor & Francis","False"
"S2595193159","Frontiers in Energy Research","journal","1.98","C","Frontiers Media","True"
"S130337233","The Gerontologist","journal","1.5","C","Oxford University Press","False"
"S12898181","BMC Health Services Research","journal","0.64","C","BioMed Central","True"
"S4306400562","Zenodo (CERN European Organization for Nuclear Research)","repository","1.34","C","European Organization for Nuclear Research","True"
"S4210228715","Journal of Geophysical Research Solid Earth","journal","2.51","C","Wiley","False"
"S32898093","Journal of Neural Engineering","journal","0.51","C","IOP Publishing","False"
"S4306401126","Joint Research Centre (European Commission)","repository","1.33","C","European Commission","False"
"S4363607847","2022 International Conference on Sustainable Computing and Data Communication Systems (ICSCDS)","conference","1.5","C","","False"
"S201800618","Health Informatics Journal","journal","1.84","C","SAGE Publishing","False"
"S2764969478","Molecular Therapy — Nucleic Acids","journal","2.8","C","Cell Press","True"
"S2497375143","Energy","journal","1.37","C","Elsevier BV","False"
"S12967704","Statistical Science","journal","6.18","A*","Institute of Mathematical Statistics","False"
"S150722692","APL Materials","journal","2.34","C","American Institute of Physics","True"
"S4210214705","Cell Reports Methods","journal","1.63","C","Elsevier BV","True"
"S4210236505","Journal of Materials Informatics","journal","1.06","C","","False"
"S86860186","Natural Hazards","journal","1.63","C","Springer Science+Business Media","False"
"S188336720","Accident Analysis & Prevention","journal","0.85","C","Elsevier BV","False"
"S2736881203","Informing Science The International Journal of an Emerging Transdiscipline","journal","3.88","A*","Informing Science Institute","True"
"S5407043524","Seminars in Medical Writing and Education","journal","1.75","C","","True"
"S8427965","Biomedical Signal Processing and Control","journal","1.55","C","Elsevier BV","False"
"S4210180919","Sustainable Operations and Computers","journal","2.79","C","Elsevier BV","True"
"S9683234","Science Progress","journal","6.39","A*","SAGE Publishing","True"
"S87725633","IEEE Transactions on Reliability","journal","1.95","C","Institute of Electrical and Electronics Engineers","False"
"S4306511929","Harvard Data Science Review","journal","10.04","A*","The MIT Press","False"
"S2764650051","JMIR Medical Informatics","journal","0.53","C","JMIR Publications","True"
"S24978797","Tsinghua Science & Technology","journal","10.46","A*","Tsinghua University Press","True"
"S144270092","Oral Diseases","journal","0.95","C","Wiley","False"
"S74726891","Applied Intelligence","journal","2.9","C","Springer Science+Business Media","False"
"S4210202324","Journal of the Nigerian Society of Physical Sciences","journal","3.51","A*","","True"
"S4363608932","Proceedings of the Genetic and Evolutionary Computation Conference","conference","1.54","C","","False"
"S2764729094","International Journal for Court Administration","journal","0.71","C","Utrecht University Library Open Access Journals (Publishing Services)","True"
"S2765063436","Annals of Data Science","journal","14.96","A*","Springer Science+Business Media","False"
"S2736865057","Journal of Marine Science and Engineering","journal","8.28","A*","Multidisciplinary Digital Publishing Institute","True"
"S58516903","Journal of Cleaner Production","journal","1.99","C","Elsevier BV","False"
"S206298197","Journal of the Science of Food and Agriculture","journal","2.41","A*","Wiley","False"
"S11782782","Australasian Marketing Journal (AMJ)","journal","2.37","C","SAGE Publishing","False"
"S127754761","Journal of Water Resources Planning and Management","journal","1.02","C","American Society of Civil Engineers","False"
"S69141925","IEEE Transactions on Mobile Computing","journal","2.75","C","IEEE Computer Society","False"
"S135981667","Annual Review of Earth and Planetary Sciences","journal","4.27","A*","Annual Reviews","False"
"S170231156","International Journal of Entrepreneurial Behaviour & Research","journal","0.98","C","Emerald Publishing Limited","False"
"S41709181","The American Journal of Bioethics","journal","0.59","C","Taylor & Francis","False"
"S2764777209","Journal of Construction Engineering and Management","journal","1.68","C","American Society of Civil Engineers","False"
"S4210229136","Applied Physics Reviews","journal","1.91","C","American Institute of Physics","False"
"S2898442875","Structures","journal","0.66","C","Elsevier BV","False"
"S2735282665","JNCI Cancer Spectrum","journal","2.44","C","Oxford University Press","True"
"S149100181","Technology in Society","journal","1.63","C","Elsevier BV","False"
"S195663288","Monthly Notices of the Royal Astronomical Society","journal","1.81","C","Oxford University Press","False"
"S134177497","IEEE Transactions on Fuzzy Systems","journal","1.6","C","Institute of Electrical and Electronics Engineers","False"
"S50933791","Combinatorial Chemistry & High Throughput Screening","journal","1.5","C","Bentham Science Publishers","False"
"S2764850576","International Journal of Research in Education and Science","journal","9.06","A*","","True"
"S4210212586","International Journal of Cognitive Computing in Engineering","journal","0.89","C","Elsevier BV","True"
"S116571295","Medical Image Analysis","journal","0.95","C","Elsevier BV","False"
"S2596204836","Frontiers in Environmental Science","journal","13.13","A*","Frontiers Media","True"
"S119757635","The Annals of Statistics","journal","2.87","C","Institute of Mathematical Statistics","False"
"S79587146","British Journal of Ophthalmology","journal","1.43","C","BMJ","False"
"S2786256796","Physical Review Materials","journal","1.18","C","American Physical Society","False"
"S4210205895","Revue d intelligence artificielle","journal","2.11","C","International Information and Engineering Technology Association","False"
"S4363608968","Proceedings of the 28th Asia and South Pacific Design Automation Conference","conference","1.52","C","","False"
"S36980176","Computational and Mathematical Methods in Medicine","journal","0.56","C","Hindawi Publishing Corporation","False"
"S4210188283","Nature Sustainability","journal","3.61","A*","Nature Portfolio","False"
"S4210170305","ACM Transactions on Management Information Systems","journal","2.29","C","Association for Computing Machinery","False"
"S4210213036","Physical Review Fluids","journal","2.15","C","American Physical Society","False"
"S2500830676","IEEE Wireless Communications Letters","journal","0.57","C","Institute of Electrical and Electronics Engineers","False"
"S4210195687","SciPost Physics","journal","1.05","C","SciPost.org","True"
"S125977778","International Journal of Contemporary Hospitality Management","journal","1.08","C","Emerald Publishing Limited","False"
"S4210201254","IEEE Internet of Things Magazine","journal","2.18","C","Institute of Electrical and Electronics Engineers","False"
"S157485431","Journal of Travel Research","journal","0.55","C","SAGE Publishing","False"
"S10169007","Knowledge-Based Systems","journal","0.76","C","Elsevier BV","False"
"S2755439498","Indian Journal of Endocrinology and Metabolism","journal","2.5","C","Medknow","True"
"S109565702","Applied Energy","journal","0.95","C","Elsevier BV","False"
"S37844757","Journal of Hydrometeorology","journal","2.13","C","American Meteorological Society","False"
"S1995308","Journal of neurosurgery","journal","1.1","C","American Association of Neurological Surgeons","False"
"S52251279","Potato Research","journal","0.75","C","Springer Science+Business Media","False"
"S117562080","Earthquake Spectra","journal","1.11","C","SAGE Publishing","False"
"S4210207215","Journal of Innovative Image Processing","journal","2.31","C","","True"
"S67393510","Angewandte Chemie International Edition","journal","2.64","C","Wiley","False"
"S4210220808","IEEE Sensors Letters","journal","2.58","C","Institute of Electrical and Electronics Engineers","False"
"S4210210132","Expert Review of Precision Medicine and Drug Development","journal","1.49","C","Taylor & Francis","False"
"S2898434319","Energy Reports","journal","2.17","C","Elsevier BV","True"
"S4363607857","2022 IEEE 38th International Conference on Data Engineering (ICDE)","conference","1.01","C","","False"
"S117082959","Energy & Environmental Science","journal","5.46","A*","Royal Society of Chemistry","False"
"S30680879","Applied Computational Intelligence and Soft Computing","journal","2.74","C","Hindawi Publishing Corporation","True"
"S45456423","Clinical EEG and Neuroscience","journal","1.68","A*","SAGE Publishing","False"
"S2597085352","Frontiers in Applied Mathematics and Statistics","journal","0.71","C","Frontiers Media","True"
"S4210236200","International Journal of Educational Research Open","journal","1.02","C","Elsevier BV","True"
"S22881060","Ultrasound in Obstetrics and Gynecology","journal","0.57","C","Wiley","False"
"S3034727917","Financial Innovation","journal","0.95","C","Springer Nature","True"
"S201037040","International Journal of Manpower","journal","1.96","C","Emerald Publishing Limited","False"
"S128848949","Journal of Bone and Joint Surgery","journal","1.55","C","Wolters Kluwer","False"
"S4387289639","Waste Management Bulletin","journal","2.73","C","Elsevier BV","True"
"S4306498398","2019 1st International Conference on Advances in Science, Engineering and Robotics Technology (ICASERT)","conference","12.54","A*","","False"
"S1008817457","Medicina","journal","1.35","C","Multidisciplinary Digital Publishing Institute","True"
"S815301","Renewable Energy","journal","1.15","C","Elsevier BV","False"
"S37879656","Journal of Systems and Software","journal","1.45","C","Elsevier BV","False"
"S2489920150","Journal of the American Heart Association","journal","1.98","C","Wiley","True"
"S120877133","IEEE Transactions on Ultrasonics Ferroelectrics and Frequency Control","journal","1.17","C","Institute of Electrical and Electronics Engineers","False"
"S49331332","Service Industries Journal","journal","2.06","C","Taylor & Francis","False"
"S2764857692","IEEE Journal of Emerging and Selected Topics in Power Electronics","journal","1.52","C","Institute of Electrical and Electronics Engineers","False"
"S4220650953","Ocean-Land-Atmosphere Research","journal","1.88","C","","True"
"S27228949","Perspectives on Psychological Science","journal","7.39","A*","SAGE Publishing","False"
"S191329154","Displays","journal","1.24","C","Elsevier BV","False"
"S2737343529","Fluids","journal","2.87","C","Multidisciplinary Digital Publishing Institute","True"
"S58171247","Journal of Product & Brand Management","journal","2.41","C","Emerald Publishing Limited","False"
"S4210195483","Finance & Accounting Research Journal","journal","0.85","C","Fair East Publishers","True"
"S4210208267","AIMS Public Health","journal","2.67","C","AIMS Press","True"
"S4387282912","Artificial Intelligence and Applications","journal","1.72","C","","True"
"S2898358376","iScience","journal","13.58","A*","Cell Press","True"
"S2736465063","Journal of Imaging","journal","2.5","C","Multidisciplinary Digital Publishing Institute","True"
"S12529635","Computers & Security","journal","1.56","C","Elsevier BV","False"
"S2764691006","ACM Inroads","journal","0.56","C","Association for Computing Machinery","False"
"S96975567","Frontiers in Neurology","journal","1.17","C","Frontiers Media","True"
"S3035517252","Applied Network Science","journal","8.81","A*","Springer Nature","True"
"S166799026","Journal of Natural Products","journal","2.08","C","American Chemical Society","False"
"S167943036","Journal of Statistical Mechanics Theory and Experiment","journal","1.14","C","Institute of Physics","False"
"S2764653341","Informatics in Education","journal","0.85","C","Vilnius University","True"
"S2486275289","Cancer Discovery","journal","2.59","C","American Association for Cancer Research","False"
"S4306400516","Archivio Istituzionale della Ricerca (Universita Degli Studi Di Milano)","repository","2.96","C","University of Milan","False"
"S4819472","European Radiology","journal","1.81","C","Springer Science+Business Media","False"
"S2478453819","Journal of Wound Care","journal","0.93","C","Mark Allen Group","False"
"S2765016208","Bulletin of Electrical Engineering and Informatics","journal","1.18","C","Institute of Advanced Engineering and Science (IAES)","True"
"S202812398","Information Systems Research","journal","0.55","C","Institute for Operations Research and the Management Sciences","False"
"S185621672","The Journal of Physical Chemistry B","journal","2.79","C","American Chemical Society","False"
"S15260174","Engineering Applications of Computational Fluid Mechanics","journal","0.79","C","Taylor & Francis","True"
"S190716948","Nonlinear processes in geophysics","journal","1.94","C","Copernicus Publications","True"
"S123019304","Neural Networks","journal","1.19","C","Elsevier BV","False"
"S96783963","Journal of Sensors","journal","1.89","C","Hindawi Publishing Corporation","False"
"S107183665","Journal of service management","journal","2.13","C","Emerald Publishing Limited","False"
"S85785479","The Bottom Line Managing Library Finances","journal","2.57","C","Emerald Publishing Limited","False"
"S4210205947","International Advanced Researches and Engineering Journal","journal","1.02","C","Süleyman Demirel University","True"
"S2737215817","The international archives of the photogrammetry, remote sensing and spatial information sciences/International archives of the photogrammetry, remote sensing and spatial information sciences","journal","1.65","A*","Copernicus Publications","True"
"S2739050901","Microsystems & Nanoengineering","journal","0.84","C","Springer Nature","True"
"S4210180913","Asian Journal of Economics and Banking","journal","2.75","C","Emerald Publishing Limited","False"
"S131264395","Review of International Studies","journal","2.68","C","Cambridge University Press","False"
"S1024877810","The Journal of Defense Modeling and Simulation Applications Methodology Technology","journal","1.99","C","SAGE Publishing","False"
"S4210169952","Kerala Journal of Ophthalmology","journal","2.0","C","Medknow","True"
"S148368070","International Journal of Selection and Assessment","journal","2.16","C","Wiley","False"
"S106963461","Nature Biotechnology","journal","3.87","A*","Nature Portfolio","False"
"S2764413287","Alexandria Engineering Journal","journal","2.79","C","Elsevier BV","True"
"S4210232532","Journal of Cybersecurity and Privacy","journal","1.55","C","Multidisciplinary Digital Publishing Institute","True"
"S4210222353","Designs","journal","1.46","C","Multidisciplinary Digital Publishing Institute","True"
"S154343897","PLoS Biology","journal","1.8","C","Public Library of Science","True"
"S4210239958","The Bone & Joint Journal","journal","0.62","C","British Editorial Society of Bone & Joint Surgery","False"
"S204223317","IEEE Transactions on Services Computing","journal","0.92","C","Institute of Electrical and Electronics Engineers","False"
"S187533064","Gerodontology","journal","2.35","C","Wiley","False"
"S4210202597","Annals of Emerging Technologies in Computing","journal","0.71","C","International Association for Educators and Researchers (IAER)","True"
"S10195028","Genome Biology and Evolution","journal","2.01","C","Oxford University Press","True"
"S71857517","IET Generation Transmission & Distribution","journal","1.11","C","Institution of Engineering and Technology","False"
"S4210186116","Telematics and Informatics Reports","journal","1.47","C","Elsevier BV","True"
"S189798733","IEEE Antennas and Wireless Propagation Letters","journal","1.22","C","IEEE Antennas & Propagation Society","False"
"S4210240236","Frontiers in Sensors","journal","1.39","C","Frontiers Media","True"
"S131231701","ACM Transactions on the Web","journal","2.3","C","Association for Computing Machinery","False"
"S2595931848","Frontiers in Public Health","journal","1.24","C","Frontiers Media","True"
"S186986228","Georisk Assessment and Management of Risk for Engineered Systems and Geohazards","journal","1.92","C","Taylor & Francis","False"
"S4210207081","Journal of the American College of Emergency Physicians Open","journal","1.69","C","Wiley","True"
"S66039016","ACM SIGCOMM Computer Communication Review","journal","2.16","C","Association for Computing Machinery","False"
"S23257470","Journal of Property Research","journal","2.84","C","Taylor & Francis","False"
"S68724622","JAMA Ophthalmology","journal","2.33","C","American Medical Association","False"
"S4306498686","2020 IEEE International Women in Engineering (WIE) Conference on Electrical and Computer Engineering (WIECON-ECE)","conference","1.04","C","","False"
"S4210225969","Advances in Physics X","journal","0.58","C","Taylor & Francis","True"
"S4306463408","IET eBooks","ebook platform","1.16","C","","False"
"S2764970645","Frontiers in Chemistry","journal","1.99","C","Frontiers Media","True"
"S71324801","Forests","journal","0.63","C","Multidisciplinary Digital Publishing Institute","True"
"S165969127","Communications in Theoretical Physics","journal","1.74","C","Institute of Physics","False"
"S182689569","Quantitative Finance","journal","1.99","C","Taylor & Francis","False"
"S2739034459","Global Spine Journal","journal","1.34","C","SAGE Publishing","True"
"S34966862","Law Innovation and Technology","journal","2.43","C","Taylor & Francis","False"
"S1353648","Healthcare Management Forum","journal","0.77","C","SAGE Publishing","False"
"S4210177699","SMPTE Motion Imaging Journal","journal","0.69","C","","False"
"S4210193742","Advanced Theory and Simulations","journal","2.32","C","Wiley","False"
"S180851279","Journal of Services Marketing","journal","1.74","C","Emerald Publishing Limited","False"
"S4210210796","International Journal of Engineering and Advanced Technology","journal","2.22","C","","True"
"S60779006","Computers in Industry","journal","1.59","C","Elsevier BV","False"
"S13961689","IEEE/ASME Transactions on Mechatronics","journal","1.12","C","Institute of Electrical and Electronics Engineers","False"
"S14291815","Journal of Marketing Management","journal","2.55","C","Taylor & Francis","False"
"S135394783","The International Journal of Management Education","journal","2.5","C","Elsevier BV","False"
"S2764918247","Cogent Education","journal","2.24","C","Taylor & Francis","True"
"S4210214063","Nature Aging","journal","5.17","A*","Nature Portfolio","False"
"S4210209730","Interactive Journal of Medical Research","journal","1.98","C","JMIR Publications","True"
"S9702615","Business Ethics Quarterly","journal","1.4","C","Cambridge University Press","False"
"S4210200765","Life","journal","0.73","C","Multidisciplinary Digital Publishing Institute","True"
"S2736780684","Journal of Personalized Medicine","journal","2.79","C","Multidisciplinary Digital Publishing Institute","True"
"S125795645","Chemie Ingenieur Technik","journal","0.84","C","Wiley","False"
"S105046310","ACM Transactions on Design Automation of Electronic Systems","journal","2.88","C","Association for Computing Machinery","False"
"S2764610108","Research Journal of Textile and Apparel","journal","1.62","C","Emerald Publishing Limited","False"
"S4210230312","Departmental Paper","journal","0.96","C","International Monetary Fund","True"
"S200071133","Blood","journal","1.85","C","Elsevier BV","False"
"S4210225942","Information Technology and Libraries","journal","2.68","C","American Library Association","True"
"S4210226510","Data","journal","2.33","C","Multidisciplinary Digital Publishing Institute","True"
"S49549746","The Journal of Psychology","journal","2.52","C","Taylor & Francis","False"
"S4210184601","Journal of Applied Learning & Teaching","journal","2.15","C","Canadian Philosophy of Education Society","True"
"S4210208246","Science Insights Education Frontiers","journal","10.85","A*","","True"
"S173178594","Journal of Computing and Information Science in Engineering","journal","12.96","A*","ASM International","False"
"S2898405271","IFAC-PapersOnLine","journal","1.12","C","Elsevier BV","True"
"S193514341","International Journal of Law and Information Technology","journal","1.72","C","Oxford University Press","False"
"S4210219410","Systems","journal","1.05","C","Multidisciplinary Digital Publishing Institute","True"
"S4363607838","2022 3rd International Conference on Electronics and Sustainable Communication Systems (ICESC)","conference","2.97","C","","False"
"S4210237554","IBRO Neuroscience Reports","journal","14.24","A*","Elsevier BV","True"
"S141808269","Remote Sensing of Environment","journal","0.6","C","Elsevier BV","False"
"S4210170791","International Journal of Bioprinting","journal","2.26","C","","True"
"S179157397","Journal of Intelligent & Fuzzy Systems","journal","2.81","C","IOS Press","False"
"S83591844","Journal of Global Information Management","journal","0.95","C","IGI Global","True"
"S4210175690","Accounting","journal","1.92","C","Growing Science","True"
"S172073041","Automation in Construction","journal","2.79","C","Elsevier BV","False"
"S87112736","Journal of Hospitality and Tourism Technology","journal","0.58","C","Emerald Publishing Limited","False"
"S75093782","Plasma Physics and Controlled Fusion","journal","2.24","C","IOP Publishing","False"
"S4210190384","SOIL","journal","1.24","C","Copernicus Publications","True"
"S18095783","Journal of Business and Economic Statistics","journal","2.81","C","Taylor & Francis","False"
"S6013065","Journal of Management & Governance","journal","2.93","C","Springer Science+Business Media","False"
"S85738991","IEEE Transactions on Antennas and Propagation","journal","2.86","C","IEEE Antennas & Propagation Society","False"
"S1010394304","BioMed Research International","journal","1.69","C","Hindawi Publishing Corporation","False"
"S4363607718","2021 IEEE International Conference on Big Data (Big Data)","conference","2.66","C","","False"
"S192268925","IEEE Transactions on Industry Applications","journal","2.61","C","Institute of Electrical and Electronics Engineers","False"
"S164389565","JAMA Neurology","journal","1.3","C","American Medical Association","False"
"S2764911580","Communications for Statistical Applications and Methods","journal","2.57","C","Korean Statistical Society","True"
"S4210193050","AIS Transactions on Human-Computer Interaction","journal","0.59","C","Association for Information Systems","True"
"S4306400718","IRIS UNIMORE (University of Modena and Reggio Emilia)","repository","1.99","C","University of Modena and Reggio Emilia","False"
"S4210172657","The Leading Edge","journal","1.08","C","Society of Exploration Geophysicists","False"
"S60760007","BMC Oral Health","journal","0.8","C","BioMed Central","True"
"S4210203469","Advances in library and information science (ALIS) book series","book series","2.54","A*","SAGE Publishing","False"
"S93909106","Superconductor Science and Technology","journal","10.9","A*","IOP Publishing","False"
"S4210209509","Computer Science & IT Research Journal","journal","6.09","A*","Fair East Publishers","True"
"S4387278861","Journal of Computational and Cognitive Engineering","journal","2.31","C","","True"
"S4210194934","Journal of Modern Power Systems and Clean Energy","journal","0.66","C","Springer Nature","True"
"S68497187","Renewable and Sustainable Energy Reviews","journal","1.29","C","Elsevier BV","False"
"S181408163","International Journal of Computer Assisted Radiology and Surgery","journal","1.85","C","Springer Science+Business Media","False"
"S88457320","Journal of Mechanical Design","journal","2.48","C","American Society of Mechanical Engineers","False"
"S15925821","Journal of Modelling in Management","journal","1.3","C","Emerald Publishing Limited","False"
"S6725529","IEEE Software","journal","2.06","C","IEEE Computer Society","False"
"S4210215428","Italian Journal of Marketing","journal","2.71","C","Springer Science+Business Media","False"
"S160779208","Journal of Applied Probability","journal","2.04","C","Cambridge University Press","False"
"S32361082","European Review of Agricultural Economics","journal","1.08","C","Oxford University Press","False"
"S4210173311","Informatica","journal","0.56","C","Slovenian Society Informatika","True"
"S4210191235","Computer Methods and Programs in Biomedicine Update","journal","2.68","C","Elsevier BV","True"
"S2492266406","Journal of Ambient Intelligence and Smart Environments","journal","0.55","C","IOS Press","False"
"S3251770","Gut","journal","2.69","C","BMJ","False"
"S4210187126","Dental News","journal","1.82","C","","False"
"S4210206835","Progress in Additive Manufacturing","journal","2.85","C","Springer Science+Business Media","False"
"S4363607748","2022 IEEE/CVF Conference on Computer Vision and Pattern Recognition Workshops (CVPRW)","conference","12.28","A*","","False"
"S4210201734","Journal of Agriculture and Food Research","journal","2.99","C","Elsevier BV","True"
"S142026636","Journal of Translational Medicine","journal","1.38","C","BioMed Central","True"
"S151119180","Journal of democracy","journal","2.42","C","Johns Hopkins University Press","False"
"S4210213753","BioMedInformatics","journal","1.5","C","","True"
"S2483513740","International Journal of Information Technology and Computer Science","journal","7.98","A*","","True"
"S4210226744","APL Photonics","journal","2.07","C","AIP Publishing","True"
"S2898368220","ICT Express","journal","2.68","C","Elsevier BV","True"
"S4210197772","Advances in environmental engineering and green technologies book series","book series","2.96","C","IGI Global","False"
"S2764968517","International Review of Management and Marketing","journal","2.42","C","EconJournals","True"
"S83637746","IEEE Journal of Solid-State Circuits","journal","1.54","C","Institute of Electrical and Electronics Engineers","False"
"S4210204057","Wiley Interdisciplinary Reviews Forensic Science","journal","7.19","A*","Wiley","False"
"S152936027","Virtual and Physical Prototyping","journal","2.34","C","Taylor & Francis","False"
"S4210185969","ACM/IMS Transactions on Data Science","journal","4.72","A*","Association for Computing Machinery","False"
"S4363608167","2022 9th International Conference on Computing for Sustainable Global Development (INDIACom)","conference","0.78","C","","False"
"S4210235901","Digital Threats Research and Practice","journal","1.39","C","Association for Computing Machinery","True"
"S10623703","International Journal of Molecular Sciences","journal","5.38","A*","Multidisciplinary Digital Publishing Institute","True"
"S180997207","World Journal of Surgical Oncology","journal","1.24","C","BioMed Central","True"
"S4210241147","Batteries & Supercaps","journal","1.08","C","Wiley","False"
"S962698607","The RUSI Journal","journal","0.61","C","Routledge","False"
"S145569942","Gastric Cancer","journal","0.54","C","Springer Science+Business Media","False"
"S4210218295","Journal of Advances in Applied & Computational Mathematics","journal","2.97","C","","True"
"S4220651272","EAI Endorsed Transactions on AI and Robotics","journal","1.57","C","","True"
"S166774750","Scientific Programming","journal","1.46","C","Hindawi Publishing Corporation","False"
"S143568823","Library Hi Tech","journal","2.2","C","Emerald Publishing Limited","False"
"S4210237490","Neuroscience Informatics","journal","4.45","A*","Elsevier BV","True"
"S4210213426","Applied Surface Science Advances","journal","14.32","A*","Elsevier BV","True"
"S4390296815","Journal of Robotics Spectrum","journal","2.47","C","","False"
"S4363608057","2022 2nd International Conference on Innovative Research in Applied Science, Engineering and Technology (IRASET)","conference","2.71","A*","","False"
"S4210170300","Asian Journal of Law and Society","journal","1.54","C","Cambridge University Press","False"
"S4210206676","International Journal of Electrical and Electronics Research","journal","2.7","C","","False"
"S4387283736","Journal of Metaverse","journal","2.86","C","","True"
"S4389158195","Mesopotamian Journal of Big Data","journal","1.67","C","","True"
"S86192639","IT Professional","journal","2.03","C","IEEE Computer Society","False"
"S40639465","Intelligent Automation & Soft Computing","journal","0.92","C","Taylor & Francis","False"
"S4210181539","American Journal of Neural Networks and Applications","journal","2.98","C","Science Publishing Group","True"
"S61699894","Computers & Geosciences","journal","4.63","A*","Elsevier BV","False"
"S4210197300","Neuromethods","book series","2.86","C","Humana Press","False"
"S178711970","Journal of Biomolecular Structure and Dynamics","journal","2.12","C","Taylor & Francis","False"
"S4306498493","2019 IEEE Eurasia Conference on IOT, Communication and Engineering (ECICE)","conference","2.02","C","","False"
"S4210207486","Human-Centric Intelligent Systems","journal","1.78","C","Springer Nature","True"
"S2764498735","Annals of the American Association of Geographers","journal","1.08","C","Taylor & Francis","False"
"S4389158196","Mesopotamian Journal of Computer Science","journal","3.88","A*","","True"
"S19778766","Frontiers in Computational Neuroscience","journal","4.48","A*","Frontiers Media","True"
"S96629499","Ethnic and Racial Studies","journal","0.97","C","Routledge","False"
"S116345831","International Journal of Emerging Markets","journal","2.45","C","Emerald Publishing Limited","False"
"S4306514080","International Journal on Integrated Education","journal","1.38","C","","True"
"S40006715","Computer Methods in Applied Mechanics and Engineering","journal","0.64","C","Elsevier BV","False"
"S9871798","European Business Organization Law Review","journal","2.92","C","Springer Science+Business Media","False"
"S163075119","EMBO Molecular Medicine","journal","2.71","C","Springer Nature","True"
"S36069537","Advanced Synthesis & Catalysis","journal","2.82","C","Wiley","False"
"S119912628","The Journal of Microbiology","journal","2.99","C","Springer Science+Business Media","False"
"S2739348629","ULTRASONOGRAPHY","journal","0.93","C","Korean Society of Ultrasound in Medicine","True"
"S140556538","Applied Soft Computing","journal","1.49","C","Elsevier BV","False"
"S4306498644","2020 Fifth International Conference on Informatics and Computing (ICIC)","conference","2.4","C","","False"
"S2764686343","Georgia State University law review","journal","2.24","C","Georgia State University College of Law","False"
"S134390580","Optics Letters","journal","0.88","C","Optica Publishing Group","False"
"S4404673959","OMAINTEC journal.","journal","2.54","C","","False"
"S17395904","International Statistical Review","journal","1.06","C","Wiley","False"
"S106956883","European Transport Research Review","journal","1.06","C","Springer Science+Business Media","True"
"S30130650","Indian Journal of Pharmaceutical Education and Research","journal","1.84","C","Association of Pharmaceutical Teachers of India","False"
"S4306400906","Research Repository (Delft University of Technology)","repository","1.98","C","Delft University of Technology","False"
"S102320310","Journal of Information Communication and Ethics in Society","journal","1.95","C","Emerald Publishing Limited","False"
"S4210191690","Environment and Planning B Urban Analytics and City Science","journal","2.74","A*","SAGE Publishing","False"
"S4306463448","IntechOpen eBooks","ebook platform","2.69","C","IntechOpen","False"
"S189354248","International Journal of Information Management","journal","1.16","C","Elsevier BV","False"
"S62018274","Journal of International Medical Research","journal","0.82","C","SAGE Publishing","True"
"S127936299","The British Journal of Psychiatry","journal","2.72","C","Cambridge University Press","False"
"S194154261","Ecological Indicators","journal","2.89","C","Elsevier BV","False"
"S4210195673","PRX Quantum","journal","2.66","C","American Physical Society","True"
"S2764728150","Energy storage materials","journal","2.52","C","Elsevier BV","False"
"S2737005842","Biomedicines","journal","2.14","C","Multidisciplinary Digital Publishing Institute","True"
"S4210229375","Nature Catalysis","journal","8.94","A*","Nature Portfolio","False"
"S130298280","Discrete Dynamics in Nature and Society","journal","2.67","A*","Hindawi Publishing Corporation","True"
"S4306498595","2020 2nd International Conference on Advances in Computing, Communication Control and Networking (ICACCCN)","conference","1.52","C","","False"
"S4210236516","BORDER CROSSING","journal","1.43","C","","True"
"S103097414","Aerosol and Air Quality Research","journal","1.15","C","Taiwan Association for Aerosol Research","True"
"S2487656537","Computational Visual Media","journal","2.31","C","Springer Nature","True"
"S169988927","Journal of the Operational Research Society","journal","1.74","C","Palgrave Macmillan","False"
"S4210185152","IJCIT (Indonesian Journal on Computer and Information Technology)","journal","0.7","C","","True"
"S2764707789","Healthcare Technology Letters","journal","1.05","C","Institution of Engineering and Technology","True"
"S4210178346","Frontiers in Forests and Global Change","journal","2.21","C","Frontiers Media","True"
"S4210169684","ACM SIGPLAN Fortran Forum","journal","0.69","C","Association for Computing Machinery","False"
"S72772346","Human and Ecological Risk Assessment An International Journal","journal","2.63","C","Taylor & Francis","False"
"S78571599","Journal of Computational Biology","journal","1.74","C","Mary Ann Liebert, Inc.","False"
"S52566953","Water Research","journal","1.7","C","Elsevier BV","False"
"S177423656","Thermal Science","journal","9.5","A*","Vinča Institute of Nuclear Sciences","True"
"S4210234597","SN Applied Sciences","journal","12.63","A*","Springer Nature","False"
"S116251202","Circulation","journal","1.37","C","Lippincott Williams & Wilkins","False"
"S58631098","New Phytologist","journal","2.2","C","Wiley","False"
"S4210225776","Communications Biology","journal","1.91","C","Nature Portfolio","True"
"S124549413","Journal of Economic Surveys","journal","1.17","C","Wiley","False"
"S143381477","Environment International","journal","2.7","C","Elsevier BV","True"
"S77333486","Theory Culture & Society","journal","2.49","C","SAGE Publishing","False"
"S55152591","Information Visualization","journal","2.15","C","SAGE Publishing","False"
"S4387284798","Journal of Intelligent Management Decision","journal","2.63","C","","False"
"S11622463","Journal of Biomedical Informatics","journal","2.67","C","Elsevier BV","False"
"S110346167","British Journal of Educational Technology","journal","2.27","C","Wiley","False"
"S4306401396","Spiral (Imperial College London)","repository","2.59","C","Imperial College London","False"
"S105243760","Applied Physics Letters","journal","2.24","C","American Institute of Physics","False"
"S62275304","Journal of Digital Imaging","journal","2.2","C","Springer Science+Business Media","False"
"S4210217756","Journal on Education","journal","2.05","C","Universitas Pahlawan Tuanku Tambusai","True"
"S82136278","Nuclear Engineering and Technology","journal","2.38","C","Elsevier BV","True"
"S4210178645","Advanced Space Law","journal","0.9","C","International Society of Philosophy and Cosmology","True"
"S2765027627","Bone and Joint Research","journal","2.7","C","Journal of Bone and Joint Surgery","True"
"S174662166","Journal of Electrical and Computer Engineering","journal","2.68","C","Hindawi Publishing Corporation","True"
"S163971530","Korean Circulation Journal","journal","0.57","C","Korean Society of Circulation","False"
"S4210181342","Natural Resources Conservation and Research","journal","2.56","C","","True"
"S4210198833","Socius Sociological Research for a Dynamic World","journal","0.82","C","SAGE Publishing","True"
"S138759888","Journal of The Electrochemical Society","journal","1.34","C","Institute of Physics","False"
"S4210202467","International Journal of Intelligent Networks","journal","2.36","C","Elsevier BV","True"
"S2502047864","ACS Sustainable Chemistry & Engineering","journal","0.9","C","American Chemical Society","False"
"S2764977280","Journal of Drug Delivery and Therapeutics","journal","2.54","C","Society of Pharmaceutical Tecnocrats","True"
"S4210193455","Journal of Medical Imaging","journal","2.58","C","SPIE","False"
"S4363608815","Proceedings of the 2022 ACM SIGSAC Conference on Computer and Communications Security","conference","1.77","C","","False"
"S4220651630","International Journal of Research Publication and Reviews","journal","0.52","C","","False"
"S4210235676","International Journal of Power Electronics and Drive Systems/International Journal of Electrical and Computer Engineering","journal","1.22","C","Institute of Advanced Engineering and Science (IAES)","True"
"S23481971","Therapeutic Advances in Gastroenterology","journal","2.04","C","SAGE Publishing","True"
"S4306402226","Strathprints: The University of Strathclyde institutional repository (University of Strathclyde)","repository","2.95","C","University of Strathclyde","False"
"S72915307","Organization","journal","2.08","C","SAGE Publishing","False"
"S5407043543","Journal of Computers Mechanical and Management","journal","1.15","C","","False"
"S4387290820","Future in Educational Research","journal","2.09","C","Wiley","True"
"S4210197608","International journal of innovation, creativity and change","journal","1.85","C","","False"
"S2500072609","International Transactions on Electrical Energy Systems","journal","2.45","C","Wiley","False"
"S84695101","The Plant Genome","journal","0.77","C","Crop Science Society of America","True"
"S116843975","Journal of Emerging Technologies in Accounting","journal","2.4","C","American Accounting Association","False"
"S42678134","Journal of Hospitality & Tourism Research","journal","1.85","C","SAGE Publishing","False"
"S151498627","Electric Power Systems Research","journal","2.91","C","Elsevier BV","False"
"S44278595","Computers in Biology and Medicine","journal","1.35","C","Elsevier BV","False"
"S4210200847","International Journal of Scientific Research in Computer Science Engineering and Information Technology","journal","10.04","A*","","True"
"S4387289453","International Journal of Mathematics Statistics and Computer Science","journal","14.08","A*","","True"
"S70185877","Journal of Medical Ethics","journal","0.76","C","BMJ","False"
"S151491554","The Geneva Papers on Risk and Insurance Issues and Practice","journal","2.84","C","Palgrave Macmillan","False"
"S121167460","IEEE Instrumentation & Measurement Magazine","journal","2.22","C","Institute of Electrical and Electronics Engineers","False"
"S4306402470","UTUPub (University of Turku)","repository","0.67","C","University of Turku","False"
"S4404673952","Gamification and Augmented Reality.","journal","1.25","C","Grupo de Investigación “Nodo Educativo” / Red Universitaria de Tecnología Educativa (RUTE)","True"
"S4210226067","Journal of Hospitality and Tourism Insights","journal","2.27","C","Emerald Publishing Limited","False"
"S111927887","Journal of Physics D Applied Physics","journal","0.67","C","Institute of Physics","False"
"S4210237349","JMIR Nursing","journal","1.96","C","","True"
"S65236890","Progress in Energy and Combustion Science","journal","6.17","A*","Elsevier BV","False"
"S87609158","European Journal of Heart Failure","journal","2.05","C","Elsevier BV","False"
"S4306401862","The International Journal of Education and Development using Information and Communication Technology (The University of the West Indies)","repository","0.61","C","University of the West Indies System","False"
"S170139714","Construction Innovation","journal","2.68","C","Emerald Publishing Limited","False"
"S149016011","Electronics Letters","journal","2.93","C","Institution of Engineering and Technology","False"
"S4210232435","International Journal on Perceptive and Cognitive Computing","journal","2.92","C","","False"
"S2764931087","Applied Water Science","journal","11.62","A*","Springer Nature","True"
"S85265705","The Journal of Creative Behavior","journal","0.83","C","Wiley","False"
"S4363609020","2022 IEEE/ACM 44th International Conference on Software Engineering: Companion Proceedings (ICSE-Companion)","conference","2.4","C","","False"
"S4363608104","2022 IEEE International Conference on Data Mining (ICDM)","conference","0.56","B","","False"
"S144105592","Schizophrenia Research","journal","0.56","C","Elsevier BV","False"
"S90653425","Magnetic Resonance in Medical Sciences","journal","5.87","A*","Japan Society of Magnetic Resonance in Medicine","True"
"S2764561087","Global Food Security","journal","1.72","C","Elsevier BV","False"
"S2736342340","Forest Ecosystems","journal","2.43","C","Springer Science+Business Media","True"
"S4387279859","International Journal for Global Academic & Scientific Research","journal","2.21","C","","True"
"S19003042","IEEE Transactions on Dielectrics and Electrical Insulation","journal","1.61","C","Institute of Electrical and Electronics Engineers","False"
"S115606517","Frontiers in Neurorobotics","journal","1.18","C","Frontiers Media","True"
"S4210219839","Machines","journal","2.99","C","Multidisciplinary Digital Publishing Institute","True"
"S162708223","Atmospheric chemistry and physics","journal","1.57","C","Copernicus Publications","True"
"S1980519","The Astrophysical Journal","journal","1.63","C","IOP Publishing","False"
"S109822313","G3 Genes Genomes Genetics","journal","0.91","C","Genetics Society of America","True"
"S37538908","IEEE Transactions on Very Large Scale Integration (VLSI) Systems","journal","2.49","C","Institute of Electrical and Electronics Engineers","False"
"S20241394","Physics in Medicine and Biology","journal","2.23","C","IOP Publishing","False"
"S4363609011","Proceedings of the 2022 ACM on Asia Conference on Computer and Communications Security","conference","1.05","C","","False"
"S15952048","International Journal of Imaging Systems and Technology","journal","0.71","C","Wiley","False"
"S4210238510","Digital Policy Regulation and Governance","journal","2.2","C","Emerald Publishing Limited","False"
"S118428158","Frontiers in Aging Neuroscience","journal","10.34","A*","Frontiers Media","True"
"S82675988","EURASIP Journal on Wireless Communications and Networking","journal","1.18","C","Springer Nature","True"
"S22285447","European Journal of Radiology","journal","2.88","C","Elsevier BV","False"
"S4210239846","Interpretation","journal","0.88","C","Society of Exploration Geophysicists","False"
"S175543413","Optical Engineering","journal","1.58","C","SPIE","False"
"S4210196583","Journal of Computational Social Science","journal","14.24","A*","Springer Nature","False"
"S2764670792","Clinical and Translational Gastroenterology","journal","1.55","C","Lippincott Williams & Wilkins","True"
"S86852077","The Science of The Total Environment","journal","10.12","A*","Elsevier BV","False"
"S4404675752","Science, Art and Religion.","journal","6.87","A*","","False"
"S4210236772","International Journal of Electrical Electronics and Computers","journal","1.19","C","","True"
"S4210206464","International journal of organizational analysis","journal","2.96","C","Emerald Publishing Limited","False"
"S4210226961","Journal of Information and Telecommunication","journal","1.52","C","Taylor & Francis","True"
"S4210217827","Journal of Tourism Futures","journal","2.74","C","Emerald Publishing Limited","True"
"S2765015152","International Journal of Computing and Digital Systems","journal","1.07","C","","True"
"S4210215109","American Society of Clinical Oncology Educational Book","journal","1.03","C","American Society of Clinical Oncology","False"
"S4210169526","Nano Futures","journal","0.58","C","IOP Publishing","False"
"S4210183760","Strategy Science","journal","10.3","A*","Institute for Operations Research and the Management Sciences","False"
"S15523509","The Oncologist","journal","1.42","C","AlphaMed Press","False"
"S4210190971","PAMM","journal","2.66","C","Wiley","False"
"S93356601","American Journal of Respiratory and Critical Care Medicine","journal","1.68","C","American Thoracic Society","False"
"S4210220720","Environmental Research Communications","journal","2.92","C","IOP Publishing","True"
"S2764892329","Asian Journal of Atmospheric Environment","journal","0.96","C","Springer Nature","True"
"S4210235286","Physical review. E","journal","2.67","C","American Physical Society","False"
"S4210185937","Annual Review of Food Science and Technology","journal","11.98","A*","Annual Reviews","False"
"S35203020","iBusiness","journal","2.43","C","Scientific Research Publishing","True"
"S117354312","Journal of Biomedical Optics","journal","2.61","C","SPIE","True"
"S22619840","Fire Ecology","journal","2.4","C","Springer Science+Business Media","True"
"S20489460","Benchmarking An International Journal","journal","2.07","C","Emerald Publishing Limited","False"
"S4210198237","Data & Policy","journal","0.83","C","Cambridge University Press","True"
"S4363605370","2022 IEEE Intelligent Vehicles Symposium (IV)","conference","0.58","C","","False"
"S2764505622","Journal of Medical Radiation Sciences","journal","13.93","A*","Wiley","True"
"S4387278978","Journal of Informatics and Computer Science (JINACS)","journal","9.82","A*","Universitas Islam Negeri Sunan Ampel Surabaya","True"
"S42468263","Artificial Intelligence in Medicine","journal","2.49","C","Elsevier BV","False"
"S4387283396","Journal of Information and Intelligence","journal","1.7","C","Elsevier BV","True"
"S4363608098","2022 IEEE 12th Annual Computing and Communication Workshop and Conference (CCWC)","conference","0.79","C","","False"
"S4210219973","Journal of Engineering Research","journal","0.81","C","Elsevier BV","True"
"S96167972","Corrosion Science","journal","10.76","A*","Elsevier BV","False"
"S4210184532","Journal of language and cultural education","journal","1.58","C","SlovakEdu, n.o.","True"
"S4210201516","Mathematical and Computational Applications","journal","1.0","C","Multidisciplinary Digital Publishing Institute","True"
"S4210200903","Journal of Creativity","journal","1.73","C","Elsevier BV","True"
"S4306498578","2019 Third International conference on I-SMAC (IoT in Social, Mobile, Analytics and Cloud) (I-SMAC)","conference","0.66","C","","False"
"S132538424","Journal of Magnetic Resonance Imaging","journal","1.95","C","Wiley","False"
"S4363608061","2021 IEEE International Conference on Data Mining (ICDM)","conference","1.17","B","","False"
"S113611870","Environmental Modelling & Software","journal","2.49","C","Elsevier BV","False"
"S2764607427","Journal of Materiomics","journal","1.28","C","Elsevier BV","True"
"S118914585","ACS Chemical Biology","journal","1.64","C","American Chemical Society","False"
"S4210211040","Transactions of Mathematics and Its Applications","journal","0.53","C","Oxford University Press","True"
"S146713389","Innovations in Education and Teaching International","journal","0.68","C","Taylor & Francis","False"
"S2595131146","Frontiers in Bioengineering and Biotechnology","journal","1.48","C","Frontiers Media","True"
"S80285584","Journal of Organizational and End User Computing","journal","1.7","C","IGI Global","True"
"S2764781207","Information Services & Use","journal","2.0","C","IOS Press","True"
"S74367812","Journal of Proteome Research","journal","1.23","C","American Chemical Society","False"
"S4210217772","Annual Review of Criminology","journal","2.24","C","Annual Reviews","False"
"S123587420","Chemical Biology & Drug Design","journal","2.65","C","Wiley","False"
"S4210233665","IEEE Transactions on Computational Imaging","journal","2.45","C","Institute of Electrical and Electronics Engineers","False"
"S4210169567","International Journal of Recent Technology and Engineering (IJRTE)","journal","0.6","C","","True"
"S2764794781","Open Journal of Statistics","journal","1.7","C","Scientific Research Publishing","True"
"S4306498428","2019 5th Conference on Knowledge Based Engineering and Innovation (KBEI)","conference","0.76","C","","False"
"S2754281505","Plastic & Reconstructive Surgery Global Open","journal","1.11","C","Wolters Kluwer","True"
"S4306400284","University of Oulu Repository (University of Oulu)","repository","2.97","C","University of Oulu","False"
"S81159284","International Journal of Quality & Reliability Management","journal","0.86","C","Emerald Publishing Limited","False"
"S109790675","Chinese Medical Sciences Journal","journal","8.23","A*","Elsevier BV","True"
"S185389193","Advances in Mechanical Engineering","journal","2.05","C","SAGE Publishing","True"
"S4210236562","Nature Cancer","journal","10.98","A*","Nature Portfolio","False"
"S8839896","European Journal of Applied Mathematics","journal","1.9","C","Cambridge University Press","False"
"S4387283601","Proceedings of the International Conference on Automated Planning and Scheduling","journal","0.52","C","","True"
"S4390963318","International Journal of Computer Science and Information Technology","journal","5.91","A*","","True"
"S42419699","Precision Agriculture","journal","1.79","C","Springer Science+Business Media","False"
"S154533451","IEEE Transactions on Engineering Management","journal","0.72","C","Institute of Electrical and Electronics Engineers","False"
"S4306513967","International Journal of Food and Nutritional Sciences","journal","6.23","A*","","False"
"S198080574","Journal of Ophthalmology","journal","0.58","C","Hindawi Publishing Corporation","True"
"S1118231","Clinical Nuclear Medicine","journal","0.7","C","Lippincott Williams & Wilkins","False"
"S2764408626","IAES International Journal of Artificial Intelligence","journal","1.49","C","Institute of Advanced Engineering and Science (IAES)","True"
"S2764801966","Journal of Destination Marketing & Management","journal","0.83","C","Elsevier BV","False"
"S161954266","Journal of Controlled Release","journal","1.92","C","Elsevier BV","False"
"S121579133","Asian Pacific Journal of Cancer Prevention","journal","2.22","C","West Asia Organization for Cancer Prevention","True"
"S54167817","ACS Synthetic Biology","journal","2.5","C","American Chemical Society","False"
"S4210224134","Small Structures","journal","1.0","C","Wiley","True"
"S161551636","Waste Management & Research The Journal for a Sustainable Circular Economy","journal","0.92","C","SAGE Publishing","False"
"S4210179183","Social Sciences & Humanities Open","journal","2.91","A*","Elsevier BV","True"
"S106576117","Computers and Geotechnics","journal","2.09","C","Elsevier BV","False"
"S149070780","Production and Operations Management","journal","2.27","C","Wiley","False"
"S11479521","Decision Support Systems","journal","0.58","C","Elsevier BV","False"
"S190680769","International Journal of Computational Intelligence Systems","journal","2.84","C","Springer Nature","True"
"S127118166","Social Science Computer Review","journal","2.2","A*","SAGE Publishing","False"
"S4387278524","International Journal of Innovation in Management Economics and Social Sciences","journal","8.81","A*","","True"
"S200038611","ICES Journal of Marine Science","journal","11.07","A*","Oxford University Press","False"
"S2737571363","Journal of Education Health and Sport","journal","2.68","C","Kazimierz Wielki University in Bydgoszcz","True"
"S4210186093","E3S Web of Conferences","journal","2.29","C","EDP Sciences","True"
"S148561398","Scientometrics","journal","2.5","C","Springer Nature (Netherlands)","False"
"S183957208","Seismological Research Letters","journal","1.35","C","Seismological Society of America","False"
"S82835231","Publications of the Astronomical Society of the Pacific","journal","2.54","C","Institute of Physics","False"
"S2738950867","Cureus","journal","0.7","C","Cureus, Inc.","True"
"S4210173874","Asia-Pacific Journal of Ophthalmology","journal","2.74","C","Lippincott Williams & Wilkins","True"
"S134918553","Healthcare Informatics Research","journal","1.87","C","","True"
"S171267539","International Journal of Artificial Intelligence in Education","journal","2.54","C","Springer Science+Business Media","False"
"S44632665","Insights into Imaging","journal","1.63","C","Springer Nature","True"
"S187991544","Journal of Applied Physics","journal","2.11","C","American Institute of Physics","False"
"S46058472","Journal of Molecular Biology","journal","1.82","C","Elsevier BV","False"
"S4210223240","International Journal of Technology Innovation and Management (IJTIM)","journal","2.33","C","","True"
"S2485147958","Journal of Computational Design and Engineering","journal","0.7","C","Oxford University Press","True"
"S4210210256","European Journal of Technology","journal","0.65","C","","True"
"S4210199974","Beverages","journal","1.12","C","Multidisciplinary Digital Publishing Institute","True"
"S4210226436","Operations and Supply Chain Management An International Journal","journal","0.9","C","","True"
"S97130795","IEEE Transactions on Parallel and Distributed Systems","journal","2.68","C","Institute of Electrical and Electronics Engineers","False"
"S2488537894","IEEE Transactions on Cognitive and Developmental Systems","journal","1.05","C","Institute of Electrical and Electronics Engineers","False"
"S159852663","Clinical Pharmacology & Therapeutics","journal","2.94","C","Wiley","False"
"S4210220775","Engineered Science","journal","6.05","A*","","False"
"S120226629","Capital & Class","journal","0.96","C","SAGE Publishing","False"
"S4210214087","Computer Systems Science and Engineering","journal","12.16","A*","","True"
"S6505649","BMC Medical Imaging","journal","2.15","C","BioMed Central","True"
"S4210183893","Proceedings of the ACM on Human-Computer Interaction","journal","1.75","C","Association for Computing Machinery","False"
"S54485712","Pharmacological Research","journal","1.89","C","Elsevier BV","True"
"S4306401776","Apollo (University of Cambridge)","repository","2.3","C","University of Cambridge","False"
"S30317932","Journal of Educational Evaluation for Health Professions","journal","1.07","C","Korea Health Insurance Licensing Examination Institute","True"
"S181659395","Information Systems Frontiers","journal","2.99","C","Springer Science+Business Media","False"
"S156255550","Advanced Engineering Materials","journal","2.94","C","Wiley","False"
"S65486112","Archives of Computational Methods in Engineering","journal","2.13","C","Springer Science+Business Media","False"
"S2764993483","Ain Shams Engineering Journal","journal","1.0","C","Elsevier BV","True"
"S207023548","Neural Computation","journal","2.2","C","The MIT Press","False"
"S4306487135","EMS Press eBooks","ebook platform","0.68","C","","False"
"S956737788","BuR - Business Research","journal","0.58","C","Springer Nature","True"
"S157154877","Orthodontics and Craniofacial Research","journal","1.14","C","Wiley","False"
"S4210194518","Forecasting","journal","1.66","C","Multidisciplinary Digital Publishing Institute","True"
"S4306498745","2020 Third International Conference on Smart Systems and Inventive Technology (ICSSIT)","conference","2.67","C","","False"
"S34881539","IEEE Transactions on Automation Science and Engineering","journal","11.32","A*","Institute of Electrical and Electronics Engineers","False"
"S140928716","Precision Engineering","journal","2.36","C","Elsevier BV","False"
"S81160022","Genome biology","journal","1.56","C","BioMed Central","True"
"S76633192","Journal of Business Ethics","journal","1.36","C","Springer Science+Business Media","False"
"S4210237468","JAMIA Open","journal","1.43","C","University of Oxford","True"
"S4210209352","KLASIKAL JOURNAL OF EDUCATION LANGUAGE TEACHING AND SCIENCE","journal","14.83","A*","","True"
"S2764691048","Current Epidemiology Reports","journal","0.6","C","Springer Science+Business Media","False"
"S32061424","International Journal of Climatology","journal","2.67","C","Wiley","False"
"S92766711","Frontiers in Psychiatry","journal","1.95","C","Frontiers Media","True"
"S50245893","Journal of Computer Science","journal","7.42","A*","Science Publications","False"
"S2764866340","Nature Human Behaviour","journal","11.29","A*","Nature Portfolio","False"
"S4306498647","2020 Fourth International Conference on I-SMAC (IoT in Social, Mobile, Analytics and Cloud) (I-SMAC)","conference","1.72","C","","False"
"S4210206625","Journal of Engineering Research and Reports","journal","2.68","C","","True"
"S42921845","SLEEP","journal","2.75","C","Oxford University Press","False"
"S4306498613","2020 4th International Conference on Trends in Electronics and Informatics (ICOEI)(48184)","conference","1.55","C","","False"
"S46732370","EP Europace","journal","1.19","C","Oxford University Press","False"
"S53142634","International Journal of Medical Informatics","journal","1.98","C","Elsevier BV","False"
"S132108250","Frontiers in Pharmacology","journal","2.78","C","Frontiers Media","True"
"S72842422","Digital Creativity","journal","1.03","C","Taylor & Francis","False"
"S2738027916","APOS Trends in Orthodontics","journal","2.06","C","Medknow","True"
"S162735375","European Neurology","journal","2.08","C","Karger Publishers","False"
"S4387279016","npj Aging","journal","2.33","C","","False"
"S2875300","Review of International Political Economy","journal","0.83","C","Routledge","False"
"S173952182","Physics Letters B","journal","2.29","C","Elsevier BV","True"
"S48201647","European Journal of Pediatrics","journal","2.77","C","Springer Science+Business Media","False"
"S129236917","World Wide Web","journal","0.95","C","Springer Science+Business Media","False"
"S126824455","IEEE Transactions on Consumer Electronics","journal","1.09","C","Institute of Electrical and Electronics Engineers","False"
"S4210225047","Quaternary Science Advances","journal","14.61","A*","Elsevier BV","True"
"S105746325","The Analyst","journal","0.95","C","Royal Society of Chemistry","False"
"S4377196587","Opus-HSO (Offenburg University of Applied Sciences)","repository","13.03","A*","Offenburg University of Applied Sciences","False"
"S58854535","Psychological Science","journal","8.15","A*","SAGE Publishing","False"
"S4210177413","International Journal of Interactive Mobile Technologies (iJIM)","journal","1.12","C","kassel university press","True"
"S20781845","Journal of Scientific & Industrial Research","journal","2.68","C","NISCAIR","True"
"S4306498617","2020 5th International Conference on Computer and Communication Systems (ICCCS)","conference","1.61","C","","False"
"S131025427","Cancer Cytopathology","journal","1.79","C","Wiley","False"
"S4306422535","IEEE Control Systems Letters","journal","1.4","C","Institute of Electrical and Electronics Engineers","False"
"S2765052175","International Journal of Data Mining & Knowledge Management Process","journal","1.98","C","","True"
"S30934864","IET Systems Biology","journal","0.91","C","Institution of Engineering and Technology","False"
"S184553475","Defense and Security Analysis","journal","1.48","C","Taylor & Francis","False"
"S4210177983","Journal of Artificial Intelligence and Technology","journal","2.92","C","","True"
"S4210202364","Progress of Theoretical and Experimental Physics","journal","1.15","C","University of Oxford","True"
"S4387287287","APL Machine Learning","journal","2.14","C","American Institute of Physics","True"
"S122161766","Journal of Forecasting","journal","1.31","C","Wiley","False"
"S4306498759","2021 2nd International Conference for Emerging Technology (INCET)","conference","2.43","C","","False"
"S2764881959","Case Studies in Construction Materials","journal","0.83","C","Elsevier BV","True"
"S124014869","Journal of Applied Mechanics","journal","2.92","C","ASM International","False"
"S4210229548","Journal of Food Chemistry and Nanotechnology","journal","1.63","C","","True"
"S70718007","Chaos Solitons & Fractals","journal","1.09","C","Elsevier BV","False"
"S4210177954","International Journal of Intelligent Robotics and Applications","journal","0.68","C","Springer Science+Business Media","False"
"S139336729","Journal of Applied Security Research","journal","0.92","C","Taylor & Francis","False"
"S2737368440","Journal of Intelligence","journal","1.8","C","Multidisciplinary Digital Publishing Institute","True"
"S8481965","Journal of the American College of Radiology","journal","1.34","C","Elsevier BV","False"
"S75069817","Energy Procedia","journal","2.57","C","Elsevier BV","True"
"S204809294","Molecular Physics","journal","1.58","C","Taylor & Francis","False"
"S38600022","Human Rights Quarterly","journal","1.12","C","Johns Hopkins University Press","False"
"S4210225011","Advances in business information systems and analytics book series","book series","2.04","C","IGI Global","False"
"S4210221189","IEEE Open Journal of Power Electronics","journal","2.27","C","Institute of Electrical and Electronics Engineers","True"
"S4210211377","Accounts of Materials Research","journal","0.92","C","American Chemical Society","False"
"S2764830010","International Journal of Disaster Risk Reduction","journal","0.92","C","Elsevier BV","False"
"S4210231441","Engineering International","journal","0.59","C","","True"
"S4210203197","Clean Technologies","journal","2.34","C","Multidisciplinary Digital Publishing Institute","True"
"S2497301991","Nano Energy","journal","2.16","C","Elsevier BV","False"
"S135831435","Journal of Counseling Psychology","journal","1.69","C","American Psychological Association","False"
"S195182175","Endoscopy","journal","2.61","C","Thieme Medical Publishers (Germany)","False"
"S184816971","International Journal of Production Economics","journal","2.51","C","Elsevier BV","False"
"S186153782","Respiratory Research","journal","1.96","C","BioMed Central","True"
"S2496055428","International Journal of Multimedia Information Retrieval","journal","2.67","C","Springer Science+Business Media","False"
"S4210236520","Biomolecules","journal","1.01","C","Multidisciplinary Digital Publishing Institute","True"
"S117436046","Cybernetics & Systems","journal","0.78","C","Taylor & Francis","False"
"S114479970","Journal of Computer Assisted Tomography","journal","1.17","C","Lippincott Williams & Wilkins","False"
"S4220651559","Collective Intelligence","journal","0.64","C","SAGE Publishing","True"
"S4210239770","Journal of ISMAC","journal","1.83","C","","False"
"S14311075","Journal of Molecular Cell Biology","journal","2.84","C","Oxford University Press","True"
"S4363607759","2022 International Conference on Robotics and Automation (ICRA)","conference","2.03","A","","False"
"S4210224602","Machine Intelligence Research","journal","0.81","C","Springer Science+Business Media","False"
"S4210208383","Metals","journal","1.63","C","Multidisciplinary Digital Publishing Institute","True"
"S74158711","Archives of Civil and Mechanical Engineering","journal","2.83","C","Springer Science+Business Media","False"
"S4210219745","Arheologija i prirodne nauke","journal","1.29","C","","False"
"S70010600","Information Communication & Society","journal","1.77","C","Routledge","False"
"S73050191","Energy Exploration & Exploitation","journal","0.6","C","SAGE Publishing","True"
"S100695177","The Astronomical Journal","journal","0.87","C","Institute of Physics","False"
"S4306498486","2019 IEEE 6th International Conference on Engineering Technologies and Applied Sciences (ICETAS)","conference","14.82","A*","","False"
"S166722454","Education and Information Technologies","journal","2.91","C","Springer Science+Business Media","False"
"S146641495","JAMA Dermatology","journal","0.51","C","American Medical Association","False"
"S4306498701","2020 International Conference on Computation, Automation and Knowledge Management (ICCAKM)","conference","2.88","C","","False"
"S2735938357","Perspectives on Public Management and Governance","journal","2.1","C","Oxford University Press","False"
"S2898405426","Physics and Imaging in Radiation Oncology","journal","2.67","C","Elsevier BV","True"
"S4306498549","2019 International Conference on Smart Systems and Inventive Technology (ICSSIT)","conference","1.64","C","","False"
"S2736626452","Cells","journal","1.79","C","Multidisciplinary Digital Publishing Institute","True"
"S4387282714","SciPost Physics Codebases","journal","1.72","C","","False"
"S69273698","Digestive and Liver Disease","journal","2.17","C","Elsevier BV","False"
"S4210193404","Yearbook of pediatric endocrinology","journal","0.85","C","Bioscientifica","False"
"S67177122","Marketing Education Review","journal","0.57","C","Taylor & Francis","False"
"S108732581","Critical Care Medicine","journal","1.27","C","Lippincott Williams & Wilkins","False"
"S4210240379","EMJ Innovation","journal","2.26","C","European Medical Journal","True"
"S180314335","Applied Optics","journal","1.0","C","Optica Publishing Group","False"
"S4306400744","Springer Link (Chiba Institute of Technology)","repository","2.18","C","Chiba Institute of Technology","False"
"S2738886008","TEM Journal","journal","2.92","C","UIKTEN","False"
"S2738319323","International Journal of Assessment Tools in Education","journal","0.73","C","International Journal of Assessment Tools in Education","True"
"S2738677470","Oeconomia Copernicana","journal","2.18","C","Institute of Economic Research, Polish Economic Society Branch in Toruń, Faculty of Economic Sciences and Management at Nicolaus","True"
"S4210167945","Format Jurnal Ilmiah Teknik Informatika","journal","1.61","C","","True"
"S41803262","Tourism Review","journal","2.67","C","Emerald Publishing Limited","False"
"S133181607","American Journal of Medical Quality","journal","0.94","C","Lippincott Williams & Wilkins","False"
"S4210179222","Brilliance Research of Artificial Intelligence","journal","2.23","C","","True"
"S177196338","Macromolecules","journal","2.6","C","American Chemical Society","False"
"S116045149","Journal of Instrumentation","journal","2.86","C","Institute of Physics","False"
"S98708256","Comunicar","journal","2.21","C","Grupo Comunicar Ediciones","True"
"S2764476807","Environmental Science & Technology Letters","journal","8.21","A*","American Chemical Society","False"
"S2764570952","Social Media + Society","journal","2.04","C","SAGE Publishing","True"
"S60902712","Ethics & International Affairs","journal","2.67","C","Cambridge University Press","False"
"S4210171035","AIMS neuroscience","journal","9.2","A*","AIMS Press","True"
"S2764849349","International Journal of Machine Learning and Computing","journal","0.58","C","","True"
"S4306498648","2020 Fourth World Conference on Smart Trends in Systems, Security and Sustainability (WorldS4)","conference","2.83","C","","False"
"S2737939966","Foods","journal","2.22","C","Multidisciplinary Digital Publishing Institute","True"
"S4210184492","IEEE Power and Energy Technology Systems Journal","journal","2.19","C","Institute of Electrical and Electronics Engineers","False"
"S2764493120","JMIR mhealth and uhealth","journal","1.04","C","JMIR Publications","True"
"S4363608004","2021 International Conference on Decision Aid Sciences and Application (DASA)","conference","10.39","A*","","False"
"S194402510","Journalism Practice","journal","1.48","C","Taylor & Francis","False"
"S4306523034","Practice and Experience in Advanced Research Computing","journal","2.13","C","","False"
"S4210192818","Brazilian Journal of Analytical Chemistry","journal","0.77","C","","True"
"S182544699","Journal of Information Processing Systems","journal","2.14","C","","True"
"S4306523848","Proceedings of the 4th International Conference on Smart City Applications","conference","3.0","C","","False"
"S4210179864","Canadian Journal of Electrical and Computer Engineering","journal","0.62","C","Institute of Electrical and Electronics Engineers","False"
"S4210199883","Advances in statistical climatology, meteorology and oceanography","journal","2.94","C","Copernicus Publications","True"
"S4210217889","BMJ Health & Care Informatics","journal","1.52","C","BMJ","True"
"S4210196074","OALib","journal","2.68","C","Scientific Research Publishing","True"
"S2739446383","Journal of Information Systems and Technology Management","journal","2.46","C","University of São Paulo","True"
"S4210179989","International Journal of Applied Earth Observation and Geoinformation","journal","1.92","C","Elsevier BV","True"
"S4363608111","2022 3rd International Conference on Intelligent Engineering and Management (ICIEM)","conference","2.35","C","","False"
"S109302362","Measurement Science and Technology","journal","13.36","A*","IOP Publishing","False"
"S4210200650","Psychoradiology","journal","1.51","C","Oxford University Press","True"
"S168415115","Cancers","journal","1.32","C","Multidisciplinary Digital Publishing Institute","True"
"S5407012250","European Journal of Formal Sciences and Engineering","journal","10.51","A*","","False"
"S4363608844","Proceedings of the 41st IEEE/ACM International Conference on Computer-Aided Design","conference","2.52","C","","False"
"S45224653","Journal of Research in Interactive Marketing","journal","2.41","C","Emerald Publishing Limited","False"
"S157146593","Journal of Parallel and Distributed Computing","journal","2.49","C","Elsevier BV","False"
"S2876017","Journal of Banking & Finance","journal","1.59","C","Elsevier BV","False"
"S59697426","IEEE Micro","journal","2.54","C","Institute of Electrical and Electronics Engineers","False"
"S21442059","Bioresource Technology","journal","0.8","C","Elsevier BV","False"
"S4210191137","Buildings","journal","1.86","C","Multidisciplinary Digital Publishing Institute","True"
"S2764782578","Earth s Future","journal","0.51","C","American Geophysical Union","True"
"S4306506651","Companion Proceedings of the Web Conference 2020","conference","1.31","C","","False"
"S46544255","PLoS neglected tropical diseases","journal","1.42","C","Public Library of Science","True"
"S194945867","JONA The Journal of Nursing Administration","journal","1.49","C","Lippincott Williams & Wilkins","False"
"S2914917527","International Journal of Trend in Scientific Research and Development","journal","2.24","C","Rekha Patel","True"
"S4363608406","2022 IEEE 11th International Conference on Communication Systems and Network Technologies (CSNT)","conference","1.47","C","","False"
"S2764457454","Quantitative Imaging in Medicine and Surgery","journal","1.62","C","AME Publishing Company","True"
"S4306402450","Research Square (Research Square)","repository","1.09","C","Research Square (United States)","False"
"S2735135405","GigaScience","journal","6.54","A*","University of Oxford","True"
"S4210172589","SSRN Electronic Journal","repository","1.07","C","RELX Group (Netherlands)","True"
"S2911474128","Journal of Entrepreneurship Education","journal","0.68","C","Allied Academies","False"
"S2477164297","IEEE Journal of Translational Engineering in Health and Medicine","journal","2.01","C","Institute of Electrical and Electronics Engineers","True"
"S4210187448","International Journal of Computational and Experimental Science and Engineering","journal","10.52","A*","Turkish Online Journal of Qualitative Inquiry (TOJQI)","True"
"S25235501","Journal of Retailing and Consumer Services","journal","2.05","C","Elsevier BV","False"
"S148121101","New Journal of Physics","journal","1.66","C","IOP Publishing","True"
"S3165308179","Journal of Engineering and Applied Science","journal","6.63","A*","Springer Nature","True"
"S4306498716","2020 International Conference on Emerging Trends in Information Technology and Engineering (ic-ETITE)","conference","2.66","C","","False"
"S4210195813","Journal of Healthcare Leadership","journal","1.8","C","Dove Medical Press","True"
"S4210176718","Educational Review","journal","1.7","C","Taylor & Francis","False"
"S107104467","New Zealand Journal of Crop and Horticultural Science","journal","1.85","A*","Taylor & Francis","False"
"S4210172956","Gaceta Sanitaria","journal","1.35","C","Elsevier BV","True"
"S4210222123","Journal of Open Innovation Technology Market and Complexity","journal","1.45","C","Springer Science+Business Media","True"
"S2764696622","AIP conference proceedings","journal","1.5","C","American Institute of Physics","False"
"S4210199431","Statistical Theory and Related Fields","journal","1.95","C","Taylor & Francis","False"
"S110626636","Circulation Cardiovascular Imaging","journal","1.83","C","Lippincott Williams & Wilkins","False"
"S2736895435","Children","journal","2.02","C","Multidisciplinary Digital Publishing Institute","True"
"S4210200914","CCF Transactions on Pervasive Computing and Interaction","journal","2.41","C","Springer Science+Business Media","False"
"S131000621","IEEE Intelligent Transportation Systems Magazine","journal","2.53","C","Institute of Electrical and Electronics Engineers","False"
"S4210178067","Forensic Science International Digital Investigation","journal","11.19","A*","Elsevier BV","False"
"S203482206","Veterinary Radiology & Ultrasound","journal","2.89","C","Wiley","False"
"S4306421405","ACM Transactions on Asian and Low-Resource Language Information Processing","journal","0.55","C","Association for Computing Machinery","False"
"S4363607924","2022 Design, Automation &amp; Test in Europe Conference &amp; Exhibition (DATE)","conference","0.99","C","","False"
"S968878802","Clothing and Textiles Research Journal","journal","0.52","C","SAGE Publishing","False"
"S2506067282","SoftwareX","journal","2.12","C","Elsevier BV","True"
"S4363607719","2022 IEEE International Conference on Image Processing (ICIP)","conference","2.75","C","","False"
"S4306417673","Annual Computer Security Applications Conference","conference","1.11","C","","False"
"S2764476468","Eastern-European Journal of Enterprise Technologies","journal","2.82","C","Kharkiv State Academy of Physical Culture","True"
"S59323220","Hydrological Sciences Journal","journal","2.31","A*","Taylor & Francis","False"
"S192894947","Mobile Networks and Applications","journal","2.84","C","Springer Science+Business Media","False"
"S33049603","International Journal of Sports Science & Coaching","journal","6.25","A*","SAGE Publishing","False"
"S126947272","Australasian Journal of Educational Technology","journal","0.75","C","Australasian Society for Computers in Learning in Tertiary Education","True"
"S4387282020","Global Finance Review","journal","1.71","C","","False"
"S4210209845","AQUATIC RESEARCH","journal","1.14","C","","False"
"S177487720","Peer-to-Peer Networking and Applications","journal","1.21","C","Springer Nature","False"
"S4363608597","2022 International Conference on Computational Intelligence and Sustainable Engineering Solutions (CISES)","conference","1.27","C","","False"
"S142816121","Pure and Applied Chemistry","journal","2.51","C","International Union of Pure and Applied Chemistry","False"
"S2765030017","Archives of Clinical Infectious Diseases","journal","1.85","C","Shahid Beheshti University of Medical Sciences","True"
"S4210240298","Uluslararası mühendislik araştırma ve geliştirme dergisi","journal","1.28","C","","True"
"S52834336","Journal of Semiconductors","journal","2.03","C","IOP Publishing","False"
"S4210238672","J — Multidisciplinary Scientific Journal","journal","2.29","C","Multidisciplinary Digital Publishing Institute","True"
"S4363607706","2022 44th Annual International Conference of the IEEE Engineering in Medicine &amp; Biology Society (EMBC)","conference","1.18","C","","False"
"S64418186","Journal of Clinical Epidemiology","journal","1.53","C","Elsevier BV","False"
"S96609033","Artificial Intelligence and Law","journal","0.8","C","Springer Science+Business Media","False"
"S4363607901","2022 6th International Conference on Electronics, Communication and Aerospace Technology","conference","0.95","C","","False"
"S2764600758","Natural Resources Research","journal","2.2","C","Springer Science+Business Media","False"
"S126013225","Systems Research and Behavioral Science","journal","3.95","A*","Wiley","False"
"S116712389","European Journal of Information Systems","journal","1.81","C","Palgrave Macmillan","False"
"S2595389538","Frontiers in Materials","journal","2.27","C","Frontiers Media","True"
"S4210172554","Fire","journal","0.77","C","Multidisciplinary Digital Publishing Institute","True"
"S4210219247","Structural Control and Health Monitoring","journal","1.92","C","Wiley","False"
"S2764360368","International Journal of Intelligent Systems and Applications in Engineering","journal","1.14","C","","True"
"S13823553","European Journal of Personality","journal","2.91","C","SAGE Publishing","False"
"S6846437","Energy and Buildings","journal","1.71","C","Elsevier BV","False"
"S4306400871","Spectrum Research Repository (Concordia University)","repository","2.51","C","Concordia University","False"
"S4210233645","Living Journal of Computational Molecular Science","journal","8.93","A*","University of Colorado Boulder","True"
"S4210210807","Seikei ronsō/Review of economics and political science","journal","2.09","A*","Meiji University","True"
"S16632050","ACM Transactions on Autonomous and Adaptive Systems","journal","2.08","C","Association for Computing Machinery","False"
"S103640237","International Journal of Distance Education Technologies","journal","2.88","C","IGI Global","False"
"S2739340025","Annals of Dunarea de Jos University of Galati Fascicle I Economics and Applied Informatics","journal","2.0","C","Dunarea de Jos University of Galati","True"
"S139009114","International Journal of Healthcare Information Systems and Informatics","journal","2.55","C","IGI Global","True"
"S4363606290","2022 North American Power Symposium (NAPS)","conference","2.71","C","","False"
"S167982310","African Health Sciences","journal","4.58","A*","Makerere University","True"
"S4210210251","IEEE Transactions on Emerging Topics in Computational Intelligence","journal","1.03","C","Institute of Electrical and Electronics Engineers","False"
"S2764382203","Open Journal of Business and Management","journal","2.03","C","Scientific Research Publishing","True"
"S121799786","Journal of Dental Education","journal","1.53","C","Wiley","False"
"S94901319","Journal of Spatial Information Science","journal","12.84","A*","University of Maine","True"
"S2496326734","IEEE Transactions on Emerging Topics in Computing","journal","2.75","C","Institute of Electrical and Electronics Engineers","False"
"S2764483130","The Egyptian Journal of Remote Sensing and Space Science","journal","6.27","A*","Elsevier BV","True"
"S2596539584","Frontiers in Marine Science","journal","4.7","A*","Frontiers Media","True"
"S141478581","Journal of Enterprise Information Management","journal","2.45","C","Emerald Publishing Limited","False"
"S4210214916","Journal of Management Research and Analysis","journal","1.19","C","","True"
"S201897549","IMA Journal of Numerical Analysis","journal","2.56","C","Oxford University Press","False"
"S164751132","Journal of Flood Risk Management","journal","1.56","C","Wiley","True"
"S4387285670","Natural Language Processing Journal","journal","2.17","C","Elsevier BV","True"
"S150938958","Molecular Informatics","journal","0.74","C","Wiley","False"
"S4210180307","Journal of Computer Science and Technology Studies","journal","9.92","A*","","True"
"S101091692","IEEE Technology and Society Magazine","journal","1.63","C","Institute of Electrical and Electronics Engineers","False"
"S142541038","Expert Opinion on Drug Discovery","journal","1.97","C","Taylor & Francis","False"
"S4210180758","Entrepreneurship Education","journal","0.92","C","Springer Science+Business Media","False"
"S4210203117","International Journal for Educational Integrity","journal","2.34","C","BioMed Central","True"
"S50631486","Journal of Knowledge Management","journal","2.66","C","Emerald Publishing Limited","False"
"S60370010","Journal of the Knowledge Economy","journal","1.04","C","Springer Science+Business Media","False"
"S4210213125","npj Systems Biology and Applications","journal","0.74","C","Nature Portfolio","True"
"S2764671211","International Journal of Urban Sciences","journal","1.82","A*","Taylor & Francis","False"
"S4210237369","Progress in Medical Physics","journal","2.1","C","","True"
"S106638657","Translational Oncology","journal","2.02","C","Elsevier BV","True"
"S4206644","Journal of Raman Spectroscopy","journal","1.87","C","Wiley","False"
"S4210232537","Computers and Education Open","journal","1.08","C","Elsevier BV","True"
"S4210215429","Liquids","journal","1.48","C","","True"
"S67072002","Journal of Network and Systems Management","journal","1.99","C","Springer Science+Business Media","False"
"S204649255","China Economic Journal","journal","1.74","C","Routledge","False"
"S4210239371","Medicine in Novel Technology and Devices","journal","2.97","C","Elsevier BV","True"
"S120541213","International Journal of Health Services","journal","0.84","C","SAGE Publishing","False"
"S193428046","Seminars in Respiratory and Critical Care Medicine","journal","2.24","C","Thieme Medical Publishers (Germany)","False"
"S36798160","Geo-spatial Information Science","journal","6.96","A*","Taylor & Francis","True"
"S104118869","Biomedical Optics Express","journal","1.57","C","Optica Publishing Group","True"
"S63270775","Advances in Atmospheric Sciences","journal","11.19","A*","Springer Science+Business Media","False"
"S207341048","Ophthalmology","journal","2.23","C","Elsevier BV","False"
"S187657468","RNA","journal","2.98","C","Cold Spring Harbor Laboratory Press","False"
"S4210219133","The African Journal of Information and Communication (AJIC)","journal","0.82","C","","True"
"S180054134","International Journal of Information and Learning Technology","journal","0.76","C","Emerald Publishing Limited","False"
"S4387279036","Al-Salam Journal for Engineering and Technology","journal","2.31","C","","True"
"S4220651849","Hygiene and Environmental Health Advances","journal","1.95","C","Elsevier BV","True"
"S4306498845","2021 International Conference on Emerging Smart Computing and Informatics (ESCI)","conference","1.19","C","","False"
"S4387290688","Archives of Advanced Engineering Science","journal","2.57","A*","","True"
"S32326811","The Journal of Supercomputing","journal","0.71","C","Springer Science+Business Media","False"
"S188823263","Journal of Creative Communications","journal","2.74","C","SAGE Publishing","False"
"S61967871","Methods of Information in Medicine","journal","0.98","C","Thieme Medical Publishers (Germany)","False"
"S207154782","Journal of Financial Econometrics","journal","1.31","C","Oxford University Press","False"
"S201316468","International Journal of Telemedicine and Applications","journal","1.07","C","Hindawi Publishing Corporation","True"
"S4210171861","ALTEX","journal","1.39","C","Springer Nature","True"
"S4210200638","International Journal of Computations Information and Manufacturing (IJCIM)","journal","0.67","C","","True"
"S85739584","Journal of Applied Econometrics","journal","1.8","C","Wiley","False"
"S55592950","Scandinavian Journal of Gastroenterology","journal","0.67","C","Taylor & Francis","False"
"S6191820","Microscopy Research and Technique","journal","2.5","C","Wiley","False"
"S4210201176","mBio","journal","1.08","C","American Society for Microbiology","True"
"S99768379","Management Learning","journal","1.85","C","SAGE Publishing","False"
"S6309402219","Preprints.org","repository","2.7","C","","True"
"S108408918","International Journal of Biomedical Imaging","journal","2.13","C","Hindawi Publishing Corporation","True"
"S136993123","Data & Knowledge Engineering","journal","1.83","C","Elsevier BV","False"
"S201145208","Soldering and Surface Mount Technology","journal","1.31","C","Emerald Publishing Limited","False"
"S1002109714","Communication & Society","journal","1.33","C","University of Navarre","True"
"S4220651420","Cleaner Waste Systems","journal","2.17","C","Elsevier BV","True"
"S4210238311","Internet Technology Letters","journal","2.99","C","Wiley","False"
"S2765003236","Advanced Electronic Materials","journal","2.15","C","Wiley","False"
"S37660120","Human Resource Development Review","journal","1.89","C","SAGE Publishing","False"
"S131442419","International Journal of Software Engineering and Knowledge Engineering","journal","2.33","C","World Scientific","False"
"S177636448","The Angle Orthodontist","journal","1.66","C","E.H Angle Education and Research Foundation","True"
"S183458227","Iowa law review","journal","0.65","C","University of Iowa College of Law","False"
"S19800340","Doklady Mathematics","journal","1.91","C","Pleiades Publishing","False"
"S2486819371","Journal of Cloud Computing Advances Systems and Applications","journal","2.89","C","Springer Nature","True"
"S4210233800","CSIAM Transactions on Applied Mathematics","journal","0.94","C","","True"
"S4306498683","2020 IEEE International Students' Conference on Electrical,Electronics and Computer Science (SCEECS)","conference","10.82","A*","","False"
"S100649693","Computer Assisted Language Learning","journal","1.0","C","Routledge","False"
"S48957891","The TQM Journal","journal","1.84","C","Emerald Publishing Limited","False"
"S120662888","Journal of Cosmology and Astroparticle Physics","journal","0.74","C","Institute of Physics","False"
"S191421250","Clinical Orthopaedics and Related Research","journal","1.63","C","Lippincott Williams & Wilkins","False"
"S201710173","Government Information Quarterly","journal","2.39","C","Elsevier BV","False"
"S4210206007","International Journal of Computer Applications","journal","1.37","C","","True"
"S168738021","International Journal of Social Robotics","journal","2.16","C","Springer Science+Business Media","False"
"S4306498848","2021 International Conference on Intelligent Technologies (CONIT)","conference","2.49","C","","False"
"S2738710002","Journal of New Approaches in Educational Research","journal","2.82","C","University of Alicante","True"
"S2764631046","ACS Sensors","journal","1.09","C","American Chemical Society","False"
"S100176667","Sociology Compass","journal","1.5","C","Wiley","False"
"S204305389","Journal of Management Development","journal","0.88","C","Emerald Publishing Limited","False"
"S25612858","European Journal of Soil Science","journal","14.9","A*","Wiley","False"
"S142627899","ACM Transactions on Software Engineering and Methodology","journal","2.82","C","Association for Computing Machinery","False"
"S63393118","Journal of Money Laundering Control","journal","1.85","C","Emerald Publishing Limited","False"
"S4210187447","Balkan Journal of Electrical and Computer Engineering","journal","2.61","C","","True"
"S2645077","Landslides","journal","1.8","C","Springer Science+Business Media","False"
"S27796801","Urban Water Journal","journal","2.06","C","Taylor & Francis","False"
"S4306498600","2020 2nd Novel Intelligent and Leading Emerging Sciences Conference (NILES)","conference","2.7","A*","","False"
"S2764531433","International Journal of Engineering Research and","journal","2.39","C","International Research Publication House","False"
"S104924063","Computational Biology and Chemistry","journal","0.82","C","Elsevier BV","False"
"S2898347799","EClinicalMedicine","journal","2.57","C","Elsevier BV","True"
"S137740113","Journal of the European Academy of Dermatology and Venereology","journal","2.46","C","Wiley","False"
"S115019648","Journal of Librarianship and Information Science","journal","11.07","A*","SAGE Publishing","False"
"S4210172733","International Journal of Intelligent Systems and Applications","journal","0.59","C","","True"
"S4220651395","EPiC series in computing","journal","1.26","C","","False"
"S2764679394","Earth and Space Science","journal","5.05","A*","American Geophysical Union","True"
"S2491417253","Cancer Control","journal","1.4","C","SAGE Publishing","True"
"S4363607743","CHI Conference on Human Factors in Computing Systems","conference","0.72","C","","False"
"S201386569","Ecological Monographs","journal","2.84","C","Wiley","False"
"S108427512","Alzheimer s & Dementia","journal","1.88","C","Wiley","False"
"S2764891560","Journal of Rock Mechanics and Geotechnical Engineering","journal","1.26","C","Elsevier BV","True"
"S133078663","Cognitive Computation","journal","1.49","C","Springer Science+Business Media","False"
"S191188855","British Journal of Urology","journal","1.62","C","Wiley","False"
"S188962457","Interdisciplinary Sciences Computational Life Sciences","journal","9.61","A*","Springer Science+Business Media","False"
"S4306400655","MPG.PuRe (Max Planck Society)","repository","1.79","C","Max Planck Society","False"
"S4210178793","Health Information Science and Systems","journal","13.91","A*","Springer Nature","False"
"S4404663827","Studies in medical and health sciences.","journal","8.21","A*","Saba University School of Medicine","False"
"S177501576","Petroleum Science","journal","14.89","A*","Elsevier BV","True"
"S19887683","IEEE Electron Device Letters","journal","2.63","C","Institute of Electrical and Electronics Engineers","False"
"S2764359860","European Journal of Higher Education","journal","1.02","C","Taylor & Francis","False"
"S118216261","Robotics and Computer-Integrated Manufacturing","journal","2.83","C","Elsevier BV","False"
"S108612764","Journal of Hepato-Biliary-Pancreatic Sciences","journal","3.07","A*","Wiley","False"
"S100142436","IEEE Transactions on Broadcasting","journal","2.54","C","Institute of Electrical and Electronics Engineers","False"
"S2764450071","Weather and Climate Extremes","journal","1.45","C","Elsevier BV","True"
"S11146949","Smart Materials and Structures","journal","2.69","C","IOP Publishing","False"
"S2495769766","Digital Communications and Networks","journal","2.67","C","KeAi","True"
"S56681374","SAR and QSAR in environmental research","journal","2.51","C","Taylor & Francis","False"
"S175310385","International Journal of Communication Systems","journal","2.48","C","Wiley","False"
"S4306498821","2021 IEEE International IOT, Electronics and Mechatronics Conference (IEMTRONICS)","conference","1.26","C","","False"
"S2491286908","Journal of Integrative Agriculture","journal","0.7","C","Elsevier BV","True"
"S153467142","Journal of Experimental & Theoretical Artificial Intelligence","journal","1.51","C","Taylor & Francis","False"
"S88066655","Journal of Educational Administration","journal","0.93","C","Emerald Publishing Limited","False"
"S10652568","Circulation Research","journal","2.24","C","Lippincott Williams & Wilkins","False"
"S116585092","Allergology International","journal","1.37","C","Elsevier BV","True"
"S184126201","British Journal of Management","journal","2.94","C","Wiley","False"
"S149715497","International Journal of Service Science Management Engineering and Technology","journal","10.15","A*","IGI Global","False"
"S114430552","Journal of Clinical Investigation","journal","2.56","C","American Society for Clinical Investigation","True"
"S191417626","Critical Care","journal","0.83","C","BioMed Central","True"
"S4363605102","The Cognitive Neurosciences","journal","13.14","A*","","False"
"S201045332","IEEE Antennas and Propagation Magazine","journal","2.81","C","Institute of Electrical and Electronics Engineers","False"
"S4363605066","2022 Advances in Science and Engineering Technology International Conferences (ASET)","conference","8.08","A*","","False"
"S2915007884","Journal of the Korean Society of Radiology","journal","2.02","C","Korean Society of Radiology","True"
"S161464388","Journal of Intelligent Manufacturing","journal","2.41","C","Springer Science+Business Media","False"
"S4210211603","ADCAIJ ADVANCES IN DISTRIBUTED COMPUTING AND ARTIFICIAL INTELLIGENCE JOURNAL","journal","0.94","C","Ediciones Universidad de Salamanca","True"
"S4306401662","Aaltodoc (Aalto University)","repository","1.76","C","Aalto University","False"
"S2764799587","International Journal of Construction Management","journal","1.5","C","Taylor & Francis","False"
"S902750600","The Electronic Library","journal","0.87","C","Emerald Publishing Limited","False"
"S4210229996","IET Collaborative Intelligent Manufacturing","journal","1.42","C","Institution of Engineering and Technology","True"
"S2898348030","Green Energy & Environment","journal","0.67","C","KeAi","True"
"S2898194095","NeuroImage Clinical","journal","0.56","C","Elsevier BV","True"
"S4210212592","Discover Psychology","journal","0.84","C","Springer Science+Business Media","True"
"S4306498833","2021 International Conference on Advances in Electrical, Computing, Communication and Sustainable Technologies (ICAECT)","conference","2.91","C","","False"
"S139838620","Obstetrics and Gynecology","journal","1.87","C","Lippincott Williams & Wilkins","False"
"S4210211072","Artificial Intelligence Surgery","journal","2.91","C","","False"
"S86387881","The Laryngoscope","journal","1.58","C","Wiley","False"
"S4210219925","IBM Journal of Research and Development","journal","1.28","C","IBM","False"
"S4210226234","Vaccines","journal","1.77","C","Multidisciplinary Digital Publishing Institute","True"
"S127900037","Human Reproduction","journal","1.6","C","Oxford University Press","False"
"S4210168464","Social Sciences","journal","2.93","A*","Multidisciplinary Digital Publishing Institute","True"
"S4210196679","Interdisciplinary materials","journal","2.1","C","Wiley","True"
"S124503262","International Journal of Intelligent Computing and Cybernetics","journal","1.04","C","Emerald Publishing Limited","False"
"S150671403","Computers & Chemical Engineering","journal","2.05","C","Elsevier BV","False"
"S35593046","Computing","journal","2.13","C","Springer Science+Business Media","False"
"S2736711265","Bioresources and Bioprocessing","journal","0.88","C","Springer Science+Business Media","True"
"S200161079","Business Information Review","journal","0.65","C","SAGE Publishing","False"
"S2764461159","Psychology Learning & Teaching","journal","2.45","C","SAGE Publishing","False"
"S103311983","Journal of Advertising","journal","1.65","C","Taylor & Francis","False"
"S4210217163","Journal of China Computer-Assisted Language Learning","journal","0.65","C","De Gruyter","True"
"S2764837602","AGRIVITA Journal of Agricultural Science","journal","14.93","A*","Brawijaya University","True"
"S59133484","RELC Journal","journal","0.64","C","SAGE Publishing","False"
"S56464651","Building and Environment","journal","2.24","C","Elsevier BV","False"
"S2898307581","Journal of Innovation & Knowledge","journal","2.96","C","Elsevier BV","True"
"S4387289859","Proceedings of the ACM on Management of Data","journal","1.1","C","Association for Computing Machinery","False"
"S173102057","Journal of Communications and Networks","journal","0.86","C","Institute of Electrical and Electronics Engineers","True"
"S35794861","SPE Journal","journal","0.8","C","Society of Petroleum Engineers","False"
"S182300451","Journal of Endourology","journal","1.26","C","Mary Ann Liebert, Inc.","False"
"S2754852731","Journal of Diabetes Science and Technology","journal","2.86","A*","SAGE Publishing","False"
"S2764495062","Management Systems in Production Engineering","journal","2.23","C","P.A. NOVA S.A.","True"
"S74941265","Current Eye Research","journal","0.66","C","Taylor & Francis","False"
"S4306421123","USENIX Security Symposium","conference","1.77","C","","False"
"S4220651530","Academic Journal of Science and Technology","journal","14.96","A*","","True"
"S109016753","Oral Radiology","journal","2.53","C","Springer Science+Business Media","False"
"S2764734164","Mining of Mineral Deposits","journal","2.04","C","","False"
"S2764896700","The International Journal of Spine Surgery","journal","1.27","C","CIG Media Group","True"
"S164201770","IET Software","journal","2.06","C","Institution of Engineering and Technology","False"
"S4210173777","Social and cultural studies of robots and AI","book series","1.82","C","Springer International Publishing","False"
"S30594836","Journal of Computer-Mediated Communication","journal","1.57","C","Wiley","False"
"S4210199657","IEEE Transactions on Intelligent Vehicles","journal","0.83","C","Institute of Electrical and Electronics Engineers","False"
"S169454776","European Food Research and Technology","journal","2.72","C","Springer Science+Business Media","False"
"S207089700","International Journal of Information Technology & Decision Making","journal","1.62","C","World Scientific","False"
"S4210189415","International Electronic Journal of Mathematics Education","journal","0.99","C","","True"
"S68090385","Allergy","journal","1.42","C","Wiley","False"
"S4363608872","Proceedings of the 44th International Conference on Software Engineering","conference","1.54","C","","False"
"S164062316","International Journal of Information Security","journal","2.57","C","Springer Science+Business Media","False"
"S148591575","TURKISH JOURNAL OF AGRICULTURE AND FORESTRY","journal","2.33","C","Scientific and Technological Research Council of Turkey (TUBITAK)","False"
"S191336577","Indian Journal of Ophthalmology","journal","2.42","C","Medknow","True"
"S4210198603","Journal of Computer and Communications","journal","0.53","C","Scientific Research Publishing","True"
"S22240167","Chinese Medical Journal","journal","1.54","C","Lippincott Williams & Wilkins","True"
"S63018980","European Journal of Engineering Education","journal","1.7","C","Taylor & Francis","False"
"S28462638","Computational Geosciences","journal","1.76","A*","Springer Science+Business Media","False"
"S174847851","Information Processing & Management","journal","1.15","C","Elsevier BV","False"
"S4210227372","Intelligence-Based Medicine","journal","2.4","C","Elsevier BV","True"
"S4220651901","Electronic workshops in computing","journal","0.84","C","British Computer Society","False"
"S2765062736","Advances in Medical Education and Practice","journal","1.84","C","Dove Medical Press","True"
"S125608309","Journal of Service Research","journal","1.04","C","SAGE Publishing","False"
"S34136372","American Journal of Physiology-Gastrointestinal and Liver Physiology","journal","0.53","C","American Physiological Society","False"
"S2737292043","Protection and Control of Modern Power Systems","journal","1.1","C","Springer Science+Business Media","False"
"S29724373","Ore Geology Reviews","journal","2.94","C","Elsevier BV","False"
"S4393918609","International journal of research in science & engineering","journal","12.32","A*","","True"
"S2738898797","International Journal of Interactive Multimedia and Artificial Intelligence","journal","2.9","C","International University of La Rioja","True"
"S52732750","Frontiers in Physiology","journal","1.72","C","Frontiers Media","True"
"S4210193456","Business and Professional Communication Quarterly","journal","0.77","C","SAGE Publishing","False"
"S4210198543","Journal of Agribusiness in Developing and Emerging Economies","journal","1.87","C","Emerald Publishing Limited","False"
"S4210232007","Modern Approaches on Material Science","journal","7.63","A*","Lupine Publishers","True"
"S4363607730","2022 IEEE International Conference on Bioinformatics and Biomedicine (BIBM)","conference","2.61","C","","False"
"S1393328","Inverse Problems","journal","0.75","C","IOP Publishing","False"
"S4210174627","Citizen Science Theory and Practice","journal","8.09","A*","Ubiquity Press","True"
"S4210170931","Annual Review of Financial Economics","journal","0.88","C","Annual Reviews","False"
"S2756165422","JAMA Oncology","journal","1.31","C","American Medical Association","False"
"S2737731412","Journal of University of Babylon for Pure and Applied Sciences","journal","11.45","A*","University of Babylon","True"
"S4210176581","Geographic Information Science & Technology Body of Knowledge","journal","7.93","A*","","True"
"S177147899","Journal of Power Sources","journal","1.44","C","Elsevier BV","False"
"S4387279658","Environmental Data Science","journal","6.83","A*","Cambridge University Press","True"
"S109852484","Empirical Software Engineering","journal","1.65","C","Springer Science+Business Media","False"
"S193910224","Neuroforum","journal","2.46","C","De Gruyter","False"
"S2498839158","Intelligent Data Analysis","journal","2.73","C","IOS Press","False"
"S4210233717","Seminar net","journal","2.89","C","Lillehammer University College","True"
"S49878492","Diabetes Care","journal","2.47","C","American Diabetes Association","False"
"S4363607735","2021 IEEE International Conference on Bioinformatics and Biomedicine (BIBM)","conference","1.29","C","","False"
"S5407043178","Journal of Artificial Intelligence General science (JAIGS) ISSN 3006-4023","journal","10.79","A*","","False"
"S4210237833","Journal of Ubiquitous Computing and Communication Technologies","journal","1.59","C","","True"
"S83651209","Journal of Hepatology","journal","1.14","C","Elsevier BV","False"
"S2739144113","Endoscopy International Open","journal","2.6","C","Thieme Medical Publishers (Germany)","True"
"S4210208637","Academic Journal of Research and Scientific Publishing","journal","0.6","C","","False"
"S15137598","Journal of Clinical Oncology","journal","2.75","C","Lippincott Williams & Wilkins","False"
"S4306400411","Enlighten: Publications (The University of Glasgow)","repository","1.65","C","University of Glasgow","False"
"S2764532672","International Journal of Electrical and Computer Engineering (IJECE)","journal","2.09","C","Institute of Advanced Engineering and Science (IAES)","True"
"S4210194378","Environmental Challenges","journal","2.15","C","Elsevier BV","True"
"S185256354","Information Technology and People","journal","2.74","C","Emerald Publishing Limited","False"
"S95739953","The Journal of Physical Chemistry C","journal","2.09","C","American Chemical Society","False"
"S4210182640","Frontiers in Control Engineering","journal","2.03","C","Frontiers Media","True"
"S4210233399","Internatuinal Journal of Radiation Research","journal","0.67","C","","True"
"S4210227358","Autonomous Intelligent Systems","journal","1.8","C","Springer Nature","True"
"S4387290985","International Journal for Research Publication and Seminars","journal","0.88","C","","False"
"S4210219431","Digital Biomarkers","journal","2.34","C","Karger Publishers","True"
"S2764977685","International Journal of Computing","journal","1.78","C","Research Institute of Intelligent Computer Systems","True"
"S153489431","Biology","journal","2.2","C","Multidisciplinary Digital Publishing Institute","True"
"S4363608757","Proceedings of the 30th ACM International Conference on Multimedia","conference","0.6","C","","False"
"S4387278634","East Asian Journal of Multidisciplinary Research","journal","0.71","C","","False"
"S4210191909","IEEE BITS the Information Theory Magazine","journal","2.29","C","Institute of Electrical and Electronics Engineers","False"
"S116977442","IEEE Transactions on Circuits and Systems I Regular Papers","journal","0.68","C","Institute of Electrical and Electronics Engineers","False"
"S4210169117","Journal of Technology in Behavioral Science","journal","2.46","A*","Springer Science+Business Media","False"
"S2764624792","Nature Biomedical Engineering","journal","1.66","A*","Nature Portfolio","False"
"S71149355","Molecular Psychiatry","journal","2.89","C","Springer Nature","False"
"S4306463223","Edward Elgar Publishing eBooks","ebook platform","2.34","C","Edward Elgar Publishing","False"
"S4363608452","2022 International Conference on Business Analytics for Technology and Security (ICBATS)","conference","1.38","C","","False"
"S137362610","Journal of Food Engineering","journal","1.24","C","Elsevier BV","False"
"S4210170982","Engineering Science & Technology Journal","journal","6.22","A*","Fair East Publishers","True"
"S2739130986","Infectious Diseases and Therapy","journal","2.44","C","Adis, Springer Healthcare","True"
"S79244937","Journal of Physics A Mathematical and Theoretical","journal","2.15","C","Institute of Physics","False"
"S2764543734","Journal of Analytical Science & Technology","journal","4.0","A*","Springer Nature","True"
"S4210176427","IEEE Design and Test","journal","0.94","C","Institute of Electrical and Electronics Engineers","False"
"S156919612","Protein Science","journal","2.83","A*","Wiley","False"
"S2765045337","International Journal of Current Research and Review","journal","2.15","C","Radiance Research Academy","True"
"S86486980","Reproductive Medicine and Biology","journal","2.41","C","Wiley","True"
"S2482500137","Theranostics","journal","1.16","C","Ivyspring International Publisher","True"
"S4210215848","Journal of Zhejiang University. Science A","journal","1.78","A*","Springer Science+Business Media","False"
"S2755174949","Annals of Translational Medicine","journal","0.71","C","AME Publishing Company","True"
"S2764347021","Progress in Biomedical Engineering","journal","2.92","C","IOP Publishing","False"
"S105051383","American Journal of Health-System Pharmacy","journal","1.24","C","Oxford University Press","False"
"S4363607807","2021 IEEE 10th Global Conference on Consumer Electronics (GCCE)","conference","2.42","C","","False"
"S4210218689","International Journal of Data and Network Science","journal","9.93","A*","Growing Science","True"
"S4210222429","BenchCouncil Transactions on Benchmarks Standards and Evaluations","journal","1.45","C","Elsevier BV","True"
"S4210211867","Journal of Soft Computing and Data Mining","journal","1.01","C","Penerbit UTHM","True"
"S4210219449","Safety in Extreme Environments","journal","0.8","C","Springer Science+Business Media","False"
"S154904565","The American Journal of Sports Medicine","journal","2.04","C","SAGE Publishing","False"
"S4306498611","2020 4th International Conference on Electronics, Communication and Aerospace Technology (ICECA)","conference","2.44","C","","False"
"S59274399","Infectious Disease Reports","journal","2.11","C","Multidisciplinary Digital Publishing Institute","True"
"S2486411021","Data Science and Engineering","journal","8.66","A*","Springer Science+Business Media","True"
"S4363604921","2021 IEEE Symposium Series on Computational Intelligence (SSCI)","conference","0.6","C","","False"
"S123027071","Theoretical and Computational Fluid Dynamics","journal","2.92","C","Springer Science+Business Media","False"
"S39541053","International Journal of Public Administration","journal","2.5","C","Taylor & Francis","False"
"S42468459","The Journal of Marketing Theory and Practice","journal","1.23","C","Taylor & Francis","False"
"S54853311","Journal of Infrastructure Systems","journal","2.95","C","American Society of Civil Engineers","False"
"S4306401274","AIS Electronic Library (AISeL) (Association for Information Systems)","repository","2.0","C","National Association for Public Health Statistics and Information Systems","False"
"S191349260","European Journal of Nuclear Medicine and Molecular Imaging","journal","1.96","C","Springer Science+Business Media","False"
"S2596117549","Frontiers in Pediatrics","journal","2.37","C","Frontiers Media","True"
"S2764845734","Journal of Biomedical Physics and Engineering","journal","2.53","C","Shiraz University of Medical Sciences","True"
"S84102376","Neuroendocrinology","journal","2.14","C","Karger Publishers","False"
"S4377196668","Texas A&M Law Scholarship (Texas A&M University School of Law)","repository","0.82","C","Texas A&M University School of Law","False"
"S205389208","ELCVIA Electronic Letters on Computer Vision and Image Analysis","journal","1.35","C","Computer Vision Center Press","True"
"S179591353","Acta Astronautica","journal","2.82","C","Elsevier BV","False"
"S4363608032","2022 Sixth International Conference on I-SMAC (IoT in Social, Mobile, Analytics and Cloud) (I-SMAC)","conference","1.06","C","","False"
"S170810187","International Journal of Bank Marketing","journal","1.43","C","Emerald Publishing Limited","False"
"S4210199319","International Journal of Crowd Science","journal","7.33","A*","Emerald Publishing Limited","True"
"S41869786","Small Business Economics","journal","1.6","C","Springer Science+Business Media","False"
"S4363608354","2021 IEEE/ACM International Conference On Computer Aided Design (ICCAD)","conference","2.03","C","","False"
"S162355128","IEEE Transactions on Electron Devices","journal","2.86","C","Institute of Electrical and Electronics Engineers","False"
"S4210187928","Forensic Science International Synergy","journal","4.75","A*","Elsevier BV","True"
"S2764775065","Obstetrics & Gynecology Science","journal","3.14","A*","Indonesian Society of Obstetrics and Gynecology","True"
"S30990483","Theoretical Inquiries in Law","journal","0.99","C","Tel Aviv University","False"
"S4210174653","ACM Transactions on Computing for Healthcare","journal","2.72","C","Association for Computing Machinery","False"
"S106098198","Oxford Review of Economic Policy","journal","2.11","C","Oxford University Press","False"
"S4210223820","World Journal of Advanced Research and Reviews","journal","1.21","C","GSC Online Press","False"
"S4210223690","IEEE Transactions on Medical Robotics and Bionics","journal","2.54","C","Institute of Electrical and Electronics Engineers","False"
"S4210205742","Coatings","journal","2.65","C","Multidisciplinary Digital Publishing Institute","True"
"S181240966","International Journal on Semantic Web and Information Systems","journal","2.62","C","IGI Global","True"
"S59311786","Social Science Research","journal","13.91","A*","Elsevier BV","False"
"S31748134","Industrial Marketing Management","journal","1.13","C","Elsevier BV","False"
"S168377509","International Journal of Electrical Power & Energy Systems","journal","2.39","C","Elsevier BV","False"
"S2478470528","Image Analysis & Stereology","journal","1.65","C","Slovenian Society for Stereology and Quantitative Image Analysis","True"
"S4210206398","Current Protocols","journal","2.6","C","Wiley","False"
"S2764750955","IBMRD s Journal of Management & Research","journal","2.32","C","","True"
"S2607323502","Scientific Data","journal","2.44","C","Nature Portfolio","True"
"S93916849","IEEE Transactions on Circuits & Systems II Express Briefs","journal","2.14","C","Institute of Electrical and Electronics Engineers","False"
"S88404446","Progress in Materials Science","journal","3.9","A*","Elsevier BV","False"
"S98010888","JNCI Journal of the National Cancer Institute","journal","1.86","C","Oxford University Press","False"
"S13096939","Ethics and Information Technology","journal","2.96","C","Springer Science+Business Media","False"
"S22689352","Computers and Concrete, an International Journal","journal","2.84","C","Technopress","False"
"S5406931023","merz | medien + erziehung","journal","0.61","C","","False"
"S64486668","Journal of the Optical Society of America B","journal","0.91","C","Optica Publishing Group","False"
"S4210224324","Accounting Auditing & Accountability Journal","journal","0.83","C","Emerald Publishing Limited","False"
"S2010360","Public Relations Inquiry","journal","2.31","C","SAGE Publishing","False"
"S198793727","Education Citizenship and Social Justice","journal","2.54","C","SAGE Publishing","False"
"S13619737","Magnetic Resonance Imaging","journal","1.03","C","Elsevier BV","False"
"S172631016","Journal of Intelligent Transportation Systems","journal","1.76","C","Taylor & Francis","False"
"S69687699","International Materials Reviews","journal","2.6","C","Taylor & Francis","False"
"S4210203986","INTELIGENCIA ARTIFICIAL","journal","2.33","C","Asociación Española para la Inteligencia Artificial","True"
"S4210170684","American Journal of Artificial Intelligence","journal","1.86","C","Science Publishing Group","True"
"S2764948674","International Journal of Sustainable Economies Management","journal","1.98","C","IGI Global","False"
"S4210205282","Journal of Geophysical Research Atmospheres","journal","1.77","C","Wiley","False"
"S4363606058","2021 IEEE URUCON","conference","1.24","C","","False"
"S123288148","Polymers","journal","1.91","C","Multidisciplinary Digital Publishing Institute","True"
"S1558358","Journal of Business Strategy","journal","2.22","C","Emerald Publishing Limited","False"
"S4387287997","International Scientific Journal of Engineering and Management","journal","2.68","C","","False"
"S4210230413","Management Research Review","journal","2.09","C","Emerald Publishing Limited","False"
"S69755223","Chemometrics and Intelligent Laboratory Systems","journal","2.4","C","Elsevier BV","False"
"S4210173133","Societies","journal","0.9","C","Multidisciplinary Digital Publishing Institute","True"
"S4210227020","Fractal and Fractional","journal","1.65","C","Multidisciplinary Digital Publishing Institute","True"
"S178780388","International Journal of Artificial Intelligence Tools","journal","0.52","C","World Scientific","False"
"S4387289179","ACM Journal on Responsible Computing","journal","1.12","C","Association for Computing Machinery","False"
"S151424340","Experimental and Therapeutic Medicine","journal","2.32","C","Spandidos Publishing","True"
"S199162493","International Journal of Digital Earth","journal","2.98","C","Taylor & Francis","True"
"S45419345","Psychological Methods","journal","0.75","C","American Psychological Association","False"
"S171036940","Journal of Research in Science Teaching","journal","6.92","A*","Wiley","False"
"S4387285655","Annals of the Child Neurology Society","journal","2.5","C","Wiley","True"
"S112141509","Advanced Engineering Informatics","journal","1.01","C","Elsevier BV","False"
"S183600629","Library Hi Tech News","journal","1.89","C","Emerald Publishing Limited","False"
"S2764421862","International Journal of Information and Education Technology","journal","2.33","C","International Journal of Information and Education Technology","True"
"S4404661916","Вестник Иссык-Кульского университета.","journal","2.04","C","","True"
"S4210205149","ECS Transactions","journal","0.97","C","Institute of Physics","False"
"S67514239","Experimental Biology and Medicine","journal","1.39","C","SAGE Publishing","False"
"S4387289262","Intelligent Pharmacy","journal","2.46","C","Elsevier BV","True"
"S4306498692","2020 IEEE Region 10 Symposium (TENSYMP)","journal","1.89","C","","False"
"S4210195102","EURASIP Journal on Information Security","journal","0.51","C","Springer Science+Business Media","True"
"S146364893","Frontiers in Human Neuroscience","journal","11.77","A*","Frontiers Media","True"
"S83557516","The Canadian Journal of Chemical Engineering","journal","0.59","C","Wiley","False"
"S145859750","International Journal for Simulation and Multidisciplinary Design Optimization","journal","2.36","C","EDP Sciences","True"
"S4306498529","2019 International Conference on Electrical, Communication, and Computer Engineering (ICECCE)","conference","1.01","C","","False"
"S191306374","Advances in Optics and Photonics","journal","2.9","C","Optica Publishing Group","False"
"S99767407","International Security","journal","1.42","C","The MIT Press","False"
"S103356783","Integrative and Comparative Biology","journal","1.32","C","Oxford University Press","False"
"S4306498725","2020 International Conference on Smart Technologies in Computing, Electrical and Electronics (ICSTCEE)","conference","0.87","C","","False"
"S2737509723","Revista Gestão Inovação e Tecnologias","journal","1.26","C","Associação Acadêmica de Propriedade Intelectual","False"
"S2738947950","ICST Transactions on e-Education and e-Learning","journal","2.69","C","Institute for Computer Sciences, Social Informatics and Telecommunications Engineering","True"
"S4306498831","2021 International Bhurban Conference on Applied Sciences and Technologies (IBCAST)","conference","14.95","A*","","False"
"S4210188503","Advanced Photonics Research","journal","1.42","C","Wiley","True"
"S2737234030","Remote Sensing in Ecology and Conservation","journal","1.62","C","Wiley","True"
"S70769875","Atmospheric measurement techniques","journal","2.31","C","Copernicus Publications","True"
"S2299478","Journal of NeuroEngineering and Rehabilitation","journal","2.72","C","BioMed Central","True"
"S4306422866","IEEE Transactions on Signal and Information Processing over Networks","journal","1.98","C","Institute of Electrical and Electronics Engineers","False"
"S4210202650","Academy of Management Discoveries","journal","1.48","C","Academy of Management","False"
"S2764488870","International Journal on Recent and Innovation Trends in Computing and Communication","journal","1.53","C","","True"
"S24861202","Enterprise Information Systems","journal","2.24","C","Taylor & Francis","False"
"S36653316","Frontiers in Cellular Neuroscience","journal","1.54","A*","Frontiers Media","True"
"S144495243","Journal of Management in Engineering","journal","2.05","C","American Society of Civil Engineers","False"
"S82316188","European Journal of Finance","journal","1.39","C","Taylor & Francis","False"
"S4210218449","Business Ethics the Environment & Responsibility","journal","2.49","C","Wiley","False"
"S2735101957","Migration Studies","journal","0.73","C","Oxford University Press","False"
"S54816476","Medical Education","journal","1.97","C","Wiley","False"
"S4210198261","Scientific African","journal","1.7","C","Elsevier BV","True"
"S2596175017","Frontiers in ICT","journal","2.11","C","Frontiers Media","True"
"S70522100","Quarterly Journal of the Royal Meteorological Society","journal","0.66","C","Wiley","False"
"S4210233590","Journal of Artificial Intelligence and Systems","journal","1.95","C","","False"
"S19032547","BMC Bioinformatics","journal","1.9","C","BioMed Central","True"
"S2764801657","Research Ethics","journal","1.9","C","SAGE Publishing","True"
"S4210176496","ADVANCES IN GEO-ENERGY RESEARCH","journal","2.01","C","","True"
"S189706386","Cartography and Geographic Information Science","journal","10.63","A*","Taylor & Francis","False"
"S4210220527","Applied Animal Science","journal","12.37","A*","Elsevier BV","False"
"S4210239328","Journal of Medical Education and Curricular Development","journal","1.17","C","SAGE Publishing","True"
"S154838382","Journal of Teaching in Travel & Tourism","journal","2.56","C","Taylor & Francis","False"
"S4210232899","Chemical Physics Reviews","journal","1.75","C","American Institute of Physics","True"
"S19068271","EPJ Web of Conferences","journal","0.69","C","EDP Sciences","True"
"S4210168340","Physics and Chemistry of the Earth Parts A/B/C","journal","0.65","C","Elsevier BV","False"
"S4210232622","Small Methods","journal","1.34","C","Wiley","False"
"S205775358","The Journal of Clinical Endocrinology & Metabolism","journal","2.46","C","Oxford University Press","False"
"S4210175912","ACM Transactions on Internet of Things","journal","2.27","C","Association for Computing Machinery","False"
"S4363607731","2022 26th International Conference on Pattern Recognition (ICPR)","conference","2.47","C","","False"
"S177092143","Australian Journal of Management","journal","1.79","C","SAGE Publishing","False"
"S4306401916","Lancaster EPrints (Lancaster University)","repository","1.6","C","Lancaster University","False"
"S4210236412","The Journal of Financial Data Science","journal","3.49","A*","","False"
"S190924190","Journal of Physics Condensed Matter","journal","1.32","C","IOP Publishing","False"
"S2764374723","Information Polity","journal","1.59","C","IOS Press","False"
"S15871148","American Journal of Clinical Pathology","journal","0.72","C","Oxford University Press","False"
"S179816892","Frontiers in Neuroinformatics","journal","1.05","C","Frontiers Media","True"
"S4210230980","International Journal of Economics and Business Administration","journal","2.0","C","","True"
"S143887118","The Journal of Dermatology","journal","2.34","C","Wiley","False"
"S8523651","Economie et Statistique / Economics and Statistics","journal","3.0","C","The National Institute of Statistics and Economic Studies","True"
"S6814119","Tourism Management","journal","2.83","C","Elsevier BV","False"
"S4306418371","European Radar Conference","conference","2.11","C","","False"
"S4306402449","univOAK (4 institutions : Université de Strasbourg, Université de Haute Alsace, INSA Strasbourg, Bibliothèque Nationale et Universitaire de Strasbourg)","repository","1.55","C","Laboratoire des Sciences de l'Ingénieur, de l'Informatique et de l'Imagerie","False"
"S118036144","Cyberpsychology Behavior and Social Networking","journal","2.09","C","Mary Ann Liebert, Inc.","False"
"S4363605086","8th European Congress on Computational Methods in Applied Sciences and Engineering","conference","12.11","A*","","False"
"S1507157","Structural Safety","journal","0.8","C","Elsevier BV","False"
"S19358283","International Journal of Advertising","journal","1.52","C","Taylor & Francis","False"
"S22344484","International Journal of Clinical Practice","journal","2.6","C","Wiley","False"
"S94052278","The European Physical Journal C","journal","1.46","C","Springer Science+Business Media","True"
"S62126747","The Singapore Economic Review","journal","1.93","C","World Scientific","False"
"S162811609","London Review of Education","journal","1.97","C","UCL Press","True"
"S55009144","Green Chemistry","journal","0.96","C","Royal Society of Chemistry","False"
"S4210232487","Robotics","journal","1.41","C","Multidisciplinary Digital Publishing Institute","True"
"S2496121912","Optical Materials Express","journal","1.34","C","Optica Publishing Group","True"
"S2754843627","Cancer Medicine","journal","0.57","C","Wiley","True"
"S4210180780","Journal of Nuclear Medicine","journal","0.56","C","Society of Nuclear Medicine and Molecular Imaging","False"
"S61859066","Journal Of Clinical Periodontology","journal","2.58","C","Wiley","False"
"S28937869","Perspectives in biology and medicine","journal","1.18","C","Johns Hopkins University Press","False"
"S112460912","Management of Environmental Quality An International Journal","journal","1.8","C","Emerald Publishing Limited","False"
"S4210201148","International Journal Of Scientific Advances","journal","1.25","C","","False"
"S2898321583","Alzheimer s & Dementia Translational Research & Clinical Interventions","journal","2.85","C","Elsevier BV","True"
"S64961995","Molecular Ecology Resources","journal","1.15","C","Wiley","False"
"S4210214252","Risks","journal","1.57","C","Multidisciplinary Digital Publishing Institute","True"
"S2737090608","Batteries","journal","2.68","C","Multidisciplinary Digital Publishing Institute","True"
"S155657779","International Journal of Business Innovation and Research","journal","2.6","C","Inderscience Publishers","False"
"S4306498506","2019 IEEE Jordan International Joint Conference on Electrical Engineering and Information Technology (JEEIT)","conference","0.97","C","","False"
"S4210201729","Jurnal Imiah Pendidikan dan Pembelajaran","journal","2.51","C","","True"
"S4306498563","2019 Medical Technologies Congress (TIPTEKNO)","journal","1.65","C","","False"
"S28058569","Structure and Infrastructure Engineering","journal","1.71","C","Taylor & Francis","False"
"S63663637","Archives of Phytopathology and Plant Protection","journal","0.83","C","Taylor & Francis","False"
"S4210200922","Advances in educational marketing, administration, and leadership book series","book series","0.7","C","IGI Global","False"
"S87569533","Mechanics of Advanced Materials and Structures","journal","2.32","C","Taylor & Francis","False"
"S19605986","EURASIP Journal on Audio Speech and Music Processing","journal","1.74","C","Springer Nature","True"
"S192067876","Molecular Cancer Research","journal","1.59","C","American Association for Cancer Research","False"
"S4210240295","International Journal of Advanced Engineering Research and Science","journal","11.35","A*","","True"
"S63387040","International Journal of Applied Glass Science","journal","11.83","A*","Wiley","False"
"S25720340","Telematics and Informatics","journal","0.9","C","Elsevier BV","False"
"S166929102","IET Computer Vision","journal","2.03","C","Institution of Engineering and Technology","False"
"S48878068","Journal of Clinical Sleep Medicine","journal","0.84","C","American Academy of Sleep Medicine","False"
"S106148199","Cluster Computing","journal","2.38","C","Springer Science+Business Media","False"
"S2738607712","Journal of Cardiovascular Development and Disease","journal","2.14","C","Multidisciplinary Digital Publishing Institute","True"
"S153527428","Journal of Thoracic Imaging","journal","2.89","C","Lippincott Williams & Wilkins","False"
"S4387284451","Hybrid Advances","journal","0.67","C","Elsevier BV","True"
"S169796457","The cryosphere","journal","0.64","C","Copernicus Publications","True"
"S186357190","Future Generation Computer Systems","journal","1.21","C","Elsevier BV","False"
"S2765038284","Advanced Materials Technologies","journal","1.15","C","Wiley","False"
"S4377196319","Use Siena air (University of Siena)","repository","1.12","C","University of Siena","False"
"S4210173132","Axioms","journal","2.77","C","Multidisciplinary Digital Publishing Institute","True"
"S107255770","Organic Process Research & Development","journal","1.12","C","American Chemical Society","False"
"S4387288704","Journal of Edge Computing","journal","1.18","C","Academy of Cognitive and Natural Sciences","True"
"S4306401118","Scholarworks@UNIST (Ulsan National Institute of Science and Technology)","repository","11.75","A*","Ulsan National Institute of Science and Technology","False"
"S4210199257","Engineering Reports","journal","1.62","C","Wiley","True"
"S43354291","Interactive Technology and Smart Education","journal","2.44","C","Emerald Publishing Limited","False"
"S97320426","Journal of Supply Chain Management","journal","0.66","C","Wiley","False"
"S23772524","The Lancet Infectious Diseases","journal","1.72","C","Elsevier BV","False"
"S4210208222","Aptisi Transactions On Technopreneurship (ATT)","journal","0.58","C","","True"
"S200072998","Journal of Cancer","journal","0.66","C","Ivyspring International Publisher","True"
"S2764478331","Journal of Building Engineering","journal","2.77","C","Elsevier BV","False"
"S4210231731","CPT Pharmacometrics & Systems Pharmacology","journal","0.85","C","Nature Portfolio","True"
"S66124381","IEEE Spectrum","journal","1.83","C","Institute of Electrical and Electronics Engineers","False"
"S4306498661","2020 IEEE 5th Information Technology and Mechatronics Engineering Conference (ITOEC)","conference","1.53","C","","False"
"S149937609","Chemical Engineering Journal","journal","1.37","C","Elsevier BV","False"
"S9954729","Journal of Management Information Systems","journal","2.75","C","Taylor & Francis","False"
"S5838215","Topics in Language Disorders","journal","0.55","C","Lippincott Williams & Wilkins","False"
"S4363608238","2021 IEEE Mysore Sub Section International Conference (MysuruCon)","conference","2.16","C","","False"
"S4387281558","PHM Society European Conference","journal","2.91","C","","True"
"S1016481467","Journal of Cultural Heritage","journal","1.9","C","Elsevier BV","False"
"S4387286383","Nature Water","journal","14.15","A*","","False"
"S4210213140","Open Medicine","journal","0.63","C","De Gruyter Open","True"
"S138998826","Physica Medica","journal","1.55","C","Elsevier BV","False"
"S2500738039","Journal of Materials Chemistry C","journal","1.15","C","Royal Society of Chemistry","False"
"S1027187413","Amfiteatru Economic","journal","2.33","C","Bucharest Academy of Economic Studies","True"
"S4210232200","Digital Government Research and Practice","journal","2.95","C","Association for Computing Machinery","False"
"S4306498485","2019 IEEE 4th International Conference on Computer and Communication Systems (ICCCS)","conference","1.14","C","","False"
"S2764739176","ACS Biomaterials Science & Engineering","journal","10.33","A*","American Chemical Society","False"
"S2764729928","Journal of Special Education Technology","journal","1.0","C","SAGE Publishing","False"
"S64417657","International Journal of Distributed Sensor Networks","journal","1.91","C","Hindawi Publishing Corporation","True"
"S4210203153","Japan Journal of Research","journal","1.66","C","","False"
"S173145877","Acta Biomaterialia","journal","2.93","C","Elsevier BV","False"
"S4210224503","npj Climate and Atmospheric Science","journal","9.72","A*","Nature Portfolio","True"
"S4306519512","Medical Imaging 2020: Computer-Aided Diagnosis","journal","1.37","C","","False"
"S119250532","BMC Medical Genomics","journal","0.79","C","BioMed Central","True"
"S4210193902","Psychology and Education Journal","journal","0.88","C","","False"
"S4210187999","Journal of Biomechanical Engineering","journal","1.06","C","ASM International","False"
"S2764394011","Universal Journal of Educational Research","journal","1.13","C","Horizon Research Publishing","True"
"S2595095599","Frontiers in Robotics and AI","journal","2.63","C","Frontiers Media","True"
"S4210199127","Uluslararası Yönetim Bilişim Sistemleri ve Bilgisayar Bilimleri Dergisi","journal","1.9","C","","True"
"S2764646681","Nanomaterials","journal","1.81","C","Multidisciplinary Digital Publishing Institute","True"
"S4210236116","JITCE (Journal of Information Technology and Computer Engineering)","journal","0.79","C","","True"
"S5407037030","Measurement Energy","journal","2.65","C","","True"
"S4210184083","Journal of Physics Complexity","journal","2.31","C","IOP Publishing","True"
"S4210191901","Energy Conversion and Management X","journal","0.67","C","Elsevier BV","True"
"S21122719","Cancer Research and Treatment","journal","2.27","C","Korean Cancer Association","True"
"S137284937","American Journal of Physical Medicine & Rehabilitation","journal","1.86","C","Lippincott Williams & Wilkins","False"
"S4363608055","2022 International Conference on Advances in Computing, Communication and Applied Informatics (ACCAI)","conference","0.7","C","","False"
"S4210238917","Energy Nexus","journal","1.65","C","Elsevier BV","True"
"S4210216844","Medicine in Drug Discovery","journal","1.71","C","Elsevier BV","True"
"S2764465379","ACM Transactions on Computing Education","journal","0.91","C","Association for Computing Machinery","False"
"S4210186383","Data Intelligence","journal","2.86","C","The MIT Press","True"
"S83752769","Geomatics Natural Hazards and Risk","journal","2.62","C","Taylor & Francis","True"
"S4210177373","Frontiers in Water","journal","2.17","C","Frontiers Media","True"
"S80357293","Journal of Industrial Engineering and Management","journal","1.66","C","OmniaScience","True"
"S4387280558","Communications Engineering","journal","1.53","C","","True"
"S2597036347","Frontiers in Built Environment","journal","2.13","C","Frontiers Media","True"
"S4306498482","2019 IEEE 3rd Information Technology, Networking, Electronic and Automation Control Conference (ITNEC)","conference","1.86","C","","False"
"S4306462908","BENTHAM SCIENCE PUBLISHERS eBooks","ebook platform","2.34","A*","","False"
"S126256729","Publications of the Astronomical Society of Australia","journal","1.78","C","Cambridge University Press","False"
"S132285554","Creativity and Innovation Management","journal","2.52","C","Wiley","False"
"S18051569","Resources Conservation and Recycling","journal","1.65","C","Elsevier BV","False"
"S4210239318","Oncogenesis","journal","0.63","C","Springer Nature","True"
"S4306486508","Codon Publications eBooks","ebook platform","2.47","C","Codon Publications","False"
"S4363608148","2022 IEEE World Conference on Applied Intelligence and Computing (AIC)","conference","1.0","C","","False"
"S4210220198","European Heart Journal - Digital Health","journal","1.15","C","Oxford University Press","True"
"S184267533","Clinical Journal of the American Society of Nephrology","journal","0.91","C","Lippincott Williams & Wilkins","False"
"S97205441","Journal of Drug Delivery Science and Technology","journal","5.96","A*","Elsevier BV","False"
"S61992289","Journal of Advertising Research","journal","2.39","C","Advertising Research Foundation","False"
"S2738502618","Separations","journal","1.8","C","Multidisciplinary Digital Publishing Institute","True"
"S4210189857","Frontiers of Information Technology & Electronic Engineering","journal","1.01","C","Springer Science+Business Media","False"
"S100920005","College & Research Libraries","journal","2.69","C","Association of College and Research Libraries","True"
"S33442941","Chinese Physics B","journal","2.7","C","IOP Publishing","False"
"S5745031","Solar Energy","journal","2.68","C","Elsevier BV","False"
"S2898412997","Journal of Ocean Engineering and Science","journal","4.72","A*","Elsevier BV","True"
"S53450646","Water Science & Technology","journal","7.59","A*","Pergamon Press","False"
"S4387282845","CAAI Artificial Intelligence Research","journal","2.96","C","Tsinghua University Press","True"
"S4210239291","Frontiers in Medical Technology","journal","2.43","C","Frontiers Media","True"
"S50222406","IEEE Transactions on Components Packaging and Manufacturing Technology","journal","0.57","C","Institute of Electrical and Electronics Engineers","False"
"S124834161","CyTA - Journal of Food","journal","0.66","C","Taylor & Francis","True"
"S2764753230","Horticulture Research","journal","1.66","C","Nature Portfolio","True"
"S4210177707","Al-Mustansiriyah Journal of Science","journal","13.77","A*","Al-Mustansiriya University","True"
"S74970393","Global Change Biology","journal","1.85","C","Wiley","False"
"S72159247","Ergonomics","journal","1.74","C","Taylor & Francis","False"
"S2736340094","Friction","journal","0.76","C","Springer Nature","True"
"S191565391","Heart","journal","2.14","C","BMJ","False"
"S4210175178","Advances in parallel computing","book series","2.56","C","Elsevier BV","True"
"S4387286594","International Transactions on Artificial Intelligence (ITALIC)","journal","1.45","C","","True"
"S193624734","IEEE Transactions on Aerospace and Electronic Systems","journal","2.44","C","Institute of Electrical and Electronics Engineers","False"
"S4306528076","Revista Virtual Universidad Católica del Norte","journal","2.91","C","","True"
"S79495670","Wind Energy","journal","1.01","C","Wiley","False"
"S2764959558","International Journal of Transportation Science and Technology","journal","8.56","A*","Elsevier BV","True"
"S88220793","The Stata Journal Promoting communications on statistics and Stata","journal","1.22","C","SAGE Publishing","False"
"S207539002","Plant Production Science","journal","12.2","A*","Taylor & Francis","True"
"S67880631","Hypertension","journal","1.94","C","Lippincott Williams & Wilkins","False"
"S2764755190","Asia-Pacific Journal of Management Research and Innovation","journal","2.09","C","SAGE Publishing","False"
"S4210229438","Schizophrenia","journal","2.49","C","Nature Portfolio","True"
"S4210193297","The UNESCO courier","journal","1.49","C","United Nations Publications","False"
"S4210177324","Jordan Journal of Electrical Engineering","journal","2.79","C","","False"
"S2898225552","CIRP Annals","journal","1.83","C","Elsevier BV","False"
"S4363608458","2021 International Conference on 3D Vision (3DV)","conference","0.89","C","","False"
"S82984449","Educational Measurement Issues and Practice","journal","2.24","C","Wiley","False"
"S42686363","Interdisciplinary Science Reviews","journal","12.21","A*","Taylor & Francis","False"
"S4306498551","2019 International Conference on Vision Towards Emerging Trends in Communication and Networking (ViTECoN)","conference","1.29","C","","False"
"S150925516","Biosensors","journal","2.64","C","Multidisciplinary Digital Publishing Institute","True"
"S181356434","Accounting Horizons","journal","2.77","C","American Accounting Association","False"
"S2481947471","International Journal of Ophthalmology","journal","1.19","C","Press of International Journal of Ophthalmology (IJO PRESS)","True"
"S135937692","Journal of Atmospheric and Oceanic Technology","journal","2.96","C","American Meteorological Society","False"
"S4306498419","2019 3rd International Symposium on Multidisciplinary Studies and Innovative Technologies (ISMSIT)","journal","0.85","C","","False"
"S4220651278","Applied Mathematics in Science and Engineering","journal","4.23","A*","Taylor & Francis","True"
"S4306498633","2020 Advances in Science and Engineering Technology International Conferences (ASET)","journal","3.99","A*","","False"
"S16879113","International Journal of Photoenergy","journal","2.73","C","Hindawi Publishing Corporation","True"
"S72781473","Catalysis Reviews","journal","2.14","C","Taylor & Francis","False"
"S4306530705","SPE Reservoir Simulation Conference","conference","0.88","C","","False"
"S144330684","Chinese Journal of Electronics","journal","1.6","C","Institution of Engineering and Technology","False"
"S7112016","Structure","journal","2.04","C","Elsevier BV","False"
"S15431765","IMA Journal of Applied Mathematics","journal","0.71","C","Oxford University Press","False"
"S204562082","Molecular Pharmaceutics","journal","2.71","C","American Chemical Society","False"
"S4306498601","2020 3rd International Conference on Advanced Electronic Materials, Computers and Software Engineering (AEMCSE)","conference","2.51","C","","False"
"S4210179087","AIMS Mathematics","journal","1.76","C","American Institute of Mathematical Sciences","True"
"S2764770702","Gut Microbes","journal","2.92","C","Landes Bioscience","True"
"S35316464","Journal of Geophysics and Engineering","journal","1.54","C","IOP Publishing","True"
"S155850388","Maritime Policy & Management","journal","2.96","C","Taylor & Francis","False"
"S4210233539","Partial Differential Equations and Applications","journal","2.17","C","Springer Science+Business Media","False"
"S4210191046","Revista Academiei Forţelor Terestre","journal","2.09","C","De Gruyter Open","False"
"S110399111","Hepatology Research","journal","0.91","C","Wiley","False"
"S4210206100","Advances in information quality and management","book series","2.7","C","IGI Global","False"
"S2482167115","IEEE Journal of the Electron Devices Society","journal","1.57","C","Institute of Electrical and Electronics Engineers","True"
"S4210226591","Informatica Economica","journal","0.91","C","Inforec Association","True"
"S157347057","Anticancer Research","journal","0.53","C","International Institute of Anticancer Research (IIAR) Conferences 1997. Athens, Greece. Abstracts","False"
"S17729819","Agricultural and Forest Meteorology","journal","1.9","C","Elsevier BV","False"
"S201530359","Environmental Pollution","journal","1.82","C","Elsevier BV","False"
"S4210215861","Transportation Engineering","journal","2.3","C","Elsevier BV","True"
"S4363607830","2022 4th International Conference on Smart Systems and Inventive Technology (ICSSIT)","conference","2.73","C","","False"
"S4210191187","Earth Systems and Environment","journal","0.7","C","Springer Science+Business Media","False"
"S2765010971","Journal of Materials Research and Technology","journal","2.33","C","Elsevier BV","True"
"S105208853","Journal of Chemical Education","journal","0.97","C","American Chemical Society","False"
"S14252860","Journal of Navigation","journal","2.65","C","Cambridge University Press","False"
"S180088163","Journal of Optical Communications and Networking","journal","2.55","C","","False"
"S4210212929","Journal of Trends in Computer Science and Smart Technology","journal","8.8","A*","","True"
"S4210216105","Indian Journal of Artificial Intelligence and Neural Networking","journal","2.28","C","","False"
"S133138818","Journal of Cases on Information Technology","journal","1.29","C","IGI Global","False"
"S4026894","Spine","journal","1.68","C","Lippincott Williams & Wilkins","False"
"S4210175206","Facta Universitatis Series Mechanical Engineering","journal","2.55","C","University of Niš","True"
"S10995576","IPSJ Transactions on Computer Vision and Applications","journal","1.65","C","Springer Science+Business Media","False"
"S2764386229","Materials Horizons","journal","1.39","C","Royal Society of Chemistry","False"
"S72888871","Computer Methods in Biomechanics & Biomedical Engineering","journal","1.74","C","Taylor & Francis","False"
"S111427844","Journal of Materials in Civil Engineering","journal","2.57","C","American Society of Civil Engineers","False"
"S30869261","Atmospheric Pollution Research","journal","1.34","C","Elsevier BV","False"
"S4210217608","Infrastructures","journal","0.93","C","Multidisciplinary Digital Publishing Institute","True"
"S2738397068","Land","journal","2.28","C","Multidisciplinary Digital Publishing Institute","True"
"S2765072490","Journal of the Saudi Society of Agricultural Sciences","journal","12.65","A*","Elsevier BV","False"
"S2764867013","International Journal of Supply Chain Management","journal","0.75","C","ExcelingTech Publishers","True"
"S4306508126","Discrete and Continuous Models and Applied Computational Science","journal","4.74","A*","Peoples' Friendship University of Russia","True"
"S4210203134","Mining Metallurgy & Exploration","journal","0.85","C","Springer Science+Business Media","False"
"S4210189756","International Journal of Digital Humanities","journal","1.37","C","Springer Science+Business Media","False"
"S2898246255","Metabolic Engineering Communications","journal","1.63","C","Elsevier BV","True"
"S2481029507","Data in Brief","journal","2.37","C","Elsevier BV","True"
"S4210218516","Research","journal","2.13","C","American Association for the Advancement of Science","True"
"S121704485","Psychiatry Investigation","journal","2.05","C","Korean Neuropsychiatric Association","True"
"S4387997735","Nano TransMed","journal","1.38","C","Elsevier BV","True"
"S4210229223","MicrobiologyOpen","journal","2.6","C","Wiley","True"
"S104737098","Advances in Structural Engineering","journal","1.68","C","SAGE Publishing","False"
"S4387277866","SLAS TECHNOLOGY","journal","2.95","C","Elsevier BV","False"
"S27569427","Thyroid","journal","2.09","C","Mary Ann Liebert, Inc.","False"
"S2501230301","Technology and Health Care","journal","0.82","C","IOS Press","False"
"S4306498723","2020 International Conference on Smart Electronics and Communication (ICOSEC)","conference","2.19","C","","False"
"S130329595","GAMM-Mitteilungen","journal","1.31","C","Wiley","False"
"S156235965","International and Comparative Law Quarterly","journal","2.22","C","Cambridge University Press","False"
"S8999885","ASAIO Journal","journal","0.67","C","Lippincott Williams & Wilkins","False"
"S105578824","Journal of Turbulence","journal","0.94","C","Taylor & Francis","False"
"S115925768","Journal of Global Optimization","journal","2.64","C","Springer Science+Business Media","False"
"S4306498740","2020 Moscow Workshop on Electronic and Networking Technologies (MWENT)","journal","1.07","C","","False"
"S16322639","Pharmaceuticals","journal","2.59","C","Multidisciplinary Digital Publishing Institute","True"
"S4210168508","Animals","journal","1.2","C","Multidisciplinary Digital Publishing Institute","True"
"S4210201771","International Journal of Emerging Trends in Engineering Research","journal","2.11","C","","False"
"S4306400483","Aston Publications Explorer (Aston University)","repository","2.24","C","Aston University","False"
"S112180307","The Spine Journal","journal","1.78","C","Elsevier BV","False"
"S4210171202","Scientific Journal of Informatics","journal","1.26","C","Jurusan Ilmu Komputer Universitas Negeri Semarang","True"
"S170533558","The Open Public Health Journal","journal","1.03","C","Bentham Science Publishers","True"
"S52363224","Composite Structures","journal","0.58","C","Elsevier BV","False"
"S4210174281","EcoMat","journal","1.26","C","Wiley","True"
"S129250341","Nursing Philosophy","journal","2.13","C","Wiley","False"
"S4210181081","Aslib Journal of Information Management","journal","2.85","C","Emerald Publishing Limited","False"
"S203348814","SIAM Journal on Numerical Analysis","journal","2.68","C","Society for Industrial and Applied Mathematics","False"
"S4210177785","Journal of Pathology Informatics","journal","2.42","C","Elsevier BV","True"
"S2482021738","Ecology and Evolution","journal","2.47","C","Wiley","True"
"S107631664","Integrated Computer-Aided Engineering","journal","2.16","C","IOS Press","False"
"S4210183871","Web Intelligence","journal","1.15","C","IOS Press","False"
"S4210212924","Academic Pathology","journal","2.77","C","Elsevier BV","True"
"S129987901","Organised Sound","journal","2.18","C","Cambridge University Press","False"
"S31551615","Bioethics","journal","1.9","C","Wiley","False"
"S4363607777","2022 Conference of Russian Young Researchers in Electrical and Electronic Engineering (ElConRus)","conference","0.78","C","","False"
"S4210177235","Semantic Web","journal","1.62","C","IOS Press","False"
"S4210202283","Global Journal of Computer Science and Technology","journal","7.71","A*","Global Journals","True"
"S2764726166","Asia Pacific Management Review","journal","2.66","C","Elsevier BV","False"
"S4210195943","Journal of Geophysical Research Space Physics","journal","1.87","C","Wiley","False"
"S2736736441","Türk bilgisayar ve matematik eğitimi dergisi","journal","1.45","C","Karadeniz Technical University","True"
"S4306530599","SPE Annual Technical Conference and Exhibition","conference","2.94","C","","False"
"S161085503","American Journal of Roentgenology","journal","0.78","C","American Roentgen Ray Society","False"
"S4210234749","JMIR Formative Research","journal","1.56","C","","True"
"S4210189829","Diagnostic and Interventional Radiology","journal","0.61","C","","False"
"S4210192473","IEEE Open Journal of Circuits and Systems","journal","2.35","C","Institute of Electrical and Electronics Engineers","True"
"S66624660","Pacific Accounting Review","journal","2.8","C","Emerald Publishing Limited","False"
"S2765071679","Clinical and Translational Medicine","journal","1.2","C","Springer Science+Business Media","True"
"S145572626","International Review of Financial Analysis","journal","2.65","C","Elsevier BV","False"
"S4210224318","Canadian Journal of Statistics","journal","1.23","C","Wiley","False"
"S4210192846","International Journal of Nanotechnology and Nanomedicine","journal","2.78","C","","True"
"S4210227942","IAFOR Journal of Education","journal","2.38","C","The International Academic Forum","True"
"S181883320","Sociological Methodology","journal","2.51","C","SAGE Publishing","False"
"S4210191548","Annual Review of Linguistics","journal","0.55","C","Annual Reviews","False"
"S4210223929","Advances in logistics, operations, and management science book series","book series","14.5","A*","Routledge","False"
"S62072220","Journal of Forensic Sciences","journal","11.31","A*","Wiley","False"
"S4210232860","Revista de Psicodidáctica (English ed )","journal","1.26","C","Elsevier BV","False"
"S2764997855","BMJ Open Diabetes Research & Care","journal","2.57","C","BMJ","True"
"S2736633529","Journal of Sensor and Actuator Networks","journal","1.2","C","Multidisciplinary Digital Publishing Institute","True"
"S4210200754","Angewandte Chemie","journal","2.68","C","Wiley","False"
"S18047094","International Journal of E-Health and Medical Communications","journal","0.78","C","IGI Global","True"
"S4210183019","Review of Education","journal","2.26","C","Wiley","False"
"S4210233445","Eksploatacja i Niezawodnosc - Maintenance and Reliability","journal","1.85","C","","True"
"S4210184891","Surface Topography Metrology and Properties","journal","0.74","C","IOP Publishing","False"
"S62565178","Nurse Education Today","journal","1.1","C","Elsevier BV","False"
"S64511102","Transportation Research Part C Emerging Technologies","journal","0.53","C","Elsevier BV","False"
"S47508943","ACM SIGMOD Record","journal","1.67","C","Association for Computing Machinery","False"
"S148277943","SAGE Open","journal","1.25","C","SAGE Publishing","True"
"S4210221144","Engineering Research Express","journal","2.0","C","IOP Publishing","False"
"S4210213087","ACS Materials Letters","journal","1.24","C","American Chemical Society","False"
"S136338150","Investigative Radiology","journal","1.25","C","Lippincott Williams & Wilkins","False"
"S4387284088","Advanced Sensor Research","journal","2.36","C","Wiley","True"
"S32648145","Qualitative Health Research","journal","0.62","C","SAGE Publishing","False"
"S2597401208","Frontiers in Endocrinology","journal","2.76","C","Frontiers Media","True"
"S94313546","Colloids and Surfaces A Physicochemical and Engineering Aspects","journal","2.63","C","Elsevier BV","False"
"S5555990","Journal of Neuroscience","journal","10.52","A*","Society for Neuroscience","False"
"S4210206186","World Science","journal","9.51","A*","","True"
"S134316426","Journal of the American College of Surgeons","journal","2.73","C","Lippincott Williams & Wilkins","False"
"S2475775703","Journal of Reliable Intelligent Environments","journal","0.96","C","Springer Science+Business Media","False"
"S117816480","Advances in Fuzzy Systems","journal","0.7","C","Hindawi Publishing Corporation","True"
"S105380075","IEEE Computer Graphics and Applications","journal","1.1","C","Institute of Electrical and Electronics Engineers","False"
"S2596399182","Frontiers in Mechanical Engineering","journal","2.49","C","Frontiers Media","True"
"S4210204277","Journal of Technological Advancements","journal","0.59","C","IGI Global","True"
"S4210193039","The Sedimentary Record","journal","1.96","C","Society for Sedimentary Geology","True"
"S114020440","Current Directions in Psychological Science","journal","14.94","A*","SAGE Publishing","False"
"S4363607702","ICASSP 2022 - 2022 IEEE International Conference on Acoustics, Speech and Signal Processing (ICASSP)","conference","2.64","C","","False"
"S2736858385","EAI Endorsed Transactions on Pervasive Health and Technology","journal","1.8","C","Institute for Computer Sciences, Social Informatics and Telecommunications Engineering","True"
"S4210179027","International Journal of Health Sciences","journal","2.36","A*","","True"
"S4210231119","Aging","journal","2.58","C","Impact Journals LLC","False"
"S102859716","Network Computation in Neural Systems","journal","2.0","C","Taylor & Francis","False"
"S2764855249","Indonesian Journal of Electrical Engineering and Computer Science","journal","3.05","A*","Institute of Advanced Engineering and Science (IAES)","True"
"S196498761","Drying Technology","journal","0.73","C","Taylor & Francis","False"
"S143744428","European Journal of Pain","journal","2.77","C","Wiley","False"
"S3207389948","NJAS Impact in Agricultural and Life Sciences","journal","10.53","A*","Taylor & Francis","False"
"S2503711797","ACM Transactions on Spatial Algorithms and Systems","journal","2.57","C","Association for Computing Machinery","False"
"S2764497410","Advances in Archaeological Practice","journal","2.7","C","Cambridge University Press","False"
"S4363605136","2022 45th Jubilee International Convention on Information, Communication and Electronic Technology (MIPRO)","conference","1.93","C","","False"
"S2898211503","Revista de Gestão","journal","1.79","C","Emerald Publishing Limited","True"
"S4377196390","TUbilio (Technical University of Darmstadt)","repository","1.58","C","Technical University of Darmstadt","False"
"S2764865925","Journal of Energy Storage","journal","1.29","C","Elsevier BV","False"
"S166351637","Process Safety and Environmental Protection","journal","1.59","C","Elsevier BV","False"
"S4387290709","Journal of Medicine Surgery and Public Health","journal","2.43","C","Elsevier BV","False"
"S5491134","Annual Review of Environment and Resources","journal","2.0","C","Annual Reviews","True"
"S108358066","Scandinavian Journal of Trauma Resuscitation and Emergency Medicine","journal","2.73","C","BioMed Central","True"
"S2735938563","Rheumatology Advances in Practice","journal","1.61","C","Oxford University Press","True"
"S205118121","Thin-Walled Structures","journal","2.02","C","Elsevier BV","False"
"S44455300","Journal of Environmental Management","journal","2.08","C","Elsevier BV","False"
"S5407010595","International Research Journal on Advanced Engineering and Management (IRJAEM)","journal","1.98","C","","True"
"S2739142469","Signal Transduction and Targeted Therapy","journal","2.26","C","Springer Nature","True"
"S181352208","Asian Journal of Applied Sciences","journal","4.71","A*","Knowledgia Review","True"
"S203532909","Globalizations","journal","1.78","C","Taylor & Francis","False"
"S4387279032","Journal of Theory and Practice of Engineering Science","journal","2.91","A*","","False"
"S2764680673","Technoetic Arts","journal","1.46","C","Intellect","False"
"S4210185169","ADMINISTRATIE SI MANAGEMENT PUBLIC","journal","1.72","C","","True"
"S4210232719","SciPost Physics Lecture Notes","journal","2.13","C","SciPost.org","True"
"S4210187887","NUST Business Review","journal","2.88","C","","True"
"S2764497610","Digital Journalism","journal","2.0","C","Taylor & Francis","False"
"S57183551","Canadian Journal of Fisheries and Aquatic Sciences","journal","11.54","A*","Canadian Science Publishing","False"
"S50016660","American Journal of Ophthalmology","journal","1.77","C","Elsevier BV","False"
"S72160414","Journal of Hydro-environment Research","journal","2.09","C","Elsevier BV","False"
"S4210194648","Open Access Research Journal of Multidisciplinary Studies","journal","0.68","C","","False"
"S4210216015","IEEE journal on multiscale and multiphysics computational techniques","journal","1.14","C","Institute of Electrical and Electronics Engineers","False"
"S4363608016","2021 IEEE 20th International Conference on Trust, Security and Privacy in Computing and Communications (TrustCom)","conference","1.4","C","","False"
"S2764702794","United European Gastroenterology Journal","journal","1.68","C","Wiley","False"
"S2506060491","Systems Science & Control Engineering","journal","2.12","A*","Taylor & Francis","True"
"S4210176000","KANT Social Sciences & Humanities","journal","3.39","A*","","False"
"S182001","Gifted Child Quarterly","journal","1.19","C","SAGE Publishing","False"
"S4210207601","Journal of Applied Artificial Intelligence","journal","2.93","C","","False"
"S155526855","Computational Linguistics","journal","1.33","C","Association for Computational Linguistics","True"
"S23181512","Nanoscale","journal","1.71","C","Royal Society of Chemistry","False"
"S155988987","Creative Education","journal","0.99","C","Scientific Research Publishing","True"
"S4210213798","AEA Papers and Proceedings","journal","2.03","C","American Economic Association","False"
"S203746597","The Annals of Regional Science","journal","5.29","A*","Springer Science+Business Media","False"
"S4210201735","Frontiers in Oral Health","journal","1.02","C","Frontiers Media","True"
"S113449754","Current Oncology","journal","1.79","C","Multidisciplinary Digital Publishing Institute","True"
"S76910236","Ocean Engineering","journal","0.51","C","Elsevier BV","False"
"S4210240809","International Journal of Learning Analytics and Artificial Intelligence for Education (iJAI)","journal","0.52","C","","True"
"S4306486642","CSMFL Publications eBooks","ebook platform","1.05","C","","False"
"S4210190881","Journal of Cybersecurity and Information Management","journal","0.59","C","","False"
"S77463057","Earthquake Science","journal","2.96","A*","Elsevier BV","True"
"S10496491","Journal of Communication Management","journal","1.35","C","Emerald Publishing Limited","False"
"S4404663911","Management","journal","2.51","C","","True"
"S57131103","Journal of Burn Care & Research","journal","1.93","C","Oxford University Press","False"
"S32973720","Global Biogeochemical Cycles","journal","1.78","C","Wiley","False"
"S159707322","Briefings in Functional Genomics","journal","1.23","C","Oxford University Press","False"
"S4306401246","Liverpool John Moores University","repository","2.83","C","Liverpool John Moores University","False"
"S161638509","Journal of the American Veterinary Medical Association","journal","1.49","C","American Veterinary Medical Association","False"
"S94619837","Small","journal","0.72","C","Wiley","False"
"S2737199380","Applied Computer Systems","journal","2.04","C","Polish Association for Knowledge Promotion","True"
"S4210193178","Organization Theory","journal","0.78","C","SAGE Publishing","True"
"S4363607762","CHI Conference on Human Factors in Computing Systems Extended Abstracts","conference","1.36","C","","False"
"S208073379","International Heart Journal","journal","1.77","C","Japanese Heart Journal Assoc","True"
"S2736968195","Heritage Science","journal","13.3","A*","Springer Science+Business Media","True"
"S2764846071","Journal of Intelligent Systems","journal","1.73","C","IlmuKomputer.Com","True"
"S4210206740","Energy and Built Environment","journal","2.26","C","Elsevier BV","True"
"S2898247721","Journal of Hydrology Regional Studies","journal","2.98","C","Elsevier BV","True"
"S183686791","The Astrophysical Journal Supplement Series","journal","0.83","C","Institute of Physics","False"
"S4306498762","2021 2nd International Conference on Intelligent Engineering and Management (ICIEM)","conference","1.19","C","","False"
"S117186765","Coordination Chemistry Reviews","journal","1.49","C","Elsevier BV","False"
"S2764884217","Technology Innovation Management Review","journal","1.55","C","Carleton University","True"
"S105962883","Scripta Materialia","journal","1.53","C","Elsevier BV","False"
"S70673737","Gesunde Pflanzen","journal","2.77","C","Springer Science+Business Media","False"
"S90573847","Journal of Magnetic Resonance","journal","2.29","C","Elsevier BV","False"
"S29676049","Learned Publishing","journal","2.02","C","Wiley","False"
"S4387290141","The Innovation Medicine","journal","1.27","C","","True"
"S2764816625","Law in context","journal","2.56","C","Cambridge University Press","True"
"S2737646863","Engineering Technology & Applied Science Research","journal","14.39","A*","Engineering, Technology & Applied Science Research","True"
"S4220650825","Computing in cardiology","journal","2.55","C","IEEE Computer Society","False"
"S4210201067","IEEE Open Journal of Vehicular Technology","journal","0.5","C","Institute of Electrical and Electronics Engineers","True"
"S4210190443","Journal of scientific research","journal","2.09","C","Institute of Science, Banaras Hindu University","False"
"S4210239906","Pathogens","journal","0.63","C","Multidisciplinary Digital Publishing Institute","True"
"S4387287557","Data & Metadata","journal","1.14","C","","True"
"S4363607923","2022 10th International Conference on Reliability, Infocom Technologies and Optimization (Trends and Future Directions) (ICRITO)","conference","0.65","C","","False"
"S145688728","Skin Research and Technology","journal","2.01","C","Wiley","False"
"S2739076822","Fermentation","journal","2.22","C","Multidisciplinary Digital Publishing Institute","True"
"S124948411","Clinical Chemistry and Laboratory Medicine (CCLM)","journal","0.79","C","De Gruyter","False"
"S144363146","The Information Society","journal","1.46","C","Taylor & Francis","False"
"S29607422","Current Science","journal","7.66","A*","Indian Academy of Sciences","True"
"S2764761010","Journal of Media Literacy Education","journal","1.42","C","National Association for Media Literacy Education","True"
"S19171858","Exploration Geophysics","journal","0.8","C","Taylor & Francis","False"
"S4210221998","SpringerBriefs in statistics","book series","1.55","C","Springer International Publishing","False"
"S4306401992","Repository KITopen (Karlsruhe Institute of Technology)","repository","2.38","C","Karlsruhe Institute of Technology","False"
"S51885707","Annals of Tourism Research","journal","0.68","C","Elsevier BV","False"
"S2764546325","Journal of Petroleum Exploration and Production Technology","journal","0.7","C","Springer Nature","True"
"S4210226701","Opto-Electronic Science","journal","6.29","A*","","True"
"S4210203267","International Journal of Scientific and Research Publications","journal","2.85","C","","False"
"S28966261","Medicine","journal","2.17","C","Wolters Kluwer","True"
"S100554201","網際網路技術學刊","journal","2.2","C","Taiwan Academic Network","False"
"S4306498682","2020 IEEE International IOT, Electronics and Mechatronics Conference (IEMTRONICS)","conference","1.4","C","","False"
